country,iso2c,iso3c,year,status,lastupdated,gdp_per_capita,life_expectancy,population,region,capital,longitude,latitude,income,lending
Afghanistan,AF,AFG,2022,,2026-07-13,1981.71016810561,65.617,40578842,"Middle East, North Africa, Afghanistan & Pakistan",Kabul,69.1761,34.5228,Low income,IDA
Afghanistan,AF,AFG,2023,,2026-07-13,1983.81261992909,66.035,41454761,"Middle East, North Africa, Afghanistan & Pakistan",Kabul,69.1761,34.5228,Low income,IDA
Afghanistan,AF,AFG,2009,,2026-07-13,2565.02208584099,60.248,27466101,"Middle East, North Africa, Afghanistan & Pakistan",Kabul,69.1761,34.5228,Low income,IDA
Afghanistan,AF,AFG,2006,,2026-07-13,1929.72389709372,58.553,25424094,"Middle East, North Africa, Afghanistan & Pakistan",Kabul,69.1761,34.5228,Low income,IDA
Afghanistan,AF,AFG,2021,,2026-07-13,2144.16657002819,60.417,40000412,"Middle East, North Africa, Afghanistan & Pakistan",Kabul,69.1761,34.5228,Low income,IDA
Afghanistan,AF,AFG,2018,,2026-07-13,2902.39211285546,62.443,36743039,"Middle East, North Africa, Afghanistan & Pakistan",Kabul,69.1761,34.5228,Low income,IDA
Afghanistan,AF,AFG,2019,,2026-07-13,2927.2451435353,62.941,37856121,"Middle East, North Africa, Afghanistan & Pakistan",Kabul,69.1761,34.5228,Low income,IDA
Afghanistan,AF,AFG,2001,,2026-07-13,1454.11078195559,55.511,20284307,"Middle East, North Africa, Afghanistan & Pakistan",Kabul,69.1761,34.5228,Low income,IDA
Afghanistan,AF,AFG,2002,,2026-07-13,1774.30874287341,56.225,21378117,"Middle East, North Africa, Afghanistan & Pakistan",Kabul,69.1761,34.5228,Low income,IDA
Afghanistan,AF,AFG,2007,,2026-07-13,2155.35306784413,58.956,25909852,"Middle East, North Africa, Afghanistan & Pakistan",Kabul,69.1761,34.5228,Low income,IDA
Afghanistan,AF,AFG,2000,,2026-07-13,1617.82647494969,55.005,20130327,"Middle East, North Africa, Afghanistan & Pakistan",Kabul,69.1761,34.5228,Low income,IDA
Afghanistan,AF,AFG,2005,,2026-07-13,1908.11478234587,58.247,24404567,"Middle East, North Africa, Afghanistan & Pakistan",Kabul,69.1761,34.5228,Low income,IDA
Afghanistan,AF,AFG,2020,,2026-07-13,2769.68574507111,61.454,39068979,"Middle East, North Africa, Afghanistan & Pakistan",Kabul,69.1761,34.5228,Low income,IDA
Afghanistan,AF,AFG,2003,,2026-07-13,1815.92819979586,57.171,22733049,"Middle East, North Africa, Afghanistan & Pakistan",Kabul,69.1761,34.5228,Low income,IDA
Afghanistan,AF,AFG,2004,,2026-07-13,1776.91820712187,57.81,23560654,"Middle East, North Africa, Afghanistan & Pakistan",Kabul,69.1761,34.5228,Low income,IDA
Afghanistan,AF,AFG,2010,,2026-07-13,2848.58606111495,60.702,28284089,"Middle East, North Africa, Afghanistan & Pakistan",Kabul,69.1761,34.5228,Low income,IDA
Afghanistan,AF,AFG,2011,,2026-07-13,2757.05258747725,61.25,29347708,"Middle East, North Africa, Afghanistan & Pakistan",Kabul,69.1761,34.5228,Low income,IDA
Afghanistan,AF,AFG,2017,,2026-07-13,2952.99891598909,62.406,35688935,"Middle East, North Africa, Afghanistan & Pakistan",Kabul,69.1761,34.5228,Low income,IDA
Afghanistan,AF,AFG,2013,,2026-07-13,3046.57993117128,62.188,31622704,"Middle East, North Africa, Afghanistan & Pakistan",Kabul,69.1761,34.5228,Low income,IDA
Afghanistan,AF,AFG,2014,,2026-07-13,3017.94254424696,62.26,32792523,"Middle East, North Africa, Afghanistan & Pakistan",Kabul,69.1761,34.5228,Low income,IDA
Afghanistan,AF,AFG,2015,,2026-07-13,2967.692067153,62.27,33831764,"Middle East, North Africa, Afghanistan & Pakistan",Kabul,69.1761,34.5228,Low income,IDA
Afghanistan,AF,AFG,2012,,2026-07-13,2985.31914452845,61.735,30560034,"Middle East, North Africa, Afghanistan & Pakistan",Kabul,69.1761,34.5228,Low income,IDA
Afghanistan,AF,AFG,2008,,2026-07-13,2191.50435559062,59.708,26482622,"Middle East, North Africa, Afghanistan & Pakistan",Kabul,69.1761,34.5228,Low income,IDA
Afghanistan,AF,AFG,2016,,2026-07-13,2958.7853992308,62.646,34700612,"Middle East, North Africa, Afghanistan & Pakistan",Kabul,69.1761,34.5228,Low income,IDA
Africa Eastern and Southern,ZH,AFE,2000,,2026-07-13,3282.34890610805,52.5573418626777,406156661,Aggregates,,,,Aggregates,Aggregates
Africa Eastern and Southern,ZH,AFE,2002,,2026-07-13,3350.69383885552,53.2067443343026,427820358,Aggregates,,,,Aggregates,Aggregates
Africa Eastern and Southern,ZH,AFE,2007,,2026-07-13,3867.50878828538,56.4843531784534,488580707,Aggregates,,,,Aggregates,Aggregates
Africa Eastern and Southern,ZH,AFE,2001,,2026-07-13,3313.89288261021,52.8755360536287,416807868,Aggregates,,,,Aggregates,Aggregates
Africa Eastern and Southern,ZH,AFE,2003,,2026-07-13,3357.78391588863,53.6783047685822,439173286,Aggregates,,,,Aggregates,Aggregates
Africa Eastern and Southern,ZH,AFE,2018,,2026-07-13,4229.83963374442,63.3306913582336,657801085,Aggregates,,,,Aggregates,Aggregates
Africa Eastern and Southern,ZH,AFE,2014,,2026-07-13,4186.24851129339,61.251436015671,590968990,Aggregates,,,,Aggregates,Aggregates
Africa Eastern and Southern,ZH,AFE,2015,,2026-07-13,4207.36357863407,61.713030523495,607123269,Aggregates,,,,Aggregates,Aggregates
Africa Eastern and Southern,ZH,AFE,2017,,2026-07-13,4223.1880503424,62.5912750961501,640058741,Aggregates,,,,Aggregates,Aggregates
Africa Eastern and Southern,ZH,AFE,2005,,2026-07-13,3578.21297897429,54.8076807136336,463076637,Aggregates,,,,Aggregates,Aggregates
Africa Eastern and Southern,ZH,AFE,2008,,2026-07-13,3935.02291750962,57.2401063228798,502070763,Aggregates,,,,Aggregates,Aggregates
Africa Eastern and Southern,ZH,AFE,2019,,2026-07-13,4200.53104400094,63.8572612837043,675950189,Aggregates,,,,Aggregates,Aggregates
Africa Eastern and Southern,ZH,AFE,2016,,2026-07-13,4210.93569503277,62.1679813169199,623369401,Aggregates,,,,Aggregates,Aggregates
Africa Eastern and Southern,ZH,AFE,2011,,2026-07-13,4033.18732362122,59.2000040300701,544737983,Aggregates,,,,Aggregates,Aggregates
Africa Eastern and Southern,ZH,AFE,2012,,2026-07-13,4051.44571135342,60.2495123598467,559609961,Aggregates,,,,Aggregates,Aggregates
Africa Eastern and Southern,ZH,AFE,2009,,2026-07-13,3870.96186560735,58.0955271436463,516003448,Aggregates,,,,Aggregates,Aggregates
Africa Eastern and Southern,ZH,AFE,2010,,2026-07-13,3978.12957148745,58.8272792062821,530308387,Aggregates,,,,Aggregates,Aggregates
Africa Eastern and Southern,ZH,AFE,2004,,2026-07-13,3457.68872066042,54.1929278660434,450928044,Aggregates,,,,Aggregates,Aggregates
Africa Eastern and Southern,ZH,AFE,2020,,2026-07-13,3978.13350151887,63.7664840026943,694446100,Aggregates,,,,Aggregates,Aggregates
Africa Eastern and Southern,ZH,AFE,2013,,2026-07-13,4126.33539547848,60.895739752772,575202699,Aggregates,,,,Aggregates,Aggregates
Africa Eastern and Southern,ZH,AFE,2022,,2026-07-13,4098.12619221564,64.4871517904367,731821393,Aggregates,,,,Aggregates,Aggregates
Africa Eastern and Southern,ZH,AFE,2023,,2026-07-13,4076.22489796629,65.1462279163724,750491370,Aggregates,,,,Aggregates,Aggregates
Africa Eastern and Southern,ZH,AFE,2006,,2026-07-13,3718.69348523405,55.6935152578453,475606210,Aggregates,,,,Aggregates,Aggregates
Africa Eastern and Southern,ZH,AFE,2021,,2026-07-13,4049.96951303993,62.9799991857494,713090928,Aggregates,,,,Aggregates,Aggregates
Africa Western and Central,ZI,AFW,2003,,2026-07-13,4423.57041270062,51.5733887376781,298744790,Aggregates,,,,Aggregates,Aggregates
Africa Western and Central,ZI,AFW,2019,,2026-07-13,6070.28476944465,57.1428268060515,462522286,Aggregates,,,,Aggregates,Aggregates
Africa Western and Central,ZI,AFW,2020,,2026-07-13,5698.76670161724,57.3577091392887,473687685,Aggregates,,,,Aggregates,Aggregates
Africa Western and Central,ZI,AFW,2005,,2026-07-13,4782.44213997441,52.5514240106227,316156999,Aggregates,,,,Aggregates,Aggregates
Africa Western and Central,ZI,AFW,2021,,2026-07-13,5702.13488630478,57.3550150454372,484978794,Aggregates,,,,Aggregates,Aggregates
Africa Western and Central,ZI,AFW,2018,,2026-07-13,6026.52757172836,57.0307711269764,451395343,Aggregates,,,,Aggregates,Aggregates
Africa Western and Central,ZI,AFW,2004,,2026-07-13,4648.60628015945,52.1016113772048,307309912,Aggregates,,,,Aggregates,Aggregates
Africa Western and Central,ZI,AFW,2001,,2026-07-13,4010.5626021227,50.6726047685125,282407479,Aggregates,,,,Aggregates,Aggregates
Africa Western and Central,ZI,AFW,2002,,2026-07-13,4299.84975097232,51.1030145641167,290455651,Aggregates,,,,Aggregates,Aggregates
Africa Western and Central,ZI,AFW,2015,,2026-07-13,6194.43449404851,56.0339962553159,417536152,Aggregates,,,,Aggregates,Aggregates
Africa Western and Central,ZI,AFW,2000,,2026-07-13,3915.43484958221,50.292605166594,274612131,Aggregates,,,,Aggregates,Aggregates
Africa Western and Central,ZI,AFW,2017,,2026-07-13,6009.51611369801,56.6207642286762,440150152,Aggregates,,,,Aggregates,Aggregates
Africa Western and Central,ZI,AFW,2023,,2026-07-13,5886.79663594125,58.8474833840405,508318102,Aggregates,,,,Aggregates,Aggregates
Africa Western and Central,ZI,AFW,2010,,2026-07-13,5582.43094395132,54.6006466175842,363951468,Aggregates,,,,Aggregates,Aggregates
Africa Western and Central,ZI,AFW,2016,,2026-07-13,6034.82698886686,56.3875627997136,428797338,Aggregates,,,,Aggregates,Aggregates
Africa Western and Central,ZI,AFW,2022,,2026-07-13,5818.48322357838,57.9789954665232,496366058,Aggregates,,,,Aggregates,Aggregates
Africa Western and Central,ZI,AFW,2013,,2026-07-13,6009.65186054619,55.5516641369456,395543613,Aggregates,,,,Aggregates,Aggregates
Africa Western and Central,ZI,AFW,2014,,2026-07-13,6183.24116217304,55.691576869905,406457241,Aggregates,,,,Aggregates,Aggregates
Africa Western and Central,ZI,AFW,2006,,2026-07-13,4899.65713639306,52.9746257663093,325222154,Aggregates,,,,Aggregates,Aggregates
Africa Western and Central,ZI,AFW,2012,,2026-07-13,5823.41894631103,55.2898561158278,384913331,Aggregates,,,,Aggregates,Aggregates
Africa Western and Central,ZI,AFW,2008,,2026-07-13,5188.67101371784,53.9130304683259,344153435,Aggregates,,,,Aggregates,Aggregates
Africa Western and Central,ZI,AFW,2009,,2026-07-13,5362.1536063345,53.8488138665276,353922925,Aggregates,,,,Aggregates,Aggregates
Africa Western and Central,ZI,AFW,2011,,2026-07-13,5698.38949989214,54.961240165203,374374251,Aggregates,,,,Aggregates,Aggregates
Africa Western and Central,ZI,AFW,2007,,2026-07-13,5023.69882254656,53.4788420646953,334544275,Aggregates,,,,Aggregates,Aggregates
Albania,AL,ALB,2006,,2026-07-13,9563.98954154527,76.994,2992547,Europe & Central Asia,Tirane,19.8172,41.3317,Upper middle income,IBRD
Albania,AL,ALB,2010,,2026-07-13,11829.0042369631,78.414,2913021,Europe & Central Asia,Tirane,19.8172,41.3317,Upper middle income,IBRD
Albania,AL,ALB,2021,,2026-07-13,18212.794718288,76.844,2489762,Europe & Central Asia,Tirane,19.8172,41.3317,Upper middle income,IBRD
Albania,AL,ALB,2008,,2026-07-13,11056.3059173381,78.248,2947314,Europe & Central Asia,Tirane,19.8172,41.3317,Upper middle income,IBRD
Albania,AL,ALB,2009,,2026-07-13,11430.5746310655,78.509,2927519,Europe & Central Asia,Tirane,19.8172,41.3317,Upper middle income,IBRD
Albania,AL,ALB,2011,,2026-07-13,12153.0636591785,78.303,2905195,Europe & Central Asia,Tirane,19.8172,41.3317,Upper middle income,IBRD
Albania,AL,ALB,2000,,2026-07-13,6581.98909242849,74.826,3089027,Europe & Central Asia,Tirane,19.8172,41.3317,Upper middle income,IBRD
Albania,AL,ALB,2012,,2026-07-13,12463.518369846,78.084,2860708,Europe & Central Asia,Tirane,19.8172,41.3317,Upper middle income,IBRD
Albania,AL,ALB,2002,,2026-07-13,7590.45852377781,75.299,3051010,Europe & Central Asia,Tirane,19.8172,41.3317,Upper middle income,IBRD
Albania,AL,ALB,2003,,2026-07-13,8025.2480324802,75.557,3039616,Europe & Central Asia,Tirane,19.8172,41.3317,Upper middle income,IBRD
Albania,AL,ALB,2004,,2026-07-13,8483.25881549279,75.951,3026939,Europe & Central Asia,Tirane,19.8172,41.3317,Upper middle income,IBRD
Albania,AL,ALB,2005,,2026-07-13,8964.28082219496,76.427,3011487,Europe & Central Asia,Tirane,19.8172,41.3317,Upper middle income,IBRD
Albania,AL,ALB,2020,,2026-07-13,16457.7189744991,77.824,2528480,Europe & Central Asia,Tirane,19.8172,41.3317,Upper middle income,IBRD
Albania,AL,ALB,2007,,2026-07-13,10262.9242359026,77.691,2970017,Europe & Central Asia,Tirane,19.8172,41.3317,Upper middle income,IBRD
Albania,AL,ALB,2013,,2026-07-13,12873.4298184073,77.995,2816902,Europe & Central Asia,Tirane,19.8172,41.3317,Upper middle income,IBRD
Albania,AL,ALB,2014,,2026-07-13,13366.5040948145,78.029,2773767,Europe & Central Asia,Tirane,19.8172,41.3317,Upper middle income,IBRD
Albania,AL,ALB,2015,,2026-07-13,13876.7616296598,78.358,2731293,Europe & Central Asia,Tirane,19.8172,41.3317,Upper middle income,IBRD
Albania,AL,ALB,2016,,2026-07-13,14643.4285614716,78.643,2689469,Europe & Central Asia,Tirane,19.8172,41.3317,Upper middle income,IBRD
Albania,AL,ALB,2017,,2026-07-13,15359.3974577025,78.9,2648285,Europe & Central Asia,Tirane,19.8172,41.3317,Upper middle income,IBRD
Albania,AL,ALB,2018,,2026-07-13,16170.9234325287,79.238,2607733,Europe & Central Asia,Tirane,19.8172,41.3317,Upper middle income,IBRD
Albania,AL,ALB,2019,,2026-07-13,16761.1230178682,79.467,2567801,Europe & Central Asia,Tirane,19.8172,41.3317,Upper middle income,IBRD
Albania,AL,ALB,2022,,2026-07-13,19388.7927279351,78.769,2451636,Europe & Central Asia,Tirane,19.8172,41.3317,Upper middle income,IBRD
Albania,AL,ALB,2023,,2026-07-13,20501.6470726741,79.602,2411658,Europe & Central Asia,Tirane,19.8172,41.3317,Upper middle income,IBRD
Albania,AL,ALB,2001,,2026-07-13,7232.96055449664,75.083,3060173,Europe & Central Asia,Tirane,19.8172,41.3317,Upper middle income,IBRD
Algeria,DZ,DZA,2011,,2026-07-13,14641.9640935685,74.383,36903376,"Middle East, North Africa, Afghanistan & Pakistan",Algiers,3.05097,36.7397,Upper middle income,IBRD
Algeria,DZ,DZA,2013,,2026-07-13,14778.1914257233,74.809,38414171,"Middle East, North Africa, Afghanistan & Pakistan",Algiers,3.05097,36.7397,Upper middle income,IBRD
Algeria,DZ,DZA,2022,,2026-07-13,14782.2002970247,76.129,45477389,"Middle East, North Africa, Afghanistan & Pakistan",Algiers,3.05097,36.7397,Upper middle income,IBRD
Algeria,DZ,DZA,2012,,2026-07-13,14697.5396133853,74.609,37646166,"Middle East, North Africa, Afghanistan & Pakistan",Algiers,3.05097,36.7397,Upper middle income,IBRD
Algeria,DZ,DZA,2014,,2026-07-13,15073.7629403565,74.992,39205031,"Middle East, North Africa, Afghanistan & Pakistan",Algiers,3.05097,36.7397,Upper middle income,IBRD
Algeria,DZ,DZA,2015,,2026-07-13,15239.5171456469,75.159,40019529,"Middle East, North Africa, Afghanistan & Pakistan",Algiers,3.05097,36.7397,Upper middle income,IBRD
Algeria,DZ,DZA,2023,,2026-07-13,15159.3242373415,76.261,46164219,"Middle East, North Africa, Afghanistan & Pakistan",Algiers,3.05097,36.7397,Upper middle income,IBRD
Algeria,DZ,DZA,2009,,2026-07-13,14104.42817214,73.871,35490445,"Middle East, North Africa, Afghanistan & Pakistan",Algiers,3.05097,36.7397,Upper middle income,IBRD
Algeria,DZ,DZA,2018,,2026-07-13,15343.4261222434,75.555,42505035,"Middle East, North Africa, Afghanistan & Pakistan",Algiers,3.05097,36.7397,Upper middle income,IBRD
Algeria,DZ,DZA,2019,,2026-07-13,15199.1989965639,75.682,43294546,"Middle East, North Africa, Afghanistan & Pakistan",Algiers,3.05097,36.7397,Upper middle income,IBRD
Algeria,DZ,DZA,2010,,2026-07-13,14496.4211312996,74.144,36188236,"Middle East, North Africa, Afghanistan & Pakistan",Algiers,3.05097,36.7397,Upper middle income,IBRD
Algeria,DZ,DZA,2017,,2026-07-13,15427.6641894713,75.431,41689299,"Middle East, North Africa, Afghanistan & Pakistan",Algiers,3.05097,36.7397,Upper middle income,IBRD
Algeria,DZ,DZA,2000,,2026-07-13,11558.220469383,70.576,30903893,"Middle East, North Africa, Afghanistan & Pakistan",Algiers,3.05097,36.7397,Upper middle income,IBRD
Algeria,DZ,DZA,2001,,2026-07-13,11742.5946761225,71.025,31331221,"Middle East, North Africa, Afghanistan & Pakistan",Algiers,3.05097,36.7397,Upper middle income,IBRD
Algeria,DZ,DZA,2020,,2026-07-13,14194.1557479619,73.257,44042091,"Middle East, North Africa, Afghanistan & Pakistan",Algiers,3.05097,36.7397,Upper middle income,IBRD
Algeria,DZ,DZA,2021,,2026-07-13,14496.8654697299,75.208,44761099,"Middle East, North Africa, Afghanistan & Pakistan",Algiers,3.05097,36.7397,Upper middle income,IBRD
Algeria,DZ,DZA,2004,,2026-07-13,13226.7650481165,72.536,32628286,"Middle East, North Africa, Afghanistan & Pakistan",Algiers,3.05097,36.7397,Upper middle income,IBRD
Algeria,DZ,DZA,2005,,2026-07-13,13738.495644436,72.836,33109249,"Middle East, North Africa, Afghanistan & Pakistan",Algiers,3.05097,36.7397,Upper middle income,IBRD
Algeria,DZ,DZA,2002,,2026-07-13,12213.1263531246,71.644,31750835,"Middle East, North Africa, Afghanistan & Pakistan",Algiers,3.05097,36.7397,Upper middle income,IBRD
Algeria,DZ,DZA,2003,,2026-07-13,12835.1814413331,71.906,32175818,"Middle East, North Africa, Afghanistan & Pakistan",Algiers,3.05097,36.7397,Upper middle income,IBRD
Algeria,DZ,DZA,2008,,2026-07-13,14206.7767147039,73.618,34816961,"Middle East, North Africa, Afghanistan & Pakistan",Algiers,3.05097,36.7397,Upper middle income,IBRD
Algeria,DZ,DZA,2016,,2026-07-13,15511.6858768094,75.31,40850721,"Middle East, North Africa, Afghanistan & Pakistan",Algiers,3.05097,36.7397,Upper middle income,IBRD
Algeria,DZ,DZA,2006,,2026-07-13,13920.6940553701,73.116,33623506,"Middle East, North Africa, Afghanistan & Pakistan",Algiers,3.05097,36.7397,Upper middle income,IBRD
Algeria,DZ,DZA,2007,,2026-07-13,14114.6745192683,73.346,34189416,"Middle East, North Africa, Afghanistan & Pakistan",Algiers,3.05097,36.7397,Upper middle income,IBRD
American Samoa,AS,ASM,2000,,2026-07-13,,71.443,56855,East Asia & Pacific,Pago Pago,-170.691,-14.2846,High income,Not classified
American Samoa,AS,ASM,2001,,2026-07-13,,71.573,57053,East Asia & Pacific,Pago Pago,-170.691,-14.2846,High income,Not classified
American Samoa,AS,ASM,2011,,2026-07-13,,72.662,54895,East Asia & Pacific,Pago Pago,-170.691,-14.2846,High income,Not classified
American Samoa,AS,ASM,2002,,2026-07-13,,71.755,57062,East Asia & Pacific,Pago Pago,-170.691,-14.2846,High income,Not classified
American Samoa,AS,ASM,2010,,2026-07-13,,72.587,55228,East Asia & Pacific,Pago Pago,-170.691,-14.2846,High income,Not classified
American Samoa,AS,ASM,2023,,2026-07-13,,72.852,47521,East Asia & Pacific,Pago Pago,-170.691,-14.2846,High income,Not classified
American Samoa,AS,ASM,2014,,2026-07-13,,72.687,53466,East Asia & Pacific,Pago Pago,-170.691,-14.2846,High income,Not classified
American Samoa,AS,ASM,2003,,2026-07-13,,71.698,56971,East Asia & Pacific,Pago Pago,-170.691,-14.2846,High income,Not classified
American Samoa,AS,ASM,2004,,2026-07-13,,72.277,56818,East Asia & Pacific,Pago Pago,-170.691,-14.2846,High income,Not classified
American Samoa,AS,ASM,2022,,2026-07-13,,72.752,48342,East Asia & Pacific,Pago Pago,-170.691,-14.2846,High income,Not classified
American Samoa,AS,ASM,2006,,2026-07-13,,72.397,56374,East Asia & Pacific,Pago Pago,-170.691,-14.2846,High income,Not classified
American Samoa,AS,ASM,2007,,2026-07-13,,72.365,56113,East Asia & Pacific,Pago Pago,-170.691,-14.2846,High income,Not classified
American Samoa,AS,ASM,2008,,2026-07-13,,72.43,55828,East Asia & Pacific,Pago Pago,-170.691,-14.2846,High income,Not classified
American Samoa,AS,ASM,2009,,2026-07-13,,70.839,55528,East Asia & Pacific,Pago Pago,-170.691,-14.2846,High income,Not classified
American Samoa,AS,ASM,2005,,2026-07-13,,72.382,56617,East Asia & Pacific,Pago Pago,-170.691,-14.2846,High income,Not classified
American Samoa,AS,ASM,2012,,2026-07-13,,72.709,54489,East Asia & Pacific,Pago Pago,-170.691,-14.2846,High income,Not classified
American Samoa,AS,ASM,2015,,2026-07-13,,72.654,52878,East Asia & Pacific,Pago Pago,-170.691,-14.2846,High income,Not classified
American Samoa,AS,ASM,2016,,2026-07-13,,72.64,52245,East Asia & Pacific,Pago Pago,-170.691,-14.2846,High income,Not classified
American Samoa,AS,ASM,2021,,2026-07-13,,72.708,49225,East Asia & Pacific,Pago Pago,-170.691,-14.2846,High income,Not classified
American Samoa,AS,ASM,2018,,2026-07-13,,72.794,50908,East Asia & Pacific,Pago Pago,-170.691,-14.2846,High income,Not classified
American Samoa,AS,ASM,2019,,2026-07-13,,72.751,50209,East Asia & Pacific,Pago Pago,-170.691,-14.2846,High income,Not classified
American Samoa,AS,ASM,2020,,2026-07-13,,72.672,49761,East Asia & Pacific,Pago Pago,-170.691,-14.2846,High income,Not classified
American Samoa,AS,ASM,2017,,2026-07-13,,72.801,51586,East Asia & Pacific,Pago Pago,-170.691,-14.2846,High income,Not classified
American Samoa,AS,ASM,2013,,2026-07-13,,72.769,54006,East Asia & Pacific,Pago Pago,-170.691,-14.2846,High income,Not classified
Andorra,AD,AND,2003,,2026-07-13,63656.1958332184,82.718,69486,Europe & Central Asia,Andorra la Vella,1.5218,42.5075,High income,Not classified
Andorra,AD,AND,2005,,2026-07-13,65114.8053663021,83.086,77421,Europe & Central Asia,Andorra la Vella,1.5218,42.5075,High income,Not classified
Andorra,AD,AND,2002,,2026-07-13,61188.6370851474,82.448,66506,Europe & Central Asia,Andorra la Vella,1.5218,42.5075,High income,Not classified
Andorra,AD,AND,2004,,2026-07-13,64353.4858113531,82.815,74325,Europe & Central Asia,Andorra la Vella,1.5218,42.5075,High income,Not classified
Andorra,AD,AND,2015,,2026-07-13,62105.1542389675,84.532,72174,Europe & Central Asia,Andorra la Vella,1.5218,42.5075,High income,Not classified
Andorra,AD,AND,2006,,2026-07-13,66390.293726491,83.374,79585,Europe & Central Asia,Andorra la Vella,1.5218,42.5075,High income,Not classified
Andorra,AD,AND,2017,,2026-07-13,63239.6577711911,84.359,73763,Europe & Central Asia,Andorra la Vella,1.5218,42.5075,High income,Not classified
Andorra,AD,AND,2014,,2026-07-13,59929.2444670501,84.485,73737,Europe & Central Asia,Andorra la Vella,1.5218,42.5075,High income,Not classified
Andorra,AD,AND,2001,,2026-07-13,59109.0136806378,82.162,65852,Europe & Central Asia,Andorra la Vella,1.5218,42.5075,High income,Not classified
Andorra,AD,AND,2016,,2026-07-13,64402.8092369468,84.489,72181,Europe & Central Asia,Andorra la Vella,1.5218,42.5075,High income,Not classified
Andorra,AD,AND,2008,,2026-07-13,60691.6051530637,83.855,83495,Europe & Central Asia,Andorra la Vella,1.5218,42.5075,High income,Not classified
Andorra,AD,AND,2013,,2026-07-13,57332.1585611366,84.406,75194,Europe & Central Asia,Andorra la Vella,1.5218,42.5075,High income,Not classified
Andorra,AD,AND,2018,,2026-07-13,63048.5985572834,84.242,75162,Europe & Central Asia,Andorra la Vella,1.5218,42.5075,High income,Not classified
Andorra,AD,AND,2000,,2026-07-13,54809.1441679423,81.863,65685,Europe & Central Asia,Andorra la Vella,1.5218,42.5075,High income,Not classified
Andorra,AD,AND,2010,,2026-07-13,58285.0577756981,84.197,80706,Europe & Central Asia,Andorra la Vella,1.5218,42.5075,High income,Not classified
Andorra,AD,AND,2011,,2026-07-13,60470.4662377044,84.296,77783,Europe & Central Asia,Andorra la Vella,1.5218,42.5075,High income,Not classified
Andorra,AD,AND,2021,,2026-07-13,59332.2029100127,82.331,78364,Europe & Central Asia,Andorra la Vella,1.5218,42.5075,High income,Not classified
Andorra,AD,AND,2009,,2026-07-13,57203.9708883731,84.1,83888,Europe & Central Asia,Andorra la Vella,1.5218,42.5075,High income,Not classified
Andorra,AD,AND,2007,,2026-07-13,65534.1168555171,83.632,81877,Europe & Central Asia,Andorra la Vella,1.5218,42.5075,High income,Not classified
Andorra,AD,AND,2019,,2026-07-13,63215.899791913,84.098,76474,Europe & Central Asia,Andorra la Vella,1.5218,42.5075,High income,Not classified
Andorra,AD,AND,2012,,2026-07-13,58172.1323929474,84.334,76834,Europe & Central Asia,Andorra la Vella,1.5218,42.5075,High income,Not classified
Andorra,AD,AND,2022,,2026-07-13,63913.3835079105,84.016,79705,Europe & Central Asia,Andorra la Vella,1.5218,42.5075,High income,Not classified
Andorra,AD,AND,2023,,2026-07-13,64631.2963909271,84.041,80856,Europe & Central Asia,Andorra la Vella,1.5218,42.5075,High income,Not classified
Andorra,AD,AND,2020,,2026-07-13,55488.4902991095,79.418,77380,Europe & Central Asia,Andorra la Vella,1.5218,42.5075,High income,Not classified
Angola,AO,AGO,2002,,2026-07-13,7521.73598754911,47.874,17327699,Sub-Saharan Africa,Luanda,13.242,-8.81155,Lower middle income,IBRD
Angola,AO,AGO,2020,,2026-07-13,8904.94900580168,63.116,33451132,Sub-Saharan Africa,Luanda,13.242,-8.81155,Lower middle income,IBRD
Angola,AO,AGO,2018,,2026-07-13,10154.8389228005,62.622,31297155,Sub-Saharan Africa,Luanda,13.242,-8.81155,Lower middle income,IBRD
Angola,AO,AGO,2019,,2026-07-13,9712.97944927269,63.051,32375632,Sub-Saharan Africa,Luanda,13.242,-8.81155,Lower middle income,IBRD
Angola,AO,AGO,2004,,2026-07-13,8079.52613328266,51.123,18600423,Sub-Saharan Africa,Luanda,13.242,-8.81155,Lower middle income,IBRD
Angola,AO,AGO,2023,,2026-07-13,8597.53878787554,64.617,36749906,Sub-Saharan Africa,Luanda,13.242,-8.81155,Lower middle income,IBRD
Angola,AO,AGO,2017,,2026-07-13,10565.1676483607,62.122,30234839,Sub-Saharan Africa,Luanda,13.242,-8.81155,Lower middle income,IBRD
Angola,AO,AGO,2003,,2026-07-13,7516.81391491319,50.218,17943712,Sub-Saharan Africa,Luanda,13.242,-8.81155,Lower middle income,IBRD
Angola,AO,AGO,2000,,2026-07-13,6794.53021072097,46.501,16194869,Sub-Saharan Africa,Luanda,13.242,-8.81155,Lower middle income,IBRD
Angola,AO,AGO,2001,,2026-07-13,6846.79269543978,47.032,16747208,Sub-Saharan Africa,Luanda,13.242,-8.81155,Lower middle income,IBRD
Angola,AO,AGO,2014,,2026-07-13,11718.4286832376,60.396,27160769,Sub-Saharan Africa,Luanda,13.242,-8.81155,Lower middle income,IBRD
Angola,AO,AGO,2015,,2026-07-13,11389.7609549481,61.042,28157798,Sub-Saharan Africa,Luanda,13.242,-8.81155,Lower middle income,IBRD
Angola,AO,AGO,2016,,2026-07-13,10963.9967887173,61.619,29183070,Sub-Saharan Africa,Luanda,13.242,-8.81155,Lower middle income,IBRD
Angola,AO,AGO,2022,,2026-07-13,8750.99363032299,64.246,35635029,Sub-Saharan Africa,Luanda,13.242,-8.81155,Lower middle income,IBRD
Angola,AO,AGO,2009,,2026-07-13,10930.2531201205,56.225,22414773,Sub-Saharan Africa,Luanda,13.242,-8.81155,Lower middle income,IBRD
Angola,AO,AGO,2005,,2026-07-13,8892.92106099154,52.13,19291161,Sub-Saharan Africa,Luanda,13.242,-8.81155,Lower middle income,IBRD
Angola,AO,AGO,2021,,2026-07-13,8720.18768742123,62.958,34532429,Sub-Saharan Africa,Luanda,13.242,-8.81155,Lower middle income,IBRD
Angola,AO,AGO,2012,,2026-07-13,11516.8133246588,58.916,25177394,Sub-Saharan Africa,Luanda,13.242,-8.81155,Lower middle income,IBRD
Angola,AO,AGO,2013,,2026-07-13,11622.978345524,59.705,26165620,Sub-Saharan Africa,Luanda,13.242,-8.81155,Lower middle income,IBRD
Angola,AO,AGO,2010,,2026-07-13,11074.0723813984,57.242,23294825,Sub-Saharan Africa,Luanda,13.242,-8.81155,Lower middle income,IBRD
Angola,AO,AGO,2011,,2026-07-13,11034.5919687814,58.093,24218352,Sub-Saharan Africa,Luanda,13.242,-8.81155,Lower middle income,IBRD
Angola,AO,AGO,2007,,2026-07-13,10434.7087224445,54.2,20778561,Sub-Saharan Africa,Luanda,13.242,-8.81155,Lower middle income,IBRD
Angola,AO,AGO,2008,,2026-07-13,11131.6310145389,55.281,21578655,Sub-Saharan Africa,Luanda,13.242,-8.81155,Lower middle income,IBRD
Angola,AO,AGO,2006,,2026-07-13,9586.17542123825,52.965,20015279,Sub-Saharan Africa,Luanda,13.242,-8.81155,Lower middle income,IBRD
Antigua and Barbuda,AG,ATG,2005,,2026-07-13,27692.634871178,75.364,79611,Latin America & Caribbean,Saint John's,-61.8456,17.1175,High income,IBRD
Antigua and Barbuda,AG,ATG,2009,,2026-07-13,28405.6900929523,76.386,84173,Latin America & Caribbean,Saint John's,-61.8456,17.1175,High income,IBRD
Antigua and Barbuda,AG,ATG,2011,,2026-07-13,25023.9174488179,77.023,86332,Latin America & Caribbean,Saint John's,-61.8456,17.1175,High income,IBRD
Antigua and Barbuda,AG,ATG,2008,,2026-07-13,32756.3067839753,76.075,82912,Latin America & Caribbean,Saint John's,-61.8456,17.1175,High income,IBRD
Antigua and Barbuda,AG,ATG,2013,,2026-07-13,25206.8458285339,77.05,88064,Latin America & Caribbean,Saint John's,-61.8456,17.1175,High income,IBRD
Antigua and Barbuda,AG,ATG,2010,,2026-07-13,25826.6086383235,76.701,85320,Latin America & Caribbean,Saint John's,-61.8456,17.1175,High income,IBRD
Antigua and Barbuda,AG,ATG,2012,,2026-07-13,25592.9066121735,77.1,87260,Latin America & Caribbean,Saint John's,-61.8456,17.1175,High income,IBRD
Antigua and Barbuda,AG,ATG,2000,,2026-07-13,25547.6120273679,74.819,74912,Latin America & Caribbean,Saint John's,-61.8456,17.1175,High income,IBRD
Antigua and Barbuda,AG,ATG,2016,,2026-07-13,26627.71453894,76.968,89969,Latin America & Caribbean,Saint John's,-61.8456,17.1175,High income,IBRD
Antigua and Barbuda,AG,ATG,2001,,2026-07-13,24014.7754593511,75.108,76069,Latin America & Caribbean,Saint John's,-61.8456,17.1175,High income,IBRD
Antigua and Barbuda,AG,ATG,2007,,2026-07-13,33245.2678606765,75.72,81704,Latin America & Caribbean,Saint John's,-61.8456,17.1175,High income,IBRD
Antigua and Barbuda,AG,ATG,2003,,2026-07-13,25136.001691807,75.313,77884,Latin America & Caribbean,Saint John's,-61.8456,17.1175,High income,IBRD
Antigua and Barbuda,AG,ATG,2004,,2026-07-13,26303.6179046605,75.329,78719,Latin America & Caribbean,Saint John's,-61.8456,17.1175,High income,IBRD
Antigua and Barbuda,AG,ATG,2021,,2026-07-13,25745.4958067746,77.197,92349,Latin America & Caribbean,Saint John's,-61.8456,17.1175,High income,IBRD
Antigua and Barbuda,AG,ATG,2002,,2026-07-13,23958.1638142071,75.237,77032,Latin America & Caribbean,Saint John's,-61.8456,17.1175,High income,IBRD
Antigua and Barbuda,AG,ATG,2014,,2026-07-13,25557.5249124716,76.912,88765,Latin America & Caribbean,Saint John's,-61.8456,17.1175,High income,IBRD
Antigua and Barbuda,AG,ATG,2015,,2026-07-13,25734.1516444171,76.892,89409,Latin America & Caribbean,Saint John's,-61.8456,17.1175,High income,IBRD
Antigua and Barbuda,AG,ATG,2020,,2026-07-13,23930.6714995115,77.161,91846,Latin America & Caribbean,Saint John's,-61.8456,17.1175,High income,IBRD
Antigua and Barbuda,AG,ATG,2006,,2026-07-13,30827.3416754916,75.506,80604,Latin America & Caribbean,Saint John's,-61.8456,17.1175,High income,IBRD
Antigua and Barbuda,AG,ATG,2018,,2026-07-13,28878.6067675471,77.132,90926,Latin America & Caribbean,Saint John's,-61.8456,17.1175,High income,IBRD
Antigua and Barbuda,AG,ATG,2019,,2026-07-13,29651.8641526705,77.168,91364,Latin America & Caribbean,Saint John's,-61.8456,17.1175,High income,IBRD
Antigua and Barbuda,AG,ATG,2022,,2026-07-13,27785.5572316838,77.483,92840,Latin America & Caribbean,Saint John's,-61.8456,17.1175,High income,IBRD
Antigua and Barbuda,AG,ATG,2017,,2026-07-13,27199.1952402262,77.03,90468,Latin America & Caribbean,Saint John's,-61.8456,17.1175,High income,IBRD
Antigua and Barbuda,AG,ATG,2023,,2026-07-13,28712.3970492192,77.598,93316,Latin America & Caribbean,Saint John's,-61.8456,17.1175,High income,IBRD
Arab World,1A,ARB,2010,,2026-07-13,15618.615472912,69.8073221012027,363568534,Aggregates,,,,Aggregates,Aggregates
Arab World,1A,ARB,2012,,2026-07-13,16186.2739403861,69.842316602094,381030177,Aggregates,,,,Aggregates,Aggregates
Arab World,1A,ARB,2022,,2026-07-13,16933.1685957842,71.8760955992222,471352066,Aggregates,,,,Aggregates,Aggregates
Arab World,1A,ARB,2009,,2026-07-13,15212.2519061915,69.7069035410593,356386673,Aggregates,,,,Aggregates,Aggregates
Arab World,1A,ARB,2011,,2026-07-13,15945.1823698333,69.3633376859826,372054934,Aggregates,,,,Aggregates,Aggregates
Arab World,1A,ARB,2014,,2026-07-13,16172.6351171803,70.5350666310281,400231008,Aggregates,,,,Aggregates,Aggregates
Arab World,1A,ARB,2021,,2026-07-13,16194.2304401674,70.4041144889903,460646603,Aggregates,,,,Aggregates,Aggregates
Arab World,1A,ARB,2002,,2026-07-13,12809.5386646405,67.5806302791343,300691509,Aggregates,,,,Aggregates,Aggregates
Arab World,1A,ARB,2020,,2026-07-13,15768.0410516828,70.7265588103862,453723239,Aggregates,,,,Aggregates,Aggregates
Arab World,1A,ARB,2023,,2026-07-13,16830.7594854659,72.4446783578531,482105978,Aggregates,,,,Aggregates,Aggregates
Arab World,1A,ARB,2013,,2026-07-13,16119.4564896044,70.1921058451273,390954281,Aggregates,,,,Aggregates,Aggregates
Arab World,1A,ARB,2018,,2026-07-13,16749.8977688889,71.4312997859137,435998060,Aggregates,,,,Aggregates,Aggregates
Arab World,1A,ARB,2015,,2026-07-13,16397.4908780979,70.6580123695192,410190679,Aggregates,,,,Aggregates,Aggregates
Arab World,1A,ARB,2000,,2026-07-13,12951.1488357919,66.8906998949344,286548096,Aggregates,,,,Aggregates,Aggregates
Arab World,1A,ARB,2017,,2026-07-13,16568.8021684707,71.1128560080647,428315886,Aggregates,,,,Aggregates,Aggregates
Arab World,1A,ARB,2001,,2026-07-13,12942.2801233206,67.2406170439926,293580252,Aggregates,,,,Aggregates,Aggregates
Arab World,1A,ARB,2019,,2026-07-13,16808.651930358,71.8398932674972,444281315,Aggregates,,,,Aggregates,Aggregates
Arab World,1A,ARB,2016,,2026-07-13,16632.4297723251,70.8964881164428,419808341,Aggregates,,,,Aggregates,Aggregates
Arab World,1A,ARB,2004,,2026-07-13,13743.6011136095,67.7331029040443,315060277,Aggregates,,,,Aggregates,Aggregates
Arab World,1A,ARB,2005,,2026-07-13,14138.3873353854,68.0405024136348,322628451,Aggregates,,,,Aggregates,Aggregates
Arab World,1A,ARB,2006,,2026-07-13,14630.4079863564,68.4912652387812,330526310,Aggregates,,,,Aggregates,Aggregates
Arab World,1A,ARB,2008,,2026-07-13,15396.8318989782,69.2581327561764,347684619,Aggregates,,,,Aggregates,Aggregates
Arab World,1A,ARB,2003,,2026-07-13,12908.1785746866,67.6503349498777,307815105,Aggregates,,,,Aggregates,Aggregates
Arab World,1A,ARB,2007,,2026-07-13,14935.5647106518,68.8792264386993,338947976,Aggregates,,,,Aggregates,Aggregates
Argentina,AR,ARG,2010,,2026-07-13,28056.2570212342,75.68,41288694,Latin America & Caribbean,Buenos Aires,-58.4173,-34.6118,Upper middle income,IBRD
Argentina,AR,ARG,2002,,2026-07-13,18571.7020471274,74.312,38029349,Latin America & Caribbean,Buenos Aires,-58.4173,-34.6118,Upper middle income,IBRD
Argentina,AR,ARG,2000,,2026-07-13,22281.3814299958,73.91,37213984,Latin America & Caribbean,Buenos Aires,-58.4173,-34.6118,Upper middle income,IBRD
Argentina,AR,ARG,2014,,2026-07-13,28200.8152571318,76.268,43024071,Latin America & Caribbean,Buenos Aires,-58.4173,-34.6118,Upper middle income,IBRD
Argentina,AR,ARG,2001,,2026-07-13,21066.4581290433,74.154,37624825,Latin America & Caribbean,Buenos Aires,-58.4173,-34.6118,Upper middle income,IBRD
Argentina,AR,ARG,2003,,2026-07-13,20005.1385113465,74.307,38424282,Latin America & Caribbean,Buenos Aires,-58.4173,-34.6118,Upper middle income,IBRD
Argentina,AR,ARG,2009,,2026-07-13,25747.1976809995,75.577,40854831,Latin America & Caribbean,Buenos Aires,-58.4173,-34.6118,Upper middle income,IBRD
Argentina,AR,ARG,2023,,2026-07-13,27230.3968496682,77.395,45538401,Latin America & Caribbean,Buenos Aires,-58.4173,-34.6118,Upper middle income,IBRD
Argentina,AR,ARG,2015,,2026-07-13,28669.2061336796,76.6,43477012,Latin America & Caribbean,Buenos Aires,-58.4173,-34.6118,Upper middle income,IBRD
Argentina,AR,ARG,2016,,2026-07-13,27802.1057201498,76.105,43900313,Latin America & Caribbean,Buenos Aires,-58.4173,-34.6118,Upper middle income,IBRD
Argentina,AR,ARG,2004,,2026-07-13,21591.449396517,74.871,38815916,Latin America & Caribbean,Buenos Aires,-58.4173,-34.6118,Upper middle income,IBRD
Argentina,AR,ARG,2011,,2026-07-13,29425.7593876084,76.1,41730660,Latin America & Caribbean,Buenos Aires,-58.4173,-34.6118,Upper middle income,IBRD
Argentina,AR,ARG,2006,,2026-07-13,24877.2493922296,75.279,39622115,Latin America & Caribbean,Buenos Aires,-58.4173,-34.6118,Upper middle income,IBRD
Argentina,AR,ARG,2007,,2026-07-13,26850.6645932771,74.783,40016763,Latin America & Caribbean,Buenos Aires,-58.4173,-34.6118,Upper middle income,IBRD
Argentina,AR,ARG,2008,,2026-07-13,27658.4853446831,75.428,40424148,Latin America & Caribbean,Buenos Aires,-58.4173,-34.6118,Upper middle income,IBRD
Argentina,AR,ARG,2005,,2026-07-13,23262.4075792816,75.231,39216789,Latin America & Caribbean,Buenos Aires,-58.4173,-34.6118,Upper middle income,IBRD
Argentina,AR,ARG,2018,,2026-07-13,27367.115094108,76.77,44654882,Latin America & Caribbean,Buenos Aires,-58.4173,-34.6118,Upper middle income,IBRD
Argentina,AR,ARG,2012,,2026-07-13,28825.9666865361,75.802,42161721,Latin America & Caribbean,Buenos Aires,-58.4173,-34.6118,Upper middle income,IBRD
Argentina,AR,ARG,2013,,2026-07-13,29227.6601818437,75.829,42582455,Latin America & Caribbean,Buenos Aires,-58.4173,-34.6118,Upper middle income,IBRD
Argentina,AR,ARG,2022,,2026-07-13,27825.0273492567,75.806,45407904,Latin America & Caribbean,Buenos Aires,-58.4173,-34.6118,Upper middle income,IBRD
Argentina,AR,ARG,2019,,2026-07-13,26629.5529419501,76.847,44973465,Latin America & Caribbean,Buenos Aires,-58.4173,-34.6118,Upper middle income,IBRD
Argentina,AR,ARG,2020,,2026-07-13,23877.0931404855,75.878,45191965,Latin America & Caribbean,Buenos Aires,-58.4173,-34.6118,Upper middle income,IBRD
Argentina,AR,ARG,2017,,2026-07-13,28334.904184742,76.543,44288894,Latin America & Caribbean,Buenos Aires,-58.4173,-34.6118,Upper middle income,IBRD
Argentina,AR,ARG,2021,,2026-07-13,26300.274261175,73.948,45312281,Latin America & Caribbean,Buenos Aires,-58.4173,-34.6118,Upper middle income,IBRD
Armenia,AM,ARM,2005,,2026-07-13,8362.90084037119,73.0756097560976,3146400,Europe & Central Asia,Yerevan,44.509,40.1596,Upper middle income,IBRD
Armenia,AM,ARM,2004,,2026-07-13,7299.40001858866,73.0268292682927,3164900,Europe & Central Asia,Yerevan,44.509,40.1596,Upper middle income,IBRD
Armenia,AM,ARM,2006,,2026-07-13,9525.23146779778,72.8243902439025,3127100,Europe & Central Asia,Yerevan,44.509,40.1596,Upper middle income,IBRD
Armenia,AM,ARM,2007,,2026-07-13,10898.8483795634,72.8731707317073,3107400,Europe & Central Asia,Yerevan,44.509,40.1596,Upper middle income,IBRD
Armenia,AM,ARM,2008,,2026-07-13,11727.4821272949,73.0731707317073,3087100,Europe & Central Asia,Yerevan,44.509,40.1596,Upper middle income,IBRD
Armenia,AM,ARM,2002,,2026-07-13,5731.35346609213,72.8268292682927,3199800,Europe & Central Asia,Yerevan,44.509,40.1596,Upper middle income,IBRD
Armenia,AM,ARM,2019,,2026-07-13,16215.3607965094,76.2219512195122,2962500,Europe & Central Asia,Yerevan,44.509,40.1596,Upper middle income,IBRD
Armenia,AM,ARM,2020,,2026-07-13,15052.9359791136,73.3756097560976,2961500,Europe & Central Asia,Yerevan,44.509,40.1596,Upper middle income,IBRD
Armenia,AM,ARM,2003,,2026-07-13,6569.26023440631,72.8268292682927,3182500,Europe & Central Asia,Yerevan,44.509,40.1596,Upper middle income,IBRD
Armenia,AM,ARM,2001,,2026-07-13,5044.11647826468,72.9756097560976,3211800,Europe & Central Asia,Yerevan,44.509,40.1596,Upper middle income,IBRD
Armenia,AM,ARM,2017,,2026-07-13,14243.8749003795,75.2170731707317,2979400,Europe & Central Asia,Yerevan,44.509,40.1596,Upper middle income,IBRD
Armenia,AM,ARM,2011,,2026-07-13,10990.177099035,73.8170731707317,3027900,Europe & Central Asia,Yerevan,44.509,40.1596,Upper middle income,IBRD
Armenia,AM,ARM,2018,,2026-07-13,15037.0452420712,75.619512195122,2969000,Europe & Central Asia,Yerevan,44.509,40.1596,Upper middle income,IBRD
Armenia,AM,ARM,2021,,2026-07-13,15921.705281964,72.2780487804878,2962300,Europe & Central Asia,Yerevan,44.509,40.1596,Upper middle income,IBRD
Armenia,AM,ARM,2022,,2026-07-13,17886.1783877168,74.7658536585366,2969200,Europe & Central Asia,Yerevan,44.509,40.1596,Upper middle income,IBRD
Armenia,AM,ARM,2013,,2026-07-13,12194.0189523843,74.6219512195122,3022000,Europe & Central Asia,Yerevan,44.509,40.1596,Upper middle income,IBRD
Armenia,AM,ARM,2010,,2026-07-13,10438.5641904169,73.1731707317073,3044800,Europe & Central Asia,Yerevan,44.509,40.1596,Upper middle income,IBRD
Armenia,AM,ARM,2015,,2026-07-13,13112.7600902915,74.8707317073171,3004600,Europe & Central Asia,Yerevan,44.509,40.1596,Upper middle income,IBRD
Armenia,AM,ARM,2012,,2026-07-13,11796.2741177994,74.119512195122,3024100,Europe & Central Asia,Yerevan,44.509,40.1596,Upper middle income,IBRD
Armenia,AM,ARM,2000,,2026-07-13,4589.00825039977,72.8804878048781,3221100,Europe & Central Asia,Yerevan,44.509,40.1596,Upper middle income,IBRD
Armenia,AM,ARM,2014,,2026-07-13,12667.375733024899,74.8731707317073,3013800,Europe & Central Asia,Yerevan,44.509,40.1596,Upper middle income,IBRD
Armenia,AM,ARM,2023,,2026-07-13,19402.7510915578,77.4658536585366,2964300,Europe & Central Asia,Yerevan,44.509,40.1596,Upper middle income,IBRD
Armenia,AM,ARM,2016,,2026-07-13,13192.9940731731,74.8682926829268,2992300,Europe & Central Asia,Yerevan,44.509,40.1596,Upper middle income,IBRD
Armenia,AM,ARM,2009,,2026-07-13,10143.2350796867,73.0731707317073,3066000,Europe & Central Asia,Yerevan,44.509,40.1596,Upper middle income,IBRD
Aruba,AW,ABW,2021,,2026-07-13,35207.1709088639,73.655,107700,Latin America & Caribbean,Oranjestad,-70.0167,12.5167,High income,Not classified
Aruba,AW,ABW,2000,,2026-07-13,37618.9926155094,72.939,90588,Latin America & Caribbean,Oranjestad,-70.0167,12.5167,High income,Not classified
Aruba,AW,ABW,2023,,2026-07-13,42783.2489072067,76.353,107359,Latin America & Caribbean,Oranjestad,-70.0167,12.5167,High income,Not classified
Aruba,AW,ABW,2008,,2026-07-13,39982.5119922148,73.783,100917,Latin America & Caribbean,Oranjestad,-70.0167,12.5167,High income,Not classified
Aruba,AW,ABW,2007,,2026-07-13,39562.4488484876,73.642,100150,Latin America & Caribbean,Oranjestad,-70.0167,12.5167,High income,Not classified
Aruba,AW,ABW,2022,,2026-07-13,39083.4616398507,76.226,107310,Latin America & Caribbean,Oranjestad,-70.0167,12.5167,High income,Not classified
Aruba,AW,ABW,2012,,2026-07-13,34058.3102329903,74.841,104110,Latin America & Caribbean,Oranjestad,-70.0167,12.5167,High income,Not classified
Aruba,AW,ABW,2001,,2026-07-13,38827.4672740448,73.044,91439,Latin America & Caribbean,Oranjestad,-70.0167,12.5167,High income,Not classified
Aruba,AW,ABW,2002,,2026-07-13,38195.3176084346,73.135,92074,Latin America & Caribbean,Oranjestad,-70.0167,12.5167,High income,Not classified
Aruba,AW,ABW,2003,,2026-07-13,38182.3925262649,73.236,93128,Latin America & Caribbean,Oranjestad,-70.0167,12.5167,High income,Not classified
Aruba,AW,ABW,2004,,2026-07-13,40101.7876131851,73.223,95138,Latin America & Caribbean,Oranjestad,-70.0167,12.5167,High income,Not classified
Aruba,AW,ABW,2005,,2026-07-13,38926.4750002706,73.415,97635,Latin America & Caribbean,Oranjestad,-70.0167,12.5167,High income,Not classified
Aruba,AW,ABW,2006,,2026-07-13,38664.3995098654,73.498,99405,Latin America & Caribbean,Oranjestad,-70.0167,12.5167,High income,Not classified
Aruba,AW,ABW,2020,,2026-07-13,30408.8270901983,75.406,108587,Latin America & Caribbean,Oranjestad,-70.0167,12.5167,High income,Not classified
Aruba,AW,ABW,2011,,2026-07-13,34926.1008924322,74.578,102591,Latin America & Caribbean,Oranjestad,-70.0167,12.5167,High income,Not classified
Aruba,AW,ABW,2016,,2026-07-13,36926.1130685729,75.54,108727,Latin America & Caribbean,Oranjestad,-70.0167,12.5167,High income,Not classified
Aruba,AW,ABW,2013,,2026-07-13,35711.9290506967,75.072,105675,Latin America & Caribbean,Oranjestad,-70.0167,12.5167,High income,Not classified
Aruba,AW,ABW,2009,,2026-07-13,35074.6841221014,73.974,101604,Latin America & Caribbean,Oranjestad,-70.0167,12.5167,High income,Not classified
Aruba,AW,ABW,2015,,2026-07-13,36753.4041726178,75.405,107906,Latin America & Caribbean,Oranjestad,-70.0167,12.5167,High income,Not classified
Aruba,AW,ABW,2010,,2026-07-13,34037.5423205595,74.297,101838,Latin America & Caribbean,Oranjestad,-70.0167,12.5167,High income,Not classified
Aruba,AW,ABW,2017,,2026-07-13,38213.2892388309,75.62,108735,Latin America & Caribbean,Oranjestad,-70.0167,12.5167,High income,Not classified
Aruba,AW,ABW,2014,,2026-07-13,35837.3240929711,75.261,106807,Latin America & Caribbean,Oranjestad,-70.0167,12.5167,High income,Not classified
Aruba,AW,ABW,2019,,2026-07-13,39754.5600722149,76.019,109203,Latin America & Caribbean,Oranjestad,-70.0167,12.5167,High income,Not classified
Aruba,AW,ABW,2018,,2026-07-13,39378.2284109047,75.88,108908,Latin America & Caribbean,Oranjestad,-70.0167,12.5167,High income,Not classified
Australia,AU,AUS,2013,,2026-07-13,54895.0052588984,82.1487804878049,23128129,East Asia & Pacific,Canberra,149.129,-35.282,High income,Not classified
Australia,AU,AUS,2000,,2026-07-13,45099.0752097084,79.2341463414634,19028802,East Asia & Pacific,Canberra,149.129,-35.282,High income,Not classified
Australia,AU,AUS,2012,,2026-07-13,54403.8836902433,82.0463414634146,22733465,East Asia & Pacific,Canberra,149.129,-35.282,High income,Not classified
Australia,AU,AUS,2003,,2026-07-13,47581.2285345879,80.2390243902439,19720737,East Asia & Pacific,Canberra,149.129,-35.282,High income,Not classified
Australia,AU,AUS,2011,,2026-07-13,53257.0473237603,81.8951219512195,22340024,East Asia & Pacific,Canberra,149.129,-35.282,High income,Not classified
Australia,AU,AUS,2014,,2026-07-13,55489.068844146,82.3,23475686,East Asia & Pacific,Canberra,149.129,-35.282,High income,Not classified
Australia,AU,AUS,2015,,2026-07-13,55879.9958817103,82.4,23815995,East Asia & Pacific,Canberra,149.129,-35.282,High income,Not classified
Australia,AU,AUS,2005,,2026-07-13,49997.0664953941,80.8414634146341,20176844,East Asia & Pacific,Canberra,149.129,-35.282,High income,Not classified
Australia,AU,AUS,2002,,2026-07-13,46688.3947760633,79.9365853658537,19495210,East Asia & Pacific,Canberra,149.129,-35.282,High income,Not classified
Australia,AU,AUS,2017,,2026-07-13,56881.8569859104,82.5,24592588,East Asia & Pacific,Canberra,149.129,-35.282,High income,Not classified
Australia,AU,AUS,2004,,2026-07-13,49061.2761503925,80.490243902439,19932722,East Asia & Pacific,Canberra,149.129,-35.282,High income,Not classified
Australia,AU,AUS,2009,,2026-07-13,52407.9115378584,81.5439024390244,21691653,East Asia & Pacific,Canberra,149.129,-35.282,High income,Not classified
Australia,AU,AUS,2006,,2026-07-13,50693.7248649798,81.0414634146342,20450966,East Asia & Pacific,Canberra,149.129,-35.282,High income,Not classified
Australia,AU,AUS,2007,,2026-07-13,51663.2403953881,81.2926829268293,20827622,East Asia & Pacific,Canberra,149.129,-35.282,High income,Not classified
Australia,AU,AUS,2008,,2026-07-13,52473.3819160773,81.3951219512195,21249199,East Asia & Pacific,Canberra,149.129,-35.282,High income,Not classified
Australia,AU,AUS,2018,,2026-07-13,57647.8455068105,82.7487804878049,24963258,East Asia & Pacific,Canberra,149.129,-35.282,High income,Not classified
Australia,AU,AUS,2001,,2026-07-13,45428.2000837579,79.6341463414634,19274701,East Asia & Pacific,Canberra,149.129,-35.282,High income,Not classified
Australia,AU,AUS,2010,,2026-07-13,52739.2681556133,81.6951219512195,22031750,East Asia & Pacific,Canberra,149.129,-35.282,High income,Not classified
Australia,AU,AUS,2021,,2026-07-13,58327.4146842325,83.3,25685412,East Asia & Pacific,Canberra,149.129,-35.282,High income,Not classified
Australia,AU,AUS,2022,,2026-07-13,60029.1329190733,83.2,26018721,East Asia & Pacific,Canberra,149.129,-35.282,High income,Not classified
Australia,AU,AUS,2019,,2026-07-13,58048.6188420831,82.9,25334826,East Asia & Pacific,Canberra,149.129,-35.282,High income,Not classified
Australia,AU,AUS,2016,,2026-07-13,56529.951824687,82.4487804878049,24190907,East Asia & Pacific,Canberra,149.129,-35.282,High income,Not classified
Australia,AU,AUS,2023,,2026-07-13,60684.9596204883,83.0512195121951,26659922,East Asia & Pacific,Canberra,149.129,-35.282,High income,Not classified
Australia,AU,AUS,2020,,2026-07-13,57260.4650530108,83.2,25649248,East Asia & Pacific,Canberra,149.129,-35.282,High income,Not classified
Austria,AT,AUT,2015,,2026-07-13,60951.6037273662,81.190243902439,8642699,Europe & Central Asia,Vienna,16.3798,48.2201,High income,Not classified
Austria,AT,AUT,2013,,2026-07-13,60862.9693673785,81.1365853658537,8479823,Europe & Central Asia,Vienna,16.3798,48.2201,High income,Not classified
Austria,AT,AUT,2018,,2026-07-13,63777.9362157476,81.6926829268293,8840521,Europe & Central Asia,Vienna,16.3798,48.2201,High income,Not classified
Austria,AT,AUT,2016,,2026-07-13,61572.6257402404,81.6414634146342,8736668,Europe & Central Asia,Vienna,16.3798,48.2201,High income,Not classified
Austria,AT,AUT,2000,,2026-07-13,53534.2669894259,78.1268292682927,8011566,Europe & Central Asia,Vienna,16.3798,48.2201,High income,Not classified
Austria,AT,AUT,2012,,2026-07-13,61376.6345930428,80.9365853658537,8429991,Europe & Central Asia,Vienna,16.3798,48.2201,High income,Not classified
Austria,AT,AUT,2014,,2026-07-13,60845.5743980711,81.490243902439,8546356,Europe & Central Asia,Vienna,16.3798,48.2201,High income,Not classified
Austria,AT,AUT,2017,,2026-07-13,62535.8105711345,81.6439024390244,8797566,Europe & Central Asia,Vienna,16.3798,48.2201,High income,Not classified
Austria,AT,AUT,2005,,2026-07-13,56890.1996184204,79.3317073170732,8227829,Europe & Central Asia,Vienna,16.3798,48.2201,High income,Not classified
Austria,AT,AUT,2001,,2026-07-13,54032.075746659,78.5756097560976,8042293,Europe & Central Asia,Vienna,16.3798,48.2201,High income,Not classified
Austria,AT,AUT,2003,,2026-07-13,54919.7101911513,78.6317073170732,8121423,Europe & Central Asia,Vienna,16.3798,48.2201,High income,Not classified
Austria,AT,AUT,2021,,2026-07-13,62968.8538770186,81.190243902439,8955797,Europe & Central Asia,Vienna,16.3798,48.2201,High income,Not classified
Austria,AT,AUT,2022,,2026-07-13,65694.4591501468,81.2951219512195,9041851,Europe & Central Asia,Vienna,16.3798,48.2201,High income,Not classified
Austria,AT,AUT,2019,,2026-07-13,64609.2836396895,81.8951219512195,8879920,Europe & Central Asia,Vienna,16.3798,48.2201,High income,Not classified
Austria,AT,AUT,2020,,2026-07-13,60276.3307697326,81.1926829268293,8916864,Europe & Central Asia,Vienna,16.3798,48.2201,High income,Not classified
Austria,AT,AUT,2002,,2026-07-13,54565.0004227482,78.6780487804878,8081957,Europe & Central Asia,Vienna,16.3798,48.2201,High income,Not classified
Austria,AT,AUT,2004,,2026-07-13,55980.1531665622,79.1804878048781,8171966,Europe & Central Asia,Vienna,16.3798,48.2201,High income,Not classified
Austria,AT,AUT,2023,,2026-07-13,64536.2076307547,81.7926829268293,9131761,Europe & Central Asia,Vienna,16.3798,48.2201,High income,Not classified
Austria,AT,AUT,2011,,2026-07-13,61272.1724662899,80.9829268292683,8391643,Europe & Central Asia,Vienna,16.3798,48.2201,High income,Not classified
Austria,AT,AUT,2007,,2026-07-13,60470.825141587,80.1804878048781,8295487,Europe & Central Asia,Vienna,16.3798,48.2201,High income,Not classified
Austria,AT,AUT,2008,,2026-07-13,61157.9014974191,80.4317073170732,8321496,Europe & Central Asia,Vienna,16.3798,48.2201,High income,Not classified
Austria,AT,AUT,2009,,2026-07-13,58810.3596828696,80.3317073170732,8343323,Europe & Central Asia,Vienna,16.3798,48.2201,High income,Not classified
Austria,AT,AUT,2006,,2026-07-13,58460.1550504163,79.8804878048781,8268641,Europe & Central Asia,Vienna,16.3798,48.2201,High income,Not classified
Austria,AT,AUT,2010,,2026-07-13,59730.4673903053,80.5804878048781,8363404,Europe & Central Asia,Vienna,16.3798,48.2201,High income,Not classified
Azerbaijan,AZ,AZE,2002,,2026-07-13,6701.08174444207,66.769,8171950,Europe & Central Asia,Baku,49.8932,40.3834,Upper middle income,IBRD
Azerbaijan,AZ,AZE,2003,,2026-07-13,7329.40601818943,67.036,8234100,Europe & Central Asia,Baku,49.8932,40.3834,Upper middle income,IBRD
Azerbaijan,AZ,AZE,2005,,2026-07-13,10054.1003389401,67.71,8391850,Europe & Central Asia,Baku,49.8932,40.3834,Upper middle income,IBRD
Azerbaijan,AZ,AZE,2012,,2026-07-13,19523.3737161356,71.08,9295784,Europe & Central Asia,Baku,49.8932,40.3834,Upper middle income,IBRD
Azerbaijan,AZ,AZE,2001,,2026-07-13,6168.98512059749,66.043,8111200,Europe & Central Asia,Baku,49.8932,40.3834,Upper middle income,IBRD
Azerbaijan,AZ,AZE,2015,,2026-07-13,20678.7539572375,72.349,9649341,Europe & Central Asia,Baku,49.8932,40.3834,Upper middle income,IBRD
Azerbaijan,AZ,AZE,2004,,2026-07-13,7937.8594791002,67.488,8306500,Europe & Central Asia,Baku,49.8932,40.3834,Upper middle income,IBRD
Azerbaijan,AZ,AZE,2000,,2026-07-13,5656.92989378687,65.377,8048600,Europe & Central Asia,Baku,49.8932,40.3834,Upper middle income,IBRD
Azerbaijan,AZ,AZE,2023,,2026-07-13,21310.7386915022,74.429,10153958,Europe & Central Asia,Baku,49.8932,40.3834,Upper middle income,IBRD
Azerbaijan,AZ,AZE,2008,,2026-07-13,17963.0208126838,69.355,8763400,Europe & Central Asia,Baku,49.8932,40.3834,Upper middle income,IBRD
Azerbaijan,AZ,AZE,2016,,2026-07-13,19822.4105943941,72.568,9757812,Europe & Central Asia,Baku,49.8932,40.3834,Upper middle income,IBRD
Azerbaijan,AZ,AZE,2006,,2026-07-13,13371.6585214534,68.489,8484550,Europe & Central Asia,Baku,49.8932,40.3834,Upper middle income,IBRD
Azerbaijan,AZ,AZE,2007,,2026-07-13,16587.3657240228,68.659,8581300,Europe & Central Asia,Baku,49.8932,40.3834,Upper middle income,IBRD
Azerbaijan,AZ,AZE,2018,,2026-07-13,19781.8509058437,73.016,9939771,Europe & Central Asia,Baku,49.8932,40.3834,Upper middle income,IBRD
Azerbaijan,AZ,AZE,2009,,2026-07-13,19242.3900077231,69.874,8947243,Europe & Central Asia,Baku,49.8932,40.3834,Upper middle income,IBRD
Azerbaijan,AZ,AZE,2010,,2026-07-13,19925.3900662137,70.309,9054332,Europe & Central Asia,Baku,49.8932,40.3834,Upper middle income,IBRD
Azerbaijan,AZ,AZE,2011,,2026-07-13,19358.0778100345,70.565,9173082,Europe & Central Asia,Baku,49.8932,40.3834,Upper middle income,IBRD
Azerbaijan,AZ,AZE,2022,,2026-07-13,21051.2442291612,74.125,10141756,Europe & Central Asia,Baku,49.8932,40.3834,Upper middle income,IBRD
Azerbaijan,AZ,AZE,2013,,2026-07-13,20398.6462250349,71.485,9416801,Europe & Central Asia,Baku,49.8932,40.3834,Upper middle income,IBRD
Azerbaijan,AZ,AZE,2014,,2026-07-13,20709.201611232,71.93,9535079,Europe & Central Asia,Baku,49.8932,40.3834,Upper middle income,IBRD
Azerbaijan,AZ,AZE,2017,,2026-07-13,19659.0048562768,72.694,9854033,Europe & Central Asia,Baku,49.8932,40.3834,Upper middle income,IBRD
Azerbaijan,AZ,AZE,2019,,2026-07-13,20101.491875147,73.29,10024283,Europe & Central Asia,Baku,49.8932,40.3834,Upper middle income,IBRD
Azerbaijan,AZ,AZE,2020,,2026-07-13,19126.096851126,70.312,10093121,Europe & Central Asia,Baku,49.8932,40.3834,Upper middle income,IBRD
Azerbaijan,AZ,AZE,2021,,2026-07-13,20111.3756952109,70.999,10137750,Europe & Central Asia,Baku,49.8932,40.3834,Upper middle income,IBRD
"Bahamas, The",BS,BHS,2006,,2026-07-13,35789.1322131898,73.456,348375,Latin America & Caribbean,Nassau,-77.339,25.0661,High income,Not classified
"Bahamas, The",BS,BHS,2005,,2026-07-13,35365.4663980219,73.413,343894,Latin America & Caribbean,Nassau,-77.339,25.0661,High income,Not classified
"Bahamas, The",BS,BHS,2020,,2026-07-13,26452.695760929,72.994,395863,Latin America & Caribbean,Nassau,-77.339,25.0661,High income,Not classified
"Bahamas, The",BS,BHS,2007,,2026-07-13,35797.118972073,73.463,353334,Latin America & Caribbean,Nassau,-77.339,25.0661,High income,Not classified
"Bahamas, The",BS,BHS,2008,,2026-07-13,34498.0351399173,73.445,358120,Latin America & Caribbean,Nassau,-77.339,25.0661,High income,Not classified
"Bahamas, The",BS,BHS,2004,,2026-07-13,34617.8051137459,73.235,339782,Latin America & Caribbean,Nassau,-77.339,25.0661,High income,Not classified
"Bahamas, The",BS,BHS,2003,,2026-07-13,34740.7635535381,73.213,335618,Latin America & Caribbean,Nassau,-77.339,25.0661,High income,Not classified
"Bahamas, The",BS,BHS,2019,,2026-07-13,33202.4902105068,71.408,394675,Latin America & Caribbean,Nassau,-77.339,25.0661,High income,Not classified
"Bahamas, The",BS,BHS,2021,,2026-07-13,31064.6822166194,70.752,396373,Latin America & Caribbean,Nassau,-77.339,25.0661,High income,Not classified
"Bahamas, The",BS,BHS,2022,,2026-07-13,34342.9285316569,74.491,397538,Latin America & Caribbean,Nassau,-77.339,25.0661,High income,Not classified
"Bahamas, The",BS,BHS,2002,,2026-07-13,35610.6786425646,73.023,331614,Latin America & Caribbean,Nassau,-77.339,25.0661,High income,Not classified
"Bahamas, The",BS,BHS,2018,,2026-07-13,33650.2164350935,74.062,392717,Latin America & Caribbean,Nassau,-77.339,25.0661,High income,Not classified
"Bahamas, The",BS,BHS,2001,,2026-07-13,35072.3658990461,72.765,327836,Latin America & Caribbean,Nassau,-77.339,25.0661,High income,Not classified
"Bahamas, The",BS,BHS,2010,,2026-07-13,32711.4592459383,73.449,367478,Latin America & Caribbean,Nassau,-77.339,25.0661,High income,Not classified
"Bahamas, The",BS,BHS,2011,,2026-07-13,32535.6625139135,73.571,371729,Latin America & Caribbean,Nassau,-77.339,25.0661,High income,Not classified
"Bahamas, The",BS,BHS,2023,,2026-07-13,35221.2696932313,74.552,399440,Latin America & Caribbean,Nassau,-77.339,25.0661,High income,Not classified
"Bahamas, The",BS,BHS,2012,,2026-07-13,33667.5547098911,73.707,375469,Latin America & Caribbean,Nassau,-77.339,25.0661,High income,Not classified
"Bahamas, The",BS,BHS,2015,,2026-07-13,32777.5849410742,73.805,385346,Latin America & Caribbean,Nassau,-77.339,25.0661,High income,Not classified
"Bahamas, The",BS,BHS,2016,,2026-07-13,32172.3365152976,74.042,388055,Latin America & Caribbean,Nassau,-77.339,25.0661,High income,Not classified
"Bahamas, The",BS,BHS,2013,,2026-07-13,32402.9163503108,73.93,378953,Latin America & Caribbean,Nassau,-77.339,25.0661,High income,Not classified
"Bahamas, The",BS,BHS,2014,,2026-07-13,32712.6356664811,74.029,382298,Latin America & Caribbean,Nassau,-77.339,25.0661,High income,Not classified
"Bahamas, The",BS,BHS,2009,,2026-07-13,32630.263065979,73.455,362810,Latin America & Caribbean,Nassau,-77.339,25.0661,High income,Not classified
"Bahamas, The",BS,BHS,2017,,2026-07-13,33050.0350128611,74.031,390485,Latin America & Caribbean,Nassau,-77.339,25.0661,High income,Not classified
"Bahamas, The",BS,BHS,2000,,2026-07-13,34597.1621145274,72.481,323835,Latin America & Caribbean,Nassau,-77.339,25.0661,High income,Not classified
Bahrain,BH,BHR,2009,,2026-07-13,50665.7507489219,78.016,1178415,"Middle East, North Africa, Afghanistan & Pakistan",Manama,50.5354,26.1921,High income,Not classified
Bahrain,BH,BHR,2023,,2026-07-13,57819.9051831242,81.284,1577059,"Middle East, North Africa, Afghanistan & Pakistan",Manama,50.5354,26.1921,High income,Not classified
Bahrain,BH,BHR,2021,,2026-07-13,54954.6757895532,78.083,1504365,"Middle East, North Africa, Afghanistan & Pakistan",Manama,50.5354,26.1921,High income,Not classified
Bahrain,BH,BHR,2001,,2026-07-13,57280.6986707494,74.942,661316,"Middle East, North Africa, Afghanistan & Pakistan",Manama,50.5354,26.1921,High income,Not classified
Bahrain,BH,BHR,2002,,2026-07-13,55096.6571550779,75.209,710553,"Middle East, North Africa, Afghanistan & Pakistan",Manama,50.5354,26.1921,High income,Not classified
Bahrain,BH,BHR,2022,,2026-07-13,57572.997981018,80.992,1524693,"Middle East, North Africa, Afghanistan & Pakistan",Manama,50.5354,26.1921,High income,Not classified
Bahrain,BH,BHR,2000,,2026-07-13,57968.9956082135,74.673,637582,"Middle East, North Africa, Afghanistan & Pakistan",Manama,50.5354,26.1921,High income,Not classified
Bahrain,BH,BHR,2005,,2026-07-13,53478.2662415503,76.125,888822,"Middle East, North Africa, Afghanistan & Pakistan",Manama,50.5354,26.1921,High income,Not classified
Bahrain,BH,BHR,2006,,2026-07-13,52691.9323366851,76.51,960424,"Middle East, North Africa, Afghanistan & Pakistan",Manama,50.5354,26.1921,High income,Not classified
Bahrain,BH,BHR,2003,,2026-07-13,54431.8763559658,75.486,764517,"Middle East, North Africa, Afghanistan & Pakistan",Manama,50.5354,26.1921,High income,Not classified
Bahrain,BH,BHR,2004,,2026-07-13,54045.092888858,75.787,823741,"Middle East, North Africa, Afghanistan & Pakistan",Manama,50.5354,26.1921,High income,Not classified
Bahrain,BH,BHR,2012,,2026-07-13,54516.8406594787,79.622,1208964,"Middle East, North Africa, Afghanistan & Pakistan",Manama,50.5354,26.1921,High income,Not classified
Bahrain,BH,BHR,2013,,2026-07-13,55376.4005147894,79.998,1253191,"Middle East, North Africa, Afghanistan & Pakistan",Manama,50.5354,26.1921,High income,Not classified
Bahrain,BH,BHR,2007,,2026-07-13,52731.7921672618,76.952,1039295,"Middle East, North Africa, Afghanistan & Pakistan",Manama,50.5354,26.1921,High income,Not classified
Bahrain,BH,BHR,2008,,2026-07-13,52765.3899455546,77.457,1103496,"Middle East, North Africa, Afghanistan & Pakistan",Manama,50.5354,26.1921,High income,Not classified
Bahrain,BH,BHR,2016,,2026-07-13,54107.0752236423,80.407,1423726,"Middle East, North Africa, Afghanistan & Pakistan",Manama,50.5354,26.1921,High income,Not classified
Bahrain,BH,BHR,2017,,2026-07-13,53859.7749589601,80.407,1501116,"Middle East, North Africa, Afghanistan & Pakistan",Manama,50.5354,26.1921,High income,Not classified
Bahrain,BH,BHR,2014,,2026-07-13,55065.8189472129,80.214,1314562,"Middle East, North Africa, Afghanistan & Pakistan",Manama,50.5354,26.1921,High income,Not classified
Bahrain,BH,BHR,2010,,2026-07-13,50704.8479679819,78.593,1228543,"Middle East, North Africa, Afghanistan & Pakistan",Manama,50.5354,26.1921,High income,Not classified
Bahrain,BH,BHR,2020,,2026-07-13,53814.2452592358,78.683,1472204,"Middle East, North Africa, Afghanistan & Pakistan",Manama,50.5354,26.1921,High income,Not classified
Bahrain,BH,BHR,2011,,2026-07-13,53132.3284162611,79.141,1195020,"Middle East, North Africa, Afghanistan & Pakistan",Manama,50.5354,26.1921,High income,Not classified
Bahrain,BH,BHR,2018,,2026-07-13,54893.0724411368,80.412,1503091,"Middle East, North Africa, Afghanistan & Pakistan",Manama,50.5354,26.1921,High income,Not classified
Bahrain,BH,BHR,2015,,2026-07-13,54149.9131524721,80.338,1370322,"Middle East, North Africa, Afghanistan & Pakistan",Manama,50.5354,26.1921,High income,Not classified
Bahrain,BH,BHR,2019,,2026-07-13,56749.9628370612,80.471,1483756,"Middle East, North Africa, Afghanistan & Pakistan",Manama,50.5354,26.1921,High income,Not classified
Bangladesh,BD,BGD,2000,,2026-07-13,2712.93512215725,62.049,134544304,South Asia,Dhaka,90.4113,23.7055,Lower middle income,IDA
Bangladesh,BD,BGD,2001,,2026-07-13,2803.55471950946,62.836,136805810,South Asia,Dhaka,90.4113,23.7055,Lower middle income,IDA
Bangladesh,BD,BGD,2015,,2026-07-13,5352.71133299566,70.543,159383179,South Asia,Dhaka,90.4113,23.7055,Lower middle income,IDA
Bangladesh,BD,BGD,2013,,2026-07-13,4822.72621378266,69.487,156532141,South Asia,Dhaka,90.4113,23.7055,Lower middle income,IDA
Bangladesh,BD,BGD,2014,,2026-07-13,5068.63965672741,70.016,157964929,South Asia,Dhaka,90.4113,23.7055,Lower middle income,IDA
Bangladesh,BD,BGD,2012,,2026-07-13,4592.04840919812,68.989,155070101,South Asia,Dhaka,90.4113,23.7055,Lower middle income,IDA
Bangladesh,BD,BGD,2004,,2026-07-13,3071.83778764611,64.912,142902856,South Asia,Dhaka,90.4113,23.7055,Lower middle income,IDA
Bangladesh,BD,BGD,2016,,2026-07-13,5682.53553494306,71.075,160811932,South Asia,Dhaka,90.4113,23.7055,Lower middle income,IDA
Bangladesh,BD,BGD,2011,,2026-07-13,4352.42643359325,68.499,153591076,South Asia,Dhaka,90.4113,23.7055,Lower middle income,IDA
Bangladesh,BD,BGD,2003,,2026-07-13,2958.91503115633,64.288,140970351,South Asia,Dhaka,90.4113,23.7055,Lower middle income,IDA
Bangladesh,BD,BGD,2008,,2026-07-13,3787.9382761855,67.047,149474264,South Asia,Dhaka,90.4113,23.7055,Lower middle income,IDA
Bangladesh,BD,BGD,2005,,2026-07-13,3231.61370692891,65.509,144715786,South Asia,Dhaka,90.4113,23.7055,Lower middle income,IDA
Bangladesh,BD,BGD,2006,,2026-07-13,3407.4273502159,66.048,146405973,South Asia,Dhaka,90.4113,23.7055,Lower middle income,IDA
Bangladesh,BD,BGD,2007,,2026-07-13,3608.91543819399,66.458,147989278,South Asia,Dhaka,90.4113,23.7055,Lower middle income,IDA
Bangladesh,BD,BGD,2017,,2026-07-13,6005.70718781048,71.606,162186147,South Asia,Dhaka,90.4113,23.7055,Lower middle income,IDA
Bangladesh,BD,BGD,2009,,2026-07-13,3942.13631207203,67.527,150873714,South Asia,Dhaka,90.4113,23.7055,Lower middle income,IDA
Bangladesh,BD,BGD,2010,,2026-07-13,4125.46390163202,68.009,152201981,South Asia,Dhaka,90.4113,23.7055,Lower middle income,IDA
Bangladesh,BD,BGD,2002,,2026-07-13,2866.43454328715,63.591,138933658,South Asia,Dhaka,90.4113,23.7055,Lower middle income,IDA
Bangladesh,BD,BGD,2021,,2026-07-13,7441.06913961254,71.103,167658854,South Asia,Dhaka,90.4113,23.7055,Lower middle income,IDA
Bangladesh,BD,BGD,2018,,2026-07-13,6392.59334024091,72.122,163523103,South Asia,Dhaka,90.4113,23.7055,Lower middle income,IDA
Bangladesh,BD,BGD,2019,,2026-07-13,6838.32611608243,72.625,164913055,South Asia,Dhaka,90.4113,23.7055,Lower middle income,IDA
Bangladesh,BD,BGD,2020,,2026-07-13,7015.19792797056,71.421,166298024,South Asia,Dhaka,90.4113,23.7055,Lower middle income,IDA
Bangladesh,BD,BGD,2022,,2026-07-13,7888.16389098304,74.265,169384897,South Asia,Dhaka,90.4113,23.7055,Lower middle income,IDA
Bangladesh,BD,BGD,2023,,2026-07-13,8242.39798977242,74.672,171466990,South Asia,Dhaka,90.4113,23.7055,Lower middle income,IDA
Barbados,BB,BRB,2016,,2026-07-13,19877.1120083968,76.168,279598,Latin America & Caribbean,Bridgetown,-59.6105,13.0935,High income,IBRD
Barbados,BB,BRB,2014,,2026-07-13,19840.8306179644,75.926,278348,Latin America & Caribbean,Bridgetown,-59.6105,13.0935,High income,IBRD
Barbados,BB,BRB,2015,,2026-07-13,19642.2322500219,76.055,278990,Latin America & Caribbean,Bridgetown,-59.6105,13.0935,High income,IBRD
Barbados,BB,BRB,2013,,2026-07-13,19730.3469740518,75.816,277665,Latin America & Caribbean,Bridgetown,-59.6105,13.0935,High income,IBRD
Barbados,BB,BRB,2017,,2026-07-13,19966.3202405154,76.237,280171,Latin America & Caribbean,Bridgetown,-59.6105,13.0935,High income,IBRD
Barbados,BB,BRB,2000,,2026-07-13,21315.7684300571,74.58,262063,Latin America & Caribbean,Bridgetown,-59.6105,13.0935,High income,IBRD
Barbados,BB,BRB,2001,,2026-07-13,20782.8432453701,74.707,262425,Latin America & Caribbean,Bridgetown,-59.6105,13.0935,High income,IBRD
Barbados,BB,BRB,2004,,2026-07-13,21308.6052569587,75.15,267298,Latin America & Caribbean,Bridgetown,-59.6105,13.0935,High income,IBRD
Barbados,BB,BRB,2018,,2026-07-13,19877.6759569235,76.378,280711,Latin America & Caribbean,Bridgetown,-59.6105,13.0935,High income,IBRD
Barbados,BB,BRB,2019,,2026-07-13,19890.455714094,76.495,281207,Latin America & Caribbean,Bridgetown,-59.6105,13.0935,High income,IBRD
Barbados,BB,BRB,2002,,2026-07-13,20809.8567218941,74.82,264148,Latin America & Caribbean,Bridgetown,-59.6105,13.0935,High income,IBRD
Barbados,BB,BRB,2021,,2026-07-13,17686.7469386289,76.58,282147,Latin America & Caribbean,Bridgetown,-59.6105,13.0935,High income,IBRD
Barbados,BB,BRB,2022,,2026-07-13,20494.5343836936,75.676,282318,Latin America & Caribbean,Bridgetown,-59.6105,13.0935,High income,IBRD
Barbados,BB,BRB,2023,,2026-07-13,20865.0155437147,76.178,282336,Latin America & Caribbean,Bridgetown,-59.6105,13.0935,High income,IBRD
Barbados,BB,BRB,2020,,2026-07-13,16399.7020111405,76.647,281698,Latin America & Caribbean,Bridgetown,-59.6105,13.0935,High income,IBRD
Barbados,BB,BRB,2012,,2026-07-13,19743.57827095,75.737,276938,Latin America & Caribbean,Bridgetown,-59.6105,13.0935,High income,IBRD
Barbados,BB,BRB,2003,,2026-07-13,21132.3281963019,74.865,265776,Latin America & Caribbean,Bridgetown,-59.6105,13.0935,High income,IBRD
Barbados,BB,BRB,2005,,2026-07-13,22035.3859581035,74.96,268706,Latin America & Caribbean,Bridgetown,-59.6105,13.0935,High income,IBRD
Barbados,BB,BRB,2011,,2026-07-13,20383.2530917687,75.599,276139,Latin America & Caribbean,Bridgetown,-59.6105,13.0935,High income,IBRD
Barbados,BB,BRB,2007,,2026-07-13,23631.9433885299,75.263,271288,Latin America & Caribbean,Bridgetown,-59.6105,13.0935,High income,IBRD
Barbados,BB,BRB,2008,,2026-07-13,23657.2900650446,75.3,272714,Latin America & Caribbean,Bridgetown,-59.6105,13.0935,High income,IBRD
Barbados,BB,BRB,2009,,2026-07-13,22354.8404800399,75.458,274123,Latin America & Caribbean,Bridgetown,-59.6105,13.0935,High income,IBRD
Barbados,BB,BRB,2006,,2026-07-13,23260.8645438811,75.049,270002,Latin America & Caribbean,Bridgetown,-59.6105,13.0935,High income,IBRD
Barbados,BB,BRB,2010,,2026-07-13,20464.7939658776,75.488,275243,Latin America & Caribbean,Bridgetown,-59.6105,13.0935,High income,IBRD
Belarus,BY,BLR,2004,,2026-07-13,15052.1182160947,68.9560975609756,9730146,Europe & Central Asia,Minsk,27.5766,53.9678,Upper middle income,IBRD
Belarus,BY,BLR,2003,,2026-07-13,13413.9265504854,68.5536585365854,9796749,Europe & Central Asia,Minsk,27.5766,53.9678,Upper middle income,IBRD
Belarus,BY,BLR,2005,,2026-07-13,16579.8731683834,68.8512195121951,9663915,Europe & Central Asia,Minsk,27.5766,53.9678,Upper middle income,IBRD
Belarus,BY,BLR,2006,,2026-07-13,18349.8719060634,69.4048780487805,9604924,Europe & Central Asia,Minsk,27.5766,53.9678,Upper middle income,IBRD
Belarus,BY,BLR,2002,,2026-07-13,12443.9322575939,68.0560975609756,9865548,Europe & Central Asia,Minsk,27.5766,53.9678,Upper middle income,IBRD
Belarus,BY,BLR,2015,,2026-07-13,25513.2132958317,73.6243902439025,9461076,Europe & Central Asia,Minsk,27.5766,53.9678,Upper middle income,IBRD
Belarus,BY,BLR,2018,,2026-07-13,26363.4629778536,74.1756097560976,9438785,Europe & Central Asia,Minsk,27.5766,53.9678,Upper middle income,IBRD
Belarus,BY,BLR,2000,,2026-07-13,11182.4548339393,68.9121951219512,9979610,Europe & Central Asia,Minsk,27.5766,53.9678,Upper middle income,IBRD
Belarus,BY,BLR,2001,,2026-07-13,11771.0872003861,68.5073170731707,9928549,Europe & Central Asia,Minsk,27.5766,53.9678,Upper middle income,IBRD
Belarus,BY,BLR,2014,,2026-07-13,26564.4347246547,72.9707317073171,9448515,Europe & Central Asia,Minsk,27.5766,53.9678,Upper middle income,IBRD
Belarus,BY,BLR,2010,,2026-07-13,24012.6133040213,70.4048780487805,9483836,Europe & Central Asia,Minsk,27.5766,53.9678,Upper middle income,IBRD
Belarus,BY,BLR,2007,,2026-07-13,20019.6111676728,70.2073170731707,9560953,Europe & Central Asia,Minsk,27.5766,53.9678,Upper middle income,IBRD
Belarus,BY,BLR,2008,,2026-07-13,22137.9472928315,70.4560975609756,9527985,Europe & Central Asia,Minsk,27.5766,53.9678,Upper middle income,IBRD
Belarus,BY,BLR,2009,,2026-07-13,22236.8387691136,70.4073170731707,9504583,Europe & Central Asia,Minsk,27.5766,53.9678,Upper middle income,IBRD
Belarus,BY,BLR,2021,,2026-07-13,27611.1801135157,72.0714634146342,9302585,Europe & Central Asia,Minsk,27.5766,53.9678,Upper middle income,IBRD
Belarus,BY,BLR,2011,,2026-07-13,25404.7566082412,70.5536585365854,9461643,Europe & Central Asia,Minsk,27.5766,53.9678,Upper middle income,IBRD
Belarus,BY,BLR,2012,,2026-07-13,25879.1319400701,71.9658536585366,9446836,Europe & Central Asia,Minsk,27.5766,53.9678,Upper middle income,IBRD
Belarus,BY,BLR,2013,,2026-07-13,26147.6253584645,72.4707317073171,9443211,Europe & Central Asia,Minsk,27.5766,53.9678,Upper middle income,IBRD
Belarus,BY,BLR,2016,,2026-07-13,24846.8301529359,73.8268292682927,9469379,Europe & Central Asia,Minsk,27.5766,53.9678,Upper middle income,IBRD
Belarus,BY,BLR,2019,,2026-07-13,26798.8206398076,74.2268292682927,9419758,Europe & Central Asia,Minsk,27.5766,53.9678,Upper middle income,IBRD
Belarus,BY,BLR,2020,,2026-07-13,26731.4953869922,72.1385609756098,9379952,Europe & Central Asia,Minsk,27.5766,53.9678,Upper middle income,IBRD
Belarus,BY,BLR,2022,,2026-07-13,26537.5083081674,74.1033658536585,9228071,Europe & Central Asia,Minsk,27.5766,53.9678,Upper middle income,IBRD
Belarus,BY,BLR,2023,,2026-07-13,27782.4380139967,74.1837804878049,9178298,Europe & Central Asia,Minsk,27.5766,53.9678,Upper middle income,IBRD
Belarus,BY,BLR,2017,,2026-07-13,25503.9809845207,74.1292682926829,9458989,Europe & Central Asia,Minsk,27.5766,53.9678,Upper middle income,IBRD
Belgium,BE,BEL,2008,,2026-07-13,56787.7366257416,79.6804878048781,10709973,Europe & Central Asia,Brussels,4.36761,50.8371,High income,Not classified
Belgium,BE,BEL,2007,,2026-07-13,56983.4612170064,79.7829268292683,10625700,Europe & Central Asia,Brussels,4.36761,50.8371,High income,Not classified
Belgium,BE,BEL,2006,,2026-07-13,55367.6227467909,79.380487804878,10547958,Europe & Central Asia,Brussels,4.36761,50.8371,High income,Not classified
Belgium,BE,BEL,2020,,2026-07-13,57333.5424137924,80.6951219512195,11538604,Europe & Central Asia,Brussels,4.36761,50.8371,High income,Not classified
Belgium,BE,BEL,2009,,2026-07-13,55258.7071019668,80.0341463414634,10796493,Europe & Central Asia,Brussels,4.36761,50.8371,High income,Not classified
Belgium,BE,BEL,2010,,2026-07-13,56240.2030936241,80.1829268292683,10895586,Europe & Central Asia,Brussels,4.36761,50.8371,High income,Not classified
Belgium,BE,BEL,2022,,2026-07-13,62602.9270469765,81.7487804878049,11680210,Europe & Central Asia,Brussels,4.36761,50.8371,High income,Not classified
Belgium,BE,BEL,2005,,2026-07-13,54346.8934219288,78.9804878048781,10478617,Europe & Central Asia,Brussels,4.36761,50.8371,High income,Not classified
Belgium,BE,BEL,2019,,2026-07-13,60479.9769955469,81.9951219512195,11488980,Europe & Central Asia,Brussels,4.36761,50.8371,High income,Not classified
Belgium,BE,BEL,2021,,2026-07-13,60669.2137746534,81.790243902439,11586195,Europe & Central Asia,Brussels,4.36761,50.8371,High income,Not classified
Belgium,BE,BEL,2016,,2026-07-13,57901.497690315,81.4390243902439,11331422,Europe & Central Asia,Brussels,4.36761,50.8371,High income,Not classified
Belgium,BE,BEL,2017,,2026-07-13,58529.3302957537,81.4926829268293,11375158,Europe & Central Asia,Brussels,4.36761,50.8371,High income,Not classified
Belgium,BE,BEL,2018,,2026-07-13,59357.6896884396,81.5951219512195,11427054,Europe & Central Asia,Brussels,4.36761,50.8371,High income,Not classified
Belgium,BE,BEL,2015,,2026-07-13,57509.0245728704,80.9926829268293,11274196,Europe & Central Asia,Brussels,4.36761,50.8371,High income,Not classified
Belgium,BE,BEL,2012,,2026-07-13,56356.8251292137,80.3853658536585,11106932,Europe & Central Asia,Brussels,4.36761,50.8371,High income,Not classified
Belgium,BE,BEL,2013,,2026-07-13,56263.175267967,80.5878048780488,11159407,Europe & Central Asia,Brussels,4.36761,50.8371,High income,Not classified
Belgium,BE,BEL,2023,,2026-07-13,63042.0099876309,82.4,11779946,Europe & Central Asia,Brussels,4.36761,50.8371,High income,Not classified
Belgium,BE,BEL,2004,,2026-07-13,53406.6918625203,78.8780487804878,10421137,Europe & Central Asia,Brussels,4.36761,50.8371,High income,Not classified
Belgium,BE,BEL,2000,,2026-07-13,50455.7338920674,77.7219512195122,10251250,Europe & Central Asia,Brussels,4.36761,50.8371,High income,Not classified
Belgium,BE,BEL,2001,,2026-07-13,50835.3969916063,77.9731707317073,10286570,Europe & Central Asia,Brussels,4.36761,50.8371,High income,Not classified
Belgium,BE,BEL,2002,,2026-07-13,51471.8532550934,78.0756097560976,10332785,Europe & Central Asia,Brussels,4.36761,50.8371,High income,Not classified
Belgium,BE,BEL,2014,,2026-07-13,57002.9092185206,81.2878048780488,11209057,Europe & Central Asia,Brussels,4.36761,50.8371,High income,Not classified
Belgium,BE,BEL,2011,,2026-07-13,56585.302500068,80.5853658536585,11038264,Europe & Central Asia,Brussels,4.36761,50.8371,High income,Not classified
Belgium,BE,BEL,2003,,2026-07-13,51788.8439641975,78.1292682926829,10376133,Europe & Central Asia,Brussels,4.36761,50.8371,High income,Not classified
Belize,BZ,BLZ,2009,,2026-07-13,12033.9096816588,70.806,312614,Latin America & Caribbean,Belmopan,-88.7713,17.2534,Upper middle income,Blend
Belize,BZ,BLZ,2002,,2026-07-13,11828.1865744067,69.528,256009,Latin America & Caribbean,Belmopan,-88.7713,17.2534,Upper middle income,Blend
Belize,BZ,BLZ,2023,,2026-07-13,12371.0086545348,73.566,411106,Latin America & Caribbean,Belmopan,-88.7713,17.2534,Upper middle income,Blend
Belize,BZ,BLZ,2021,,2026-07-13,11716.3267818656,70.917,395346,Latin America & Caribbean,Belmopan,-88.7713,17.2534,Upper middle income,Blend
Belize,BZ,BLZ,2001,,2026-07-13,11567.0265720608,68.944,248379,Latin America & Caribbean,Belmopan,-88.7713,17.2534,Upper middle income,Blend
Belize,BZ,BLZ,2014,,2026-07-13,12272.2957895446,71.437,348923,Latin America & Caribbean,Belmopan,-88.7713,17.2534,Upper middle income,Blend
Belize,BZ,BLZ,2022,,2026-07-13,12565.3645829576,72.19,402733,Latin America & Caribbean,Belmopan,-88.7713,17.2534,Upper middle income,Blend
Belize,BZ,BLZ,2000,,2026-07-13,11363.6868781615,68.911,240799,Latin America & Caribbean,Belmopan,-88.7713,17.2534,Upper middle income,Blend
Belize,BZ,BLZ,2005,,2026-07-13,12714.9697390831,70.335,279731,Latin America & Caribbean,Belmopan,-88.7713,17.2534,Upper middle income,Blend
Belize,BZ,BLZ,2006,,2026-07-13,12912.5300233774,70.535,287878,Latin America & Caribbean,Belmopan,-88.7713,17.2534,Upper middle income,Blend
Belize,BZ,BLZ,2003,,2026-07-13,12589.2679378206,69.819,263780,Latin America & Caribbean,Belmopan,-88.7713,17.2534,Upper middle income,Blend
Belize,BZ,BLZ,2004,,2026-07-13,12807.1658774384,70.152,271688,Latin America & Caribbean,Belmopan,-88.7713,17.2534,Upper middle income,Blend
Belize,BZ,BLZ,2012,,2026-07-13,11843.4153404212,71.134,334414,Latin America & Caribbean,Belmopan,-88.7713,17.2534,Upper middle income,Blend
Belize,BZ,BLZ,2013,,2026-07-13,12064.797259406,71.276,341627,Latin America & Caribbean,Belmopan,-88.7713,17.2534,Upper middle income,Blend
Belize,BZ,BLZ,2007,,2026-07-13,12973.2067214746,70.652,296100,Latin America & Caribbean,Belmopan,-88.7713,17.2534,Upper middle income,Blend
Belize,BZ,BLZ,2008,,2026-07-13,12415.6811300464,70.665,304361,Latin America & Caribbean,Belmopan,-88.7713,17.2534,Upper middle income,Blend
Belize,BZ,BLZ,2016,,2026-07-13,12063.0600374093,71.843,364705,Latin America & Caribbean,Belmopan,-88.7713,17.2534,Upper middle income,Blend
Belize,BZ,BLZ,2017,,2026-07-13,11572.3007931461,72.062,373202,Latin America & Caribbean,Belmopan,-88.7713,17.2534,Upper middle income,Blend
Belize,BZ,BLZ,2018,,2026-07-13,11451.8979413877,72.322,380226,Latin America & Caribbean,Belmopan,-88.7713,17.2534,Upper middle income,Blend
Belize,BZ,BLZ,2010,,2026-07-13,11913.6635959061,70.875,320245,Latin America & Caribbean,Belmopan,-88.7713,17.2534,Upper middle income,Blend
Belize,BZ,BLZ,2020,,2026-07-13,10045.1404163746,71.58,390812,Latin America & Caribbean,Belmopan,-88.7713,17.2534,Upper middle income,Blend
Belize,BZ,BLZ,2011,,2026-07-13,11641.7717375703,70.975,327298,Latin America & Caribbean,Belmopan,-88.7713,17.2534,Upper middle income,Blend
Belize,BZ,BLZ,2015,,2026-07-13,12348.7944978311,71.647,356333,Latin America & Caribbean,Belmopan,-88.7713,17.2534,Upper middle income,Blend
Belize,BZ,BLZ,2019,,2026-07-13,11765.9748661176,72.577,385829,Latin America & Caribbean,Belmopan,-88.7713,17.2534,Upper middle income,Blend
Benin,BJ,BEN,2016,,2026-07-13,2962.66381572265,59.283,11697842,Sub-Saharan Africa,Porto-Novo,2.6323,6.4779,Lower middle income,IDA
Benin,BJ,BEN,2000,,2026-07-13,2536.16885867097,56.594,7221619,Sub-Saharan Africa,Porto-Novo,2.6323,6.4779,Lower middle income,IDA
Benin,BJ,BEN,2001,,2026-07-13,2591.06485220288,56.654,7445596,Sub-Saharan Africa,Porto-Novo,2.6323,6.4779,Lower middle income,IDA
Benin,BJ,BEN,2005,,2026-07-13,2632.47251454328,57.738,8426144,Sub-Saharan Africa,Porto-Novo,2.6323,6.4779,Lower middle income,IDA
Benin,BJ,BEN,2014,,2026-07-13,2987.38236326153,59.008,11030004,Sub-Saharan Africa,Porto-Novo,2.6323,6.4779,Lower middle income,IDA
Benin,BJ,BEN,2015,,2026-07-13,2952.00218338705,59.123,11360681,Sub-Saharan Africa,Porto-Novo,2.6323,6.4779,Lower middle income,IDA
Benin,BJ,BEN,2012,,2026-07-13,2779.7264808532,58.559,10397657,Sub-Saharan Africa,Porto-Novo,2.6323,6.4779,Lower middle income,IDA
Benin,BJ,BEN,2013,,2026-07-13,2893.0467015352,58.863,10708834,Sub-Saharan Africa,Porto-Novo,2.6323,6.4779,Lower middle income,IDA
Benin,BJ,BEN,2017,,2026-07-13,3041.77929984989,59.528,12039780,Sub-Saharan Africa,Porto-Novo,2.6323,6.4779,Lower middle income,IDA
Benin,BJ,BEN,2011,,2026-07-13,2732.01249647957,58.462,10093623,Sub-Saharan Africa,Porto-Novo,2.6323,6.4779,Lower middle income,IDA
Benin,BJ,BEN,2003,,2026-07-13,2639.04370114641,57.092,7913070,Sub-Saharan Africa,Porto-Novo,2.6323,6.4779,Lower middle income,IDA
Benin,BJ,BEN,2004,,2026-07-13,2672.84404357157,57.346,8159094,Sub-Saharan Africa,Porto-Novo,2.6323,6.4779,Lower middle income,IDA
Benin,BJ,BEN,2020,,2026-07-13,3317.8597222557,60.154,13070169,Sub-Saharan Africa,Porto-Novo,2.6323,6.4779,Lower middle income,IDA
Benin,BJ,BEN,2006,,2026-07-13,2652.21841967159,57.966,8693242,Sub-Saharan Africa,Porto-Novo,2.6323,6.4779,Lower middle income,IDA
Benin,BJ,BEN,2007,,2026-07-13,2729.13741390352,58.249,8953969,Sub-Saharan Africa,Porto-Novo,2.6323,6.4779,Lower middle income,IDA
Benin,BJ,BEN,2008,,2026-07-13,2777.61974031765,58.099,9228466,Sub-Saharan Africa,Porto-Novo,2.6323,6.4779,Lower middle income,IDA
Benin,BJ,BEN,2009,,2026-07-13,2758.07243150648,58.258,9509423,Sub-Saharan Africa,Porto-Novo,2.6323,6.4779,Lower middle income,IDA
Benin,BJ,BEN,2010,,2026-07-13,2733.57399641151,58.387,9797484,Sub-Saharan Africa,Porto-Novo,2.6323,6.4779,Lower middle income,IDA
Benin,BJ,BEN,2002,,2026-07-13,2630.18061029627,56.851,7675426,Sub-Saharan Africa,Porto-Novo,2.6323,6.4779,Lower middle income,IDA
Benin,BJ,BEN,2018,,2026-07-13,3155.4510650627,59.71,12383347,Sub-Saharan Africa,Porto-Novo,2.6323,6.4779,Lower middle income,IDA
Benin,BJ,BEN,2019,,2026-07-13,3281.10470051465,59.888,12726755,Sub-Saharan Africa,Porto-Novo,2.6323,6.4779,Lower middle income,IDA
Benin,BJ,BEN,2021,,2026-07-13,3464.2886286745,59.61,13413417,Sub-Saharan Africa,Porto-Novo,2.6323,6.4779,Lower middle income,IDA
Benin,BJ,BEN,2022,,2026-07-13,3588.32519938147,60.475,13759501,Sub-Saharan Africa,Porto-Novo,2.6323,6.4779,Lower middle income,IDA
Benin,BJ,BEN,2023,,2026-07-13,3721.21254814808,60.774,14111034,Sub-Saharan Africa,Porto-Novo,2.6323,6.4779,Lower middle income,IDA
Bermuda,BM,BMU,2017,,2026-07-13,96441.2718767256,80.686,63578,North America,Hamilton,-64.706,32.3293,High income,Not classified
Bermuda,BM,BMU,2019,,2026-07-13,95523.9623126026,81.251,64107,North America,Hamilton,-64.706,32.3293,High income,Not classified
Bermuda,BM,BMU,2014,,2026-07-13,93046.2100976443,80.199,63529,North America,Hamilton,-64.706,32.3293,High income,Not classified
Bermuda,BM,BMU,2015,,2026-07-13,93863.848336341907,80.338,63464,North America,Hamilton,-64.706,32.3293,High income,Not classified
Bermuda,BM,BMU,2016,,2026-07-13,93269.0137558453,80.476,63449,North America,Hamilton,-64.706,32.3293,High income,Not classified
Bermuda,BM,BMU,2000,,2026-07-13,98024.0788793146,78.251,61550,North America,Hamilton,-64.706,32.3293,High income,Not classified
Bermuda,BM,BMU,2001,,2026-07-13,104565.263948121,78.637,61867,North America,Hamilton,-64.706,32.3293,High income,Not classified
Bermuda,BM,BMU,2002,,2026-07-13,102564.108880562,78.841,62142,North America,Hamilton,-64.706,32.3293,High income,Not classified
Bermuda,BM,BMU,2013,,2026-07-13,96553.8726827819,80.016,63574,North America,Hamilton,-64.706,32.3293,High income,Not classified
Bermuda,BM,BMU,2005,,2026-07-13,109340.012116084,78.874,62711,North America,Hamilton,-64.706,32.3293,High income,Not classified
Bermuda,BM,BMU,2018,,2026-07-13,95643.2734055543,80.986,63831,North America,Hamilton,-64.706,32.3293,High income,Not classified
Bermuda,BM,BMU,2007,,2026-07-13,118696.092066629,79.006,63010,North America,Hamilton,-64.706,32.3293,High income,Not classified
Bermuda,BM,BMU,2004,,2026-07-13,107807.760712997,78.898,62555,North America,Hamilton,-64.706,32.3293,High income,Not classified
Bermuda,BM,BMU,2021,,2026-07-13,92319.6714861222,81.745,64648,North America,Hamilton,-64.706,32.3293,High income,Not classified
Bermuda,BM,BMU,2022,,2026-07-13,97943.0548977322,82.062,64749,North America,Hamilton,-64.706,32.3293,High income,Not classified
Bermuda,BM,BMU,2023,,2026-07-13,102268.922803272,82.309,64698,North America,Hamilton,-64.706,32.3293,High income,Not classified
Bermuda,BM,BMU,2020,,2026-07-13,88484.8155997921,81.456,64382,North America,Hamilton,-64.706,32.3293,High income,Not classified
Bermuda,BM,BMU,2003,,2026-07-13,105647.446050466,78.715,62386,North America,Hamilton,-64.706,32.3293,High income,Not classified
Bermuda,BM,BMU,2009,,2026-07-13,108967.427366927,79.229,63565,North America,Hamilton,-64.706,32.3293,High income,Not classified
Bermuda,BM,BMU,2006,,2026-07-13,115175.773016307,78.87,62834,North America,Hamilton,-64.706,32.3293,High income,Not classified
Bermuda,BM,BMU,2012,,2026-07-13,96715.1659966888,79.847,63646,North America,Hamilton,-64.706,32.3293,High income,Not classified
Bermuda,BM,BMU,2008,,2026-07-13,115947.63292703,79.101,63300,North America,Hamilton,-64.706,32.3293,High income,Not classified
Bermuda,BM,BMU,2010,,2026-07-13,105973.358845444,79.414,63725,North America,Hamilton,-64.706,32.3293,High income,Not classified
Bermuda,BM,BMU,2011,,2026-07-13,101994.242680484,79.651,63733,North America,Hamilton,-64.706,32.3293,High income,Not classified
Bhutan,BT,BTN,2005,,2026-07-13,6850.80441609334,65.875,661865,South Asia,Thimphu,89.6177,27.5768,Lower middle income,IDA
Bhutan,BT,BTN,2003,,2026-07-13,6323.5411950973,64.662,637663,South Asia,Thimphu,89.6177,27.5768,Lower middle income,IDA
Bhutan,BT,BTN,2013,,2026-07-13,11212.479426698,70.161,725273,South Asia,Thimphu,89.6177,27.5768,Lower middle income,IDA
Bhutan,BT,BTN,2006,,2026-07-13,7140.85609148376,66.499,670799,South Asia,Thimphu,89.6177,27.5768,Lower middle income,IDA
Bhutan,BT,BTN,2002,,2026-07-13,5991.25497571775,63.984,624409,South Asia,Thimphu,89.6177,27.5768,Lower middle income,IDA
Bhutan,BT,BTN,2001,,2026-07-13,5545.6305511084,63.323,610794,South Asia,Thimphu,89.6177,27.5768,Lower middle income,IDA
Bhutan,BT,BTN,2017,,2026-07-13,13482.3425280358,71.413,754335,South Asia,Thimphu,89.6177,27.5768,Lower middle income,IDA
Bhutan,BT,BTN,2004,,2026-07-13,6517.99683290216,65.29,650544,South Asia,Thimphu,89.6177,27.5768,Lower middle income,IDA
Bhutan,BT,BTN,2019,,2026-07-13,14555.1884045845,72.005,764824,South Asia,Thimphu,89.6177,27.5768,Lower middle income,IDA
Bhutan,BT,BTN,2000,,2026-07-13,5287.57434721684,61.842,596863,South Asia,Thimphu,89.6177,27.5768,Lower middle income,IDA
Bhutan,BT,BTN,2012,,2026-07-13,11143.9445354588,69.759,717279,South Asia,Thimphu,89.6177,27.5768,Lower middle income,IDA
Bhutan,BT,BTN,2014,,2026-07-13,11744.5189124825,70.504,733139,South Asia,Thimphu,89.6177,27.5768,Lower middle income,IDA
Bhutan,BT,BTN,2018,,2026-07-13,13854.8543977158,71.711,759759,South Asia,Thimphu,89.6177,27.5768,Lower middle income,IDA
Bhutan,BT,BTN,2016,,2026-07-13,13320.9759036882,71.119,747866,South Asia,Thimphu,89.6177,27.5768,Lower middle income,IDA
Bhutan,BT,BTN,2007,,2026-07-13,8195.07074477912,67.152,678641,South Asia,Thimphu,89.6177,27.5768,Lower middle income,IDA
Bhutan,BT,BTN,2008,,2026-07-13,8470.03471622855,67.733,686351,South Asia,Thimphu,89.6177,27.5768,Lower middle income,IDA
Bhutan,BT,BTN,2009,,2026-07-13,9019.11861272397,68.156,693988,South Asia,Thimphu,89.6177,27.5768,Lower middle income,IDA
Bhutan,BT,BTN,2010,,2026-07-13,9985.28455483655,68.765,701632,South Asia,Thimphu,89.6177,27.5768,Lower middle income,IDA
Bhutan,BT,BTN,2011,,2026-07-13,10714.686566371,69.28,709377,South Asia,Thimphu,89.6177,27.5768,Lower middle income,IDA
Bhutan,BT,BTN,2020,,2026-07-13,12979.9369485824,72.253,770006,South Asia,Thimphu,89.6177,27.5768,Lower middle income,IDA
Bhutan,BT,BTN,2021,,2026-07-13,13458.812666743,72.448,775442,South Asia,Thimphu,89.6177,27.5768,Lower middle income,IDA
Bhutan,BT,BTN,2015,,2026-07-13,12400.2983237391,70.797,740618,South Asia,Thimphu,89.6177,27.5768,Lower middle income,IDA
Bhutan,BT,BTN,2023,,2026-07-13,14610.2959097837,72.975,786385,South Asia,Thimphu,89.6177,27.5768,Lower middle income,IDA
Bhutan,BT,BTN,2022,,2026-07-13,14061.3120274588,72.754,780914,South Asia,Thimphu,89.6177,27.5768,Lower middle income,IDA
Bolivia,BO,BOL,2008,,2026-07-13,8865.27246616683,65.299,9850858,Latin America & Caribbean,La Paz,-66.1936,-13.9908,Lower middle income,IBRD
Bolivia,BO,BOL,2009,,2026-07-13,9011.55629873547,65.656,10016275,Latin America & Caribbean,La Paz,-66.1936,-13.9908,Lower middle income,IBRD
Bolivia,BO,BOL,2011,,2026-07-13,9554.44502513,66.282,10348929,Latin America & Caribbean,La Paz,-66.1936,-13.9908,Lower middle income,IBRD
Bolivia,BO,BOL,2007,,2026-07-13,8493.94848212653,64.939,9685960,Latin America & Caribbean,La Paz,-66.1936,-13.9908,Lower middle income,IBRD
Bolivia,BO,BOL,2004,,2026-07-13,7811.59684093936,63.819,9204287,Latin America & Caribbean,La Paz,-66.1936,-13.9908,Lower middle income,IBRD
Bolivia,BO,BOL,2010,,2026-07-13,9230.3980801466,66.003,10182345,Latin America & Caribbean,La Paz,-66.1936,-13.9908,Lower middle income,IBRD
Bolivia,BO,BOL,2023,,2026-07-13,11616.1575595159,68.581,12244159,Latin America & Caribbean,La Paz,-66.1936,-13.9908,Lower middle income,IBRD
Bolivia,BO,BOL,2022,,2026-07-13,11487.7148799194,67.434,12077154,Latin America & Caribbean,La Paz,-66.1936,-13.9908,Lower middle income,IBRD
Bolivia,BO,BOL,2012,,2026-07-13,9884.46163594645,66.586,10515807,Latin America & Caribbean,La Paz,-66.1936,-13.9908,Lower middle income,IBRD
Bolivia,BO,BOL,2005,,2026-07-13,8020.63568834793,64.182,9360754,Latin America & Caribbean,La Paz,-66.1936,-13.9908,Lower middle income,IBRD
Bolivia,BO,BOL,2015,,2026-07-13,11144.6415720641,67.205,11014705,Latin America & Caribbean,La Paz,-66.1936,-13.9908,Lower middle income,IBRD
Bolivia,BO,BOL,2018,,2026-07-13,11920.3135079645,67.699,11508368,Latin America & Caribbean,La Paz,-66.1936,-13.9908,Lower middle income,IBRD
Bolivia,BO,BOL,2019,,2026-07-13,11930.9159145918,67.82,11671386,Latin America & Caribbean,La Paz,-66.1936,-13.9908,Lower middle income,IBRD
Bolivia,BO,BOL,2020,,2026-07-13,10285.6590750222,62.906,11816299,Latin America & Caribbean,La Paz,-66.1936,-13.9908,Lower middle income,IBRD
Bolivia,BO,BOL,2021,,2026-07-13,11202.4409836707,61.427,11937360,Latin America & Caribbean,La Paz,-66.1936,-13.9908,Lower middle income,IBRD
Bolivia,BO,BOL,2006,,2026-07-13,8263.31896853691,64.529,9521689,Latin America & Caribbean,La Paz,-66.1936,-13.9908,Lower middle income,IBRD
Bolivia,BO,BOL,2014,,2026-07-13,10790.8472887528,66.97,10848888,Latin America & Caribbean,La Paz,-66.1936,-13.9908,Lower middle income,IBRD
Bolivia,BO,BOL,2001,,2026-07-13,7491.15257765571,62.538,8752736,Latin America & Caribbean,La Paz,-66.1936,-13.9908,Lower middle income,IBRD
Bolivia,BO,BOL,2016,,2026-07-13,11448.02180322,67.392,11180020,Latin America & Caribbean,La Paz,-66.1936,-13.9908,Lower middle income,IBRD
Bolivia,BO,BOL,2013,,2026-07-13,10391.3833756917,66.777,10682608,Latin America & Caribbean,La Paz,-66.1936,-13.9908,Lower middle income,IBRD
Bolivia,BO,BOL,2000,,2026-07-13,7492.4338168091,62.057,8606326,Latin America & Caribbean,La Paz,-66.1936,-13.9908,Lower middle income,IBRD
Bolivia,BO,BOL,2002,,2026-07-13,7550.01554645092,63.068,8900355,Latin America & Caribbean,La Paz,-66.1936,-13.9908,Lower middle income,IBRD
Bolivia,BO,BOL,2017,,2026-07-13,11755.2556195885,67.536,11344587,Latin America & Caribbean,La Paz,-66.1936,-13.9908,Lower middle income,IBRD
Bolivia,BO,BOL,2003,,2026-07-13,7625.90515918892,63.455,9050700,Latin America & Caribbean,La Paz,-66.1936,-13.9908,Lower middle income,IBRD
Bosnia and Herzegovina,BA,BIH,2001,,2026-07-13,7982.5188539099,75.573,4179438,Europe & Central Asia,Sarajevo,18.4214,43.8607,Upper middle income,IBRD
Bosnia and Herzegovina,BA,BIH,2000,,2026-07-13,7830.5018609252,75.292,4159771,Europe & Central Asia,Sarajevo,18.4214,43.8607,Upper middle income,IBRD
Bosnia and Herzegovina,BA,BIH,2004,,2026-07-13,9344.83015887193,76.489,4140987,Europe & Central Asia,Sarajevo,18.4214,43.8607,Upper middle income,IBRD
Bosnia and Herzegovina,BA,BIH,2002,,2026-07-13,8366.69155604844,75.994,4188002,Europe & Central Asia,Sarajevo,18.4214,43.8607,Upper middle income,IBRD
Bosnia and Herzegovina,BA,BIH,2011,,2026-07-13,12487.6490566037,76.963,3741798,Europe & Central Asia,Sarajevo,18.4214,43.8607,Upper middle income,IBRD
Bosnia and Herzegovina,BA,BIH,2015,,2026-07-13,14220.0900038037,77.073,3518541,Europe & Central Asia,Sarajevo,18.4214,43.8607,Upper middle income,IBRD
Bosnia and Herzegovina,BA,BIH,2016,,2026-07-13,14873.6411107879,77.124,3473003,Europe & Central Asia,Sarajevo,18.4214,43.8607,Upper middle income,IBRD
Bosnia and Herzegovina,BA,BIH,2012,,2026-07-13,12626.9263237753,77.037,3670113,Europe & Central Asia,Sarajevo,18.4214,43.8607,Upper middle income,IBRD
Bosnia and Herzegovina,BA,BIH,2003,,2026-07-13,8709.95671578197,76.449,4178523,Europe & Central Asia,Sarajevo,18.4214,43.8607,Upper middle income,IBRD
Bosnia and Herzegovina,BA,BIH,2007,,2026-07-13,11178.6814832392,76.162,4013424,Europe & Central Asia,Sarajevo,18.4214,43.8607,Upper middle income,IBRD
Bosnia and Herzegovina,BA,BIH,2008,,2026-07-13,11983.7199632138,76.3,3947544,Europe & Central Asia,Sarajevo,18.4214,43.8607,Upper middle income,IBRD
Bosnia and Herzegovina,BA,BIH,2005,,2026-07-13,9814.46964102531,76.424,4096493,Europe & Central Asia,Sarajevo,18.4214,43.8607,Upper middle income,IBRD
Bosnia and Herzegovina,BA,BIH,2006,,2026-07-13,10430.4119951847,76.028,4063272,Europe & Central Asia,Sarajevo,18.4214,43.8607,Upper middle income,IBRD
Bosnia and Herzegovina,BA,BIH,2023,,2026-07-13,19804.9181465635,77.85,3185073,Europe & Central Asia,Sarajevo,18.4214,43.8607,Upper middle income,IBRD
Bosnia and Herzegovina,BA,BIH,2014,,2026-07-13,13458.852576408,77.089,3564829,Europe & Central Asia,Sarajevo,18.4214,43.8607,Upper middle income,IBRD
Bosnia and Herzegovina,BA,BIH,2009,,2026-07-13,11826.6501351383,76.701,3879794,Europe & Central Asia,Sarajevo,18.4214,43.8607,Upper middle income,IBRD
Bosnia and Herzegovina,BA,BIH,2010,,2026-07-13,12142.8616958168,76.827,3811472,Europe & Central Asia,Sarajevo,18.4214,43.8607,Upper middle income,IBRD
Bosnia and Herzegovina,BA,BIH,2013,,2026-07-13,13135.7175053454,77.129,3610859,Europe & Central Asia,Sarajevo,18.4214,43.8607,Upper middle income,IBRD
Bosnia and Herzegovina,BA,BIH,2019,,2026-07-13,17029.2971980343,77.394,3345533,Europe & Central Asia,Sarajevo,18.4214,43.8607,Upper middle income,IBRD
Bosnia and Herzegovina,BA,BIH,2020,,2026-07-13,16747.0353918695,76.04,3299349,Europe & Central Asia,Sarajevo,18.4214,43.8607,Upper middle income,IBRD
Bosnia and Herzegovina,BA,BIH,2017,,2026-07-13,15554.6587430766,77.385,3428682,Europe & Central Asia,Sarajevo,18.4214,43.8607,Upper middle income,IBRD
Bosnia and Herzegovina,BA,BIH,2018,,2026-07-13,16348.9997145353,77.942,3387000,Europe & Central Asia,Sarajevo,18.4214,43.8607,Upper middle income,IBRD
Bosnia and Herzegovina,BA,BIH,2021,,2026-07-13,18286.6614977175,74.567,3244907,Europe & Central Asia,Sarajevo,18.4214,43.8607,Upper middle income,IBRD
Bosnia and Herzegovina,BA,BIH,2022,,2026-07-13,19298.117076437,76.777,3204802,Europe & Central Asia,Sarajevo,18.4214,43.8607,Upper middle income,IBRD
Botswana,BW,BWA,2003,,2026-07-13,13857.2588264737,52.851,1775736,Sub-Saharan Africa,Gaborone,25.9201,-24.6544,Upper middle income,IBRD
Botswana,BW,BWA,2017,,2026-07-13,17352.8958451454,65.42,2266747,Sub-Saharan Africa,Gaborone,25.9201,-24.6544,Upper middle income,IBRD
Botswana,BW,BWA,2016,,2026-07-13,16905.588740873,64.32,2234776,Sub-Saharan Africa,Gaborone,25.9201,-24.6544,Upper middle income,IBRD
Botswana,BW,BWA,2007,,2026-07-13,15850.2343496231,56.735,1911201,Sub-Saharan Africa,Gaborone,25.9201,-24.6544,Upper middle income,IBRD
Botswana,BW,BWA,2004,,2026-07-13,13984.8415112641,53.573,1807146,Sub-Saharan Africa,Gaborone,25.9201,-24.6544,Upper middle income,IBRD
Botswana,BW,BWA,2002,,2026-07-13,13479.6960719923,52.373,1744763,Sub-Saharan Africa,Gaborone,25.9201,-24.6544,Upper middle income,IBRD
Botswana,BW,BWA,2000,,2026-07-13,13185.8171514278,52.263,1677382,Sub-Saharan Africa,Gaborone,25.9201,-24.6544,Upper middle income,IBRD
Botswana,BW,BWA,2001,,2026-07-13,12949.6403104655,52.21,1712254,Sub-Saharan Africa,Gaborone,25.9201,-24.6544,Upper middle income,IBRD
Botswana,BW,BWA,2015,,2026-07-13,15994.9643042101,63.215,2203273,Sub-Saharan Africa,Gaborone,25.9201,-24.6544,Upper middle income,IBRD
Botswana,BW,BWA,2018,,2026-07-13,17825.018569213,66.371,2299141,Sub-Saharan Africa,Gaborone,25.9201,-24.6544,Upper middle income,IBRD
Botswana,BW,BWA,2019,,2026-07-13,18106.0105471124,67.167,2332083,Sub-Saharan Africa,Gaborone,25.9201,-24.6544,Upper middle income,IBRD
Botswana,BW,BWA,2020,,2026-07-13,16289.3913582645,67.643,2365894,Sub-Saharan Africa,Gaborone,25.9201,-24.6544,Upper middle income,IBRD
Botswana,BW,BWA,2006,,2026-07-13,15275.5828811117,55.112,1874516,Sub-Saharan Africa,Gaborone,25.9201,-24.6544,Upper middle income,IBRD
Botswana,BW,BWA,2021,,2026-07-13,17960.6254447437,63.303,2401441,Sub-Saharan Africa,Gaborone,25.9201,-24.6544,Upper middle income,IBRD
Botswana,BW,BWA,2008,,2026-07-13,16040.3153236098,57.661,1949970,Sub-Saharan Africa,Gaborone,25.9201,-24.6544,Upper middle income,IBRD
Botswana,BW,BWA,2009,,2026-07-13,13489.9509168296,58.297,1990673,Sub-Saharan Africa,Gaborone,25.9201,-24.6544,Upper middle income,IBRD
Botswana,BW,BWA,2010,,2026-07-13,14545.0198074427,59.137,2033111,Sub-Saharan Africa,Gaborone,25.9201,-24.6544,Upper middle income,IBRD
Botswana,BW,BWA,2011,,2026-07-13,15236.7188843522,59.715,2073535,Sub-Saharan Africa,Gaborone,25.9201,-24.6544,Upper middle income,IBRD
Botswana,BW,BWA,2012,,2026-07-13,14957.6189142932,60.384,2108617,Sub-Saharan Africa,Gaborone,25.9201,-24.6544,Upper middle income,IBRD
Botswana,BW,BWA,2013,,2026-07-13,16369.4252971454,61.217,2140682,Sub-Saharan Africa,Gaborone,25.9201,-24.6544,Upper middle income,IBRD
Botswana,BW,BWA,2005,,2026-07-13,14361.9576327759,54.386,1839877,Sub-Saharan Africa,Gaborone,25.9201,-24.6544,Upper middle income,IBRD
Botswana,BW,BWA,2014,,2026-07-13,17052.1924105361,62.167,2172044,Sub-Saharan Africa,Gaborone,25.9201,-24.6544,Upper middle income,IBRD
Botswana,BW,BWA,2022,,2026-07-13,18647.3734588832,68.749,2439892,Sub-Saharan Africa,Gaborone,25.9201,-24.6544,Upper middle income,IBRD
Botswana,BW,BWA,2023,,2026-07-13,18932.4802712334,69.163,2480244,Sub-Saharan Africa,Gaborone,25.9201,-24.6544,Upper middle income,IBRD
Brazil,BR,BRA,2019,,2026-07-13,18018.6209151518,75.809,207455459,Latin America & Caribbean,Brasilia,-47.9292,-15.7801,Upper middle income,IBRD
Brazil,BR,BRA,2007,,2026-07-13,16440.583740032,72.73,188552320,Latin America & Caribbean,Brasilia,-47.9292,-15.7801,Upper middle income,IBRD
Brazil,BR,BRA,2022,,2026-07-13,18554.0461828566,74.872,210306415,Latin America & Caribbean,Brasilia,-47.9292,-15.7801,Upper middle income,IBRD
Brazil,BR,BRA,2020,,2026-07-13,17327.5157249466,74.506,208660842,Latin America & Caribbean,Brasilia,-47.9292,-15.7801,Upper middle income,IBRD
Brazil,BR,BRA,2004,,2026-07-13,14911.2609608592,71.361,182675143,Latin America & Caribbean,Brasilia,-47.9292,-15.7801,Upper middle income,IBRD
Brazil,BR,BRA,2000,,2026-07-13,14005.3471874231,69.584,174018282,Latin America & Caribbean,Brasilia,-47.9292,-15.7801,Upper middle income,IBRD
Brazil,BR,BRA,2001,,2026-07-13,14016.1313772236,69.98,176301203,Latin America & Caribbean,Brasilia,-47.9292,-15.7801,Upper middle income,IBRD
Brazil,BR,BRA,2002,,2026-07-13,14265.9048770292,70.396,178503484,Latin America & Caribbean,Brasilia,-47.9292,-15.7801,Upper middle income,IBRD
Brazil,BR,BRA,2003,,2026-07-13,14259.3664089322,70.884,180622688,Latin America & Caribbean,Brasilia,-47.9292,-15.7801,Upper middle income,IBRD
Brazil,BR,BRA,2016,,2026-07-13,17620.9272434136,75.081,203218114,Latin America & Caribbean,Brasilia,-47.9292,-15.7801,Upper middle income,IBRD
Brazil,BR,BRA,2018,,2026-07-13,17917.7492123359,75.633,206107261,Latin America & Caribbean,Brasilia,-47.9292,-15.7801,Upper middle income,IBRD
Brazil,BR,BRA,2021,,2026-07-13,18075.7060049068,73.038,209550294,Latin America & Caribbean,Brasilia,-47.9292,-15.7801,Upper middle income,IBRD
Brazil,BR,BRA,2009,,2026-07-13,16939.4407810328,73.457,192079951,Latin America & Caribbean,Brasilia,-47.9292,-15.7801,Upper middle income,IBRD
Brazil,BR,BRA,2005,,2026-07-13,15221.0138281541,71.832,184688101,Latin America & Caribbean,Brasilia,-47.9292,-15.7801,Upper middle income,IBRD
Brazil,BR,BRA,2006,,2026-07-13,15657.4795716983,72.296,186653106,Latin America & Caribbean,Brasilia,-47.9292,-15.7801,Upper middle income,IBRD
Brazil,BR,BRA,2012,,2026-07-13,18832.2195527075,74.335,196876111,Latin America & Caribbean,Brasilia,-47.9292,-15.7801,Upper middle income,IBRD
Brazil,BR,BRA,2013,,2026-07-13,19241.5059815726,74.609,198478299,Latin America & Caribbean,Brasilia,-47.9292,-15.7801,Upper middle income,IBRD
Brazil,BR,BRA,2023,,2026-07-13,19079.8122134028,75.848,211140729,Latin America & Caribbean,Brasilia,-47.9292,-15.7801,Upper middle income,IBRD
Brazil,BR,BRA,2011,,2026-07-13,18627.8104529397,74.047,195284734,Latin America & Caribbean,Brasilia,-47.9292,-15.7801,Upper middle income,IBRD
Brazil,BR,BRA,2017,,2026-07-13,17724.4799577784,75.383,204703445,Latin America & Caribbean,Brasilia,-47.9292,-15.7801,Upper middle income,IBRD
Brazil,BR,BRA,2008,,2026-07-13,17113.3679822643,73.111,190367302,Latin America & Caribbean,Brasilia,-47.9292,-15.7801,Upper middle income,IBRD
Brazil,BR,BRA,2014,,2026-07-13,19183.172744636,74.823,200085127,Latin America & Caribbean,Brasilia,-47.9292,-15.7801,Upper middle income,IBRD
Brazil,BR,BRA,2015,,2026-07-13,18357.0690617991,75.106,201675532,Latin America & Caribbean,Brasilia,-47.9292,-15.7801,Upper middle income,IBRD
Brazil,BR,BRA,2010,,2026-07-13,18062.1581103659,73.779,193701929,Latin America & Caribbean,Brasilia,-47.9292,-15.7801,Upper middle income,IBRD
British Virgin Islands,VG,VGB,2006,,2026-07-13,,75.745,24493,Latin America & Caribbean,Road Town,-64.623056,18.431389,High income,Not classified
British Virgin Islands,VG,VGB,2007,,2026-07-13,,75.893,25366,Latin America & Caribbean,Road Town,-64.623056,18.431389,High income,Not classified
British Virgin Islands,VG,VGB,2020,,2026-07-13,,76.894,37135,Latin America & Caribbean,Road Town,-64.623056,18.431389,High income,Not classified
British Virgin Islands,VG,VGB,2009,,2026-07-13,,76.205,27218,Latin America & Caribbean,Road Town,-64.623056,18.431389,High income,Not classified
British Virgin Islands,VG,VGB,2005,,2026-07-13,,75.569,23665,Latin America & Caribbean,Road Town,-64.623056,18.431389,High income,Not classified
British Virgin Islands,VG,VGB,2002,,2026-07-13,,74.971,21430,Latin America & Caribbean,Road Town,-64.623056,18.431389,High income,Not classified
British Virgin Islands,VG,VGB,2008,,2026-07-13,,76.07,26288,Latin America & Caribbean,Road Town,-64.623056,18.431389,High income,Not classified
British Virgin Islands,VG,VGB,2000,,2026-07-13,,74.753,20241,Latin America & Caribbean,Road Town,-64.623056,18.431389,High income,Not classified
British Virgin Islands,VG,VGB,2001,,2026-07-13,,74.831,20796,Latin America & Caribbean,Road Town,-64.623056,18.431389,High income,Not classified
British Virgin Islands,VG,VGB,2019,,2026-07-13,,76.845,36395,Latin America & Caribbean,Road Town,-64.623056,18.431389,High income,Not classified
British Virgin Islands,VG,VGB,2003,,2026-07-13,,75.183,22134,Latin America & Caribbean,Road Town,-64.623056,18.431389,High income,Not classified
British Virgin Islands,VG,VGB,2004,,2026-07-13,,75.404,22881,Latin America & Caribbean,Road Town,-64.623056,18.431389,High income,Not classified
British Virgin Islands,VG,VGB,2016,,2026-07-13,,76.624,33878,Latin America & Caribbean,Road Town,-64.623056,18.431389,High income,Not classified
British Virgin Islands,VG,VGB,2012,,2026-07-13,,76.433,30345,Latin America & Caribbean,Road Town,-64.623056,18.431389,High income,Not classified
British Virgin Islands,VG,VGB,2018,,2026-07-13,,76.728,34657,Latin America & Caribbean,Road Town,-64.623056,18.431389,High income,Not classified
British Virgin Islands,VG,VGB,2010,,2026-07-13,,76.289,27675,Latin America & Caribbean,Road Town,-64.623056,18.431389,High income,Not classified
British Virgin Islands,VG,VGB,2011,,2026-07-13,,76.363,28710,Latin America & Caribbean,Road Town,-64.623056,18.431389,High income,Not classified
British Virgin Islands,VG,VGB,2022,,2026-07-13,,77.177,38319,Latin America & Caribbean,Road Town,-64.623056,18.431389,High income,Not classified
British Virgin Islands,VG,VGB,2013,,2026-07-13,,76.472,31703,Latin America & Caribbean,Road Town,-64.623056,18.431389,High income,Not classified
British Virgin Islands,VG,VGB,2014,,2026-07-13,,76.527,32962,Latin America & Caribbean,Road Town,-64.623056,18.431389,High income,Not classified
British Virgin Islands,VG,VGB,2015,,2026-07-13,,76.558,34498,Latin America & Caribbean,Road Town,-64.623056,18.431389,High income,Not classified
British Virgin Islands,VG,VGB,2017,,2026-07-13,,75.67,32699,Latin America & Caribbean,Road Town,-64.623056,18.431389,High income,Not classified
British Virgin Islands,VG,VGB,2021,,2026-07-13,,75.297,37809,Latin America & Caribbean,Road Town,-64.623056,18.431389,High income,Not classified
British Virgin Islands,VG,VGB,2023,,2026-07-13,,77.276,38985,Latin America & Caribbean,Road Town,-64.623056,18.431389,High income,Not classified
Brunei Darussalam,BN,BRN,2010,,2026-07-13,88586.5133683924,74.82,392332,East Asia & Pacific,Bandar Seri Begawan,114.946,4.94199,High income,Not classified
Brunei Darussalam,BN,BRN,2011,,2026-07-13,90279.6634042123,74.835,399389,East Asia & Pacific,Bandar Seri Begawan,114.946,4.94199,High income,Not classified
Brunei Darussalam,BN,BRN,2009,,2026-07-13,87875.8283546044,74.814,384952,East Asia & Pacific,Bandar Seri Begawan,114.946,4.94199,High income,Not classified
Brunei Darussalam,BN,BRN,2023,,2026-07-13,76616.7014884981,75.327,458949,East Asia & Pacific,Bandar Seri Begawan,114.946,4.94199,High income,Not classified
Brunei Darussalam,BN,BRN,2012,,2026-07-13,89718.4636049982,74.843,405557,East Asia & Pacific,Bandar Seri Begawan,114.946,4.94199,High income,Not classified
Brunei Darussalam,BN,BRN,2006,,2026-07-13,102248.510300567,74.753,364663,East Asia & Pacific,Bandar Seri Begawan,114.946,4.94199,High income,Not classified
Brunei Darussalam,BN,BRN,2008,,2026-07-13,91275.5000919182,74.814,377793,East Asia & Pacific,Bandar Seri Begawan,114.946,4.94199,High income,Not classified
Brunei Darussalam,BN,BRN,2016,,2026-07-13,78880.6228501768,74.905,427564,East Asia & Pacific,Bandar Seri Begawan,114.946,4.94199,High income,Not classified
Brunei Darussalam,BN,BRN,2019,,2026-07-13,80228.1598170527,75.049,442680,East Asia & Pacific,Bandar Seri Begawan,114.946,4.94199,High income,Not classified
Brunei Darussalam,BN,BRN,2020,,2026-07-13,80280.8980640677,75.114,447404,East Asia & Pacific,Bandar Seri Begawan,114.946,4.94199,High income,Not classified
Brunei Darussalam,BN,BRN,2007,,2026-07-13,96752.6204091885,74.793,370873,East Asia & Pacific,Bandar Seri Begawan,114.946,4.94199,High income,Not classified
Brunei Darussalam,BN,BRN,2018,,2026-07-13,78099.0507802561,74.992,437810,East Asia & Pacific,Bandar Seri Begawan,114.946,4.94199,High income,Not classified
Brunei Darussalam,BN,BRN,2005,,2026-07-13,99795.6850854526,74.683,358916,East Asia & Pacific,Bandar Seri Begawan,114.946,4.94199,High income,Not classified
Brunei Darussalam,BN,BRN,2014,,2026-07-13,83310.6151819533,74.862,416750,East Asia & Pacific,Bandar Seri Begawan,114.946,4.94199,High income,Not classified
Brunei Darussalam,BN,BRN,2021,,2026-07-13,78248.797127611,74.869,451721,East Asia & Pacific,Bandar Seri Begawan,114.946,4.94199,High income,Not classified
Brunei Darussalam,BN,BRN,2022,,2026-07-13,76357.829114996,72.917,455370,East Asia & Pacific,Bandar Seri Begawan,114.946,4.94199,High income,Not classified
Brunei Darussalam,BN,BRN,2013,,2026-07-13,86606.6518910199,74.854,411202,East Asia & Pacific,Bandar Seri Begawan,114.946,4.94199,High income,Not classified
Brunei Darussalam,BN,BRN,2001,,2026-07-13,99680.7626777537,74.209,333345,East Asia & Pacific,Bandar Seri Begawan,114.946,4.94199,High income,Not classified
Brunei Darussalam,BN,BRN,2015,,2026-07-13,81910.1882959493,74.88,422212,East Asia & Pacific,Bandar Seri Begawan,114.946,4.94199,High income,Not classified
Brunei Darussalam,BN,BRN,2017,,2026-07-13,78966.8643142346,74.943,432772,East Asia & Pacific,Bandar Seri Begawan,114.946,4.94199,High income,Not classified
Brunei Darussalam,BN,BRN,2000,,2026-07-13,100323.439918528,74.017,326424,East Asia & Pacific,Bandar Seri Begawan,114.946,4.94199,High income,Not classified
Brunei Darussalam,BN,BRN,2002,,2026-07-13,101571.583784666,74.365,340099,East Asia & Pacific,Bandar Seri Begawan,114.946,4.94199,High income,Not classified
Brunei Darussalam,BN,BRN,2003,,2026-07-13,103226.914446986,74.509,346637,East Asia & Pacific,Bandar Seri Begawan,114.946,4.94199,High income,Not classified
Brunei Darussalam,BN,BRN,2004,,2026-07-13,101497.754798655,74.603,352911,East Asia & Pacific,Bandar Seri Begawan,114.946,4.94199,High income,Not classified
Bulgaria,BG,BGR,2002,,2026-07-13,14397.001318192,71.8658536585366,7837161,Europe & Central Asia,Sofia,23.3238,42.7105,High income,IBRD
Bulgaria,BG,BGR,2000,,2026-07-13,12563.8362285253,71.6634146341463,8170172,Europe & Central Asia,Sofia,23.3238,42.7105,High income,IBRD
Bulgaria,BG,BGR,2013,,2026-07-13,22954.396399855,74.8609756097561,7160005,Europe & Central Asia,Sofia,23.3238,42.7105,High income,IBRD
Bulgaria,BG,BGR,2003,,2026-07-13,15271.4839489061,72.0658536585366,7775327,Europe & Central Asia,Sofia,23.3238,42.7105,High income,IBRD
Bulgaria,BG,BGR,2001,,2026-07-13,13306.5044553959,71.7682926829268,8009142,Europe & Central Asia,Sofia,23.3238,42.7105,High income,IBRD
Bulgaria,BG,BGR,2004,,2026-07-13,16388.9600145841,72.5634146341463,7716860,Europe & Central Asia,Sofia,23.3238,42.7105,High income,IBRD
Bulgaria,BG,BGR,2016,,2026-07-13,25636.7443903478,74.8121951219512,6894139,Europe & Central Asia,Sofia,23.3238,42.7105,High income,IBRD
Bulgaria,BG,BGR,2005,,2026-07-13,17678.0339712293,72.5609756097561,7658972,Europe & Central Asia,Sofia,23.3238,42.7105,High income,IBRD
Bulgaria,BG,BGR,2006,,2026-07-13,19024.543813813,72.6121951219512,7601022,Europe & Central Asia,Sofia,23.3238,42.7105,High income,IBRD
Bulgaria,BG,BGR,2007,,2026-07-13,20440.2525941501,72.6634146341463,7545338,Europe & Central Asia,Sofia,23.3238,42.7105,High income,IBRD
Bulgaria,BG,BGR,2008,,2026-07-13,21845.954719527,72.9634146341463,7492561,Europe & Central Asia,Sofia,23.3238,42.7105,High income,IBRD
Bulgaria,BG,BGR,2009,,2026-07-13,21251.2168646802,73.4121951219512,7444443,Europe & Central Asia,Sofia,23.3238,42.7105,High income,IBRD
Bulgaria,BG,BGR,2010,,2026-07-13,21724.2863457596,73.5121951219512,7395599,Europe & Central Asia,Sofia,23.3238,42.7105,High income,IBRD
Bulgaria,BG,BGR,2011,,2026-07-13,22321.033168819,74.1634146341463,7348328,Europe & Central Asia,Sofia,23.3238,42.7105,High income,IBRD
Bulgaria,BG,BGR,2012,,2026-07-13,22618.8104278919,74.3146341463415,7305888,Europe & Central Asia,Sofia,23.3238,42.7105,High income,IBRD
Bulgaria,BG,BGR,2015,,2026-07-13,24562.648880929,74.6146341463415,6984225,Europe & Central Asia,Sofia,23.3238,42.7105,High income,IBRD
Bulgaria,BG,BGR,2017,,2026-07-13,26691.758001902,74.8146341463415,6803468,Europe & Central Asia,Sofia,23.3238,42.7105,High income,IBRD
Bulgaria,BG,BGR,2018,,2026-07-13,27690.893655005,74.9634146341464,6710798,Europe & Central Asia,Sofia,23.3238,42.7105,High income,IBRD
Bulgaria,BG,BGR,2014,,2026-07-13,23455.4830019277,74.4658536585366,7073572,Europe & Central Asia,Sofia,23.3238,42.7105,High income,IBRD
Bulgaria,BG,BGR,2020,,2026-07-13,28521.2062482596,73.3560975609756,6550696,Europe & Central Asia,Sofia,23.3238,42.7105,High income,IBRD
Bulgaria,BG,BGR,2021,,2026-07-13,30958.9830238332,71.2121951219512,6507301,Europe & Central Asia,Sofia,23.3238,42.7105,High income,IBRD
Bulgaria,BG,BGR,2022,,2026-07-13,32433.6587569626,74.1609756097561,6465097,Europe & Central Asia,Sofia,23.3238,42.7105,High income,IBRD
Bulgaria,BG,BGR,2019,,2026-07-13,29149.921509976,75.1121951219512,6616726,Europe & Central Asia,Sofia,23.3238,42.7105,High income,IBRD
Bulgaria,BG,BGR,2023,,2026-07-13,33073.6803093453,75.7560975609756,6446596,Europe & Central Asia,Sofia,23.3238,42.7105,High income,IBRD
Burkina Faso,BF,BFA,2004,,2026-07-13,1581.25620933294,52.6,13500533,Sub-Saharan Africa,Ouagadougou,-1.53395,12.3605,Low income,IDA
Burkina Faso,BF,BFA,2005,,2026-07-13,1664.99543180023,53.271,13932123,Sub-Saharan Africa,Ouagadougou,-1.53395,12.3605,Low income,IDA
Burkina Faso,BF,BFA,2003,,2026-07-13,1561.83310184915,51.959,13082532,Sub-Saharan Africa,Ouagadougou,-1.53395,12.3605,Low income,IDA
Burkina Faso,BF,BFA,2002,,2026-07-13,1494.67801269583,51.447,12680897,Sub-Saharan Africa,Ouagadougou,-1.53395,12.3605,Low income,IDA
Burkina Faso,BF,BFA,2018,,2026-07-13,2316.39432079045,59.972,20438288,Sub-Saharan Africa,Ouagadougou,-1.53395,12.3605,Low income,IDA
Burkina Faso,BF,BFA,2019,,2026-07-13,2391.53626844484,60.184,20961952,Sub-Saharan Africa,Ouagadougou,-1.53395,12.3605,Low income,IDA
Burkina Faso,BF,BFA,2017,,2026-07-13,2232.28781490944,59.578,19894407,Sub-Saharan Africa,Ouagadougou,-1.53395,12.3605,Low income,IDA
Burkina Faso,BF,BFA,2014,,2026-07-13,2083.19844698304,58.331,18229461,Sub-Saharan Africa,Ouagadougou,-1.53395,12.3605,Low income,IDA
Burkina Faso,BF,BFA,2015,,2026-07-13,2101.70266192027,58.778,18777487,Sub-Saharan Africa,Ouagadougou,-1.53395,12.3605,Low income,IDA
Burkina Faso,BF,BFA,2016,,2026-07-13,2162.72578977814,59.173,19334856,Sub-Saharan Africa,Ouagadougou,-1.53395,12.3605,Low income,IDA
Burkina Faso,BF,BFA,2008,,2026-07-13,1779.32710911571,55.199,15258093,Sub-Saharan Africa,Ouagadougou,-1.53395,12.3605,Low income,IDA
Burkina Faso,BF,BFA,2020,,2026-07-13,2380.93171826574,60.454,21478690,Sub-Saharan Africa,Ouagadougou,-1.53395,12.3605,Low income,IDA
Burkina Faso,BF,BFA,2021,,2026-07-13,2486.43093147762,60.046,21995243,Sub-Saharan Africa,Ouagadougou,-1.53395,12.3605,Low income,IDA
Burkina Faso,BF,BFA,2007,,2026-07-13,1731.93046335077,54.377,14816307,Sub-Saharan Africa,Ouagadougou,-1.53395,12.3605,Low income,IDA
Burkina Faso,BF,BFA,2012,,2026-07-13,2003.6646118745,57.457,17172287,Sub-Saharan Africa,Ouagadougou,-1.53395,12.3605,Low income,IDA
Burkina Faso,BF,BFA,2009,,2026-07-13,1779.32305627973,55.791,15710066,Sub-Saharan Africa,Ouagadougou,-1.53395,12.3605,Low income,IDA
Burkina Faso,BF,BFA,2010,,2026-07-13,1873.97146230828,56.343,16176498,Sub-Saharan Africa,Ouagadougou,-1.53395,12.3605,Low income,IDA
Burkina Faso,BF,BFA,2011,,2026-07-13,1939.86659989406,57.001,16661908,Sub-Saharan Africa,Ouagadougou,-1.53395,12.3605,Low income,IDA
Burkina Faso,BF,BFA,2013,,2026-07-13,2057.0639319853,57.903,17695409,Sub-Saharan Africa,Ouagadougou,-1.53395,12.3605,Low income,IDA
Burkina Faso,BF,BFA,2000,,2026-07-13,1428.57400617096,50.808,11925546,Sub-Saharan Africa,Ouagadougou,-1.53395,12.3605,Low income,IDA
Burkina Faso,BF,BFA,2001,,2026-07-13,1477.28491846525,51.188,12295001,Sub-Saharan Africa,Ouagadougou,-1.53395,12.3605,Low income,IDA
Burkina Faso,BF,BFA,2022,,2026-07-13,2469.19956941259,60.7,22509038,Sub-Saharan Africa,Ouagadougou,-1.53395,12.3605,Low income,IDA
Burkina Faso,BF,BFA,2023,,2026-07-13,2486.20669812871,61.092,23025776,Sub-Saharan Africa,Ouagadougou,-1.53395,12.3605,Low income,IDA
Burkina Faso,BF,BFA,2006,,2026-07-13,1714.76034904509,53.784,14373707,Sub-Saharan Africa,Ouagadougou,-1.53395,12.3605,Low income,IDA
Burundi,BI,BDI,2020,,2026-07-13,1027.62896276744,62.569,12617036,Sub-Saharan Africa,Bujumbura,29.3639,-3.3784,Low income,IDA
Burundi,BI,BDI,2019,,2026-07-13,1054.72592734898,62.18,12255336,Sub-Saharan Africa,Bujumbura,29.3639,-3.3784,Low income,IDA
Burundi,BI,BDI,2008,,2026-07-13,998.565055501985,55.581,8505637,Sub-Saharan Africa,Bujumbura,29.3639,-3.3784,Low income,IDA
Burundi,BI,BDI,2002,,2026-07-13,1041.29719140875,49.924,6824132,Sub-Saharan Africa,Bujumbura,29.3639,-3.3784,Low income,IDA
Burundi,BI,BDI,2021,,2026-07-13,1032.38274081999,62.101,12965481,Sub-Saharan Africa,Bujumbura,29.3639,-3.3784,Low income,IDA
Burundi,BI,BDI,2000,,2026-07-13,1030.32234706616,47.617,6470194,Sub-Saharan Africa,Bujumbura,29.3639,-3.3784,Low income,IDA
Burundi,BI,BDI,2001,,2026-07-13,1025.48374929263,48.509,6634365,Sub-Saharan Africa,Bujumbura,29.3639,-3.3784,Low income,IDA
Burundi,BI,BDI,2018,,2026-07-13,1043.40558434036,61.806,11859446,Sub-Saharan Africa,Bujumbura,29.3639,-3.3784,Low income,IDA
Burundi,BI,BDI,2003,,2026-07-13,996.569433908385,50.997,7043154,Sub-Saharan Africa,Bujumbura,29.3639,-3.3784,Low income,IDA
Burundi,BI,BDI,2004,,2026-07-13,1006.51241783279,52.217,7310656,Sub-Saharan Africa,Bujumbura,29.3639,-3.3784,Low income,IDA
Burundi,BI,BDI,2005,,2026-07-13,978.5419608465,53.053,7587299,Sub-Saharan Africa,Bujumbura,29.3639,-3.3784,Low income,IDA
Burundi,BI,BDI,2007,,2026-07-13,991.931411319069,54.832,8161874,Sub-Saharan Africa,Bujumbura,29.3639,-3.3784,Low income,IDA
Burundi,BI,BDI,2022,,2026-07-13,1028.11134640179,62.882,13321097,Sub-Saharan Africa,Bujumbura,29.3639,-3.3784,Low income,IDA
Burundi,BI,BDI,2023,,2026-07-13,1033.00937341776,63.651,13689450,Sub-Saharan Africa,Bujumbura,29.3639,-3.3784,Low income,IDA
Burundi,BI,BDI,2006,,2026-07-13,995.027813698961,53.962,7865547,Sub-Saharan Africa,Bujumbura,29.3639,-3.3784,Low income,IDA
Burundi,BI,BDI,2012,,2026-07-13,999.220068163159,58.501,10071028,Sub-Saharan Africa,Bujumbura,29.3639,-3.3784,Low income,IDA
Burundi,BI,BDI,2013,,2026-07-13,1011.43131303134,59.179,10439341,Sub-Saharan Africa,Bujumbura,29.3639,-3.3784,Low income,IDA
Burundi,BI,BDI,2014,,2026-07-13,1019.17607398667,59.764,10799785,Sub-Saharan Africa,Bujumbura,29.3639,-3.3784,Low income,IDA
Burundi,BI,BDI,2011,,2026-07-13,991.659881666872,57.804,9717978,Sub-Saharan Africa,Bujumbura,29.3639,-3.3784,Low income,IDA
Burundi,BI,BDI,2016,,2026-07-13,1006.55907385999,60.789,11239451,Sub-Saharan Africa,Bujumbura,29.3639,-3.3784,Low income,IDA
Burundi,BI,BDI,2017,,2026-07-13,1020.8498275719,61.345,11506762,Sub-Saharan Africa,Bujumbura,29.3639,-3.3784,Low income,IDA
Burundi,BI,BDI,2009,,2026-07-13,985.184772509514,56.422,8947646,Sub-Saharan Africa,Bujumbura,29.3639,-3.3784,Low income,IDA
Burundi,BI,BDI,2015,,2026-07-13,992.28580552029,60.107,11047580,Sub-Saharan Africa,Bujumbura,29.3639,-3.3784,Low income,IDA
Burundi,BI,BDI,2010,,2026-07-13,988.018678716302,57.088,9376444,Sub-Saharan Africa,Bujumbura,29.3639,-3.3784,Low income,IDA
Cabo Verde,CV,CPV,2008,,2026-07-13,7169.13944155367,71.888,501355,Sub-Saharan Africa,Praia,-23.5087,14.9218,Upper middle income,Blend
Cabo Verde,CV,CPV,2007,,2026-07-13,6767.40677380347,71.487,496190,Sub-Saharan Africa,Praia,-23.5087,14.9218,Upper middle income,Blend
Cabo Verde,CV,CPV,2009,,2026-07-13,6994.5740991365,72.142,506141,Sub-Saharan Africa,Praia,-23.5087,14.9218,Upper middle income,Blend
Cabo Verde,CV,CPV,2010,,2026-07-13,7072.12150207342,72.507,509784,Sub-Saharan Africa,Praia,-23.5087,14.9218,Upper middle income,Blend
Cabo Verde,CV,CPV,2011,,2026-07-13,7325.78441834692,72.913,511447,Sub-Saharan Africa,Praia,-23.5087,14.9218,Upper middle income,Blend
Cabo Verde,CV,CPV,2019,,2026-07-13,9111.62993173269,75.449,514104,Sub-Saharan Africa,Praia,-23.5087,14.9218,Upper middle income,Blend
Cabo Verde,CV,CPV,2003,,2026-07-13,4841.265398715,70.006,473383,Sub-Saharan Africa,Praia,-23.5087,14.9218,Upper middle income,Blend
Cabo Verde,CV,CPV,2000,,2026-07-13,4510.13573659758,68.117,453317,Sub-Saharan Africa,Praia,-23.5087,14.9218,Upper middle income,Blend
Cabo Verde,CV,CPV,2001,,2026-07-13,4540.90731780518,68.707,460293,Sub-Saharan Africa,Praia,-23.5087,14.9218,Upper middle income,Blend
Cabo Verde,CV,CPV,2002,,2026-07-13,4710.2410491228,69.447,467046,Sub-Saharan Africa,Praia,-23.5087,14.9218,Upper middle income,Blend
Cabo Verde,CV,CPV,2022,,2026-07-13,8850.1066918812,75.907,519741,Sub-Saharan Africa,Praia,-23.5087,14.9218,Upper middle income,Blend
Cabo Verde,CV,CPV,2004,,2026-07-13,5268.30312485708,70.499,479370,Sub-Saharan Africa,Praia,-23.5087,14.9218,Upper middle income,Blend
Cabo Verde,CV,CPV,2005,,2026-07-13,5565.76951208069,70.936,485115,Sub-Saharan Africa,Praia,-23.5087,14.9218,Upper middle income,Blend
Cabo Verde,CV,CPV,2006,,2026-07-13,5941.38218091511,71.341,490728,Sub-Saharan Africa,Praia,-23.5087,14.9218,Upper middle income,Blend
Cabo Verde,CV,CPV,2014,,2026-07-13,7491.02198228243,73.788,512326,Sub-Saharan Africa,Praia,-23.5087,14.9218,Upper middle income,Blend
Cabo Verde,CV,CPV,2023,,2026-07-13,9228.4604533114,76.059,522331,Sub-Saharan Africa,Praia,-23.5087,14.9218,Upper middle income,Blend
Cabo Verde,CV,CPV,2012,,2026-07-13,7397.82220702474,73.315,511955,Sub-Saharan Africa,Praia,-23.5087,14.9218,Upper middle income,Blend
Cabo Verde,CV,CPV,2013,,2026-07-13,7440.66242650114,73.481,512225,Sub-Saharan Africa,Praia,-23.5087,14.9218,Upper middle income,Blend
Cabo Verde,CV,CPV,2018,,2026-07-13,8531.12961646549,74.84,513415,Sub-Saharan Africa,Praia,-23.5087,14.9218,Upper middle income,Blend
Cabo Verde,CV,CPV,2015,,2026-07-13,7560.13649202469,74.096,512394,Sub-Saharan Africa,Praia,-23.5087,14.9218,Upper middle income,Blend
Cabo Verde,CV,CPV,2016,,2026-07-13,7881.30336227784,74.35,512554,Sub-Saharan Africa,Praia,-23.5087,14.9218,Upper middle income,Blend
Cabo Verde,CV,CPV,2017,,2026-07-13,8234.56000312459,74.71,512893,Sub-Saharan Africa,Praia,-23.5087,14.9218,Upper middle income,Blend
Cabo Verde,CV,CPV,2020,,2026-07-13,7207.86853962048,73.818,514679,Sub-Saharan Africa,Praia,-23.5087,14.9218,Upper middle income,Blend
Cabo Verde,CV,CPV,2021,,2026-07-13,7685.41921393669,74.424,516649,Sub-Saharan Africa,Praia,-23.5087,14.9218,Upper middle income,Blend
Cambodia,KH,KHM,2012,,2026-07-13,4159.16354123446,68.371,14945085,East Asia & Pacific,Phnom Penh,104.874,11.5556,Lower middle income,IDA
Cambodia,KH,KHM,2014,,2026-07-13,4702.73061823207,69.117,15396772,East Asia & Pacific,Phnom Penh,104.874,11.5556,Lower middle income,IDA
Cambodia,KH,KHM,2011,,2026-07-13,3921.97911563308,67.869,14722584,East Asia & Pacific,Phnom Penh,104.874,11.5556,Lower middle income,IDA
Cambodia,KH,KHM,2010,,2026-07-13,3711.53750580157,67.311,14500726,East Asia & Pacific,Phnom Penh,104.874,11.5556,Lower middle income,IDA
Cambodia,KH,KHM,2013,,2026-07-13,4419.3988680186,68.755,15170208,East Asia & Pacific,Phnom Penh,104.874,11.5556,Lower middle income,IDA
Cambodia,KH,KHM,2016,,2026-07-13,5283.72964943779,69.635,15852803,East Asia & Pacific,Phnom Penh,104.874,11.5556,Lower middle income,IDA
Cambodia,KH,KHM,2017,,2026-07-13,5632.03125629342,69.842,16073372,East Asia & Pacific,Phnom Penh,104.874,11.5556,Lower middle income,IDA
Cambodia,KH,KHM,2009,,2026-07-13,3587.60889588362,66.747,14276810,East Asia & Pacific,Phnom Penh,104.874,11.5556,Lower middle income,IDA
Cambodia,KH,KHM,2023,,2026-07-13,6695.29194763723,70.668,17423880,East Asia & Pacific,Phnom Penh,104.874,11.5556,Lower middle income,IDA
Cambodia,KH,KHM,2019,,2026-07-13,6448.88455952805,70.127,16481304,East Asia & Pacific,Phnom Penh,104.874,11.5556,Lower middle income,IDA
Cambodia,KH,KHM,2020,,2026-07-13,6128.78243783335,70.059,16725474,East Asia & Pacific,Phnom Penh,104.874,11.5556,Lower middle income,IDA
Cambodia,KH,KHM,2002,,2026-07-13,2126.34150468987,61.395,12855241,East Asia & Pacific,Phnom Penh,104.874,11.5556,Lower middle income,IDA
Cambodia,KH,KHM,2018,,2026-07-13,6050.59088262205,69.993,16274522,East Asia & Pacific,Phnom Penh,104.874,11.5556,Lower middle income,IDA
Cambodia,KH,KHM,2008,,2026-07-13,3501.9257021932,66.147,14053479,East Asia & Pacific,Phnom Penh,104.874,11.5556,Lower middle income,IDA
Cambodia,KH,KHM,2000,,2026-07-13,1922.03179092592,59.491,12462336,East Asia & Pacific,Phnom Penh,104.874,11.5556,Lower middle income,IDA
Cambodia,KH,KHM,2021,,2026-07-13,6225.53265474741,69.301,16974305,East Asia & Pacific,Phnom Penh,104.874,11.5556,Lower middle income,IDA
Cambodia,KH,KHM,2022,,2026-07-13,6458.3681488084,70.528,17201724,East Asia & Pacific,Phnom Penh,104.874,11.5556,Lower middle income,IDA
Cambodia,KH,KHM,2015,,2026-07-13,4968.57276699143,69.398,15623251,East Asia & Pacific,Phnom Penh,104.874,11.5556,Lower middle income,IDA
Cambodia,KH,KHM,2004,,2026-07-13,2491.30930003838,63.256,13244731,East Asia & Pacific,Phnom Penh,104.874,11.5556,Lower middle income,IDA
Cambodia,KH,KHM,2001,,2026-07-13,2032.08092022373,60.457,12658484,East Asia & Pacific,Phnom Penh,104.874,11.5556,Lower middle income,IDA
Cambodia,KH,KHM,2006,,2026-07-13,3041.10471220153,64.886,13639028,East Asia & Pacific,Phnom Penh,104.874,11.5556,Lower middle income,IDA
Cambodia,KH,KHM,2003,,2026-07-13,2309.83931482788,62.345,13050968,East Asia & Pacific,Phnom Penh,104.874,11.5556,Lower middle income,IDA
Cambodia,KH,KHM,2005,,2026-07-13,2781.89028895255,64.113,13439202,East Asia & Pacific,Phnom Penh,104.874,11.5556,Lower middle income,IDA
Cambodia,KH,KHM,2007,,2026-07-13,3308.15747246544,65.549,13841770,East Asia & Pacific,Phnom Penh,104.874,11.5556,Lower middle income,IDA
Cameroon,CM,CMR,2002,,2026-07-13,3951.41936232132,53.922,15725528,Sub-Saharan Africa,Yaounde,11.5174,3.8721,Lower middle income,Blend
Cameroon,CM,CMR,2003,,2026-07-13,4054.78133246517,54.253,16160340,Sub-Saharan Africa,Yaounde,11.5174,3.8721,Lower middle income,Blend
Cameroon,CM,CMR,2000,,2026-07-13,3822.94425358926,53.338,14912631,Sub-Saharan Africa,Yaounde,11.5174,3.8721,Lower middle income,Blend
Cameroon,CM,CMR,2013,,2026-07-13,4473.57231896434,58.73,21402376,Sub-Saharan Africa,Yaounde,11.5174,3.8721,Lower middle income,Blend
Cameroon,CM,CMR,2006,,2026-07-13,4241.51744722821,55.301,17550407,Sub-Saharan Africa,Yaounde,11.5174,3.8721,Lower middle income,Blend
Cameroon,CM,CMR,2001,,2026-07-13,3884.87304812714,53.598,15309490,Sub-Saharan Africa,Yaounde,11.5174,3.8721,Lower middle income,Blend
Cameroon,CM,CMR,2004,,2026-07-13,4222.96638689885,54.578,16610487,Sub-Saharan Africa,Yaounde,11.5174,3.8721,Lower middle income,Blend
Cameroon,CM,CMR,2016,,2026-07-13,4767.13186148953,60.293,23454161,Sub-Saharan Africa,Yaounde,11.5174,3.8721,Lower middle income,Blend
Cameroon,CM,CMR,2005,,2026-07-13,4199.72270969362,54.904,17074594,Sub-Saharan Africa,Yaounde,11.5174,3.8721,Lower middle income,Blend
Cameroon,CM,CMR,2018,,2026-07-13,4851.48003949961,61.189,24806383,Sub-Saharan Africa,Yaounde,11.5174,3.8721,Lower middle income,Blend
Cameroon,CM,CMR,2007,,2026-07-13,4302.6192630847,55.71,18049896,Sub-Saharan Africa,Yaounde,11.5174,3.8721,Lower middle income,Blend
Cameroon,CM,CMR,2008,,2026-07-13,4300.26640352464,56.116,18574056,Sub-Saharan Africa,Yaounde,11.5174,3.8721,Lower middle income,Blend
Cameroon,CM,CMR,2009,,2026-07-13,4286.57718166156,56.486,19113974,Sub-Saharan Africa,Yaounde,11.5174,3.8721,Lower middle income,Blend
Cameroon,CM,CMR,2010,,2026-07-13,4286.58302947378,56.965,19668066,Sub-Saharan Africa,Yaounde,11.5174,3.8721,Lower middle income,Blend
Cameroon,CM,CMR,2011,,2026-07-13,4307.85195558527,57.482,20232304,Sub-Saharan Africa,Yaounde,11.5174,3.8721,Lower middle income,Blend
Cameroon,CM,CMR,2012,,2026-07-13,4382.11120797355,58.17,20809529,Sub-Saharan Africa,Yaounde,11.5174,3.8721,Lower middle income,Blend
Cameroon,CM,CMR,2015,,2026-07-13,4698.66677843587,59.687,22763414,Sub-Saharan Africa,Yaounde,11.5174,3.8721,Lower middle income,Blend
Cameroon,CM,CMR,2017,,2026-07-13,4797.97544185544,60.817,24128601,Sub-Saharan Africa,Yaounde,11.5174,3.8721,Lower middle income,Blend
Cameroon,CM,CMR,2022,,2026-07-13,4843.65038202917,62.443,27632771,Sub-Saharan Africa,Yaounde,11.5174,3.8721,Lower middle income,Blend
Cameroon,CM,CMR,2014,,2026-07-13,4588.4864949903,59.13,22059893,Sub-Saharan Africa,Yaounde,11.5174,3.8721,Lower middle income,Blend
Cameroon,CM,CMR,2020,,2026-07-13,4763.48194388066,61.674,26210558,Sub-Saharan Africa,Yaounde,11.5174,3.8721,Lower middle income,Blend
Cameroon,CM,CMR,2021,,2026-07-13,4793.55628200196,61.146,26915758,Sub-Saharan Africa,Yaounde,11.5174,3.8721,Lower middle income,Blend
Cameroon,CM,CMR,2019,,2026-07-13,4882.35560028896,61.695,25506095,Sub-Saharan Africa,Yaounde,11.5174,3.8721,Lower middle income,Blend
Cameroon,CM,CMR,2023,,2026-07-13,4875.25120768005,63.7,28372687,Sub-Saharan Africa,Yaounde,11.5174,3.8721,Lower middle income,Blend
Canada,CA,CAN,2003,,2026-07-13,50139.7664579994,79.7151219512195,31642461,North America,Ottawa,-75.6919,45.4215,High income,Not classified
Canada,CA,CAN,2004,,2026-07-13,51210.6593966138,79.9921951219512,31938807,North America,Ottawa,-75.6919,45.4215,High income,Not classified
Canada,CA,CAN,2005,,2026-07-13,52356.5371486354,80.1126829268293,32242732,North America,Ottawa,-75.6919,45.4215,High income,Not classified
Canada,CA,CAN,2020,,2026-07-13,54092.8576890836,81.53,38028638,North America,Ottawa,-75.6919,45.4215,High income,Not classified
Canada,CA,CAN,2002,,2026-07-13,49694.9870914363,79.5307317073171,31359199,North America,Ottawa,-75.6919,45.4215,High income,Not classified
Canada,CA,CAN,2019,,2026-07-13,57583.8230739204,82.1585365853659,37618495,North America,Ottawa,-75.6919,45.4215,High income,Not classified
Canada,CA,CAN,2009,,2026-07-13,51552.4020321975,81.0660975609756,33630069,North America,Ottawa,-75.6919,45.4215,High income,Not classified
Canada,CA,CAN,2018,,2026-07-13,57337.4682870033,81.8036585365854,37072620,North America,Ottawa,-75.6919,45.4215,High income,Not classified
Canada,CA,CAN,2014,,2026-07-13,55723.4615652506,81.7843902439025,35434066,North America,Ottawa,-75.6919,45.4215,High income,Not classified
Canada,CA,CAN,2015,,2026-07-13,55660.8455840759,81.8258536585366,35704498,North America,Ottawa,-75.6919,45.4215,High income,Not classified
Canada,CA,CAN,2016,,2026-07-13,55606.1329948184,81.94,36110803,North America,Ottawa,-75.6919,45.4215,High income,Not classified
Canada,CA,CAN,2017,,2026-07-13,56612.3062191777,81.8078048780488,36545075,North America,Ottawa,-75.6919,45.4215,High income,Not classified
Canada,CA,CAN,2021,,2026-07-13,56995.0952020711,81.4514634146342,38239864,North America,Ottawa,-75.6919,45.4215,High income,Not classified
Canada,CA,CAN,2022,,2026-07-13,58583.1299860138,81.0948780487805,38950132,North America,Ottawa,-75.6919,45.4215,High income,Not classified
Canada,CA,CAN,2007,,2026-07-13,53761.8407991685,80.5436585365854,32888886,North America,Ottawa,-75.6919,45.4215,High income,Not classified
Canada,CA,CAN,2008,,2026-07-13,53711.6580329654,80.7246341463415,33247298,North America,Ottawa,-75.6919,45.4215,High income,Not classified
Canada,CA,CAN,2013,,2026-07-13,54712.1568593677,81.7448780487805,35080992,North America,Ottawa,-75.6919,45.4215,High income,Not classified
Canada,CA,CAN,2010,,2026-07-13,52558.4200617806,81.3221951219512,34005902,North America,Ottawa,-75.6919,45.4215,High income,Not classified
Canada,CA,CAN,2011,,2026-07-13,53681.1084809345,81.4826829268293,34339221,North America,Ottawa,-75.6919,45.4215,High income,Not classified
Canada,CA,CAN,2012,,2026-07-13,54034.7821680318,81.6636585365854,34713395,North America,Ottawa,-75.6919,45.4215,High income,Not classified
Canada,CA,CAN,2023,,2026-07-13,58088.3778077995,81.6263414634146,40049088,North America,Ottawa,-75.6919,45.4215,High income,Not classified
Canada,CA,CAN,2000,,2026-07-13,48399.2864445547,79.1668292682927,30685730,North America,Ottawa,-75.6919,45.4215,High income,Not classified
Canada,CA,CAN,2001,,2026-07-13,48774.1483226516,79.3980487804878,31020855,North America,Ottawa,-75.6919,45.4215,High income,Not classified
Canada,CA,CAN,2006,,2026-07-13,53195.7608573851,80.5436585365854,32571193,North America,Ottawa,-75.6919,45.4215,High income,Not classified
Caribbean small states,S3,CSS,2019,,2026-07-13,24095.6268884397,72.1292604830284,4443134,Aggregates,,,,Aggregates,Aggregates
Caribbean small states,S3,CSS,2022,,2026-07-13,27023.5574621428,72.8322921090607,4497310,Aggregates,,,,Aggregates,Aggregates
Caribbean small states,S3,CSS,2021,,2026-07-13,23495.159073502098,69.9228107471769,4479167,Aggregates,,,,Aggregates,Aggregates
Caribbean small states,S3,CSS,2008,,2026-07-13,24276.688065702,70.5499974705246,4124966,Aggregates,,,,Aggregates,Aggregates
Caribbean small states,S3,CSS,2020,,2026-07-13,22222.115107616,71.9394359303317,4459302,Aggregates,,,,Aggregates,Aggregates
Caribbean small states,S3,CSS,2000,,2026-07-13,17296.2228314479,68.3976758324657,3956229,Aggregates,,,,Aggregates,Aggregates
Caribbean small states,S3,CSS,2001,,2026-07-13,17587.9901132672,68.6619722928042,3987087,Aggregates,,,,Aggregates,Aggregates
Caribbean small states,S3,CSS,2002,,2026-07-13,18212.1604431284,68.8997139018751,4018796,Aggregates,,,,Aggregates,Aggregates
Caribbean small states,S3,CSS,2003,,2026-07-13,19401.6022436606,69.0876488979237,4050990,Aggregates,,,,Aggregates,Aggregates
Caribbean small states,S3,CSS,2004,,2026-07-13,20312.502453739,69.3609701933726,4080569,Aggregates,,,,Aggregates,Aggregates
Caribbean small states,S3,CSS,2005,,2026-07-13,21377.7180302595,69.6320513314341,4049468,Aggregates,,,,Aggregates,Aggregates
Caribbean small states,S3,CSS,2006,,2026-07-13,23063.5796295601,69.9344232165599,4072929,Aggregates,,,,Aggregates,Aggregates
Caribbean small states,S3,CSS,2018,,2026-07-13,24024.8178299696,72.2210854022703,4407658,Aggregates,,,,Aggregates,Aggregates
Caribbean small states,S3,CSS,2009,,2026-07-13,23444.9921052209,70.797737511813,4146899,Aggregates,,,,Aggregates,Aggregates
Caribbean small states,S3,CSS,2010,,2026-07-13,23751.9862978379,71.0114366987074,4173335,Aggregates,,,,Aggregates,Aggregates
Caribbean small states,S3,CSS,2011,,2026-07-13,23879.7224145257,71.266093287793,4201107,Aggregates,,,,Aggregates,Aggregates
Caribbean small states,S3,CSS,2007,,2026-07-13,23894.0318898216,70.2937333399206,4098855,Aggregates,,,,Aggregates,Aggregates
Caribbean small states,S3,CSS,2013,,2026-07-13,25141.1881792488,71.5692506084297,4257682,Aggregates,,,,Aggregates,Aggregates
Caribbean small states,S3,CSS,2014,,2026-07-13,25633.4033879208,71.7739411761824,4286546,Aggregates,,,,Aggregates,Aggregates
Caribbean small states,S3,CSS,2015,,2026-07-13,25404.134970126,71.8641021665476,4314191,Aggregates,,,,Aggregates,Aggregates
Caribbean small states,S3,CSS,2023,,2026-07-13,29600.9530687074,73.1716450013098,4519904,Aggregates,,,,Aggregates,Aggregates
Caribbean small states,S3,CSS,2017,,2026-07-13,23920.5893237126,72.1731041595093,4366140,Aggregates,,,,Aggregates,Aggregates
Caribbean small states,S3,CSS,2016,,2026-07-13,24339.8256633701,72.0516361154512,4341333,Aggregates,,,,Aggregates,Aggregates
Caribbean small states,S3,CSS,2012,,2026-07-13,24784.9475718502,71.4019143290264,4228445,Aggregates,,,,Aggregates,Aggregates
Cayman Islands,KY,CYM,2008,,2026-07-13,89380.1507450505,75.386,51151,Latin America & Caribbean,George Town,-81.3857,19.3022,High income,Not classified
Cayman Islands,KY,CYM,2009,,2026-07-13,80631.8442229627,75.671,52618,Latin America & Caribbean,George Town,-81.3857,19.3022,High income,Not classified
Cayman Islands,KY,CYM,2017,,2026-07-13,74599.6799559357,78.615,64535,Latin America & Caribbean,George Town,-81.3857,19.3022,High income,Not classified
Cayman Islands,KY,CYM,2007,,2026-07-13,92343.7250815203,75.152,49687,Latin America & Caribbean,George Town,-81.3857,19.3022,High income,Not classified
Cayman Islands,KY,CYM,2005,,2026-07-13,,74.863,46788,Latin America & Caribbean,George Town,-81.3857,19.3022,High income,Not classified
Cayman Islands,KY,CYM,2006,,2026-07-13,92213.0760037266,75,48232,Latin America & Caribbean,George Town,-81.3857,19.3022,High income,Not classified
Cayman Islands,KY,CYM,2022,,2026-07-13,76735.3744333338,79.984,71591,Latin America & Caribbean,George Town,-81.3857,19.3022,High income,Not classified
Cayman Islands,KY,CYM,2023,,2026-07-13,79580.8872845653,80.358,73038,Latin America & Caribbean,George Town,-81.3857,19.3022,High income,Not classified
Cayman Islands,KY,CYM,2021,,2026-07-13,74160.4914000191,79.3,70108,Latin America & Caribbean,George Town,-81.3857,19.3022,High income,Not classified
Cayman Islands,KY,CYM,2010,,2026-07-13,76294.7650038522,76.069,54099,Latin America & Caribbean,George Town,-81.3857,19.3022,High income,Not classified
Cayman Islands,KY,CYM,2000,,2026-07-13,,74.378,39674,Latin America & Caribbean,George Town,-81.3857,19.3022,High income,Not classified
Cayman Islands,KY,CYM,2001,,2026-07-13,,74.529,41089,Latin America & Caribbean,George Town,-81.3857,19.3022,High income,Not classified
Cayman Islands,KY,CYM,2002,,2026-07-13,,74.609,42514,Latin America & Caribbean,George Town,-81.3857,19.3022,High income,Not classified
Cayman Islands,KY,CYM,2003,,2026-07-13,,74.639,43934,Latin America & Caribbean,George Town,-81.3857,19.3022,High income,Not classified
Cayman Islands,KY,CYM,2004,,2026-07-13,,74.596,45352,Latin America & Caribbean,George Town,-81.3857,19.3022,High income,Not classified
Cayman Islands,KY,CYM,2018,,2026-07-13,76124.5505976249,78.835,65941,Latin America & Caribbean,George Town,-81.3857,19.3022,High income,Not classified
Cayman Islands,KY,CYM,2019,,2026-07-13,77476.8409913609,79.052,67327,Latin America & Caribbean,George Town,-81.3857,19.3022,High income,Not classified
Cayman Islands,KY,CYM,2020,,2026-07-13,72183.1359045895,79.23,68684,Latin America & Caribbean,George Town,-81.3857,19.3022,High income,Not classified
Cayman Islands,KY,CYM,2011,,2026-07-13,75094.8312990407,76.562,55606,Latin America & Caribbean,George Town,-81.3857,19.3022,High income,Not classified
Cayman Islands,KY,CYM,2012,,2026-07-13,73982.6781335848,77.121,57136,Latin America & Caribbean,George Town,-81.3857,19.3022,High income,Not classified
Cayman Islands,KY,CYM,2013,,2026-07-13,72988.7063433775,77.652,58655,Latin America & Caribbean,George Town,-81.3857,19.3022,High income,Not classified
Cayman Islands,KY,CYM,2014,,2026-07-13,73051.811230324,77.865,60160,Latin America & Caribbean,George Town,-81.3857,19.3022,High income,Not classified
Cayman Islands,KY,CYM,2015,,2026-07-13,73315.3845299162,78.119,61642,Latin America & Caribbean,George Town,-81.3857,19.3022,High income,Not classified
Cayman Islands,KY,CYM,2016,,2026-07-13,73941.8592413192,78.367,63100,Latin America & Caribbean,George Town,-81.3857,19.3022,High income,Not classified
Central African Republic,CF,CAF,2013,,2026-07-13,996.896355923912,49.487,4642419,Sub-Saharan Africa,Bangui,21.6407,5.63056,Low income,IDA
Central African Republic,CF,CAF,2014,,2026-07-13,1001.85598053496,40.265,4623182,Sub-Saharan Africa,Bangui,21.6407,5.63056,Low income,IDA
Central African Republic,CF,CAF,2015,,2026-07-13,1043.92171697157,51.934,4629320,Sub-Saharan Africa,Bangui,21.6407,5.63056,Low income,IDA
Central African Republic,CF,CAF,2012,,2026-07-13,1577.98053252253,51.336,4610848,Sub-Saharan Africa,Bangui,21.6407,5.63056,Low income,IDA
Central African Republic,CF,CAF,2009,,2026-07-13,1402.68164770801,14.665,4529047,Sub-Saharan Africa,Bangui,21.6407,5.63056,Low income,IDA
Central African Republic,CF,CAF,2010,,2026-07-13,1479.41367757692,46.871,4492995,Sub-Saharan Africa,Bangui,21.6407,5.63056,Low income,IDA
Central African Republic,CF,CAF,2011,,2026-07-13,1517.14839091011,50.107,4565021,Sub-Saharan Africa,Bangui,21.6407,5.63056,Low income,IDA
Central African Republic,CF,CAF,2018,,2026-07-13,1125.70091748228,52.297,4878657,Sub-Saharan Africa,Bangui,21.6407,5.63056,Low income,IDA
Central African Republic,CF,CAF,2016,,2026-07-13,1073.94477703739,50.999,4713663,Sub-Saharan Africa,Bangui,21.6407,5.63056,Low income,IDA
Central African Republic,CF,CAF,2017,,2026-07-13,1103.86609318724,45.231,4793511,Sub-Saharan Africa,Bangui,21.6407,5.63056,Low income,IDA
Central African Republic,CF,CAF,2019,,2026-07-13,1145.09563657752,31.53,4944703,Sub-Saharan Africa,Bangui,21.6407,5.63056,Low income,IDA
Central African Republic,CF,CAF,2022,,2026-07-13,1136.80171107045,18.818,5098039,Sub-Saharan Africa,Bangui,21.6407,5.63056,Low income,IDA
Central African Republic,CF,CAF,2002,,2026-07-13,1290.38314917126,46.84,4006077,Sub-Saharan Africa,Bangui,21.6407,5.63056,Low income,IDA
Central African Republic,CF,CAF,2020,,2026-07-13,1136.57052993758,50.596,5026628,Sub-Saharan Africa,Bangui,21.6407,5.63056,Low income,IDA
Central African Republic,CF,CAF,2021,,2026-07-13,1128.55237996459,40.279,5112100,Sub-Saharan Africa,Bangui,21.6407,5.63056,Low income,IDA
Central African Republic,CF,CAF,2004,,2026-07-13,1236.28534712166,47.696,4192826,Sub-Saharan Africa,Bangui,21.6407,5.63056,Low income,IDA
Central African Republic,CF,CAF,2023,,2026-07-13,1132.67643369804,57.408,5152421,Sub-Saharan Africa,Bangui,21.6407,5.63056,Low income,IDA
Central African Republic,CF,CAF,2007,,2026-07-13,1284.55283590666,49.327,4462770,Sub-Saharan Africa,Bangui,21.6407,5.63056,Low income,IDA
Central African Republic,CF,CAF,2008,,2026-07-13,1283.2728263106,49.873,4558984,Sub-Saharan Africa,Bangui,21.6407,5.63056,Low income,IDA
Central African Republic,CF,CAF,2001,,2026-07-13,1272.85710758505,46.734,3919487,Sub-Saharan Africa,Bangui,21.6407,5.63056,Low income,IDA
Central African Republic,CF,CAF,2006,,2026-07-13,1251.87082171335,48.687,4377579,Sub-Saharan Africa,Bangui,21.6407,5.63056,Low income,IDA
Central African Republic,CF,CAF,2003,,2026-07-13,1191.8731520062,47.306,4103086,Sub-Saharan Africa,Bangui,21.6407,5.63056,Low income,IDA
Central African Republic,CF,CAF,2005,,2026-07-13,1219.5939445674,48.207,4288810,Sub-Saharan Africa,Bangui,21.6407,5.63056,Low income,IDA
Central African Republic,CF,CAF,2000,,2026-07-13,1245.81399563599,46.609,3833416,Sub-Saharan Africa,Bangui,21.6407,5.63056,Low income,IDA
Central Europe and the Baltics,B8,CEB,2004,,2026-07-13,22665.9482679125,73.7304349327381,106331716,Aggregates,,,,Aggregates,Aggregates
Central Europe and the Baltics,B8,CEB,2003,,2026-07-13,21307.5126148723,73.3822527825258,106624167,Aggregates,,,,Aggregates,Aggregates
Central Europe and the Baltics,B8,CEB,2006,,2026-07-13,25490.6865496896,74.0926027308098,105772481,Aggregates,,,,Aggregates,Aggregates
Central Europe and the Baltics,B8,CEB,2007,,2026-07-13,27204.8188248231,74.2506487210768,105378748,Aggregates,,,,Aggregates,Aggregates
Central Europe and the Baltics,B8,CEB,2002,,2026-07-13,20437.6181722064,73.2424154880921,106959751,Aggregates,,,,Aggregates,Aggregates
Central Europe and the Baltics,B8,CEB,2005,,2026-07-13,23837.2513202506,73.8449951359211,106041911,Aggregates,,,,Aggregates,Aggregates
Central Europe and the Baltics,B8,CEB,2000,,2026-07-13,18866.992614198,72.719724722779,108447824,Aggregates,,,,Aggregates,Aggregates
Central Europe and the Baltics,B8,CEB,2001,,2026-07-13,19591.1192589268,73.0961481937343,107660041,Aggregates,,,,Aggregates,Aggregates
Central Europe and the Baltics,B8,CEB,2015,,2026-07-13,32053.9753560909,76.5755119772504,102973167,Aggregates,,,,Aggregates,Aggregates
Central Europe and the Baltics,B8,CEB,2008,,2026-07-13,28468.3930919127,74.5759526780779,105001883,Aggregates,,,,Aggregates,Aggregates
Central Europe and the Baltics,B8,CEB,2020,,2026-07-13,37280.0201037228,76.0162701269145,101215763,Aggregates,,,,Aggregates,Aggregates
Central Europe and the Baltics,B8,CEB,2016,,2026-07-13,33063.1299853908,76.9703062304413,102647939,Aggregates,,,,Aggregates,Aggregates
Central Europe and the Baltics,B8,CEB,2017,,2026-07-13,34898.5993254329,76.929788715597,102337501,Aggregates,,,,Aggregates,Aggregates
Central Europe and the Baltics,B8,CEB,2011,,2026-07-13,29052.8767019353,75.8884748834282,104174038,Aggregates,,,,Aggregates,Aggregates
Central Europe and the Baltics,B8,CEB,2012,,2026-07-13,29385.5792989282,76.0033944660035,103929494,Aggregates,,,,Aggregates,Aggregates
Central Europe and the Baltics,B8,CEB,2009,,2026-07-13,27511.5233418382,74.9303639266576,104800475,Aggregates,,,,Aggregates,Aggregates
Central Europe and the Baltics,B8,CEB,2010,,2026-07-13,27957.9006968917,75.2939657786314,104421447,Aggregates,,,,Aggregates,Aggregates
Central Europe and the Baltics,B8,CEB,2022,,2026-07-13,41833.7057765272,76.6522987292583,100071871,Aggregates,,,,Aggregates,Aggregates
Central Europe and the Baltics,B8,CEB,2018,,2026-07-13,36731.0962344349,76.9764380835075,102074201,Aggregates,,,,Aggregates,Aggregates
Central Europe and the Baltics,B8,CEB,2013,,2026-07-13,29678.1064029263,76.3747350098375,103570062,Aggregates,,,,Aggregates,Aggregates
Central Europe and the Baltics,B8,CEB,2014,,2026-07-13,30740.9191021016,76.6887696437325,103280478,Aggregates,,,,Aggregates,Aggregates
Central Europe and the Baltics,B8,CEB,2023,,2026-07-13,42113.8905270663,77.7580384683685,100183707,Aggregates,,,,Aggregates,Aggregates
Central Europe and the Baltics,B8,CEB,2019,,2026-07-13,38302.005751171,77.2659141936307,101864274,Aggregates,,,,Aggregates,Aggregates
Central Europe and the Baltics,B8,CEB,2021,,2026-07-13,40122.3609600588,74.7232827859077,100205732,Aggregates,,,,Aggregates,Aggregates
Chad,TD,TCD,2006,,2026-07-13,2596.03235455456,48.747,10706424,Sub-Saharan Africa,N'Djamena,15.0445,12.1048,Low income,IDA
Chad,TD,TCD,2004,,2026-07-13,2400.97004978207,48.687,9920036,Sub-Saharan Africa,N'Djamena,15.0445,12.1048,Low income,IDA
Chad,TD,TCD,2007,,2026-07-13,2613.47387385767,49.21,11081660,Sub-Saharan Africa,N'Djamena,15.0445,12.1048,Low income,IDA
Chad,TD,TCD,2021,,2026-07-13,2435.07274651099,53.136,17828273,Sub-Saharan Africa,N'Djamena,15.0445,12.1048,Low income,IDA
Chad,TD,TCD,2008,,2026-07-13,2601.36125803883,49.503,11476296,Sub-Saharan Africa,N'Djamena,15.0445,12.1048,Low income,IDA
Chad,TD,TCD,2009,,2026-07-13,2474.70758352529,49.828,11893754,Sub-Saharan Africa,N'Djamena,15.0445,12.1048,Low income,IDA
Chad,TD,TCD,2020,,2026-07-13,2513.02922729305,53.082,17224679,Sub-Saharan Africa,N'Djamena,15.0445,12.1048,Low income,IDA
Chad,TD,TCD,2014,,2026-07-13,2820.67795066663,51.141,14188678,Sub-Saharan Africa,N'Djamena,15.0445,12.1048,Low income,IDA
Chad,TD,TCD,2015,,2026-07-13,2822.57929900014,51.32,14647621,Sub-Saharan Africa,N'Djamena,15.0445,12.1048,Low income,IDA
Chad,TD,TCD,2016,,2026-07-13,2622.59780844501,51.603,15114655,Sub-Saharan Africa,N'Djamena,15.0445,12.1048,Low income,IDA
Chad,TD,TCD,2017,,2026-07-13,2496.26213643158,51.875,15622759,Sub-Saharan Africa,N'Djamena,15.0445,12.1048,Low income,IDA
Chad,TD,TCD,2005,,2026-07-13,2705.81650832729,48.86,10328092,Sub-Saharan Africa,N'Djamena,15.0445,12.1048,Low income,IDA
Chad,TD,TCD,2019,,2026-07-13,2604.53153661789,52.993,16685223,Sub-Saharan Africa,N'Djamena,15.0445,12.1048,Low income,IDA
Chad,TD,TCD,2022,,2026-07-13,2449.48251052296,54.528,18455316,Sub-Saharan Africa,N'Djamena,15.0445,12.1048,Low income,IDA
Chad,TD,TCD,2023,,2026-07-13,2433.53330962707,55.069,19319064,Sub-Saharan Africa,N'Djamena,15.0445,12.1048,Low income,IDA
Chad,TD,TCD,2013,,2026-07-13,2864.11301407361,51.051,13691079,Sub-Saharan Africa,N'Djamena,15.0445,12.1048,Low income,IDA
Chad,TD,TCD,2011,,2026-07-13,2741.0708339941,50.426,12754997,Sub-Saharan Africa,N'Djamena,15.0445,12.1048,Low income,IDA
Chad,TD,TCD,2001,,2026-07-13,1626.56683128523,48.306,8804124,Sub-Saharan Africa,N'Djamena,15.0445,12.1048,Low income,IDA
Chad,TD,TCD,2012,,2026-07-13,2886.27474563619,50.765,13210998,Sub-Saharan Africa,N'Djamena,15.0445,12.1048,Low income,IDA
Chad,TD,TCD,2003,,2026-07-13,1878.58578618822,48.609,9487833,Sub-Saharan Africa,N'Djamena,15.0445,12.1048,Low income,IDA
Chad,TD,TCD,2000,,2026-07-13,1506.7157720422,47.937,8512093,Sub-Saharan Africa,N'Djamena,15.0445,12.1048,Low income,IDA
Chad,TD,TCD,2018,,2026-07-13,2552.37036387707,52.447,16156531,Sub-Saharan Africa,N'Djamena,15.0445,12.1048,Low income,IDA
Chad,TD,TCD,2002,,2026-07-13,1704.2729514734,48.36,9116192,Sub-Saharan Africa,N'Djamena,15.0445,12.1048,Low income,IDA
Chad,TD,TCD,2010,,2026-07-13,2717.40540181819,50.107,12312575,Sub-Saharan Africa,N'Djamena,15.0445,12.1048,Low income,IDA
Channel Islands,JG,CHI,2000,,2026-07-13,,78.8,148110,Europe & Central Asia,,,,High income,Not classified
Channel Islands,JG,CHI,2008,,2026-07-13,,80.8,156408,Europe & Central Asia,,,,High income,Not classified
Channel Islands,JG,CHI,2023,,2026-07-13,,81.1,167691,Europe & Central Asia,,,,High income,Not classified
Channel Islands,JG,CHI,2002,,2026-07-13,,79.1,149881,Europe & Central Asia,,,,High income,Not classified
Channel Islands,JG,CHI,2009,,2026-07-13,,81,157511,Europe & Central Asia,,,,High income,Not classified
Channel Islands,JG,CHI,2001,,2026-07-13,,79,148850,Europe & Central Asia,,,,High income,Not classified
Channel Islands,JG,CHI,2012,,2026-07-13,,81.3,160767,Europe & Central Asia,,,,High income,Not classified
Channel Islands,JG,CHI,2006,,2026-07-13,,80.4,154214,Europe & Central Asia,,,,High income,Not classified
Channel Islands,JG,CHI,2003,,2026-07-13,,79.4,150960,Europe & Central Asia,,,,High income,Not classified
Channel Islands,JG,CHI,2004,,2026-07-13,,79.8,152039,Europe & Central Asia,,,,High income,Not classified
Channel Islands,JG,CHI,2005,,2026-07-13,,80.1,153126,Europe & Central Asia,,,,High income,Not classified
Channel Islands,JG,CHI,2011,,2026-07-13,,81.4,159706,Europe & Central Asia,,,,High income,Not classified
Channel Islands,JG,CHI,2007,,2026-07-13,,80.6,155309,Europe & Central Asia,,,,High income,Not classified
Channel Islands,JG,CHI,2020,,2026-07-13,,80.9,166235,Europe & Central Asia,,,,High income,Not classified
Channel Islands,JG,CHI,2022,,2026-07-13,,81,167215,Europe & Central Asia,,,,High income,Not classified
Channel Islands,JG,CHI,2016,,2026-07-13,,81.2,163883,Europe & Central Asia,,,,High income,Not classified
Channel Islands,JG,CHI,2013,,2026-07-13,,81.5,161777,Europe & Central Asia,,,,High income,Not classified
Channel Islands,JG,CHI,2014,,2026-07-13,,81.6,162726,Europe & Central Asia,,,,High income,Not classified
Channel Islands,JG,CHI,2010,,2026-07-13,,81.2,158621,Europe & Central Asia,,,,High income,Not classified
Channel Islands,JG,CHI,2021,,2026-07-13,,80.3,166741,Europe & Central Asia,,,,High income,Not classified
Channel Islands,JG,CHI,2017,,2026-07-13,,81,164319,Europe & Central Asia,,,,High income,Not classified
Channel Islands,JG,CHI,2018,,2026-07-13,,81.1,164949,Europe & Central Asia,,,,High income,Not classified
Channel Islands,JG,CHI,2015,,2026-07-13,,81.4,163454,Europe & Central Asia,,,,High income,Not classified
Channel Islands,JG,CHI,2019,,2026-07-13,,81.2,165639,Europe & Central Asia,,,,High income,Not classified
Chile,CL,CHL,2000,,2026-07-13,17529.4205997692,77.128,15503635,Latin America & Caribbean,Santiago,-70.6475,-33.475,High income,IBRD
Chile,CL,CHL,2010,,2026-07-13,24122.4787924386,79.095,17181464,Latin America & Caribbean,Santiago,-70.6475,-33.475,High income,IBRD
Chile,CL,CHL,2001,,2026-07-13,17874.5313866938,77.58,15683849,Latin America & Caribbean,Santiago,-70.6475,-33.475,High income,IBRD
Chile,CL,CHL,2009,,2026-07-13,23019.0299454094,78.89,17009731,Latin America & Caribbean,Santiago,-70.6475,-33.475,High income,IBRD
Chile,CL,CHL,2002,,2026-07-13,18244.5196827315,77.84,15857925,Latin America & Caribbean,Santiago,-70.6475,-33.475,High income,IBRD
Chile,CL,CHL,2022,,2026-07-13,29560.4513805785,79.176,19553036,Latin America & Caribbean,Santiago,-70.6475,-33.475,High income,IBRD
Chile,CL,CHL,2011,,2026-07-13,25372.2741480772,79.236,17351816,Latin America & Caribbean,Santiago,-70.6475,-33.475,High income,IBRD
Chile,CL,CHL,2012,,2026-07-13,26676.8110154019,79.221,17519119,Latin America & Caribbean,Santiago,-70.6475,-33.475,High income,IBRD
Chile,CL,CHL,2005,,2026-07-13,20923.479756183,78.459,16348778,Latin America & Caribbean,Santiago,-70.6475,-33.475,High income,IBRD
Chile,CL,CHL,2006,,2026-07-13,21973.7382914389,78.533,16509195,Latin America & Caribbean,Santiago,-70.6475,-33.475,High income,IBRD
Chile,CL,CHL,2003,,2026-07-13,18907.3458745755,77.884,16024752,Latin America & Caribbean,Santiago,-70.6475,-33.475,High income,IBRD
Chile,CL,CHL,2004,,2026-07-13,19966.7093106095,78.276,16187322,Latin America & Caribbean,Santiago,-70.6475,-33.475,High income,IBRD
Chile,CL,CHL,2019,,2026-07-13,28227.9790507594,80.324,19197744,Latin America & Caribbean,Santiago,-70.6475,-33.475,High income,IBRD
Chile,CL,CHL,2015,,2026-07-13,27817.9584848024,80.008,18047625,Latin America & Caribbean,Santiago,-70.6475,-33.475,High income,IBRD
Chile,CL,CHL,2007,,2026-07-13,22884.2997108846,78.652,16671581,Latin America & Caribbean,Santiago,-70.6475,-33.475,High income,IBRD
Chile,CL,CHL,2008,,2026-07-13,23515.3473178269,78.752,16838988,Latin America & Caribbean,Santiago,-70.6475,-33.475,High income,IBRD
Chile,CL,CHL,2014,,2026-07-13,27511.5610030404,79.714,17864195,Latin America & Caribbean,Santiago,-70.6475,-33.475,High income,IBRD
Chile,CL,CHL,2021,,2026-07-13,29106.6356522053,78.876,19456334,Latin America & Caribbean,Santiago,-70.6475,-33.475,High income,IBRD
Chile,CL,CHL,2020,,2026-07-13,26258.4038553242,79.349,19370624,Latin America & Caribbean,Santiago,-70.6475,-33.475,High income,IBRD
Chile,CL,CHL,2013,,2026-07-13,27297.8185145366,79.551,17687006,Latin America & Caribbean,Santiago,-70.6475,-33.475,High income,IBRD
Chile,CL,CHL,2018,,2026-07-13,28499.4064000406,80.559,18893191,Latin America & Caribbean,Santiago,-70.6475,-33.475,High income,IBRD
Chile,CL,CHL,2016,,2026-07-13,27965.3473526831,80.295,18267221,Latin America & Caribbean,Santiago,-70.6475,-33.475,High income,IBRD
Chile,CL,CHL,2017,,2026-07-13,27899.5979777012,80.61,18558868,Latin America & Caribbean,Santiago,-70.6475,-33.475,High income,IBRD
Chile,CL,CHL,2023,,2026-07-13,29600.4188613168,81.167,19658835,Latin America & Caribbean,Santiago,-70.6475,-33.475,High income,IBRD
China,CN,CHN,2013,,2026-07-13,13080.8787864744,76.452,1363240000,East Asia & Pacific,Beijing,116.286,40.0495,Upper middle income,IBRD
China,CN,CHN,2010,,2026-07-13,10476.1525652407,75.668,1337705000,East Asia & Pacific,Beijing,116.286,40.0495,Upper middle income,IBRD
China,CN,CHN,2011,,2026-07-13,11404.9179835542,75.889,1345035000,East Asia & Pacific,Beijing,116.286,40.0495,Upper middle income,IBRD
China,CN,CHN,2014,,2026-07-13,13968.5187785922,76.714,1371860000,East Asia & Pacific,Beijing,116.286,40.0495,Upper middle income,IBRD
China,CN,CHN,2012,,2026-07-13,12217.9343813101,76.2,1354190000,East Asia & Pacific,Beijing,116.286,40.0495,Upper middle income,IBRD
China,CN,CHN,2016,,2026-07-13,15772.8372607502,77.214,1387790000,East Asia & Pacific,Beijing,116.286,40.0495,Upper middle income,IBRD
China,CN,CHN,2006,,2026-07-13,7057.11131595304,74.404,1311020000,East Asia & Pacific,Beijing,116.286,40.0495,Upper middle income,IBRD
China,CN,CHN,2007,,2026-07-13,8013.78375739131,74.789,1317885000,East Asia & Pacific,Beijing,116.286,40.0495,Upper middle income,IBRD
China,CN,CHN,2015,,2026-07-13,14857.1088234405,76.975,1379860000,East Asia & Pacific,Beijing,116.286,40.0495,Upper middle income,IBRD
China,CN,CHN,2009,,2026-07-13,9518.68128351945,75.317,1331260000,East Asia & Pacific,Beijing,116.286,40.0495,Upper middle income,IBRD
China,CN,CHN,2021,,2026-07-13,20843.2978347377,78.117,1412360000,East Asia & Pacific,Beijing,116.286,40.0495,Upper middle income,IBRD
China,CN,CHN,2020,,2026-07-13,19215.1012491012,78.019,1411100000,East Asia & Pacific,Beijing,116.286,40.0495,Upper middle income,IBRD
China,CN,CHN,2008,,2026-07-13,8743.7020031299,74.833,1324655000,East Asia & Pacific,Beijing,116.286,40.0495,Upper middle income,IBRD
China,CN,CHN,2018,,2026-07-13,17807.0490552244,77.709,1402760000,East Asia & Pacific,Beijing,116.286,40.0495,Upper middle income,IBRD
China,CN,CHN,2005,,2026-07-13,6298.29929808598,74.085,1303720000,East Asia & Pacific,Beijing,116.286,40.0495,Upper middle income,IBRD
China,CN,CHN,2022,,2026-07-13,21499.3125559757,78.202,1412175000,East Asia & Pacific,Beijing,116.286,40.0495,Upper middle income,IBRD
China,CN,CHN,2023,,2026-07-13,22687.2519534328,77.953,1410710000,East Asia & Pacific,Beijing,116.286,40.0495,Upper middle income,IBRD
China,CN,CHN,2004,,2026-07-13,5684.3881718733,73.727,1296075000,East Asia & Pacific,Beijing,116.286,40.0495,Upper middle income,IBRD
China,CN,CHN,2000,,2026-07-13,4065.86707804429,72.288,1262645000,East Asia & Pacific,Beijing,116.286,40.0495,Upper middle income,IBRD
China,CN,CHN,2001,,2026-07-13,4372.43560608339,72.675,1271850000,East Asia & Pacific,Beijing,116.286,40.0495,Upper middle income,IBRD
China,CN,CHN,2002,,2026-07-13,4744.38182475307,73.034,1280400000,East Asia & Pacific,Beijing,116.286,40.0495,Upper middle income,IBRD
China,CN,CHN,2003,,2026-07-13,5191.78118308167,73.385,1288400000,East Asia & Pacific,Beijing,116.286,40.0495,Upper middle income,IBRD
China,CN,CHN,2017,,2026-07-13,16758.0463976858,77.235,1396215000,East Asia & Pacific,Beijing,116.286,40.0495,Upper middle income,IBRD
China,CN,CHN,2019,,2026-07-13,18820.5871645645,77.94,1407745000,East Asia & Pacific,Beijing,116.286,40.0495,Upper middle income,IBRD
Colombia,CO,COL,2003,,2026-07-13,11183.2911819793,72.309,40937429,Latin America & Caribbean,Bogota,-74.082,4.60987,Upper middle income,IBRD
Colombia,CO,COL,2004,,2026-07-13,11607.9384935105,72.76,41543171,Latin America & Caribbean,Bogota,-74.082,4.60987,Upper middle income,IBRD
Colombia,CO,COL,2006,,2026-07-13,12636.6246577724,73.497,42691084,Latin America & Caribbean,Bogota,-74.082,4.60987,Upper middle income,IBRD
Colombia,CO,COL,2018,,2026-07-13,17104.1313545678,76.579,49024465,Latin America & Caribbean,Bogota,-74.082,4.60987,Upper middle income,IBRD
Colombia,CO,COL,2008,,2026-07-13,13591.0609028567,74.206,43758808,Latin America & Caribbean,Bogota,-74.082,4.60987,Upper middle income,IBRD
Colombia,CO,COL,2005,,2026-07-13,11999.2549591305,73.156,42128977,Latin America & Caribbean,Bogota,-74.082,4.60987,Upper middle income,IBRD
Colombia,CO,COL,2007,,2026-07-13,13318.3033138168,73.751,43235374,Latin America & Caribbean,Bogota,-74.082,4.60987,Upper middle income,IBRD
Colombia,CO,COL,2001,,2026-07-13,10823.4504878807,71.185,39709262,Latin America & Caribbean,Bogota,-74.082,4.60987,Upper middle income,IBRD
Colombia,CO,COL,2002,,2026-07-13,10925.1485602082,71.537,40324680,Latin America & Caribbean,Bogota,-74.082,4.60987,Upper middle income,IBRD
Colombia,CO,COL,2016,,2026-07-13,17003.244366485,76.228,47437512,Latin America & Caribbean,Bogota,-74.082,4.60987,Upper middle income,IBRD
Colombia,CO,COL,2017,,2026-07-13,16986.0334182842,76.418,48131078,Latin America & Caribbean,Bogota,-74.082,4.60987,Upper middle income,IBRD
Colombia,CO,COL,2009,,2026-07-13,13586.7518430982,74.531,44271541,Latin America & Caribbean,Bogota,-74.082,4.60987,Upper middle income,IBRD
Colombia,CO,COL,2010,,2026-07-13,14037.0642668639,74.876,44777319,Latin America & Caribbean,Bogota,-74.082,4.60987,Upper middle income,IBRD
Colombia,CO,COL,2011,,2026-07-13,14852.3699513061,75.18,45259614,Latin America & Caribbean,Bogota,-74.082,4.60987,Upper middle income,IBRD
Colombia,CO,COL,2000,,2026-07-13,10813.4942250011,70.905,39089934,Latin America & Caribbean,Bogota,-74.082,4.60987,Upper middle income,IBRD
Colombia,CO,COL,2013,,2026-07-13,15912.2471293239,75.834,46151584,Latin America & Caribbean,Bogota,-74.082,4.60987,Upper middle income,IBRD
Colombia,CO,COL,2014,,2026-07-13,16480.3631474161,75.95,46565429,Latin America & Caribbean,Bogota,-74.082,4.60987,Upper middle income,IBRD
Colombia,CO,COL,2015,,2026-07-13,16821.3801400631,76.067,46969940,Latin America & Caribbean,Bogota,-74.082,4.60987,Upper middle income,IBRD
Colombia,CO,COL,2023,,2026-07-13,18406.6242338491,77.725,52321152,Latin America & Caribbean,Bogota,-74.082,4.60987,Upper middle income,IBRD
Colombia,CO,COL,2019,,2026-07-13,17336.7716030551,76.793,49907985,Latin America & Caribbean,Bogota,-74.082,4.60987,Upper middle income,IBRD
Colombia,CO,COL,2021,,2026-07-13,17383.0901728295,72.698,51188173,Latin America & Caribbean,Bogota,-74.082,4.60987,Upper middle income,IBRD
Colombia,CO,COL,2022,,2026-07-13,18458.7209460704,76.508,51737944,Latin America & Caribbean,Bogota,-74.082,4.60987,Upper middle income,IBRD
Colombia,CO,COL,2012,,2026-07-13,15279.4790008058,75.611,45715810,Latin America & Caribbean,Bogota,-74.082,4.60987,Upper middle income,IBRD
Colombia,CO,COL,2020,,2026-07-13,15861.4999291295,74.757,50629997,Latin America & Caribbean,Bogota,-74.082,4.60987,Upper middle income,IBRD
Comoros,KM,COM,2007,,2026-07-13,3074.7346796054,61.475,616927,Sub-Saharan Africa,Moroni,43.2418,-11.6986,Lower middle income,IDA
Comoros,KM,COM,2009,,2026-07-13,3171.6035546392,62.302,641947,Sub-Saharan Africa,Moroni,43.2418,-11.6986,Lower middle income,IDA
Comoros,KM,COM,2019,,2026-07-13,3522.66866952646,65.662,786578,Sub-Saharan Africa,Moroni,43.2418,-11.6986,Lower middle income,IDA
Comoros,KM,COM,2008,,2026-07-13,3133.75034704474,61.955,629307,Sub-Saharan Africa,Moroni,43.2418,-11.6986,Lower middle income,IDA
Comoros,KM,COM,2022,,2026-07-13,3465.8402271705,66.481,834188,Sub-Saharan Africa,Moroni,43.2418,-11.6986,Lower middle income,IDA
Comoros,KM,COM,2010,,2026-07-13,3226.63502045267,62.747,654836,Sub-Saharan Africa,Moroni,43.2418,-11.6986,Lower middle income,IDA
Comoros,KM,COM,2017,,2026-07-13,3472.07858942366,65.127,756669,Sub-Saharan Africa,Moroni,43.2418,-11.6986,Lower middle income,IDA
Comoros,KM,COM,2021,,2026-07-13,3449.0435745318,65.201,818174,Sub-Saharan Africa,Moroni,43.2418,-11.6986,Lower middle income,IDA
Comoros,KM,COM,2015,,2026-07-13,3370.5557232032,64.473,726682,Sub-Saharan Africa,Moroni,43.2418,-11.6986,Lower middle income,IDA
Comoros,KM,COM,2023,,2026-07-13,3508.15862331545,66.777,850387,Sub-Saharan Africa,Moroni,43.2418,-11.6986,Lower middle income,IDA
Comoros,KM,COM,2012,,2026-07-13,3330.52446059187,63.463,681630,Sub-Saharan Africa,Moroni,43.2418,-11.6986,Lower middle income,IDA
Comoros,KM,COM,2018,,2026-07-13,3528.95868167877,65.401,771590,Sub-Saharan Africa,Moroni,43.2418,-11.6986,Lower middle income,IDA
Comoros,KM,COM,2005,,2026-07-13,3231.72506154387,60.883,592677,Sub-Saharan Africa,Moroni,43.2418,-11.6986,Lower middle income,IDA
Comoros,KM,COM,2016,,2026-07-13,3411.77123523582,64.792,741741,Sub-Saharan Africa,Moroni,43.2418,-11.6986,Lower middle income,IDA
Comoros,KM,COM,2002,,2026-07-13,3085.93814937142,59.723,558923,Sub-Saharan Africa,Moroni,43.2418,-11.6986,Lower middle income,IDA
Comoros,KM,COM,2013,,2026-07-13,3406.49918649378,63.839,696192,Sub-Saharan Africa,Moroni,43.2418,-11.6986,Lower middle income,IDA
Comoros,KM,COM,2000,,2026-07-13,2917.87154106634,58.941,536080,Sub-Saharan Africa,Moroni,43.2418,-11.6986,Lower middle income,IDA
Comoros,KM,COM,2020,,2026-07-13,3447.47274904772,65.756,802163,Sub-Saharan Africa,Moroni,43.2418,-11.6986,Lower middle income,IDA
Comoros,KM,COM,2006,,2026-07-13,3111.62570879692,61.229,604753,Sub-Saharan Africa,Moroni,43.2418,-11.6986,Lower middle income,IDA
Comoros,KM,COM,2003,,2026-07-13,3085.59675447872,60.24,569798,Sub-Saharan Africa,Moroni,43.2418,-11.6986,Lower middle income,IDA
Comoros,KM,COM,2004,,2026-07-13,3121.51677555024,60.557,580704,Sub-Saharan Africa,Moroni,43.2418,-11.6986,Lower middle income,IDA
Comoros,KM,COM,2001,,2026-07-13,3013.38883096315,59.587,547220,Sub-Saharan Africa,Moroni,43.2418,-11.6986,Lower middle income,IDA
Comoros,KM,COM,2011,,2026-07-13,3293.83407668409,63.105,668056,Sub-Saharan Africa,Moroni,43.2418,-11.6986,Lower middle income,IDA
Comoros,KM,COM,2014,,2026-07-13,3403.41291459985,64.143,711503,Sub-Saharan Africa,Moroni,43.2418,-11.6986,Lower middle income,IDA
"Congo, Dem. Rep.",CD,COD,2010,,2026-07-13,1166.98306581442,56.411,68563038,Sub-Saharan Africa,Kinshasa,15.3222,-4.325,Low income,IDA
"Congo, Dem. Rep.",CD,COD,2001,,2026-07-13,930.85782608082,52.205,52132646,Sub-Saharan Africa,Kinshasa,15.3222,-4.325,Low income,IDA
"Congo, Dem. Rep.",CD,COD,2009,,2026-07-13,1109.18311674431,55.798,66412044,Sub-Saharan Africa,Kinshasa,15.3222,-4.325,Low income,IDA
"Congo, Dem. Rep.",CD,COD,2002,,2026-07-13,929.452807088884,52.371,53750524,Sub-Saharan Africa,Kinshasa,15.3222,-4.325,Low income,IDA
"Congo, Dem. Rep.",CD,COD,2003,,2026-07-13,953.044643242042,52.952,55343867,Sub-Saharan Africa,Kinshasa,15.3222,-4.325,Low income,IDA
"Congo, Dem. Rep.",CD,COD,2004,,2026-07-13,987.746920881562,53.534,56997741,Sub-Saharan Africa,Kinshasa,15.3222,-4.325,Low income,IDA
"Congo, Dem. Rep.",CD,COD,2000,,2026-07-13,981.422080027189,51.887,50507442,Sub-Saharan Africa,Kinshasa,15.3222,-4.325,Low income,IDA
"Congo, Dem. Rep.",CD,COD,2006,,2026-07-13,1036.13329616563,54.498,60615908,Sub-Saharan Africa,Kinshasa,15.3222,-4.325,Low income,IDA
"Congo, Dem. Rep.",CD,COD,2007,,2026-07-13,1091.54081233234,54.954,62477752,Sub-Saharan Africa,Kinshasa,15.3222,-4.325,Low income,IDA
"Congo, Dem. Rep.",CD,COD,2008,,2026-07-13,1137.84087315488,55.388,64390664,Sub-Saharan Africa,Kinshasa,15.3222,-4.325,Low income,IDA
"Congo, Dem. Rep.",CD,COD,2022,,2026-07-13,1484.33841881449,60.979,102396968,Sub-Saharan Africa,Kinshasa,15.3222,-4.325,Low income,IDA
"Congo, Dem. Rep.",CD,COD,2023,,2026-07-13,1559.33806475859,61.895,105789731,Sub-Saharan Africa,Kinshasa,15.3222,-4.325,Low income,IDA
"Congo, Dem. Rep.",CD,COD,2013,,2026-07-13,1342.74156112016,57.795,75789395,Sub-Saharan Africa,Kinshasa,15.3222,-4.325,Low income,IDA
"Congo, Dem. Rep.",CD,COD,2014,,2026-07-13,1392.75841334673,58.236,78403242,Sub-Saharan Africa,Kinshasa,15.3222,-4.325,Low income,IDA
"Congo, Dem. Rep.",CD,COD,2020,,2026-07-13,1361.02791099008,60.428,95989998,Sub-Saharan Africa,Kinshasa,15.3222,-4.325,Low income,IDA
"Congo, Dem. Rep.",CD,COD,2011,,2026-07-13,1124.7720535769,56.911,70849311,Sub-Saharan Africa,Kinshasa,15.3222,-4.325,Low income,IDA
"Congo, Dem. Rep.",CD,COD,2017,,2026-07-13,1395.71961761712,59.495,87083398,Sub-Saharan Africa,Kinshasa,15.3222,-4.325,Low income,IDA
"Congo, Dem. Rep.",CD,COD,2018,,2026-07-13,1431.7285269693,59.926,90047644,Sub-Saharan Africa,Kinshasa,15.3222,-4.325,Low income,IDA
"Congo, Dem. Rep.",CD,COD,2015,,2026-07-13,1433.21579814709,58.658,81035531,Sub-Saharan Africa,Kinshasa,15.3222,-4.325,Low income,IDA
"Congo, Dem. Rep.",CD,COD,2005,,2026-07-13,1016.6338907666,54.001,58775724,Sub-Saharan Africa,Kinshasa,15.3222,-4.325,Low income,IDA
"Congo, Dem. Rep.",CD,COD,2021,,2026-07-13,1402.38560295221,60.044,99148932,Sub-Saharan Africa,Kinshasa,15.3222,-4.325,Low income,IDA
"Congo, Dem. Rep.",CD,COD,2012,,2026-07-13,1182.14074588327,57.35,73254618,Sub-Saharan Africa,Kinshasa,15.3222,-4.325,Low income,IDA
"Congo, Dem. Rep.",CD,COD,2019,,2026-07-13,1394.76461472893,60.242,92947442,Sub-Saharan Africa,Kinshasa,15.3222,-4.325,Low income,IDA
"Congo, Dem. Rep.",CD,COD,2016,,2026-07-13,1388.80163211633,59.081,83956415,Sub-Saharan Africa,Kinshasa,15.3222,-4.325,Low income,IDA
"Congo, Rep.",CG,COG,2000,,2026-07-13,7570.58279297342,55.371,3151345,Sub-Saharan Africa,Brazzaville,15.2662,-4.2767,Lower middle income,Blend
"Congo, Rep.",CG,COG,2002,,2026-07-13,7729.3889014189,56.414,3350771,Sub-Saharan Africa,Brazzaville,15.2662,-4.2767,Lower middle income,Blend
"Congo, Rep.",CG,COG,2014,,2026-07-13,9159.25664414045,63.349,4975880,Sub-Saharan Africa,Brazzaville,15.2662,-4.2767,Lower middle income,Blend
"Congo, Rep.",CG,COG,2011,,2026-07-13,8492.42098392103,62.286,4609724,Sub-Saharan Africa,Brazzaville,15.2662,-4.2767,Lower middle income,Blend
"Congo, Rep.",CG,COG,2001,,2026-07-13,7567.43916817104,55.885,3272537,Sub-Saharan Africa,Brazzaville,15.2662,-4.2767,Lower middle income,Blend
"Congo, Rep.",CG,COG,2013,,2026-07-13,8798.49382506314,62.969,4857099,Sub-Saharan Africa,Brazzaville,15.2662,-4.2767,Lower middle income,Blend
"Congo, Rep.",CG,COG,2003,,2026-07-13,7577.45630456352,57.131,3445753,Sub-Saharan Africa,Brazzaville,15.2662,-4.2767,Lower middle income,Blend
"Congo, Rep.",CG,COG,2004,,2026-07-13,7577.44597274153,57.957,3565554,Sub-Saharan Africa,Brazzaville,15.2662,-4.2767,Lower middle income,Blend
"Congo, Rep.",CG,COG,2012,,2026-07-13,9079.68656400891,62.662,4740450,Sub-Saharan Africa,Brazzaville,15.2662,-4.2767,Lower middle income,Blend
"Congo, Rep.",CG,COG,2023,,2026-07-13,6172.28776650683,65.772,6182885,Sub-Saharan Africa,Brazzaville,15.2662,-4.2767,Lower middle income,Blend
"Congo, Rep.",CG,COG,2007,,2026-07-13,7375.82454100145,60.05,3980430,Sub-Saharan Africa,Brazzaville,15.2662,-4.2767,Lower middle income,Blend
"Congo, Rep.",CG,COG,2008,,2026-07-13,7587.28826163492,60.79,4113517,Sub-Saharan Africa,Brazzaville,15.2662,-4.2767,Lower middle income,Blend
"Congo, Rep.",CG,COG,2015,,2026-07-13,8977.70681641417,63.662,5097581,Sub-Saharan Africa,Brazzaville,15.2662,-4.2767,Lower middle income,Blend
"Congo, Rep.",CG,COG,2006,,2026-07-13,8192.57979719023,59.474,3837409,Sub-Saharan Africa,Brazzaville,15.2662,-4.2767,Lower middle income,Blend
"Congo, Rep.",CG,COG,2018,,2026-07-13,7029.33651566257,64.472,5483118,Sub-Saharan Africa,Brazzaville,15.2662,-4.2767,Lower middle income,Blend
"Congo, Rep.",CG,COG,2019,,2026-07-13,6939.36913397466,63.152,5616661,Sub-Saharan Africa,Brazzaville,15.2662,-4.2767,Lower middle income,Blend
"Congo, Rep.",CG,COG,2009,,2026-07-13,8138.45033818822,61.215,4281219,Sub-Saharan Africa,Brazzaville,15.2662,-4.2767,Lower middle income,Blend
"Congo, Rep.",CG,COG,2010,,2026-07-13,8583.66179834288,61.731,4462290,Sub-Saharan Africa,Brazzaville,15.2662,-4.2767,Lower middle income,Blend
"Congo, Rep.",CG,COG,2022,,2026-07-13,6205.1050414034,65,6035104,Sub-Saharan Africa,Brazzaville,15.2662,-4.2767,Lower middle income,Blend
"Congo, Rep.",CG,COG,2005,,2026-07-13,7876.11806658285,58.73,3696393,Sub-Saharan Africa,Brazzaville,15.2662,-4.2767,Lower middle income,Blend
"Congo, Rep.",CG,COG,2016,,2026-07-13,8001.8255194505,63.911,5222536,Sub-Saharan Africa,Brazzaville,15.2662,-4.2767,Lower middle income,Blend
"Congo, Rep.",CG,COG,2017,,2026-07-13,7372.77046737599,64.203,5351011,Sub-Saharan Africa,Brazzaville,15.2662,-4.2767,Lower middle income,Blend
"Congo, Rep.",CG,COG,2020,,2026-07-13,6350.50913409722,64.391,5752791,Sub-Saharan Africa,Brazzaville,15.2662,-4.2767,Lower middle income,Blend
"Congo, Rep.",CG,COG,2021,,2026-07-13,6263.21161292636,64.192,5892183,Sub-Saharan Africa,Brazzaville,15.2662,-4.2767,Lower middle income,Blend
Costa Rica,CR,CRI,2016,,2026-07-13,21936.4660575366,79.988,4866998,Latin America & Caribbean,San Jose,-84.0089,9.63701,High income,IBRD
Costa Rica,CR,CRI,2017,,2026-07-13,22633.7648663302,79.994,4913177,Latin America & Caribbean,San Jose,-84.0089,9.63701,High income,IBRD
Costa Rica,CR,CRI,2015,,2026-07-13,21265.3176336354,80.407,4818038,Latin America & Caribbean,San Jose,-84.0089,9.63701,High income,IBRD
Costa Rica,CR,CRI,2014,,2026-07-13,20735.1927258406,80.231,4767119,Latin America & Caribbean,San Jose,-84.0089,9.63701,High income,IBRD
Costa Rica,CR,CRI,2000,,2026-07-13,14025.6899537485,77.317,3937739,Latin America & Caribbean,San Jose,-84.0089,9.63701,High income,IBRD
Costa Rica,CR,CRI,2018,,2026-07-13,23069.8622241266,80.09,4957818,Latin America & Caribbean,San Jose,-84.0089,9.63701,High income,IBRD
Costa Rica,CR,CRI,2019,,2026-07-13,23496.8294622995,80.296,4999553,Latin America & Caribbean,San Jose,-84.0089,9.63701,High income,IBRD
Costa Rica,CR,CRI,2003,,2026-07-13,14898.7197394794,78.214,4138784,Latin America & Caribbean,San Jose,-84.0089,9.63701,High income,IBRD
Costa Rica,CR,CRI,2012,,2026-07-13,19970.6856013628,79.925,4663934,Latin America & Caribbean,San Jose,-84.0089,9.63701,High income,IBRD
Costa Rica,CR,CRI,2013,,2026-07-13,20242.2938648319,80.189,4716147,Latin America & Caribbean,San Jose,-84.0089,9.63701,High income,IBRD
Costa Rica,CR,CRI,2021,,2026-07-13,24083.5988182437,78.05,5059988,Latin America & Caribbean,San Jose,-84.0089,9.63701,High income,IBRD
Costa Rica,CR,CRI,2011,,2026-07-13,19264.4566461776,79.624,4609833,Latin America & Caribbean,San Jose,-84.0089,9.63701,High income,IBRD
Costa Rica,CR,CRI,2001,,2026-07-13,14257.525071713,77.609,4008947,Latin America & Caribbean,San Jose,-84.0089,9.63701,High income,IBRD
Costa Rica,CR,CRI,2020,,2026-07-13,22368.1378072638,79.725,5034320,Latin America & Caribbean,San Jose,-84.0089,9.63701,High income,IBRD
Costa Rica,CR,CRI,2023,,2026-07-13,26378.5409941926,80.799,5105525,Latin America & Caribbean,San Jose,-84.0089,9.63701,High income,IBRD
Costa Rica,CR,CRI,2010,,2026-07-13,18670.1678827387,79.354,4555962,Latin America & Caribbean,San Jose,-84.0089,9.63701,High income,IBRD
Costa Rica,CR,CRI,2007,,2026-07-13,17752.4161954513,79.098,4380248,Latin America & Caribbean,San Jose,-84.0089,9.63701,High income,IBRD
Costa Rica,CR,CRI,2022,,2026-07-13,25290.0087466975,79.316,5081765,Latin America & Caribbean,San Jose,-84.0089,9.63701,High income,IBRD
Costa Rica,CR,CRI,2004,,2026-07-13,15330.8832332948,78.512,4200078,Latin America & Caribbean,San Jose,-84.0089,9.63701,High income,IBRD
Costa Rica,CR,CRI,2005,,2026-07-13,15711.7451335337,78.877,4261240,Latin America & Caribbean,San Jose,-84.0089,9.63701,High income,IBRD
Costa Rica,CR,CRI,2006,,2026-07-13,16628.3723014013,79.049,4321340,Latin America & Caribbean,San Jose,-84.0089,9.63701,High income,IBRD
Costa Rica,CR,CRI,2008,,2026-07-13,18343.0996854851,79.18,4440056,Latin America & Caribbean,San Jose,-84.0089,9.63701,High income,IBRD
Costa Rica,CR,CRI,2009,,2026-07-13,17941.5019129465,79.372,4499791,Latin America & Caribbean,San Jose,-84.0089,9.63701,High income,IBRD
Costa Rica,CR,CRI,2002,,2026-07-13,14503.176481607,77.939,4075705,Latin America & Caribbean,San Jose,-84.0089,9.63701,High income,IBRD
Cote d'Ivoire,CI,CIV,2003,,2026-07-13,4060.03041319294,51.443,19125542,Sub-Saharan Africa,Yamoussoukro,-4.0305,5.332,Lower middle income,Blend
Cote d'Ivoire,CI,CIV,2002,,2026-07-13,4368.96040639474,51.544,18654771,Sub-Saharan Africa,Yamoussoukro,-4.0305,5.332,Lower middle income,Blend
Cote d'Ivoire,CI,CIV,2007,,2026-07-13,3999.72054350731,53.452,21030558,Sub-Saharan Africa,Yamoussoukro,-4.0305,5.332,Lower middle income,Blend
Cote d'Ivoire,CI,CIV,2005,,2026-07-13,4032.27570780036,52.432,20068458,Sub-Saharan Africa,Yamoussoukro,-4.0305,5.332,Lower middle income,Blend
Cote d'Ivoire,CI,CIV,2017,,2026-07-13,5556.1547631509,59.315,26733372,Sub-Saharan Africa,Yamoussoukro,-4.0305,5.332,Lower middle income,Blend
Cote d'Ivoire,CI,CIV,2010,,2026-07-13,4338.68457800736,55.282,22488065,Sub-Saharan Africa,Yamoussoukro,-4.0305,5.332,Lower middle income,Blend
Cote d'Ivoire,CI,CIV,2004,,2026-07-13,4088.97542020506,51.939,19595000,Sub-Saharan Africa,Yamoussoukro,-4.0305,5.332,Lower middle income,Blend
Cote d'Ivoire,CI,CIV,2006,,2026-07-13,4049.29028298687,52.885,20546802,Sub-Saharan Africa,Yamoussoukro,-4.0305,5.332,Lower middle income,Blend
Cote d'Ivoire,CI,CIV,2000,,2026-07-13,4838.37602767698,51.393,17699004,Sub-Saharan Africa,Yamoussoukro,-4.0305,5.332,Lower middle income,Blend
Cote d'Ivoire,CI,CIV,2001,,2026-07-13,4609.17878891553,51.428,18178913,Sub-Saharan Africa,Yamoussoukro,-4.0305,5.332,Lower middle income,Blend
Cote d'Ivoire,CI,CIV,2015,,2026-07-13,5110.90021438908,58.281,25246342,Sub-Saharan Africa,Yamoussoukro,-4.0305,5.332,Lower middle income,Blend
Cote d'Ivoire,CI,CIV,2016,,2026-07-13,5320.88582199186,58.814,25989405,Sub-Saharan Africa,Yamoussoukro,-4.0305,5.332,Lower middle income,Blend
Cote d'Ivoire,CI,CIV,2008,,2026-07-13,4096.75377364759,54.179,21514439,Sub-Saharan Africa,Yamoussoukro,-4.0305,5.332,Lower middle income,Blend
Cote d'Ivoire,CI,CIV,2009,,2026-07-13,4151.08431510133,54.744,21997940,Sub-Saharan Africa,Yamoussoukro,-4.0305,5.332,Lower middle income,Blend
Cote d'Ivoire,CI,CIV,2022,,2026-07-13,6272.26395760029,61.562,30395002,Sub-Saharan Africa,Yamoussoukro,-4.0305,5.332,Lower middle income,Blend
Cote d'Ivoire,CI,CIV,2011,,2026-07-13,4017.43753814324,55.972,22982000,Sub-Saharan Africa,Yamoussoukro,-4.0305,5.332,Lower middle income,Blend
Cote d'Ivoire,CI,CIV,2012,,2026-07-13,4234.21187719492,56.57,23467078,Sub-Saharan Africa,Yamoussoukro,-4.0305,5.332,Lower middle income,Blend
Cote d'Ivoire,CI,CIV,2013,,2026-07-13,4597.22035890241,57.057,23939775,Sub-Saharan Africa,Yamoussoukro,-4.0305,5.332,Lower middle income,Blend
Cote d'Ivoire,CI,CIV,2014,,2026-07-13,4907.61080546543,57.772,24527395,Sub-Saharan Africa,Yamoussoukro,-4.0305,5.332,Lower middle income,Blend
Cote d'Ivoire,CI,CIV,2018,,2026-07-13,5670.24199741353,59.795,27464173,Sub-Saharan Africa,Yamoussoukro,-4.0305,5.332,Lower middle income,Blend
Cote d'Ivoire,CI,CIV,2020,,2026-07-13,5787.85814696561,60.14,28915449,Sub-Saharan Africa,Yamoussoukro,-4.0305,5.332,Lower middle income,Blend
Cote d'Ivoire,CI,CIV,2021,,2026-07-13,6045.20480490881,60.29,29639736,Sub-Saharan Africa,Yamoussoukro,-4.0305,5.332,Lower middle income,Blend
Cote d'Ivoire,CI,CIV,2023,,2026-07-13,6520.89886459765,61.944,31165654,Sub-Saharan Africa,Yamoussoukro,-4.0305,5.332,Lower middle income,Blend
Cote d'Ivoire,CI,CIV,2019,,2026-07-13,5894.92235259103,60.274,28193009,Sub-Saharan Africa,Yamoussoukro,-4.0305,5.332,Lower middle income,Blend
Croatia,HR,HRV,2006,,2026-07-13,29035.6749841445,75.8368292682927,4311159,Europe & Central Asia,Zagreb,15.9614,45.8069,High income,IBRD
Croatia,HR,HRV,2018,,2026-07-13,33729.5455811943,77.919512195122,3988775,Europe & Central Asia,Zagreb,15.9614,45.8069,High income,IBRD
Croatia,HR,HRV,2008,,2026-07-13,31113.555007687,75.9121951219512,4309705,Europe & Central Asia,Zagreb,15.9614,45.8069,High income,IBRD
Croatia,HR,HRV,2013,,2026-07-13,28397.9820661555,77.5707317073171,4233922,Europe & Central Asia,Zagreb,15.9614,45.8069,High income,IBRD
Croatia,HR,HRV,2007,,2026-07-13,30508.3061279124,75.7056097560976,4310217,Europe & Central Asia,Zagreb,15.9614,45.8069,High income,IBRD
Croatia,HR,HRV,2023,,2026-07-13,41320.257995772,78.4731707317073,3859686,Europe & Central Asia,Zagreb,15.9614,45.8069,High income,IBRD
Croatia,HR,HRV,2009,,2026-07-13,29024.6640551953,76.1682926829268,4305181,Europe & Central Asia,Zagreb,15.9614,45.8069,High income,IBRD
Croatia,HR,HRV,2016,,2026-07-13,30820.8050421355,77.9219512195122,4106867,Europe & Central Asia,Zagreb,15.9614,45.8069,High income,IBRD
Croatia,HR,HRV,2022,,2026-07-13,39863.9109377649,77.5756097560976,3855641,Europe & Central Asia,Zagreb,15.9614,45.8069,High income,IBRD
Croatia,HR,HRV,2014,,2026-07-13,28456.3353756076,77.7243902439024,4201598,Europe & Central Asia,Zagreb,15.9614,45.8069,High income,IBRD
Croatia,HR,HRV,2021,,2026-07-13,36930.076102199,76.4243902439025,3878981,Europe & Central Asia,Zagreb,15.9614,45.8069,High income,IBRD
Croatia,HR,HRV,2020,,2026-07-13,32493.4017010055,77.5243902439024,3914206,Europe & Central Asia,Zagreb,15.9614,45.8069,High income,IBRD
Croatia,HR,HRV,2017,,2026-07-13,32348.5888556174,77.7268292682927,4041407,Europe & Central Asia,Zagreb,15.9614,45.8069,High income,IBRD
Croatia,HR,HRV,2004,,2026-07-13,26528.5369054362,75.520243902439,4304600,Europe & Central Asia,Zagreb,15.9614,45.8069,High income,IBRD
Croatia,HR,HRV,2015,,2026-07-13,29466.4506365792,77.2756097560976,4151725,Europe & Central Asia,Zagreb,15.9614,45.8069,High income,IBRD
Croatia,HR,HRV,2011,,2026-07-13,28769.0229490882,76.7756097560976,4280622,Europe & Central Asia,Zagreb,15.9614,45.8069,High income,IBRD
Croatia,HR,HRV,2012,,2026-07-13,28259.1638073948,77.1682926829268,4260368,Europe & Central Asia,Zagreb,15.9614,45.8069,High income,IBRD
Croatia,HR,HRV,2003,,2026-07-13,25473.5672036391,74.6139024390244,4303399,Europe & Central Asia,Zagreb,15.9614,45.8069,High income,IBRD
Croatia,HR,HRV,2019,,2026-07-13,35122.7966231008,78.2243902439024,3949390,Europe & Central Asia,Zagreb,15.9614,45.8069,High income,IBRD
Croatia,HR,HRV,2001,,2026-07-13,22826.7217624371,74.5129268292683,4299642,Europe & Central Asia,Zagreb,15.9614,45.8069,High income,IBRD
Croatia,HR,HRV,2002,,2026-07-13,24136.7810227804,74.7173170731707,4302174,Europe & Central Asia,Zagreb,15.9614,45.8069,High income,IBRD
Croatia,HR,HRV,2000,,2026-07-13,21302.4117206381,72.8078048780488,4468302,Europe & Central Asia,Zagreb,15.9614,45.8069,High income,IBRD
Croatia,HR,HRV,2005,,2026-07-13,27641.1374713864,75.2446341463415,4310145,Europe & Central Asia,Zagreb,15.9614,45.8069,High income,IBRD
Croatia,HR,HRV,2010,,2026-07-13,28701.8754573033,76.4756097560976,4295427,Europe & Central Asia,Zagreb,15.9614,45.8069,High income,IBRD
Cuba,CU,CUB,2002,,2026-07-13,,76.766,11177418,Latin America & Caribbean,Havana,-82.3667,23.1333,Upper middle income,Not classified
Cuba,CU,CUB,2000,,2026-07-13,,75.922,11109109,Latin America & Caribbean,Havana,-82.3667,23.1333,Upper middle income,Not classified
Cuba,CU,CUB,2005,,2026-07-13,,77.54,11262554,Latin America & Caribbean,Havana,-82.3667,23.1333,Upper middle income,Not classified
Cuba,CU,CUB,2010,,2026-07-13,,77.876,11297409,Latin America & Caribbean,Havana,-82.3667,23.1333,Upper middle income,Not classified
Cuba,CU,CUB,2023,,2026-07-13,,78.085,11019931,Latin America & Caribbean,Havana,-82.3667,23.1333,Upper middle income,Not classified
Cuba,CU,CUB,2004,,2026-07-13,,77.326,11238756,Latin America & Caribbean,Havana,-82.3667,23.1333,Upper middle income,Not classified
Cuba,CU,CUB,2014,,2026-07-13,,77.825,11285775,Latin America & Caribbean,Havana,-82.3667,23.1333,Upper middle income,Not classified
Cuba,CU,CUB,2001,,2026-07-13,,76.429,11144132,Latin America & Caribbean,Havana,-82.3667,23.1333,Upper middle income,Not classified
Cuba,CU,CUB,2003,,2026-07-13,,77.405,11209383,Latin America & Caribbean,Havana,-82.3667,23.1333,Upper middle income,Not classified
Cuba,CU,CUB,2008,,2026-07-13,,77.589,11291762,Latin America & Caribbean,Havana,-82.3667,23.1333,Upper middle income,Not classified
Cuba,CU,CUB,2009,,2026-07-13,,77.584,11294719,Latin America & Caribbean,Havana,-82.3667,23.1333,Upper middle income,Not classified
Cuba,CU,CUB,2006,,2026-07-13,,77.406,11278550,Latin America & Caribbean,Havana,-82.3667,23.1333,Upper middle income,Not classified
Cuba,CU,CUB,2007,,2026-07-13,,77.55,11287272,Latin America & Caribbean,Havana,-82.3667,23.1333,Upper middle income,Not classified
Cuba,CU,CUB,2021,,2026-07-13,,73.201,11122168,Latin America & Caribbean,Havana,-82.3667,23.1333,Upper middle income,Not classified
Cuba,CU,CUB,2013,,2026-07-13,,78.028,11298167,Latin America & Caribbean,Havana,-82.3667,23.1333,Upper middle income,Not classified
Cuba,CU,CUB,2019,,2026-07-13,,77.413,11202846,Latin America & Caribbean,Havana,-82.3667,23.1333,Upper middle income,Not classified
Cuba,CU,CUB,2022,,2026-07-13,,77.629,11059820,Latin America & Caribbean,Havana,-82.3667,23.1333,Upper middle income,Not classified
Cuba,CU,CUB,2012,,2026-07-13,,78.162,11303175,Latin America & Caribbean,Havana,-82.3667,23.1333,Upper middle income,Not classified
Cuba,CU,CUB,2017,,2026-07-13,,77.3,11247829,Latin America & Caribbean,Havana,-82.3667,23.1333,Upper middle income,Not classified
Cuba,CU,CUB,2018,,2026-07-13,,77.426,11227118,Latin America & Caribbean,Havana,-82.3667,23.1333,Upper middle income,Not classified
Cuba,CU,CUB,2015,,2026-07-13,,77.745,11275065,Latin America & Caribbean,Havana,-82.3667,23.1333,Upper middle income,Not classified
Cuba,CU,CUB,2016,,2026-07-13,,77.571,11265612,Latin America & Caribbean,Havana,-82.3667,23.1333,Upper middle income,Not classified
Cuba,CU,CUB,2011,,2026-07-13,,78.051,11301571,Latin America & Caribbean,Havana,-82.3667,23.1333,Upper middle income,Not classified
Cuba,CU,CUB,2020,,2026-07-13,,77.407,11176354,Latin America & Caribbean,Havana,-82.3667,23.1333,Upper middle income,Not classified
Curacao,CW,CUW,2014,,2026-07-13,31128.6473361746,76.384,155909,Latin America & Caribbean,Willemstad,,,High income,Not classified
Curacao,CW,CUW,2015,,2026-07-13,30861.3207651786,76.482,157980,Latin America & Caribbean,Willemstad,,,High income,Not classified
Curacao,CW,CUW,2001,,2026-07-13,35339.0648639949,73.36,129047,Latin America & Caribbean,Willemstad,,,High income,Not classified
Curacao,CW,CUW,2003,,2026-07-13,34812.7911728195,73.603,131897,Latin America & Caribbean,Willemstad,,,High income,Not classified
Curacao,CW,CUW,2011,,2026-07-13,32704.3558692872,75.576,150831,Latin America & Caribbean,Willemstad,,,High income,Not classified
Curacao,CW,CUW,2000,,2026-07-13,34307.1250633963,73.283,133860,Latin America & Caribbean,Willemstad,,,High income,Not classified
Curacao,CW,CUW,2012,,2026-07-13,32320.8770365245,75.96,152088,Latin America & Caribbean,Willemstad,,,High income,Not classified
Curacao,CW,CUW,2023,,2026-07-13,27617.9204283638,76.8,154654,Latin America & Caribbean,Willemstad,,,High income,Not classified
Curacao,CW,CUW,2013,,2026-07-13,31753.384548357,76.239,153822,Latin America & Caribbean,Willemstad,,,High income,Not classified
Curacao,CW,CUW,2010,,2026-07-13,33004.5542873273,75.117,148703,Latin America & Caribbean,Willemstad,,,High income,Not classified
Curacao,CW,CUW,2009,,2026-07-13,33397.3973952737,74.485,146833,Latin America & Caribbean,Willemstad,,,High income,Not classified
Curacao,CW,CUW,2005,,2026-07-13,33651.5045829526,73.873,137658,Latin America & Caribbean,Willemstad,,,High income,Not classified
Curacao,CW,CUW,2002,,2026-07-13,35435.9975763658,73.472,129205,Latin America & Caribbean,Willemstad,,,High income,Not classified
Curacao,CW,CUW,2016,,2026-07-13,30209.7882553609,76.322,159664,Latin America & Caribbean,Willemstad,,,High income,Not classified
Curacao,CW,CUW,2004,,2026-07-13,34288.7402384635,73.735,134192,Latin America & Caribbean,Willemstad,,,High income,Not classified
Curacao,CW,CUW,2022,,2026-07-13,26734.6458998921,76.729,153321,Latin America & Caribbean,Willemstad,,,High income,Not classified
Curacao,CW,CUW,2006,,2026-07-13,33334.8567825808,73.978,141239,Latin America & Caribbean,Willemstad,,,High income,Not classified
Curacao,CW,CUW,2007,,2026-07-13,33490.2551592184,74.137,144056,Latin America & Caribbean,Willemstad,,,High income,Not classified
Curacao,CW,CUW,2008,,2026-07-13,33795.131116557,74.314,145880,Latin America & Caribbean,Willemstad,,,High income,Not classified
Curacao,CW,CUW,2017,,2026-07-13,29729.1013639498,76.423,160175,Latin America & Caribbean,Willemstad,,,High income,Not classified
Curacao,CW,CUW,2018,,2026-07-13,29256.8157865286,76.493,159336,Latin America & Caribbean,Willemstad,,,High income,Not classified
Curacao,CW,CUW,2019,,2026-07-13,28659.6559014065,76.492,157441,Latin America & Caribbean,Willemstad,,,High income,Not classified
Curacao,CW,CUW,2020,,2026-07-13,23669.7711519128,76.501,155482,Latin America & Caribbean,Willemstad,,,High income,Not classified
Curacao,CW,CUW,2021,,2026-07-13,24905.7684266978,75.686,153948,Latin America & Caribbean,Willemstad,,,High income,Not classified
Cyprus,CY,CYP,2017,,2026-07-13,41417.98828125,81.543,1254275,Europe & Central Asia,Nicosia,33.3736,35.1676,High income,Not classified
Cyprus,CY,CYP,2018,,2026-07-13,43510.03125,81.556,1270737,Europe & Central Asia,Nicosia,33.3736,35.1676,High income,Not classified
Cyprus,CY,CYP,2019,,2026-07-13,45454.17578125,81.454,1286671,Europe & Central Asia,Nicosia,33.3736,35.1676,High income,Not classified
Cyprus,CY,CYP,2021,,2026-07-13,47632.5703125,80.573,1317309,Europe & Central Asia,Nicosia,33.3736,35.1676,High income,Not classified
Cyprus,CY,CYP,2003,,2026-07-13,38617.8125,78.908,999590,Europe & Central Asia,Nicosia,33.3736,35.1676,High income,Not classified
Cyprus,CY,CYP,2004,,2026-07-13,40019.92578125,79.007,1017875,Europe & Central Asia,Nicosia,33.3736,35.1676,High income,Not classified
Cyprus,CY,CYP,2023,,2026-07-13,51674.90234375,81.648,1344976,Europe & Central Asia,Nicosia,33.3736,35.1676,High income,Not classified
Cyprus,CY,CYP,2020,,2026-07-13,43402.359375,81.23,1302247,Europe & Central Asia,Nicosia,33.3736,35.1676,High income,Not classified
Cyprus,CY,CYP,2016,,2026-07-13,39500.8515625,81.534,1237112,Europe & Central Asia,Nicosia,33.3736,35.1676,High income,Not classified
Cyprus,CY,CYP,2014,,2026-07-13,36104.90234375,81.337,1201801,Europe & Central Asia,Nicosia,33.3736,35.1676,High income,Not classified
Cyprus,CY,CYP,2015,,2026-07-13,37258.5,81.464,1219502,Europe & Central Asia,Nicosia,33.3736,35.1676,High income,Not classified
Cyprus,CY,CYP,2022,,2026-07-13,50840.9140625,80.434,1331370,Europe & Central Asia,Nicosia,33.3736,35.1676,High income,Not classified
Cyprus,CY,CYP,2006,,2026-07-13,42595.203125,79.456,1054418,Europe & Central Asia,Nicosia,33.3736,35.1676,High income,Not classified
Cyprus,CY,CYP,2000,,2026-07-13,36121.6640625,77.9,947667,Europe & Central Asia,Nicosia,33.3736,35.1676,High income,Not classified
Cyprus,CY,CYP,2001,,2026-07-13,37146.84375,78.185,964127,Europe & Central Asia,Nicosia,33.3736,35.1676,High income,Not classified
Cyprus,CY,CYP,2009,,2026-07-13,42253.38671875,80.375,1109371,Europe & Central Asia,Nicosia,33.3736,35.1676,High income,Not classified
Cyprus,CY,CYP,2010,,2026-07-13,42102.28125,80.632,1127816,Europe & Central Asia,Nicosia,33.3736,35.1676,High income,Not classified
Cyprus,CY,CYP,2007,,2026-07-13,43823.76171875,79.798,1072714,Europe & Central Asia,Nicosia,33.3736,35.1676,High income,Not classified
Cyprus,CY,CYP,2008,,2026-07-13,44295.62890625,79.906,1091026,Europe & Central Asia,Nicosia,33.3736,35.1676,High income,Not classified
Cyprus,CY,CYP,2013,,2026-07-13,36650.5703125,81.317,1183895,Europe & Central Asia,Nicosia,33.3736,35.1676,High income,Not classified
Cyprus,CY,CYP,2005,,2026-07-13,41362.09375,79.198,1036151,Europe & Central Asia,Nicosia,33.3736,35.1676,High income,Not classified
Cyprus,CY,CYP,2011,,2026-07-13,41212.6875,80.855,1146493,Europe & Central Asia,Nicosia,33.3736,35.1676,High income,Not classified
Cyprus,CY,CYP,2012,,2026-07-13,39190.22265625,81.128,1165397,Europe & Central Asia,Nicosia,33.3736,35.1676,High income,Not classified
Cyprus,CY,CYP,2002,,2026-07-13,38090.77734375,78.758,981440,Europe & Central Asia,Nicosia,33.3736,35.1676,High income,Not classified
Czechia,CZ,CZE,2008,,2026-07-13,40328.3426630095,76.9756097560976,10384603,Europe & Central Asia,Prague,14.4205,50.0878,High income,Not classified
Czechia,CZ,CZE,2009,,2026-07-13,38175.1422773334,77.0780487804878,10443936,Europe & Central Asia,Prague,14.4205,50.0878,High income,Not classified
Czechia,CZ,CZE,2010,,2026-07-13,39097.3886218756,77.4243902439025,10474410,Europe & Central Asia,Prague,14.4205,50.0878,High income,Not classified
Czechia,CZ,CZE,2011,,2026-07-13,39708.1626280195,77.8731707317073,10496088,Europe & Central Asia,Prague,14.4205,50.0878,High income,Not classified
Czechia,CZ,CZE,2020,,2026-07-13,45119.9387309139,78.2268292682927,10697858,Europe & Central Asia,Prague,14.4205,50.0878,High income,Not classified
Czechia,CZ,CZE,2007,,2026-07-13,39629.0061324728,76.7243902439025,10298828,Europe & Central Asia,Prague,14.4205,50.0878,High income,Not classified
Czechia,CZ,CZE,2013,,2026-07-13,39317.5535692377,78.1756097560976,10514272,Europe & Central Asia,Prague,14.4205,50.0878,High income,Not classified
Czechia,CZ,CZE,2001,,2026-07-13,30399.8730764283,75.1731707317073,10216605,Europe & Central Asia,Prague,14.4205,50.0878,High income,Not classified
Czechia,CZ,CZE,2002,,2026-07-13,30919.549661870202,75.2219512195122,10196916,Europe & Central Asia,Prague,14.4205,50.0878,High income,Not classified
Czechia,CZ,CZE,2000,,2026-07-13,29427.4070011514,74.9682926829268,10255063,Europe & Central Asia,Prague,14.4205,50.0878,High income,Not classified
Czechia,CZ,CZE,2004,,2026-07-13,33452.3408000614,75.7219512195122,10197101,Europe & Central Asia,Prague,14.4205,50.0878,High income,Not classified
Czechia,CZ,CZE,2005,,2026-07-13,35535.7479961511,75.9243902439025,10211216,Europe & Central Asia,Prague,14.4205,50.0878,High income,Not classified
Czechia,CZ,CZE,2006,,2026-07-13,37786.8781740905,76.5243902439024,10238905,Europe & Central Asia,Prague,14.4205,50.0878,High income,Not classified
Czechia,CZ,CZE,2003,,2026-07-13,31949.2963145034,75.1707317073171,10193998,Europe & Central Asia,Prague,14.4205,50.0878,High income,Not classified
Czechia,CZ,CZE,2012,,2026-07-13,39347.0492956846,78.0756097560976,10510785,Europe & Central Asia,Prague,14.4205,50.0878,High income,Not classified
Czechia,CZ,CZE,2017,,2026-07-13,45177.5226053634,78.9780487804878,10594438,Europe & Central Asia,Prague,14.4205,50.0878,High income,Not classified
Czechia,CZ,CZE,2021,,2026-07-13,47796.0337408466,77.2219512195122,10505772,Europe & Central Asia,Prague,14.4205,50.0878,High income,Not classified
Czechia,CZ,CZE,2015,,2026-07-13,42066.5759800801,78.5780487804878,10546059,Europe & Central Asia,Prague,14.4205,50.0878,High income,Not classified
Czechia,CZ,CZE,2016,,2026-07-13,43069.4659744727,79.0268292682927,10566332,Europe & Central Asia,Prague,14.4205,50.0878,High income,Not classified
Czechia,CZ,CZE,2023,,2026-07-13,47558.4106763314,79.8268292682927,10864042,Europe & Central Asia,Prague,14.4205,50.0878,High income,Not classified
Czechia,CZ,CZE,2014,,2026-07-13,40158.0164275735,78.8243902439024,10525347,Europe & Central Asia,Prague,14.4205,50.0878,High income,Not classified
Czechia,CZ,CZE,2019,,2026-07-13,47763.6165520254,79.2292682926829,10671870,Europe & Central Asia,Prague,14.4205,50.0878,High income,Not classified
Czechia,CZ,CZE,2022,,2026-07-13,48390.661678675,78.9292682926829,10672118,Europe & Central Asia,Prague,14.4205,50.0878,High income,Not classified
Czechia,CZ,CZE,2018,,2026-07-13,46301.082036029,79.0292682926829,10629928,Europe & Central Asia,Prague,14.4205,50.0878,High income,Not classified
Denmark,DK,DNK,2012,,2026-07-13,60161.7010660256,80.0512195121951,5591572,Europe & Central Asia,Copenhagen,12.5681,55.6763,High income,Not classified
Denmark,DK,DNK,2010,,2026-07-13,59856.3490860003,79.1,5547683,Europe & Central Asia,Copenhagen,12.5681,55.6763,High income,Not classified
Denmark,DK,DNK,2011,,2026-07-13,60391.7799332206,79.8,5570572,Europe & Central Asia,Copenhagen,12.5681,55.6763,High income,Not classified
Denmark,DK,DNK,2016,,2026-07-13,63468.9888246814,80.8536585365854,5728010,Europe & Central Asia,Copenhagen,12.5681,55.6763,High income,Not classified
Denmark,DK,DNK,2023,,2026-07-13,68993.9031100362,81.7536585365854,5946952,Europe & Central Asia,Copenhagen,12.5681,55.6763,High income,Not classified
Denmark,DK,DNK,2013,,2026-07-13,60745.7784800252,80.3,5614932,Europe & Central Asia,Copenhagen,12.5681,55.6763,High income,Not classified
Denmark,DK,DNK,2009,,2026-07-13,59185.967750553304,78.5975609756098,5523095,Europe & Central Asia,Copenhagen,12.5681,55.6763,High income,Not classified
Denmark,DK,DNK,2018,,2026-07-13,65870.8302554341,80.9536585365854,5793636,Europe & Central Asia,Copenhagen,12.5681,55.6763,High income,Not classified
Denmark,DK,DNK,2015,,2026-07-13,62059.1285991721,80.7024390243902,5683483,Europe & Central Asia,Copenhagen,12.5681,55.6763,High income,Not classified
Denmark,DK,DNK,2002,,2026-07-13,58003.8882572641,76.8951219512195,5375931,Europe & Central Asia,Copenhagen,12.5681,55.6763,High income,Not classified
Denmark,DK,DNK,2017,,2026-07-13,64989.4459872347,81.1024390243903,5764980,Europe & Central Asia,Copenhagen,12.5681,55.6763,High income,Not classified
Denmark,DK,DNK,2022,,2026-07-13,69089.4692492289,81.3048780487805,5903037,Europe & Central Asia,Copenhagen,12.5681,55.6763,High income,Not classified
Denmark,DK,DNK,2019,,2026-07-13,66758.6323346131,81.4512195121951,5814422,Europe & Central Asia,Copenhagen,12.5681,55.6763,High income,Not classified
Denmark,DK,DNK,2020,,2026-07-13,65379.3066120995,81.6024390243903,5831404,Europe & Central Asia,Copenhagen,12.5681,55.6763,High income,Not classified
Denmark,DK,DNK,2021,,2026-07-13,69327.998216527,81.4048780487805,5856733,Europe & Central Asia,Copenhagen,12.5681,55.6763,High income,Not classified
Denmark,DK,DNK,2003,,2026-07-13,58101.4809549972,77.1439024390244,5390574,Europe & Central Asia,Copenhagen,12.5681,55.6763,High income,Not classified
Denmark,DK,DNK,2014,,2026-07-13,61210.9490922919,80.7,5643475,Europe & Central Asia,Copenhagen,12.5681,55.6763,High income,Not classified
Denmark,DK,DNK,2001,,2026-07-13,57925.0542954115,76.7926829268293,5358783,Europe & Central Asia,Copenhagen,12.5681,55.6763,High income,Not classified
Denmark,DK,DNK,2006,,2026-07-13,62911.3931382937,78.0951219512195,5437272,Europe & Central Asia,Copenhagen,12.5681,55.6763,High income,Not classified
Denmark,DK,DNK,2007,,2026-07-13,63251.3169416725,78.1951219512195,5461438,Europe & Central Asia,Copenhagen,12.5681,55.6763,High income,Not classified
Denmark,DK,DNK,2004,,2026-07-13,59560.4599503941,77.4926829268293,5404523,Europe & Central Asia,Copenhagen,12.5681,55.6763,High income,Not classified
Denmark,DK,DNK,2005,,2026-07-13,60798.1351548444,77.8439024390244,5419432,Europe & Central Asia,Copenhagen,12.5681,55.6763,High income,Not classified
Denmark,DK,DNK,2008,,2026-07-13,62618.4499382451,78.4463414634146,5493621,Europe & Central Asia,Copenhagen,12.5681,55.6763,High income,Not classified
Denmark,DK,DNK,2000,,2026-07-13,57585.8965553524,76.5926829268293,5339616,Europe & Central Asia,Copenhagen,12.5681,55.6763,High income,Not classified
Djibouti,DJ,DJI,2003,,2026-07-13,,58.041,813519,"Middle East, North Africa, Afghanistan & Pakistan",Djibouti,43.1425,11.5806,Lower middle income,IDA
Djibouti,DJ,DJI,2001,,2026-07-13,,57.506,771313,"Middle East, North Africa, Afghanistan & Pakistan",Djibouti,43.1425,11.5806,Lower middle income,IDA
Djibouti,DJ,DJI,2006,,2026-07-13,,58.962,855764,"Middle East, North Africa, Afghanistan & Pakistan",Djibouti,43.1425,11.5806,Lower middle income,IDA
Djibouti,DJ,DJI,2004,,2026-07-13,,58.103,826124,"Middle East, North Africa, Afghanistan & Pakistan",Djibouti,43.1425,11.5806,Lower middle income,IDA
Djibouti,DJ,DJI,2013,,2026-07-13,4469.07409933135,62.116,984824,"Middle East, North Africa, Afghanistan & Pakistan",Djibouti,43.1425,11.5806,Lower middle income,IDA
Djibouti,DJ,DJI,2002,,2026-07-13,,57.824,795574,"Middle East, North Africa, Afghanistan & Pakistan",Djibouti,43.1425,11.5806,Lower middle income,IDA
Djibouti,DJ,DJI,2000,,2026-07-13,,56.734,747318,"Middle East, North Africa, Afghanistan & Pakistan",Djibouti,43.1425,11.5806,Lower middle income,IDA
Djibouti,DJ,DJI,2017,,2026-07-13,5421.95649149613,63.71,1054841,"Middle East, North Africa, Afghanistan & Pakistan",Djibouti,43.1425,11.5806,Lower middle income,IDA
Djibouti,DJ,DJI,2007,,2026-07-13,,59.362,874528,"Middle East, North Africa, Afghanistan & Pakistan",Djibouti,43.1425,11.5806,Lower middle income,IDA
Djibouti,DJ,DJI,2008,,2026-07-13,,59.815,892734,"Middle East, North Africa, Afghanistan & Pakistan",Djibouti,43.1425,11.5806,Lower middle income,IDA
Djibouti,DJ,DJI,2005,,2026-07-13,,58.548,839167,"Middle East, North Africa, Afghanistan & Pakistan",Djibouti,43.1425,11.5806,Lower middle income,IDA
Djibouti,DJ,DJI,2010,,2026-07-13,,60.743,930251,"Middle East, North Africa, Afghanistan & Pakistan",Djibouti,43.1425,11.5806,Lower middle income,IDA
Djibouti,DJ,DJI,2011,,2026-07-13,,61.337,948558,"Middle East, North Africa, Afghanistan & Pakistan",Djibouti,43.1425,11.5806,Lower middle income,IDA
Djibouti,DJ,DJI,2012,,2026-07-13,,61.719,966747,"Middle East, North Africa, Afghanistan & Pakistan",Djibouti,43.1425,11.5806,Lower middle income,IDA
Djibouti,DJ,DJI,2009,,2026-07-13,,60.351,911527,"Middle East, North Africa, Afghanistan & Pakistan",Djibouti,43.1425,11.5806,Lower middle income,IDA
Djibouti,DJ,DJI,2016,,2026-07-13,5226.50026106607,63.335,1037653,"Middle East, North Africa, Afghanistan & Pakistan",Djibouti,43.1425,11.5806,Lower middle income,IDA
Djibouti,DJ,DJI,2021,,2026-07-13,5960.10807396825,63.83,1121248,"Middle East, North Africa, Afghanistan & Pakistan",Djibouti,43.1425,11.5806,Lower middle income,IDA
Djibouti,DJ,DJI,2018,,2026-07-13,5590.50426604853,64.105,1071882,"Middle East, North Africa, Afghanistan & Pakistan",Djibouti,43.1425,11.5806,Lower middle income,IDA
Djibouti,DJ,DJI,2014,,2026-07-13,4705.04926772184,62.427,1002717,"Middle East, North Africa, Afghanistan & Pakistan",Djibouti,43.1425,11.5806,Lower middle income,IDA
Djibouti,DJ,DJI,2020,,2026-07-13,5791.47767679877,64.2,1105188,"Middle East, North Africa, Afghanistan & Pakistan",Djibouti,43.1425,11.5806,Lower middle income,IDA
Djibouti,DJ,DJI,2015,,2026-07-13,4961.8681860592,62.833,1020313,"Middle East, North Africa, Afghanistan & Pakistan",Djibouti,43.1425,11.5806,Lower middle income,IDA
Djibouti,DJ,DJI,2022,,2026-07-13,6180.67998594606,65.54,1137096,"Middle East, North Africa, Afghanistan & Pakistan",Djibouti,43.1425,11.5806,Lower middle income,IDA
Djibouti,DJ,DJI,2019,,2026-07-13,5809.30455041341,64.381,1088709,"Middle East, North Africa, Afghanistan & Pakistan",Djibouti,43.1425,11.5806,Lower middle income,IDA
Djibouti,DJ,DJI,2023,,2026-07-13,6510.67859061619,65.987,1152944,"Middle East, North Africa, Afghanistan & Pakistan",Djibouti,43.1425,11.5806,Lower middle income,IDA
Dominica,DM,DMA,2004,,2026-07-13,14962.2456326016,71.987,68649,Latin America & Caribbean,Roseau,-61.39,15.2976,Upper middle income,Blend
Dominica,DM,DMA,2005,,2026-07-13,15080.5206040984,72.016,68734,Latin America & Caribbean,Roseau,-61.39,15.2976,Upper middle income,Blend
Dominica,DM,DMA,2002,,2026-07-13,13640.70330575,71.927,68367,Latin America & Caribbean,Roseau,-61.39,15.2976,Upper middle income,Blend
Dominica,DM,DMA,2003,,2026-07-13,14398.0017636834,71.942,68531,Latin America & Caribbean,Roseau,-61.39,15.2976,Upper middle income,Blend
Dominica,DM,DMA,2015,,2026-07-13,16920.9126555668,69.968,70410,Latin America & Caribbean,Roseau,-61.39,15.2976,Upper middle income,Blend
Dominica,DM,DMA,2016,,2026-07-13,17364.0773046793,71.189,69606,Latin America & Caribbean,Roseau,-61.39,15.2976,Upper middle income,Blend
Dominica,DM,DMA,2001,,2026-07-13,14091.5491387572,71.862,68288,Latin America & Caribbean,Roseau,-61.39,15.2976,Upper middle income,Blend
Dominica,DM,DMA,2013,,2026-07-13,17282.6368040368,71.228,69715,Latin America & Caribbean,Roseau,-61.39,15.2976,Upper middle income,Blend
Dominica,DM,DMA,2007,,2026-07-13,16560.5179009944,71.901,68847,Latin America & Caribbean,Roseau,-61.39,15.2976,Upper middle income,Blend
Dominica,DM,DMA,2014,,2026-07-13,17520.8546265613,71.189,70373,Latin America & Caribbean,Roseau,-61.39,15.2976,Upper middle income,Blend
Dominica,DM,DMA,2018,,2026-07-13,16877.1244880642,71.378,68174,Latin America & Caribbean,Roseau,-61.39,15.2976,Upper middle income,Blend
Dominica,DM,DMA,2017,,2026-07-13,16314.2295558891,68.62,68496,Latin America & Caribbean,Roseau,-61.39,15.2976,Upper middle income,Blend
Dominica,DM,DMA,2009,,2026-07-13,17534.0339616963,71.835,68864,Latin America & Caribbean,Roseau,-61.39,15.2976,Upper middle income,Blend
Dominica,DM,DMA,2006,,2026-07-13,15727.7053232323,72.007,68806,Latin America & Caribbean,Roseau,-61.39,15.2976,Upper middle income,Blend
Dominica,DM,DMA,2011,,2026-07-13,17475.0411061698,71.517,69053,Latin America & Caribbean,Roseau,-61.39,15.2976,Upper middle income,Blend
Dominica,DM,DMA,2008,,2026-07-13,17738.0405685048,71.945,68854,Latin America & Caribbean,Roseau,-61.39,15.2976,Upper middle income,Blend
Dominica,DM,DMA,2000,,2026-07-13,14054.6548016043,71.715,68511,Latin America & Caribbean,Roseau,-61.39,15.2976,Upper middle income,Blend
Dominica,DM,DMA,2010,,2026-07-13,17516.7879573152,71.68,68859,Latin America & Caribbean,Roseau,-61.39,15.2976,Upper middle income,Blend
Dominica,DM,DMA,2021,,2026-07-13,15808.9743503945,69.832,67202,Latin America & Caribbean,Roseau,-61.39,15.2976,Upper middle income,Blend
Dominica,DM,DMA,2012,,2026-07-13,17431.1288003063,71.391,69118,Latin America & Caribbean,Roseau,-61.39,15.2976,Upper middle income,Blend
Dominica,DM,DMA,2019,,2026-07-13,17619.4335416769,71.305,67880,Latin America & Caribbean,Roseau,-61.39,15.2976,Upper middle income,Blend
Dominica,DM,DMA,2020,,2026-07-13,14919.5307686719,71.269,67573,Latin America & Caribbean,Roseau,-61.39,15.2976,Upper middle income,Blend
Dominica,DM,DMA,2022,,2026-07-13,17550.8009946466,71.081,66826,Latin America & Caribbean,Roseau,-61.39,15.2976,Upper middle income,Blend
Dominica,DM,DMA,2023,,2026-07-13,18278.2253401989,71.132,66510,Latin America & Caribbean,Roseau,-61.39,15.2976,Upper middle income,Blend
Dominican Republic,DO,DOM,2019,,2026-07-13,21451.286441995,73.112,10894043,Latin America & Caribbean,Santo Domingo,-69.8908,18.479,Upper middle income,IBRD
Dominican Republic,DO,DOM,2001,,2026-07-13,10991.1363420488,70.553,8720283,Latin America & Caribbean,Santo Domingo,-69.8908,18.479,Upper middle income,IBRD
Dominican Republic,DO,DOM,2018,,2026-07-13,20662.848586153,73.555,10782053,Latin America & Caribbean,Santo Domingo,-69.8908,18.479,Upper middle income,IBRD
Dominican Republic,DO,DOM,2014,,2026-07-13,16993.587444403,73.145,10315528,Latin America & Caribbean,Santo Domingo,-69.8908,18.479,Upper middle income,IBRD
Dominican Republic,DO,DOM,2017,,2026-07-13,19501.8743054078,73.37,10666843,Latin America & Caribbean,Santo Domingo,-69.8908,18.479,Upper middle income,IBRD
Dominican Republic,DO,DOM,2021,,2026-07-13,22053.4589869955,71.757,11123476,Latin America & Caribbean,Santo Domingo,-69.8908,18.479,Upper middle income,IBRD
Dominican Republic,DO,DOM,2004,,2026-07-13,11131.2709216332,70.73,9104892,Latin America & Caribbean,Santo Domingo,-69.8908,18.479,Upper middle income,IBRD
Dominican Republic,DO,DOM,2023,,2026-07-13,23282.4895071054,73.72,11331265,Latin America & Caribbean,Santo Domingo,-69.8908,18.479,Upper middle income,IBRD
Dominican Republic,DO,DOM,2020,,2026-07-13,19545.4099552943,72.636,11008300,Latin America & Caribbean,Santo Domingo,-69.8908,18.479,Upper middle income,IBRD
Dominican Republic,DO,DOM,2000,,2026-07-13,10896.3184155964,70.365,8584190,Latin America & Caribbean,Santo Domingo,-69.8908,18.479,Upper middle income,IBRD
Dominican Republic,DO,DOM,2015,,2026-07-13,17973.1870256815,72.982,10434829,Latin America & Caribbean,Santo Domingo,-69.8908,18.479,Upper middle income,IBRD
Dominican Republic,DO,DOM,2016,,2026-07-13,18968.9752386179,72.889,10551430,Latin America & Caribbean,Santo Domingo,-69.8908,18.479,Upper middle income,IBRD
Dominican Republic,DO,DOM,2022,,2026-07-13,22986.95808105,74.211,11230734,Latin America & Caribbean,Santo Domingo,-69.8908,18.479,Upper middle income,IBRD
Dominican Republic,DO,DOM,2006,,2026-07-13,12961.9183632133,71.054,9341183,Latin America & Caribbean,Santo Domingo,-69.8908,18.479,Upper middle income,IBRD
Dominican Republic,DO,DOM,2007,,2026-07-13,13754.9212674095,71.097,9455658,Latin America & Caribbean,Santo Domingo,-69.8908,18.479,Upper middle income,IBRD
Dominican Republic,DO,DOM,2002,,2026-07-13,11313.0690271273,70.719,8852235,Latin America & Caribbean,Santo Domingo,-69.8908,18.479,Upper middle income,IBRD
Dominican Republic,DO,DOM,2009,,2026-07-13,13992.4103270189,71.587,9695265,Latin America & Caribbean,Santo Domingo,-69.8908,18.479,Upper middle income,IBRD
Dominican Republic,DO,DOM,2010,,2026-07-13,14975.0010126958,72.039,9820175,Latin America & Caribbean,Santo Domingo,-69.8908,18.479,Upper middle income,IBRD
Dominican Republic,DO,DOM,2011,,2026-07-13,15258.0858148503,72.496,9945621,Latin America & Caribbean,Santo Domingo,-69.8908,18.479,Upper middle income,IBRD
Dominican Republic,DO,DOM,2008,,2026-07-13,14030.1411084465,71.331,9573130,Latin America & Caribbean,Santo Domingo,-69.8908,18.479,Upper middle income,IBRD
Dominican Republic,DO,DOM,2013,,2026-07-13,16054.7677297656,73.038,10193833,Latin America & Caribbean,Santo Domingo,-69.8908,18.479,Upper middle income,IBRD
Dominican Republic,DO,DOM,2005,,2026-07-13,12022.5080544053,71.043,9225034,Latin America & Caribbean,Santo Domingo,-69.8908,18.479,Upper middle income,IBRD
Dominican Republic,DO,DOM,2003,,2026-07-13,11000.8684059352,70.856,8980620,Latin America & Caribbean,Santo Domingo,-69.8908,18.479,Upper middle income,IBRD
Dominican Republic,DO,DOM,2012,,2026-07-13,15487.2776356321,72.817,10070411,Latin America & Caribbean,Santo Domingo,-69.8908,18.479,Upper middle income,IBRD
Early-demographic dividend,V2,EAR,2009,,2026-07-13,7719.71496411512,67.496408245139,2921563644,Aggregates,,,,Aggregates,Aggregates
Early-demographic dividend,V2,EAR,2010,,2026-07-13,8103.6486900692,67.8244434669729,2967104472,Aggregates,,,,Aggregates,Aggregates
Early-demographic dividend,V2,EAR,2011,,2026-07-13,8395.01641616273,68.2600380693651,3013476947,Aggregates,,,,Aggregates,Aggregates
Early-demographic dividend,V2,EAR,2022,,2026-07-13,11282.8843924963,71.4304552508694,3470644834,Aggregates,,,,Aggregates,Aggregates
Early-demographic dividend,V2,EAR,2012,,2026-07-13,8611.15721165569,68.6094630284121,3058869436,Aggregates,,,,Aggregates,Aggregates
Early-demographic dividend,V2,EAR,2008,,2026-07-13,7695.4992635113,67.0218187568003,2875943965,Aggregates,,,,Aggregates,Aggregates
Early-demographic dividend,V2,EAR,2001,,2026-07-13,6085.68280987423,64.55670545203,2556335424,Aggregates,,,,Aggregates,Aggregates
Early-demographic dividend,V2,EAR,2000,,2026-07-13,6087.28134364184,64.2196098284934,2509431470,Aggregates,,,,Aggregates,Aggregates
Early-demographic dividend,V2,EAR,2002,,2026-07-13,6127.9339354675,64.9680746751559,2601917557,Aggregates,,,,Aggregates,Aggregates
Early-demographic dividend,V2,EAR,2003,,2026-07-13,6349.71825063627,65.2791550496845,2647109296,Aggregates,,,,Aggregates,Aggregates
Early-demographic dividend,V2,EAR,2004,,2026-07-13,6636.18276752838,65.5132392756465,2693184997,Aggregates,,,,Aggregates,Aggregates
Early-demographic dividend,V2,EAR,2005,,2026-07-13,6923.1133842399,65.9797864104925,2738846905,Aggregates,,,,Aggregates,Aggregates
Early-demographic dividend,V2,EAR,2006,,2026-07-13,7235.7951660671,66.3919300050345,2784726644,Aggregates,,,,Aggregates,Aggregates
Early-demographic dividend,V2,EAR,2007,,2026-07-13,7545.60161194471,66.7605467353128,2830531957,Aggregates,,,,Aggregates,Aggregates
Early-demographic dividend,V2,EAR,2021,,2026-07-13,10742.1039496291,68.1790994839634,3432026092,Aggregates,,,,Aggregates,Aggregates
Early-demographic dividend,V2,EAR,2013,,2026-07-13,8851.68203650431,68.962837783411,3103677284,Aggregates,,,,Aggregates,Aggregates
Early-demographic dividend,V2,EAR,2014,,2026-07-13,9135.22651387837,69.3249758824304,3146800078,Aggregates,,,,Aggregates,Aggregates
Early-demographic dividend,V2,EAR,2015,,2026-07-13,9461.90923467549,69.6305484421664,3190318707,Aggregates,,,,Aggregates,Aggregates
Early-demographic dividend,V2,EAR,2016,,2026-07-13,9809.61992015041,69.9484837084835,3233033717,Aggregates,,,,Aggregates,Aggregates
Early-demographic dividend,V2,EAR,2017,,2026-07-13,10168.9948852815,70.2729949393554,3274060446,Aggregates,,,,Aggregates,Aggregates
Early-demographic dividend,V2,EAR,2018,,2026-07-13,10473.9534525465,70.5486659921504,3314245247,Aggregates,,,,Aggregates,Aggregates
Early-demographic dividend,V2,EAR,2019,,2026-07-13,10646.4619363587,70.8424064605001,3355014793,Aggregates,,,,Aggregates,Aggregates
Early-demographic dividend,V2,EAR,2020,,2026-07-13,10109.6737751343,69.8801308490982,3396051187,Aggregates,,,,Aggregates,Aggregates
Early-demographic dividend,V2,EAR,2023,,2026-07-13,11661.5918962624,71.7962449795855,3511607650,Aggregates,,,,Aggregates,Aggregates
East Asia & Pacific,Z4,EAS,2013,,2026-07-13,15817.3941720124,75.3347729864006,2267072102,Aggregates,,,,Aggregates,Aggregates
East Asia & Pacific,Z4,EAS,2014,,2026-07-13,16527.9651914163,75.5644270391791,2284385542,Aggregates,,,,Aggregates,Aggregates
East Asia & Pacific,Z4,EAS,2012,,2026-07-13,15098.1782758143,75.1059726864745,2249081393,Aggregates,,,,Aggregates,Aggregates
East Asia & Pacific,Z4,EAS,2010,,2026-07-13,13696.2947762482,74.6299790050688,2214613815,Aggregates,,,,Aggregates,Aggregates
East Asia & Pacific,Z4,EAS,2015,,2026-07-13,17242.0281854081,75.7926010192992,2300844269,Aggregates,,,,Aggregates,Aggregates
East Asia & Pacific,Z4,EAS,2016,,2026-07-13,17975.4681423015,75.9870166732102,2317076058,Aggregates,,,,Aggregates,Aggregates
East Asia & Pacific,Z4,EAS,2017,,2026-07-13,18809.5074896107,76.0789923585537,2333475520,Aggregates,,,,Aggregates,Aggregates
East Asia & Pacific,Z4,EAS,2011,,2026-07-13,14400.6590412877,74.8252830592191,2230826576,Aggregates,,,,Aggregates,Aggregates
East Asia & Pacific,Z4,EAS,2019,,2026-07-13,20432.9804270249,76.5862412994962,2359762190,Aggregates,,,,Aggregates,Aggregates
East Asia & Pacific,Z4,EAS,2020,,2026-07-13,20334.2253803516,76.5433946923267,2369420882,Aggregates,,,,Aggregates,Aggregates
East Asia & Pacific,Z4,EAS,2021,,2026-07-13,21598.5847592384,76.152941315904,2375117716,Aggregates,,,,Aggregates,Aggregates
East Asia & Pacific,Z4,EAS,2018,,2026-07-13,19664.4172118015,76.3914229383171,2347576325,Aggregates,,,,Aggregates,Aggregates
East Asia & Pacific,Z4,EAS,2023,,2026-07-13,23181.8602930067,76.6572021082574,2384441485,Aggregates,,,,Aggregates,Aggregates
East Asia & Pacific,Z4,EAS,2001,,2026-07-13,8556.30560152029,72.0413059988773,2068682053,Aggregates,,,,Aggregates,Aggregates
East Asia & Pacific,Z4,EAS,2002,,2026-07-13,8914.78213693978,72.3571058107458,2086144389,Aggregates,,,,Aggregates,Aggregates
East Asia & Pacific,Z4,EAS,2022,,2026-07-13,22275.3875573423,76.6767167147452,2379617118,Aggregates,,,,Aggregates,Aggregates
East Asia & Pacific,Z4,EAS,2004,,2026-07-13,9862.16262997671,72.812660596894,2118747885,Aggregates,,,,Aggregates,Aggregates
East Asia & Pacific,Z4,EAS,2005,,2026-07-13,10431.1095006537,73.2984345512681,2134573057,Aggregates,,,,Aggregates,Aggregates
East Asia & Pacific,Z4,EAS,2006,,2026-07-13,11097.9739919682,73.5640440034614,2150688938,Aggregates,,,,Aggregates,Aggregates
East Asia & Pacific,Z4,EAS,2003,,2026-07-13,9336.59013882495,72.7346908938812,2102761941,Aggregates,,,,Aggregates,Aggregates
East Asia & Pacific,Z4,EAS,2008,,2026-07-13,12431.1482309746,73.8481629943997,2183472438,Aggregates,,,,Aggregates,Aggregates
East Asia & Pacific,Z4,EAS,2009,,2026-07-13,12758.3950797594,74.3683471715786,2199148703,Aggregates,,,,Aggregates,Aggregates
East Asia & Pacific,Z4,EAS,2000,,2026-07-13,8325.62081782919,71.7028323240299,2050149617,Aggregates,,,,Aggregates,Aggregates
East Asia & Pacific,Z4,EAS,2007,,2026-07-13,11921.896725096,73.8948513504332,2167046538,Aggregates,,,,Aggregates,Aggregates
East Asia & Pacific (excluding high income),4E,EAP,2002,,2026-07-13,5242.15464773335,71.3967499620569,1852659155,Aggregates,,,,Aggregates,Aggregates
East Asia & Pacific (excluding high income),4E,EAP,2003,,2026-07-13,5642.12208266042,71.80399562865,1868409996,Aggregates,,,,Aggregates,Aggregates
East Asia & Pacific (excluding high income),4E,EAP,2004,,2026-07-13,6083.62646258877,71.8588009229193,1883675167,Aggregates,,,,Aggregates,Aggregates
East Asia & Pacific (excluding high income),4E,EAP,2006,,2026-07-13,7224.84831620106,72.6518704363172,1914002124,Aggregates,,,,Aggregates,Aggregates
East Asia & Pacific (excluding high income),4E,EAP,2005,,2026-07-13,6602.09453263948,72.3983266445825,1898853723,Aggregates,,,,Aggregates,Aggregates
East Asia & Pacific (excluding high income),4E,EAP,2000,,2026-07-13,4657.55912991458,70.7357071585237,1819011507,Aggregates,,,,Aggregates,Aggregates
East Asia & Pacific (excluding high income),4E,EAP,2001,,2026-07-13,4911.18611043866,71.0740923872156,1836260943,Aggregates,,,,Aggregates,Aggregates
East Asia & Pacific (excluding high income),4E,EAP,2010,,2026-07-13,9942.07092081734,73.7616390609633,1973602166,Aggregates,,,,Aggregates,Aggregates
East Asia & Pacific (excluding high income),4E,EAP,2007,,2026-07-13,8000.20286461305,72.9937536648265,1929185103,Aggregates,,,,Aggregates,Aggregates
East Asia & Pacific (excluding high income),4E,EAP,2008,,2026-07-13,8584.68636024927,72.9241376220933,1944305887,Aggregates,,,,Aggregates,Aggregates
East Asia & Pacific (excluding high income),4E,EAP,2014,,2026-07-13,12769.1981633624,74.7194528121745,2040383789,Aggregates,,,,Aggregates,Aggregates
East Asia & Pacific (excluding high income),4E,EAP,2015,,2026-07-13,13493.524313755,74.9511243848739,2056050896,Aggregates,,,,Aggregates,Aggregates
East Asia & Pacific (excluding high income),4E,EAP,2011,,2026-07-13,10666.0705659069,73.9857453156401,1989106668,Aggregates,,,,Aggregates,Aggregates
East Asia & Pacific (excluding high income),4E,EAP,2012,,2026-07-13,11359.2197969153,74.2597872053228,2006566431,Aggregates,,,,Aggregates,Aggregates
East Asia & Pacific (excluding high income),4E,EAP,2009,,2026-07-13,9145.84848053611,73.4677878146597,1959017463,Aggregates,,,,Aggregates,Aggregates
East Asia & Pacific (excluding high income),4E,EAP,2020,,2026-07-13,16816.4721820442,75.6976393295064,2121866294,Aggregates,,,,Aggregates,Aggregates
East Asia & Pacific (excluding high income),4E,EAP,2017,,2026-07-13,15060.2232906328,75.2396714880306,2087238522,Aggregates,,,,Aggregates,Aggregates
East Asia & Pacific (excluding high income),4E,EAP,2018,,2026-07-13,15925.0623768718,75.57828618156,2100698838,Aggregates,,,,Aggregates,Aggregates
East Asia & Pacific (excluding high income),4E,EAP,2013,,2026-07-13,12057.8749648364,74.4859323786011,2023850158,Aggregates,,,,Aggregates,Aggregates
East Asia & Pacific (excluding high income),4E,EAP,2021,,2026-07-13,17966.100209993,75.2781418410849,2128553744,Aggregates,,,,Aggregates,Aggregates
East Asia & Pacific (excluding high income),4E,EAP,2022,,2026-07-13,18600.2319795149,75.9325409436903,2133560408,Aggregates,,,,Aggregates,Aggregates
East Asia & Pacific (excluding high income),4E,EAP,2019,,2026-07-13,16754.1433686202,75.7689690321509,2112289891,Aggregates,,,,Aggregates,Aggregates
East Asia & Pacific (excluding high income),4E,EAP,2016,,2026-07-13,14243.7964258558,75.1559117663434,2071486140,Aggregates,,,,Aggregates,Aggregates
East Asia & Pacific (excluding high income),4E,EAP,2023,,2026-07-13,19523.6746417972,75.8806830895266,2137527754,Aggregates,,,,Aggregates,Aggregates
East Asia & Pacific (IDA & IBRD countries),T4,TEA,2005,,2026-07-13,6679.74546218337,72.440234089532,1874487158,Aggregates,,,,Aggregates,Aggregates
East Asia & Pacific (IDA & IBRD countries),T4,TEA,2004,,2026-07-13,6155.36986088902,71.8921244592524,1859450104,Aggregates,,,,Aggregates,Aggregates
East Asia & Pacific (IDA & IBRD countries),T4,TEA,2017,,2026-07-13,15229.7169213936,75.2671640185859,2061449949,Aggregates,,,,Aggregates,Aggregates
East Asia & Pacific (IDA & IBRD countries),T4,TEA,2003,,2026-07-13,5708.77107382473,71.8352733706059,1844349334,Aggregates,,,,Aggregates,Aggregates
East Asia & Pacific (IDA & IBRD countries),T4,TEA,2015,,2026-07-13,13646.3812355606,74.9777768374826,2030504270,Aggregates,,,,Aggregates,Aggregates
East Asia & Pacific (IDA & IBRD countries),T4,TEA,2006,,2026-07-13,7309.54901669439,72.698344733116,1889507244,Aggregates,,,,Aggregates,Aggregates
East Asia & Pacific (IDA & IBRD countries),T4,TEA,2018,,2026-07-13,16103.8618914204,75.6101241544348,2074796982,Aggregates,,,,Aggregates,Aggregates
East Asia & Pacific (IDA & IBRD countries),T4,TEA,2013,,2026-07-13,12195.4108634433,74.5190033698096,1998548872,Aggregates,,,,Aggregates,Aggregates
East Asia & Pacific (IDA & IBRD countries),T4,TEA,2014,,2026-07-13,12914.302342174,74.7479822020749,2014960984,Aggregates,,,,Aggregates,Aggregates
East Asia & Pacific (IDA & IBRD countries),T4,TEA,2016,,2026-07-13,14404.656964798,75.1832269955477,2045816761,Aggregates,,,,Aggregates,Aggregates
East Asia & Pacific (IDA & IBRD countries),T4,TEA,2007,,2026-07-13,8093.65313760912,73.0450331089394,1904568042,Aggregates,,,,Aggregates,Aggregates
East Asia & Pacific (IDA & IBRD countries),T4,TEA,2008,,2026-07-13,8684.60617683457,72.9707321912267,1919570287,Aggregates,,,,Aggregates,Aggregates
East Asia & Pacific (IDA & IBRD countries),T4,TEA,2019,,2026-07-13,16941.9471937892,75.8042877234534,2086281644,Aggregates,,,,Aggregates,Aggregates
East Asia & Pacific (IDA & IBRD countries),T4,TEA,2002,,2026-07-13,5304.26396994863,71.534352902059,1828744767,Aggregates,,,,Aggregates,Aggregates
East Asia & Pacific (IDA & IBRD countries),T4,TEA,2011,,2026-07-13,10788.8596740347,74.0266932049917,1964036970,Aggregates,,,,Aggregates,Aggregates
East Asia & Pacific (IDA & IBRD countries),T4,TEA,2012,,2026-07-13,11489.3717999709,74.2971126258118,1981382735,Aggregates,,,,Aggregates,Aggregates
East Asia & Pacific (IDA & IBRD countries),T4,TEA,2009,,2026-07-13,9251.92190189246,73.5161019563418,1934167856,Aggregates,,,,Aggregates,Aggregates
East Asia & Pacific (IDA & IBRD countries),T4,TEA,2010,,2026-07-13,10056.9644387466,73.8065980873171,1948643347,Aggregates,,,,Aggregates,Aggregates
East Asia & Pacific (IDA & IBRD countries),T4,TEA,2022,,2026-07-13,18808.9383411671,75.9610347461336,2107261123,Aggregates,,,,Aggregates,Aggregates
East Asia & Pacific (IDA & IBRD countries),T4,TEA,2023,,2026-07-13,19743.1112151119,75.9085643603807,2111139152,Aggregates,,,,Aggregates,Aggregates
East Asia & Pacific (IDA & IBRD countries),T4,TEA,2000,,2026-07-13,4713.16955867766,70.8650826611101,1795374943,Aggregates,,,,Aggregates,Aggregates
East Asia & Pacific (IDA & IBRD countries),T4,TEA,2001,,2026-07-13,4969.61452922338,71.2077369930428,1812475067,Aggregates,,,,Aggregates,Aggregates
East Asia & Pacific (IDA & IBRD countries),T4,TEA,2020,,2026-07-13,17004.8072538713,75.7338497054699,2095759417,Aggregates,,,,Aggregates,Aggregates
East Asia & Pacific (IDA & IBRD countries),T4,TEA,2021,,2026-07-13,18167.4009161466,75.3009806060199,2102350702,Aggregates,,,,Aggregates,Aggregates
Ecuador,EC,ECU,2020,,2026-07-13,12440.3263747814,72.004,17546065,Latin America & Caribbean,Quito,-78.5243,-0.229498,Upper middle income,IBRD
Ecuador,EC,ECU,2021,,2026-07-13,13507.4445638375,72.746,17682454,Latin America & Caribbean,Quito,-78.5243,-0.229498,Upper middle income,IBRD
Ecuador,EC,ECU,2019,,2026-07-13,13870.4895118068,77.286,17340021,Latin America & Caribbean,Quito,-78.5243,-0.229498,Upper middle income,IBRD
Ecuador,EC,ECU,2004,,2026-07-13,10290.6634264766,73.868,13608701,Latin America & Caribbean,Quito,-78.5243,-0.229498,Upper middle income,IBRD
Ecuador,EC,ECU,2017,,2026-07-13,14179.1537503305,76.22,16759519,Latin America & Caribbean,Quito,-78.5243,-0.229498,Upper middle income,IBRD
Ecuador,EC,ECU,2022,,2026-07-13,14186.6388544625,76.577,17823897,Latin America & Caribbean,Quito,-78.5243,-0.229498,Upper middle income,IBRD
Ecuador,EC,ECU,2023,,2026-07-13,14321.1648295611,77.392,17980083,Latin America & Caribbean,Quito,-78.5243,-0.229498,Upper middle income,IBRD
Ecuador,EC,ECU,2007,,2026-07-13,10952.8226853948,74.226,14328773,Latin America & Caribbean,Quito,-78.5243,-0.229498,Upper middle income,IBRD
Ecuador,EC,ECU,2000,,2026-07-13,9183.05155276919,72.09,12689206,Latin America & Caribbean,Quito,-78.5243,-0.229498,Upper middle income,IBRD
Ecuador,EC,ECU,2001,,2026-07-13,9405.11680690106,72.571,12910740,Latin America & Caribbean,Quito,-78.5243,-0.229498,Upper middle income,IBRD
Ecuador,EC,ECU,2002,,2026-07-13,9697.55517665978,73.164,13138472,Latin America & Caribbean,Quito,-78.5243,-0.229498,Upper middle income,IBRD
Ecuador,EC,ECU,2003,,2026-07-13,9802.81408202125,73.632,13372306,Latin America & Caribbean,Quito,-78.5243,-0.229498,Upper middle income,IBRD
Ecuador,EC,ECU,2018,,2026-07-13,14083.5069982304,77.248,17049547,Latin America & Caribbean,Quito,-78.5243,-0.229498,Upper middle income,IBRD
Ecuador,EC,ECU,2008,,2026-07-13,11474.5257023541,74.709,14575202,Latin America & Caribbean,Quito,-78.5243,-0.229498,Upper middle income,IBRD
Ecuador,EC,ECU,2009,,2026-07-13,11403.5277978831,74.901,14825954,Latin America & Caribbean,Quito,-78.5243,-0.229498,Upper middle income,IBRD
Ecuador,EC,ECU,2010,,2026-07-13,11665.6978598204,75.188,15076695,Latin America & Caribbean,Quito,-78.5243,-0.229498,Upper middle income,IBRD
Ecuador,EC,ECU,2005,,2026-07-13,10660.2046228939,73.909,13846163,Latin America & Caribbean,Quito,-78.5243,-0.229498,Upper middle income,IBRD
Ecuador,EC,ECU,2012,,2026-07-13,12961.0267423765,75.486,15572194,Latin America & Caribbean,Quito,-78.5243,-0.229498,Upper middle income,IBRD
Ecuador,EC,ECU,2013,,2026-07-13,13689.1520460125,75.832,15807128,Latin America & Caribbean,Quito,-78.5243,-0.229498,Upper middle income,IBRD
Ecuador,EC,ECU,2014,,2026-07-13,14064.7992246727,76.141,16035124,Latin America & Caribbean,Quito,-78.5243,-0.229498,Upper middle income,IBRD
Ecuador,EC,ECU,2011,,2026-07-13,12449.0785549218,75.179,15326227,Latin America & Caribbean,Quito,-78.5243,-0.229498,Upper middle income,IBRD
Ecuador,EC,ECU,2016,,2026-07-13,13586.5160772568,76.094,16505139,Latin America & Caribbean,Quito,-78.5243,-0.229498,Upper middle income,IBRD
Ecuador,EC,ECU,2006,,2026-07-13,10933.4897470283,74.01,14086131,Latin America & Caribbean,Quito,-78.5243,-0.229498,Upper middle income,IBRD
Ecuador,EC,ECU,2015,,2026-07-13,13881.5700738105,76.222,16266225,Latin America & Caribbean,Quito,-78.5243,-0.229498,Upper middle income,IBRD
"Egypt, Arab Rep.",EG,EGY,2011,,2026-07-13,13082.4263680239,69.232,91093059,"Middle East, North Africa, Afghanistan & Pakistan",Cairo,31.2461,30.0982,Lower middle income,IBRD
"Egypt, Arab Rep.",EG,EGY,2009,,2026-07-13,12728.0814587564,68.915,87501636,"Middle East, North Africa, Afghanistan & Pakistan",Cairo,31.2461,30.0982,Lower middle income,IBRD
"Egypt, Arab Rep.",EG,EGY,2010,,2026-07-13,13128.9878334831,69.078,89196072,"Middle East, North Africa, Afghanistan & Pakistan",Cairo,31.2461,30.0982,Lower middle income,IBRD
"Egypt, Arab Rep.",EG,EGY,2001,,2026-07-13,10117.3331821542,67.612,74652029,"Middle East, North Africa, Afghanistan & Pakistan",Cairo,31.2461,30.0982,Lower middle income,IBRD
"Egypt, Arab Rep.",EG,EGY,2022,,2026-07-13,16360.390775011,71.01,112618250,"Middle East, North Africa, Afghanistan & Pakistan",Cairo,31.2461,30.0982,Lower middle income,IBRD
"Egypt, Arab Rep.",EG,EGY,2012,,2026-07-13,13076.8052394876,69.464,93161001,"Middle East, North Africa, Afghanistan & Pakistan",Cairo,31.2461,30.0982,Lower middle income,IBRD
"Egypt, Arab Rep.",EG,EGY,2008,,2026-07-13,12391.5847624938,68.761,85864789,"Middle East, North Africa, Afghanistan & Pakistan",Cairo,31.2461,30.0982,Lower middle income,IBRD
"Egypt, Arab Rep.",EG,EGY,2004,,2026-07-13,10451.8217511529,68.211,79477443,"Middle East, North Africa, Afghanistan & Pakistan",Cairo,31.2461,30.0982,Lower middle income,IBRD
"Egypt, Arab Rep.",EG,EGY,2002,,2026-07-13,10143.5063456555,67.846,76239137,"Middle East, North Africa, Afghanistan & Pakistan",Cairo,31.2461,30.0982,Lower middle income,IBRD
"Egypt, Arab Rep.",EG,EGY,2015,,2026-07-13,13425.9119599492,70.135,99597342,"Middle East, North Africa, Afghanistan & Pakistan",Cairo,31.2461,30.0982,Lower middle income,IBRD
"Egypt, Arab Rep.",EG,EGY,2003,,2026-07-13,10250.376550149,68.045,77853548,"Middle East, North Africa, Afghanistan & Pakistan",Cairo,31.2461,30.0982,Lower middle income,IBRD
"Egypt, Arab Rep.",EG,EGY,2021,,2026-07-13,15579.0160861551,68.976,110957008,"Middle East, North Africa, Afghanistan & Pakistan",Cairo,31.2461,30.0982,Lower middle income,IBRD
"Egypt, Arab Rep.",EG,EGY,2005,,2026-07-13,10700.6090372525,68.355,81101004,"Middle East, North Africa, Afghanistan & Pakistan",Cairo,31.2461,30.0982,Lower middle income,IBRD
"Egypt, Arab Rep.",EG,EGY,2006,,2026-07-13,11211.8320228671,68.493,82700403,"Middle East, North Africa, Afghanistan & Pakistan",Cairo,31.2461,30.0982,Lower middle income,IBRD
"Egypt, Arab Rep.",EG,EGY,2007,,2026-07-13,11782.0060717026,68.627,84276225,"Middle East, North Africa, Afghanistan & Pakistan",Cairo,31.2461,30.0982,Lower middle income,IBRD
"Egypt, Arab Rep.",EG,EGY,2000,,2026-07-13,9981.62775081593,67.332,73083284,"Middle East, North Africa, Afghanistan & Pakistan",Cairo,31.2461,30.0982,Lower middle income,IBRD
"Egypt, Arab Rep.",EG,EGY,2013,,2026-07-13,13058.0748238237,69.632,95333553,"Middle East, North Africa, Afghanistan & Pakistan",Cairo,31.2461,30.0982,Lower middle income,IBRD
"Egypt, Arab Rep.",EG,EGY,2014,,2026-07-13,13136.3656298099,69.911,97528654,"Middle East, North Africa, Afghanistan & Pakistan",Cairo,31.2461,30.0982,Lower middle income,IBRD
"Egypt, Arab Rep.",EG,EGY,2019,,2026-07-13,15026.568243683,71.213,107553158,"Middle East, North Africa, Afghanistan & Pakistan",Cairo,31.2461,30.0982,Lower middle income,IBRD
"Egypt, Arab Rep.",EG,EGY,2016,,2026-07-13,13727.3201600816,70.437,101644589,"Middle East, North Africa, Afghanistan & Pakistan",Cairo,31.2461,30.0982,Lower middle income,IBRD
"Egypt, Arab Rep.",EG,EGY,2017,,2026-07-13,14018.3605934411,70.709,103696057,"Middle East, North Africa, Afghanistan & Pakistan",Cairo,31.2461,30.0982,Lower middle income,IBRD
"Egypt, Arab Rep.",EG,EGY,2018,,2026-07-13,14488.2094340261,70.974,105682094,"Middle East, North Africa, Afghanistan & Pakistan",Cairo,31.2461,30.0982,Lower middle income,IBRD
"Egypt, Arab Rep.",EG,EGY,2020,,2026-07-13,15309.2359881835,69.79,109315124,"Middle East, North Africa, Afghanistan & Pakistan",Cairo,31.2461,30.0982,Lower middle income,IBRD
"Egypt, Arab Rep.",EG,EGY,2023,,2026-07-13,16691.3873991962,71.633,114535772,"Middle East, North Africa, Afghanistan & Pakistan",Cairo,31.2461,30.0982,Lower middle income,IBRD
El Salvador,SV,SLV,2014,,2026-07-13,9451.744607867,71.144,6162955,Latin America & Caribbean,San Salvador,-89.2073,13.7034,Upper middle income,IBRD
El Salvador,SV,SLV,2013,,2026-07-13,9329.46202222861,71.225,6138839,Latin America & Caribbean,San Salvador,-89.2073,13.7034,Upper middle income,IBRD
El Salvador,SV,SLV,2018,,2026-07-13,10297.203612692,71.384,6219807,Latin America & Caribbean,San Salvador,-89.2073,13.7034,Upper middle income,IBRD
El Salvador,SV,SLV,2012,,2026-07-13,9162.56212613508,71.42,6113975,Latin America & Caribbean,San Salvador,-89.2073,13.7034,Upper middle income,IBRD
El Salvador,SV,SLV,2010,,2026-07-13,8648.92982717672,70.909,6068249,Latin America & Caribbean,San Salvador,-89.2073,13.7034,Upper middle income,IBRD
El Salvador,SV,SLV,2015,,2026-07-13,9646.15432339854,70.952,6183676,Latin America & Caribbean,San Salvador,-89.2073,13.7034,Upper middle income,IBRD
El Salvador,SV,SLV,2016,,2026-07-13,9863.76121214453,70.908,6200800,Latin America & Caribbean,San Salvador,-89.2073,13.7034,Upper middle income,IBRD
El Salvador,SV,SLV,2017,,2026-07-13,10064.7934942601,71.007,6213533,Latin America & Caribbean,San Salvador,-89.2073,13.7034,Upper middle income,IBRD
El Salvador,SV,SLV,2011,,2026-07-13,8945.93132970006,71.192,6090127,Latin America & Caribbean,San Salvador,-89.2073,13.7034,Upper middle income,IBRD
El Salvador,SV,SLV,2019,,2026-07-13,10543.9383291317,71.725,6222318,Latin America & Caribbean,San Salvador,-89.2073,13.7034,Upper middle income,IBRD
El Salvador,SV,SLV,2020,,2026-07-13,9692.44931605799,70.244,6234673,Latin America & Caribbean,San Salvador,-89.2073,13.7034,Upper middle income,IBRD
El Salvador,SV,SLV,2021,,2026-07-13,10809.713399518,69.941,6255782,Latin America & Caribbean,San Salvador,-89.2073,13.7034,Upper middle income,IBRD
El Salvador,SV,SLV,2004,,2026-07-13,7841.53237886842,69.295,6004671,Latin America & Caribbean,San Salvador,-89.2073,13.7034,Upper middle income,IBRD
El Salvador,SV,SLV,2023,,2026-07-13,11404.3342262685,72.099,6309624,Latin America & Caribbean,San Salvador,-89.2073,13.7034,Upper middle income,IBRD
El Salvador,SV,SLV,2001,,2026-07-13,7580.32338410159,67.965,5968060,Latin America & Caribbean,San Salvador,-89.2073,13.7034,Upper middle income,IBRD
El Salvador,SV,SLV,2002,,2026-07-13,7675.67106195114,68.526,5986631,Latin America & Caribbean,San Salvador,-89.2073,13.7034,Upper middle income,IBRD
El Salvador,SV,SLV,2022,,2026-07-13,11085.6166169553,71.969,6280319,Latin America & Caribbean,San Salvador,-89.2073,13.7034,Upper middle income,IBRD
El Salvador,SV,SLV,2008,,2026-07-13,8704.80584632591,70.138,6029297,Latin America & Caribbean,San Salvador,-89.2073,13.7034,Upper middle income,IBRD
El Salvador,SV,SLV,2005,,2026-07-13,8050.5345128919,69.336,6005578,Latin America & Caribbean,San Salvador,-89.2073,13.7034,Upper middle income,IBRD
El Salvador,SV,SLV,2006,,2026-07-13,8404.24674903143,69.612,6002319,Latin America & Caribbean,San Salvador,-89.2073,13.7034,Upper middle income,IBRD
El Salvador,SV,SLV,2003,,2026-07-13,7780.27177685599,68.792,5998599,Latin America & Caribbean,San Salvador,-89.2073,13.7034,Upper middle income,IBRD
El Salvador,SV,SLV,2009,,2026-07-13,8494.49847423621,70.359,6048279,Latin America & Caribbean,San Salvador,-89.2073,13.7034,Upper middle income,IBRD
El Salvador,SV,SLV,2000,,2026-07-13,7545.44796218991,67.711,5943366,Latin America & Caribbean,San Salvador,-89.2073,13.7034,Upper middle income,IBRD
El Salvador,SV,SLV,2007,,2026-07-13,8548.83476118605,69.82,6009824,Latin America & Caribbean,San Salvador,-89.2073,13.7034,Upper middle income,IBRD
Equatorial Guinea,GQ,GNQ,2003,,2026-07-13,21709.5751241959,54.791,847862,Sub-Saharan Africa,Malabo,8.7741,3.7523,Upper middle income,IBRD
Equatorial Guinea,GQ,GNQ,2006,,2026-07-13,32251.7680082519,56.354,990343,Sub-Saharan Africa,Malabo,8.7741,3.7523,Upper middle income,IBRD
Equatorial Guinea,GQ,GNQ,2004,,2026-07-13,28225.985816122,55.307,899917,Sub-Saharan Africa,Malabo,8.7741,3.7523,Upper middle income,IBRD
Equatorial Guinea,GQ,GNQ,2005,,2026-07-13,31302.957953874,55.766,947367,Sub-Saharan Africa,Malabo,8.7741,3.7523,Upper middle income,IBRD
Equatorial Guinea,GQ,GNQ,2002,,2026-07-13,20242.4309684399,54.324,797957,Sub-Saharan Africa,Malabo,8.7741,3.7523,Upper middle income,IBRD
Equatorial Guinea,GQ,GNQ,2009,,2026-07-13,38706.6052512135,57.881,1135673,Sub-Saharan Africa,Malabo,8.7741,3.7523,Upper middle income,IBRD
Equatorial Guinea,GQ,GNQ,2000,,2026-07-13,11767.4708814313,53.395,703279,Sub-Saharan Africa,Malabo,8.7741,3.7523,Upper middle income,IBRD
Equatorial Guinea,GQ,GNQ,2001,,2026-07-13,18031.964975074,53.827,749836,Sub-Saharan Africa,Malabo,8.7741,3.7523,Upper middle income,IBRD
Equatorial Guinea,GQ,GNQ,2007,,2026-07-13,35540.4477563657,56.857,1036044,Sub-Saharan Africa,Malabo,8.7741,3.7523,Upper middle income,IBRD
Equatorial Guinea,GQ,GNQ,2008,,2026-07-13,39994.6159790647,57.384,1084530,Sub-Saharan Africa,Malabo,8.7741,3.7523,Upper middle income,IBRD
Equatorial Guinea,GQ,GNQ,2019,,2026-07-13,18446.5916579681,62.297,1670177,Sub-Saharan Africa,Malabo,8.7741,3.7523,Upper middle income,IBRD
Equatorial Guinea,GQ,GNQ,2015,,2026-07-13,27797.7942803179,60.635,1453923,Sub-Saharan Africa,Malabo,8.7741,3.7523,Upper middle income,IBRD
Equatorial Guinea,GQ,GNQ,2011,,2026-07-13,34341.9342607505,58.827,1241835,Sub-Saharan Africa,Malabo,8.7741,3.7523,Upper middle income,IBRD
Equatorial Guinea,GQ,GNQ,2012,,2026-07-13,35711.4919273537,59.301,1293483,Sub-Saharan Africa,Malabo,8.7741,3.7523,Upper middle income,IBRD
Equatorial Guinea,GQ,GNQ,2013,,2026-07-13,32894.3693189101,59.784,1346218,Sub-Saharan Africa,Malabo,8.7741,3.7523,Upper middle income,IBRD
Equatorial Guinea,GQ,GNQ,2010,,2026-07-13,33668.8740654852,58.344,1189085,Sub-Saharan Africa,Malabo,8.7741,3.7523,Upper middle income,IBRD
Equatorial Guinea,GQ,GNQ,2020,,2026-07-13,17089.153726379,62.141,1716468,Sub-Saharan Africa,Malabo,8.7741,3.7523,Upper middle income,IBRD
Equatorial Guinea,GQ,GNQ,2017,,2026-07-13,22250.4389230263,61.481,1562396,Sub-Saharan Africa,Malabo,8.7741,3.7523,Upper middle income,IBRD
Equatorial Guinea,GQ,GNQ,2018,,2026-07-13,20165.4795550607,61.915,1616422,Sub-Saharan Africa,Malabo,8.7741,3.7523,Upper middle income,IBRD
Equatorial Guinea,GQ,GNQ,2014,,2026-07-13,31765.8997056851,60.228,1399828,Sub-Saharan Africa,Malabo,8.7741,3.7523,Upper middle income,IBRD
Equatorial Guinea,GQ,GNQ,2021,,2026-07-13,16821.4486470413,62.447,1758786,Sub-Saharan Africa,Malabo,8.7741,3.7523,Upper middle income,IBRD
Equatorial Guinea,GQ,GNQ,2022,,2026-07-13,16932.7706827155,63.355,1803545,Sub-Saharan Africa,Malabo,8.7741,3.7523,Upper middle income,IBRD
Equatorial Guinea,GQ,GNQ,2023,,2026-07-13,15302.1517835147,63.707,1847549,Sub-Saharan Africa,Malabo,8.7741,3.7523,Upper middle income,IBRD
Equatorial Guinea,GQ,GNQ,2016,,2026-07-13,24435.0645564801,61.081,1508186,Sub-Saharan Africa,Malabo,8.7741,3.7523,Upper middle income,IBRD
Eritrea,ER,ERI,2004,,2026-07-13,,60.063,2598284,Sub-Saharan Africa,Asmara,38.9183,15.3315,Low income,IDA
Eritrea,ER,ERI,2003,,2026-07-13,,59.455,2493903,Sub-Saharan Africa,Asmara,38.9183,15.3315,Low income,IDA
Eritrea,ER,ERI,2005,,2026-07-13,,60.628,2661215,Sub-Saharan Africa,Asmara,38.9183,15.3315,Low income,IDA
Eritrea,ER,ERI,2018,,2026-07-13,,66.979,3192760,Sub-Saharan Africa,Asmara,38.9183,15.3315,Low income,IDA
Eritrea,ER,ERI,2019,,2026-07-13,,67.306,3240194,Sub-Saharan Africa,Asmara,38.9183,15.3315,Low income,IDA
Eritrea,ER,ERI,2014,,2026-07-13,,65.517,3095173,Sub-Saharan Africa,Asmara,38.9183,15.3315,Low income,IDA
Eritrea,ER,ERI,2006,,2026-07-13,,61.457,2703502,Sub-Saharan Africa,Asmara,38.9183,15.3315,Low income,IDA
Eritrea,ER,ERI,2008,,2026-07-13,,62.422,2816327,Sub-Saharan Africa,Asmara,38.9183,15.3315,Low income,IDA
Eritrea,ER,ERI,2012,,2026-07-13,,64.697,3036988,Sub-Saharan Africa,Asmara,38.9183,15.3315,Low income,IDA
Eritrea,ER,ERI,2013,,2026-07-13,,65.005,3074360,Sub-Saharan Africa,Asmara,38.9183,15.3315,Low income,IDA
Eritrea,ER,ERI,2016,,2026-07-13,,66.242,3124698,Sub-Saharan Africa,Asmara,38.9183,15.3315,Low income,IDA
Eritrea,ER,ERI,2010,,2026-07-13,,63.665,2945186,Sub-Saharan Africa,Asmara,38.9183,15.3315,Low income,IDA
Eritrea,ER,ERI,2017,,2026-07-13,,66.612,3150347,Sub-Saharan Africa,Asmara,38.9183,15.3315,Low income,IDA
Eritrea,ER,ERI,2015,,2026-07-13,,65.909,3105546,Sub-Saharan Africa,Asmara,38.9183,15.3315,Low income,IDA
Eritrea,ER,ERI,2002,,2026-07-13,,58.941,2392978,Sub-Saharan Africa,Asmara,38.9183,15.3315,Low income,IDA
Eritrea,ER,ERI,2020,,2026-07-13,,66.98,3291271,Sub-Saharan Africa,Asmara,38.9183,15.3315,Low income,IDA
Eritrea,ER,ERI,2007,,2026-07-13,,61.998,2743222,Sub-Saharan Africa,Asmara,38.9183,15.3315,Low income,IDA
Eritrea,ER,ERI,2023,,2026-07-13,,68.624,3470390,Sub-Saharan Africa,Asmara,38.9183,15.3315,Low income,IDA
Eritrea,ER,ERI,2009,,2026-07-13,,63.203,2887885,Sub-Saharan Africa,Asmara,38.9183,15.3315,Low income,IDA
Eritrea,ER,ERI,2011,,2026-07-13,,64.231,2998485,Sub-Saharan Africa,Asmara,38.9183,15.3315,Low income,IDA
Eritrea,ER,ERI,2022,,2026-07-13,,67.789,3409447,Sub-Saharan Africa,Asmara,38.9183,15.3315,Low income,IDA
Eritrea,ER,ERI,2001,,2026-07-13,,58.359,2312079,Sub-Saharan Africa,Asmara,38.9183,15.3315,Low income,IDA
Eritrea,ER,ERI,2021,,2026-07-13,,66.94,3350183,Sub-Saharan Africa,Asmara,38.9183,15.3315,Low income,IDA
Eritrea,ER,ERI,2000,,2026-07-13,,56.285,2247031,Sub-Saharan Africa,Asmara,38.9183,15.3315,Low income,IDA
Estonia,EE,EST,2021,,2026-07-13,44247.4198971873,76.9439024390244,1330932,Europe & Central Asia,Tallinn,24.7586,59.4392,High income,Not classified
Estonia,EE,EST,2006,,2026-07-13,33301.4945486206,72.6914634146341,1346810,Europe & Central Asia,Tallinn,24.7586,59.4392,High income,Not classified
Estonia,EE,EST,2008,,2026-07-13,34233.7643806167,73.7707317073171,1337090,Europe & Central Asia,Tallinn,24.7586,59.4392,High income,Not classified
Estonia,EE,EST,2020,,2026-07-13,40916.7194113327,78.5951219512195,1329522,Europe & Central Asia,Tallinn,24.7586,59.4392,High income,Not classified
Estonia,EE,EST,2002,,2026-07-13,23537.7156816601,70.9048780487805,1379350,Europe & Central Asia,Tallinn,24.7586,59.4392,High income,Not classified
Estonia,EE,EST,2022,,2026-07-13,43124.6196563775,77.8439024390244,1348840,Europe & Central Asia,Tallinn,24.7586,59.4392,High income,Not classified
Estonia,EE,EST,2023,,2026-07-13,41284.7746875532,78.7926829268293,1370286,Europe & Central Asia,Tallinn,24.7586,59.4392,High income,Not classified
Estonia,EE,EST,2000,,2026-07-13,20526.6606380865,70.4170731707317,1396985,Europe & Central Asia,Tallinn,24.7586,59.4392,High income,Not classified
Estonia,EE,EST,2003,,2026-07-13,25485.1613028986,71.3170731707317,1370720,Europe & Central Asia,Tallinn,24.7586,59.4392,High income,Not classified
Estonia,EE,EST,2007,,2026-07-13,35986.5161332684,72.8146341463415,1340680,Europe & Central Asia,Tallinn,24.7586,59.4392,High income,Not classified
Estonia,EE,EST,2005,,2026-07-13,30161.1996133966,72.5682926829268,1354775,Europe & Central Asia,Tallinn,24.7586,59.4392,High income,Not classified
Estonia,EE,EST,2019,,2026-07-13,42215.0343835811,78.6463414634147,1326898,Europe & Central Asia,Tallinn,24.7586,59.4392,High income,Not classified
Estonia,EE,EST,2001,,2026-07-13,21872.6593953112,70.2585365853659,1388115,Europe & Central Asia,Tallinn,24.7586,59.4392,High income,Not classified
Estonia,EE,EST,2017,,2026-07-13,39529.785973279,78.0926829268293,1317384,Europe & Central Asia,Tallinn,24.7586,59.4392,High income,Not classified
Estonia,EE,EST,2018,,2026-07-13,40849.8473475564,78.2439024390244,1321977,Europe & Central Asia,Tallinn,24.7586,59.4392,High income,Not classified
Estonia,EE,EST,2012,,2026-07-13,33765.4302075072,76.3268292682927,1322696,Europe & Central Asia,Tallinn,24.7586,59.4392,High income,Not classified
Estonia,EE,EST,2009,,2026-07-13,29281.6798284656,74.8243902439024,1334515,Europe & Central Asia,Tallinn,24.7586,59.4392,High income,Not classified
Estonia,EE,EST,2010,,2026-07-13,30067.501040775,75.4292682926829,1331475,Europe & Central Asia,Tallinn,24.7586,59.4392,High income,Not classified
Estonia,EE,EST,2004,,2026-07-13,27381.5350626694,71.909756097561,1362550,Europe & Central Asia,Tallinn,24.7586,59.4392,High income,Not classified
Estonia,EE,EST,2016,,2026-07-13,37466.5561839318,77.6414634146342,1315790,Europe & Central Asia,Tallinn,24.7586,59.4392,High income,Not classified
Estonia,EE,EST,2013,,2026-07-13,34481.0148921506,77.1414634146341,1317997,Europe & Central Asia,Tallinn,24.7586,59.4392,High income,Not classified
Estonia,EE,EST,2014,,2026-07-13,35720.3025335234,77.0341463414634,1314545,Europe & Central Asia,Tallinn,24.7586,59.4392,High income,Not classified
Estonia,EE,EST,2011,,2026-07-13,32453.1008476709,76.2292682926829,1327439,Europe & Central Asia,Tallinn,24.7586,59.4392,High income,Not classified
Estonia,EE,EST,2015,,2026-07-13,36353.0580520449,77.590243902439,1315407,Europe & Central Asia,Tallinn,24.7586,59.4392,High income,Not classified
Eswatini,SZ,SWZ,2000,,2026-07-13,6106.07478740465,47.627,1041414,Sub-Saharan Africa,Mbabane,31.4659,-26.5225,Lower middle income,Blend
Eswatini,SZ,SWZ,2013,,2026-07-13,8951.05749805891,52.11,1129990,Sub-Saharan Africa,Mbabane,31.4659,-26.5225,Lower middle income,Blend
Eswatini,SZ,SWZ,2001,,2026-07-13,6135.45299954297,46.344,1051064,Sub-Saharan Africa,Mbabane,31.4659,-26.5225,Lower middle income,Blend
Eswatini,SZ,SWZ,2004,,2026-07-13,6775.2217412302,43.906,1073159,Sub-Saharan Africa,Mbabane,31.4659,-26.5225,Lower middle income,Blend
Eswatini,SZ,SWZ,2012,,2026-07-13,8645.84478287802,50.714,1123863,Sub-Saharan Africa,Mbabane,31.4659,-26.5225,Lower middle income,Blend
Eswatini,SZ,SWZ,2011,,2026-07-13,8350.89190932865,49.057,1117833,Sub-Saharan Africa,Mbabane,31.4659,-26.5225,Lower middle income,Blend
Eswatini,SZ,SWZ,2014,,2026-07-13,9084.49405780635,53.491,1136299,Sub-Saharan Africa,Mbabane,31.4659,-26.5225,Lower middle income,Blend
Eswatini,SZ,SWZ,2015,,2026-07-13,9186.65344720515,54.941,1142813,Sub-Saharan Africa,Mbabane,31.4659,-26.5225,Lower middle income,Blend
Eswatini,SZ,SWZ,2016,,2026-07-13,9402.50834103681,56.228,1149507,Sub-Saharan Africa,Mbabane,31.4659,-26.5225,Lower middle income,Blend
Eswatini,SZ,SWZ,2003,,2026-07-13,6578.30152863605,44.632,1066700,Sub-Saharan Africa,Mbabane,31.4659,-26.5225,Lower middle income,Blend
Eswatini,SZ,SWZ,2017,,2026-07-13,9660.55161538086,57.574,1158195,Sub-Saharan Africa,Mbabane,31.4659,-26.5225,Lower middle income,Blend
Eswatini,SZ,SWZ,2005,,2026-07-13,7142.1921864324,43.958,1079022,Sub-Saharan Africa,Mbabane,31.4659,-26.5225,Lower middle income,Blend
Eswatini,SZ,SWZ,2006,,2026-07-13,7584.72030617794,44.563,1084436,Sub-Saharan Africa,Mbabane,31.4659,-26.5225,Lower middle income,Blend
Eswatini,SZ,SWZ,2007,,2026-07-13,7866.73073455273,45.16,1090705,Sub-Saharan Africa,Mbabane,31.4659,-26.5225,Lower middle income,Blend
Eswatini,SZ,SWZ,2008,,2026-07-13,7926.37961138221,45.853,1098091,Sub-Saharan Africa,Mbabane,31.4659,-26.5225,Lower middle income,Blend
Eswatini,SZ,SWZ,2009,,2026-07-13,7988.59750005303,46.913,1105153,Sub-Saharan Africa,Mbabane,31.4659,-26.5225,Lower middle income,Blend
Eswatini,SZ,SWZ,2010,,2026-07-13,8245.64153332215,48.331,1111650,Sub-Saharan Africa,Mbabane,31.4659,-26.5225,Lower middle income,Blend
Eswatini,SZ,SWZ,2002,,2026-07-13,6335.81351839193,45.38,1059441,Sub-Saharan Africa,Mbabane,31.4659,-26.5225,Lower middle income,Blend
Eswatini,SZ,SWZ,2020,,2026-07-13,9695.82498058755,59.862,1192729,Sub-Saharan Africa,Mbabane,31.4659,-26.5225,Lower middle income,Blend
Eswatini,SZ,SWZ,2021,,2026-07-13,9990.43491951205,58.228,1206593,Sub-Saharan Africa,Mbabane,31.4659,-26.5225,Lower middle income,Blend
Eswatini,SZ,SWZ,2018,,2026-07-13,9578.10061089805,58.707,1168929,Sub-Saharan Africa,Mbabane,31.4659,-26.5225,Lower middle income,Blend
Eswatini,SZ,SWZ,2019,,2026-07-13,10099.5863118406,59.85,1179874,Sub-Saharan Africa,Mbabane,31.4659,-26.5225,Lower middle income,Blend
Eswatini,SZ,SWZ,2022,,2026-07-13,9927.60567008139,63.028,1218917,Sub-Saharan Africa,Mbabane,31.4659,-26.5225,Lower middle income,Blend
Eswatini,SZ,SWZ,2023,,2026-07-13,10181.5040730397,64.123,1230506,Sub-Saharan Africa,Mbabane,31.4659,-26.5225,Lower middle income,Blend
Ethiopia,ET,ETH,2015,,2026-07-13,1957.41454184551,63.592,103867135,Sub-Saharan Africa,Addis Ababa,38.7468,9.02274,Low income,IDA
Ethiopia,ET,ETH,2016,,2026-07-13,2084.84055616471,64.162,106718162,Sub-Saharan Africa,Addis Ababa,38.7468,9.02274,Low income,IDA
Ethiopia,ET,ETH,2018,,2026-07-13,2311.16511656359,65.257,112664152,Sub-Saharan Africa,Addis Ababa,38.7468,9.02274,Low income,IDA
Ethiopia,ET,ETH,2020,,2026-07-13,2516.54907638899,65.969,118917671,Sub-Saharan Africa,Addis Ababa,38.7468,9.02274,Low income,IDA
Ethiopia,ET,ETH,2017,,2026-07-13,2222.82824478259,64.766,109666481,Sub-Saharan Africa,Addis Ababa,38.7468,9.02274,Low income,IDA
Ethiopia,ET,ETH,2000,,2026-07-13,810.270749115591,50.88,67411494,Sub-Saharan Africa,Addis Ababa,38.7468,9.02274,Low income,IDA
Ethiopia,ET,ETH,2013,,2026-07-13,1696.86515588665,62.161,98438751,Sub-Saharan Africa,Addis Ababa,38.7468,9.02274,Low income,IDA
Ethiopia,ET,ETH,2014,,2026-07-13,1821.39161772403,62.927,101115610,Sub-Saharan Africa,Addis Ababa,38.7468,9.02274,Low income,IDA
Ethiopia,ET,ETH,2019,,2026-07-13,2437.97046047967,65.741,115737383,Sub-Saharan Africa,Addis Ababa,38.7468,9.02274,Low income,IDA
Ethiopia,ET,ETH,2001,,2026-07-13,851.313428411291,51.428,69487762,Sub-Saharan Africa,Addis Ababa,38.7468,9.02274,Low income,IDA
Ethiopia,ET,ETH,2002,,2026-07-13,838.298046952135,52.085,71635517,Sub-Saharan Africa,Addis Ababa,38.7468,9.02274,Low income,IDA
Ethiopia,ET,ETH,2004,,2026-07-13,877.114494958363,53.735,76077206,Sub-Saharan Africa,Addis Ababa,38.7468,9.02274,Low income,IDA
Ethiopia,ET,ETH,2023,,2026-07-13,2757.95923626099,67.315,128691692,Sub-Saharan Africa,Addis Ababa,38.7468,9.02274,Low income,IDA
Ethiopia,ET,ETH,2006,,2026-07-13,1024.72911937532,55.402,80703490,Sub-Saharan Africa,Addis Ababa,38.7468,9.02274,Low income,IDA
Ethiopia,ET,ETH,2021,,2026-07-13,2588.41310213778,65.33,122138588,Sub-Saharan Africa,Addis Ababa,38.7468,9.02274,Low income,IDA
Ethiopia,ET,ETH,2022,,2026-07-13,2655.59276743639,66.897,125384287,Sub-Saharan Africa,Addis Ababa,38.7468,9.02274,Low income,IDA
Ethiopia,ET,ETH,2003,,2026-07-13,795.772138298998,52.877,73832663,Sub-Saharan Africa,Addis Ababa,38.7468,9.02274,Low income,IDA
Ethiopia,ET,ETH,2010,,2026-07-13,1381.19044650715,59.709,90538514,Sub-Saharan Africa,Addis Ababa,38.7468,9.02274,Low income,IDA
Ethiopia,ET,ETH,2011,,2026-07-13,1492.53396469943,60.595,93149970,Sub-Saharan Africa,Addis Ababa,38.7468,9.02274,Low income,IDA
Ethiopia,ET,ETH,2012,,2026-07-13,1576.76875733933,61.443,95798767,Sub-Saharan Africa,Addis Ababa,38.7468,9.02274,Low income,IDA
Ethiopia,ET,ETH,2008,,2026-07-13,1193.74728331296,57.733,85543668,Sub-Saharan Africa,Addis Ababa,38.7468,9.02274,Low income,IDA
Ethiopia,ET,ETH,2005,,2026-07-13,952.115666282409,54.364,78367470,Sub-Saharan Africa,Addis Ababa,38.7468,9.02274,Low income,IDA
Ethiopia,ET,ETH,2007,,2026-07-13,1109.14330259683,56.566,83103217,Sub-Saharan Africa,Addis Ababa,38.7468,9.02274,Low income,IDA
Ethiopia,ET,ETH,2009,,2026-07-13,1262.46398000981,58.715,88007636,Sub-Saharan Africa,Addis Ababa,38.7468,9.02274,Low income,IDA
Euro area,XC,EMU,2007,,2026-07-13,50167.5925974003,79.8861982263507,344828323,Aggregates,,,,Aggregates,Aggregates
Euro area,XC,EMU,2006,,2026-07-13,48915.1525453044,79.6483122606306,343100724,Aggregates,,,,Aggregates,Aggregates
Euro area,XC,EMU,2010,,2026-07-13,48591.055785738,80.5463865166925,348398403,Aggregates,,,,Aggregates,Aggregates
Euro area,XC,EMU,2008,,2026-07-13,50163.9012074228,80.093489056692,346471036,Aggregates,,,,Aggregates,Aggregates
Euro area,XC,EMU,2005,,2026-07-13,47524.4605129111,79.2220583562048,341556724,Aggregates,,,,Aggregates,Aggregates
Euro area,XC,EMU,2004,,2026-07-13,46891.9654959632,79.0807404551257,339856977,Aggregates,,,,Aggregates,Aggregates
Euro area,XC,EMU,2000,,2026-07-13,44733.6547581208,78.039870197159,333959803,Aggregates,,,,Aggregates,Aggregates
Euro area,XC,EMU,2001,,2026-07-13,45611.9621128616,78.3814988457687,334870337,Aggregates,,,,Aggregates,Aggregates
Euro area,XC,EMU,2002,,2026-07-13,45891.2509030803,78.47640957321,336306839,Aggregates,,,,Aggregates,Aggregates
Euro area,XC,EMU,2017,,2026-07-13,52337.9135018369,81.747020423342,351613647,Aggregates,,,,Aggregates,Aggregates
Euro area,XC,EMU,2003,,2026-07-13,46049.3477888474,78.5041960429858,338061667,Aggregates,,,,Aggregates,Aggregates
Euro area,XC,EMU,2021,,2026-07-13,53780.959568799,81.3931203059577,353715415,Aggregates,,,,Aggregates,Aggregates
Euro area,XC,EMU,2011,,2026-07-13,49493.9221375454,81.0342959599905,347715695,Aggregates,,,,Aggregates,Aggregates
Euro area,XC,EMU,2009,,2026-07-13,47740.2973322669,80.304609573735,347581287,Aggregates,,,,Aggregates,Aggregates
Euro area,XC,EMU,2020,,2026-07-13,50532.2927661621,81.3366927821764,353536838,Aggregates,,,,Aggregates,Aggregates
Euro area,XC,EMU,2014,,2026-07-13,49365.1435330313,81.7426558325458,349302135,Aggregates,,,,Aggregates,Aggregates
Euro area,XC,EMU,2015,,2026-07-13,50293.9078769481,81.381552979083,350164707,Aggregates,,,,Aggregates,Aggregates
Euro area,XC,EMU,2012,,2026-07-13,48904.1161236867,81.0387114639645,348406547,Aggregates,,,,Aggregates,Aggregates
Euro area,XC,EMU,2013,,2026-07-13,48741.8654499657,81.3323585033306,348799535,Aggregates,,,,Aggregates,Aggregates
Euro area,XC,EMU,2019,,2026-07-13,53928.4684797856,82.1461011396487,353113327,Aggregates,,,,Aggregates,Aggregates
Euro area,XC,EMU,2016,,2026-07-13,51089.957079337,81.7681051866776,351027116,Aggregates,,,,Aggregates,Aggregates
Euro area,XC,EMU,2018,,2026-07-13,53176.6368877298,81.8676373939947,352303991,Aggregates,,,,Aggregates,Aggregates
Euro area,XC,EMU,2022,,2026-07-13,55638.6407909597,81.4869473735593,354666175,Aggregates,,,,Aggregates,Aggregates
Euro area,XC,EMU,2023,,2026-07-13,55706.2816060906,82.1378956135498,356209318,Aggregates,,,,Aggregates,Aggregates
Europe & Central Asia,Z7,ECS,2009,,2026-07-13,35593.628989975,75.6891993778767,887741127,Aggregates,,,,Aggregates,Aggregates
Europe & Central Asia,Z7,ECS,2008,,2026-07-13,37541.0289513637,75.3023142874929,884224673,Aggregates,,,,Aggregates,Aggregates
Europe & Central Asia,Z7,ECS,2019,,2026-07-13,41861.0781841263,78.3038616280055,921929161,Aggregates,,,,Aggregates,Aggregates
Europe & Central Asia,Z7,ECS,2007,,2026-07-13,37062.8036849749,75.0086537519123,880656346,Aggregates,,,,Aggregates,Aggregates
Europe & Central Asia,Z7,ECS,2011,,2026-07-13,37429.4390620427,76.4793686032862,893009594,Aggregates,,,,Aggregates,Aggregates
Europe & Central Asia,Z7,ECS,2020,,2026-07-13,39782.3728089927,77.1754769112247,923660463,Aggregates,,,,Aggregates,Aggregates
Europe & Central Asia,Z7,ECS,2005,,2026-07-13,34097.2420817179,74.1536447949151,875563919,Aggregates,,,,Aggregates,Aggregates
Europe & Central Asia,Z7,ECS,2013,,2026-07-13,37826.0934997704,77.0324350526049,899906171,Aggregates,,,,Aggregates,Aggregates
Europe & Central Asia,Z7,ECS,2014,,2026-07-13,38307.7252927013,77.3535744682317,903560070,Aggregates,,,,Aggregates,Aggregates
Europe & Central Asia,Z7,ECS,2015,,2026-07-13,38753.9033161838,77.3309344089138,907526485,Aggregates,,,,Aggregates,Aggregates
Europe & Central Asia,Z7,ECS,2016,,2026-07-13,39278.9171415545,77.6812778388278,911578015,Aggregates,,,,Aggregates,Aggregates
Europe & Central Asia,Z7,ECS,2017,,2026-07-13,40335.4288573608,77.8990078299354,915063823,Aggregates,,,,Aggregates,Aggregates
Europe & Central Asia,Z7,ECS,2006,,2026-07-13,35577.2638014529,74.6397717965131,878166933,Aggregates,,,,Aggregates,Aggregates
Europe & Central Asia,Z7,ECS,2018,,2026-07-13,41177.7339574417,78.030262884925,918415818,Aggregates,,,,Aggregates,Aggregates
Europe & Central Asia,Z7,ECS,2002,,2026-07-13,31205.0666750463,73.4464115251961,868234843,Aggregates,,,,Aggregates,Aggregates
Europe & Central Asia,Z7,ECS,2021,,2026-07-13,42434.0454804633,76.7286208536036,924375980,Aggregates,,,,Aggregates,Aggregates
Europe & Central Asia,Z7,ECS,2022,,2026-07-13,43537.4882557812,77.8345651348625,924267385,Aggregates,,,,Aggregates,Aggregates
Europe & Central Asia,Z7,ECS,2010,,2026-07-13,36489.0686918933,75.9953558296811,890990370,Aggregates,,,,Aggregates,Aggregates
Europe & Central Asia,Z7,ECS,2012,,2026-07-13,37554.903030647,76.6804966624792,896514509,Aggregates,,,,Aggregates,Aggregates
Europe & Central Asia,Z7,ECS,2000,,2026-07-13,29894.2044586737,73.1137123890211,865392479,Aggregates,,,,Aggregates,Aggregates
Europe & Central Asia,Z7,ECS,2001,,2026-07-13,30618.862698665,73.3558243150228,866590696,Aggregates,,,,Aggregates,Aggregates
Europe & Central Asia,Z7,ECS,2003,,2026-07-13,31923.9529324761,73.5627467942119,870529446,Aggregates,,,,Aggregates,Aggregates
Europe & Central Asia,Z7,ECS,2004,,2026-07-13,33095.6532013292,73.9880374819429,873069464,Aggregates,,,,Aggregates,Aggregates
Europe & Central Asia,Z7,ECS,2023,,2026-07-13,44220.8251180735,78.3912342010497,924805070,Aggregates,,,,Aggregates,Aggregates
Europe & Central Asia (excluding high income),7E,ECA,2023,,2026-07-13,23625.9236116503,74.7901416269909,248718948,Aggregates,,,,Aggregates,Aggregates
Europe & Central Asia (excluding high income),7E,ECA,2009,,2026-07-13,15297.0834587453,71.442292156273,228250911,Aggregates,,,,Aggregates,Aggregates
Europe & Central Asia (excluding high income),7E,ECA,2005,,2026-07-13,13619.1025396081,69.9595147646973,223360135,Aggregates,,,,Aggregates,Aggregates
Europe & Central Asia (excluding high income),7E,ECA,2022,,2026-07-13,22334.4443361062,74.5731684190474,250514347,Aggregates,,,,Aggregates,Aggregates
Europe & Central Asia (excluding high income),7E,ECA,2021,,2026-07-13,22179.1768626,72.8823762052943,251867727,Aggregates,,,,Aggregates,Aggregates
Europe & Central Asia (excluding high income),7E,ECA,2000,,2026-07-13,10114.3121953416,68.8570531906331,218486598,Aggregates,,,,Aggregates,Aggregates
Europe & Central Asia (excluding high income),7E,ECA,2008,,2026-07-13,16210.0504480826,70.9743175160426,226524480,Aggregates,,,,Aggregates,Aggregates
Europe & Central Asia (excluding high income),7E,ECA,2007,,2026-07-13,15787.6955451826,70.5579786921334,225016072,Aggregates,,,,Aggregates,Aggregates
Europe & Central Asia (excluding high income),7E,ECA,2003,,2026-07-13,11606.5555262176,69.5879019097604,221399692,Aggregates,,,,Aggregates,Aggregates
Europe & Central Asia (excluding high income),7E,ECA,2004,,2026-07-13,12698.5310733665,69.7911486482047,222413290,Aggregates,,,,Aggregates,Aggregates
Europe & Central Asia (excluding high income),7E,ECA,2001,,2026-07-13,10283.066909886,69.0902777061194,219435056,Aggregates,,,,Aggregates,Aggregates
Europe & Central Asia (excluding high income),7E,ECA,2002,,2026-07-13,10877.3148937274,69.3187306210866,220400259,Aggregates,,,,Aggregates,Aggregates
Europe & Central Asia (excluding high income),7E,ECA,2018,,2026-07-13,20447.4402502475,74.5927989243036,246400484,Aggregates,,,,Aggregates,Aggregates
Europe & Central Asia (excluding high income),7E,ECA,2010,,2026-07-13,16161.7210700137,71.9125911481178,230106440,Aggregates,,,,Aggregates,Aggregates
Europe & Central Asia (excluding high income),7E,ECA,2019,,2026-07-13,20830.979013781,74.8158340567546,248576676,Aggregates,,,,Aggregates,Aggregates
Europe & Central Asia (excluding high income),7E,ECA,2020,,2026-07-13,20592.416057405,73.5536868675669,250351240,Aggregates,,,,Aggregates,Aggregates
Europe & Central Asia (excluding high income),7E,ECA,2013,,2026-07-13,18466.622777594,73.1258294397593,235905150,Aggregates,,,,Aggregates,Aggregates
Europe & Central Asia (excluding high income),7E,ECA,2014,,2026-07-13,18576.9583888343,73.4195161256746,237999321,Aggregates,,,,Aggregates,Aggregates
Europe & Central Asia (excluding high income),7E,ECA,2011,,2026-07-13,17230.7820985073,72.1509502224104,231988438,Aggregates,,,,Aggregates,Aggregates
Europe & Central Asia (excluding high income),7E,ECA,2006,,2026-07-13,14697.18588924,70.2178659389806,224417513,Aggregates,,,,Aggregates,Aggregates
Europe & Central Asia (excluding high income),7E,ECA,2017,,2026-07-13,19877.8402506784,74.4033539029016,244308649,Aggregates,,,,Aggregates,Aggregates
Europe & Central Asia (excluding high income),7E,ECA,2015,,2026-07-13,18721.7381996886,73.755408258866,240083379,Aggregates,,,,Aggregates,Aggregates
Europe & Central Asia (excluding high income),7E,ECA,2012,,2026-07-13,17669.0165699365,72.6735984954506,233875199,Aggregates,,,,Aggregates,Aggregates
Europe & Central Asia (excluding high income),7E,ECA,2016,,2026-07-13,19031.7409328875,74.0313769065099,242224182,Aggregates,,,,Aggregates,Aggregates
Europe & Central Asia (IDA & IBRD countries),T7,TEC,2001,,2026-07-13,15131.0651900248,68.5080250387666,438100368,Aggregates,,,,Aggregates,Aggregates
Europe & Central Asia (IDA & IBRD countries),T7,TEC,2000,,2026-07-13,14595.0711135375,68.3665797468115,438423541,Aggregates,,,,Aggregates,Aggregates
Europe & Central Asia (IDA & IBRD countries),T7,TEC,2014,,2026-07-13,25858.1655880354,73.0389491798356,451432428,Aggregates,,,,Aggregates,Aggregates
Europe & Central Asia (IDA & IBRD countries),T7,TEC,2015,,2026-07-13,25834.8173197386,73.3408132950813,453662073,Aggregates,,,,Aggregates,Aggregates
Europe & Central Asia (IDA & IBRD countries),T7,TEC,2005,,2026-07-13,19454.1336352698,69.1399718973032,438333196,Aggregates,,,,Aggregates,Aggregates
Europe & Central Asia (IDA & IBRD countries),T7,TEC,2013,,2026-07-13,25612.5772709157,72.7942035795041,449128604,Aggregates,,,,Aggregates,Aggregates
Europe & Central Asia (IDA & IBRD countries),T7,TEC,2003,,2026-07-13,16935.5538252528,68.6968166323048,437905932,Aggregates,,,,Aggregates,Aggregates
Europe & Central Asia (IDA & IBRD countries),T7,TEC,2004,,2026-07-13,18285.8767112422,69.0029078332647,438136036,Aggregates,,,,Aggregates,Aggregates
Europe & Central Asia (IDA & IBRD countries),T7,TEC,2016,,2026-07-13,26118.7773736522,73.6902109808947,455913002,Aggregates,,,,Aggregates,Aggregates
Europe & Central Asia (IDA & IBRD countries),T7,TEC,2017,,2026-07-13,27008.5506544179,74.1318681774556,458010325,Aggregates,,,,Aggregates,Aggregates
Europe & Central Asia (IDA & IBRD countries),T7,TEC,2008,,2026-07-13,23653.990951491,70.545164140567607,439732746,Aggregates,,,,Aggregates,Aggregates
Europe & Central Asia (IDA & IBRD countries),T7,TEC,2009,,2026-07-13,22249.6950356121,71.0832338433596,441304973,Aggregates,,,,Aggregates,Aggregates
Europe & Central Asia (IDA & IBRD countries),T7,TEC,2006,,2026-07-13,20994.707627893,69.6987479861711,438714358,Aggregates,,,,Aggregates,Aggregates
Europe & Central Asia (IDA & IBRD countries),T7,TEC,2007,,2026-07-13,22657.1349385733,70.1803431982885,438680283,Aggregates,,,,Aggregates,Aggregates
Europe & Central Asia (IDA & IBRD countries),T7,TEC,2012,,2026-07-13,25017.564733224,72.3336150257883,446941101,Aggregates,,,,Aggregates,Aggregates
Europe & Central Asia (IDA & IBRD countries),T7,TEC,2021,,2026-07-13,29918.4650718143,72.1506406826172,463104389,Aggregates,,,,Aggregates,Aggregates
Europe & Central Asia (IDA & IBRD countries),T7,TEC,2010,,2026-07-13,23167.2207575598,71.4358973425353,442936599,Aggregates,,,,Aggregates,Aggregates
Europe & Central Asia (IDA & IBRD countries),T7,TEC,2011,,2026-07-13,24330.2540578139,71.9266644042886,444846366,Aggregates,,,,Aggregates,Aggregates
Europe & Central Asia (IDA & IBRD countries),T7,TEC,2002,,2026-07-13,15899.5974213638,68.5629095629382,437806951,Aggregates,,,,Aggregates,Aggregates
Europe & Central Asia (IDA & IBRD countries),T7,TEC,2018,,2026-07-13,27881.0262510333,74.2976622013592,459946883,Aggregates,,,,Aggregates,Aggregates
Europe & Central Asia (IDA & IBRD countries),T7,TEC,2019,,2026-07-13,28540.7387047996,74.590946255432,461933206,Aggregates,,,,Aggregates,Aggregates
Europe & Central Asia (IDA & IBRD countries),T7,TEC,2020,,2026-07-13,27962.5237763209,73.1492512511888,462842288,Aggregates,,,,Aggregates,Aggregates
Europe & Central Asia (IDA & IBRD countries),T7,TEC,2022,,2026-07-13,30179.7870902442,74.1883654842503,460942269,Aggregates,,,,Aggregates,Aggregates
Europe & Central Asia (IDA & IBRD countries),T7,TEC,2023,,2026-07-13,31509.9061055568,74.6977324805541,458599775,Aggregates,,,,Aggregates,Aggregates
European Union,EU,EUU,2017,,2026-07-13,49704.2541206968,80.9301511681956,445321060,Aggregates,,,,Aggregates,Aggregates
European Union,EU,EUU,2015,,2026-07-13,47490.9137112119,80.5707965259,443793218,Aggregates,,,,Aggregates,Aggregates
European Union,EU,EUU,2016,,2026-07-13,48336.5082885839,80.9529785979391,444676652,Aggregates,,,,Aggregates,Aggregates
European Union,EU,EUU,2019,,2026-07-13,51662.076917369,81.3194524901835,446910453,Aggregates,,,,Aggregates,Aggregates
European Union,EU,EUU,2002,,2026-07-13,41423.9551021717,77.5340746440768,430924112,Aggregates,,,,Aggregates,Aggregates
European Union,EU,EUU,2018,,2026-07-13,50737.2331625802,81.0303425240609,446058453,Aggregates,,,,Aggregates,Aggregates
European Union,EU,EUU,2000,,2026-07-13,40161.0962541705,77.0782450771112,429339162,Aggregates,,,,Aggregates,Aggregates
European Union,EU,EUU,2001,,2026-07-13,41009.6231907529,77.4256390326754,429909307,Aggregates,,,,Aggregates,Aggregates
European Union,EU,EUU,2014,,2026-07-13,46455.5685991692,80.8760173893061,442920819,Aggregates,,,,Aggregates,Aggregates
European Union,EU,EUU,2020,,2026-07-13,48769.5135471727,80.4414754678551,446870959,Aggregates,,,,Aggregates,Aggregates
European Union,EU,EUU,2021,,2026-07-13,51968.4388292725,80.3071959761974,446228281,Aggregates,,,,Aggregates,Aggregates
European Union,EU,EUU,2003,,2026-07-13,41730.1192122343,77.5923748441053,432512916,Aggregates,,,,Aggregates,Aggregates
European Union,EU,EUU,2005,,2026-07-13,43477.091531045,78.2751410316852,435789139,Aggregates,,,,Aggregates,Aggregates
European Union,EU,EUU,2010,,2026-07-13,45251.0407991375,79.6354307923887,442088310,Aggregates,,,,Aggregates,Aggregates
European Union,EU,EUU,2011,,2026-07-13,46206.0702456512,80.1439505204153,441414078,Aggregates,,,,Aggregates,Aggregates
European Union,EU,EUU,2022,,2026-07-13,53777.3333629812,80.7133261894067,447203596,Aggregates,,,,Aggregates,Aggregates
European Union,EU,EUU,2023,,2026-07-13,53861.7951609765,81.4249329538218,448897545,Aggregates,,,,Aggregates,Aggregates
European Union,EU,EUU,2004,,2026-07-13,42726.6206274142,78.1178281794517,434193248,Aggregates,,,,Aggregates,Aggregates
European Union,EU,EUU,2006,,2026-07-13,44947.0641658876,78.6721282949285,437263803,Aggregates,,,,Aggregates,Aggregates
European Union,EU,EUU,2012,,2026-07-13,45788.921010839,80.1657773209271,442069839,Aggregates,,,,Aggregates,Aggregates
European Union,EU,EUU,2013,,2026-07-13,45724.832051248,80.4734324600181,442425741,Aggregates,,,,Aggregates,Aggregates
European Union,EU,EUU,2009,,2026-07-13,44430.4810088447,79.362438680677,441388573,Aggregates,,,,Aggregates,Aggregates
European Union,EU,EUU,2007,,2026-07-13,46274.9825825459,78.9060450955774,438796003,Aggregates,,,,Aggregates,Aggregates
European Union,EU,EUU,2008,,2026-07-13,46521.2455019681,79.1296281887548,440270719,Aggregates,,,,Aggregates,Aggregates
Faroe Islands,FO,FRO,2008,,2026-07-13,54263.326408917,80.1460804878049,48547,Europe & Central Asia,Torshavn,-6.91181,61.8926,High income,Not classified
Faroe Islands,FO,FRO,2007,,2026-07-13,,79.9238243902439,48378,Europe & Central Asia,Torshavn,-6.91181,61.8926,High income,Not classified
Faroe Islands,FO,FRO,2005,,2026-07-13,,79.4453463414634,48359,Europe & Central Asia,Torshavn,-6.91181,61.8926,High income,Not classified
Faroe Islands,FO,FRO,2001,,2026-07-13,,78.6017292682927,46635,Europe & Central Asia,Torshavn,-6.91181,61.8926,High income,Not classified
Faroe Islands,FO,FRO,2009,,2026-07-13,51534.6010087672,80.3695317073171,48790,Europe & Central Asia,Torshavn,-6.91181,61.8926,High income,Not classified
Faroe Islands,FO,FRO,2006,,2026-07-13,,79.6898609756098,48335,Europe & Central Asia,Torshavn,-6.91181,61.8926,High income,Not classified
Faroe Islands,FO,FRO,2000,,2026-07-13,,78.4119073170732,45754,Europe & Central Asia,Torshavn,-6.91181,61.8926,High income,Not classified
Faroe Islands,FO,FRO,2021,,2026-07-13,68433.2144298182,82.6763219512195,53291,Europe & Central Asia,Torshavn,-6.91181,61.8926,High income,Not classified
Faroe Islands,FO,FRO,2002,,2026-07-13,,78.7876585365854,47335,Europe & Central Asia,Torshavn,-6.91181,61.8926,High income,Not classified
Faroe Islands,FO,FRO,2003,,2026-07-13,,78.9848073170732,48032,Europe & Central Asia,Torshavn,-6.91181,61.8926,High income,Not classified
Faroe Islands,FO,FRO,2004,,2026-07-13,,79.2049804878049,48384,Europe & Central Asia,Torshavn,-6.91181,61.8926,High income,Not classified
Faroe Islands,FO,FRO,2014,,2026-07-13,64019.4156670638,81.5912048780488,48427,Europe & Central Asia,Torshavn,-6.91181,61.8926,High income,Not classified
Faroe Islands,FO,FRO,2011,,2026-07-13,53441.4369353384,80.8518097560976,48542,Europe & Central Asia,Torshavn,-6.91181,61.8926,High income,Not classified
Faroe Islands,FO,FRO,2012,,2026-07-13,57524.5150997874,81.1060951219512,48290,Europe & Central Asia,Torshavn,-6.91181,61.8926,High income,Not classified
Faroe Islands,FO,FRO,2010,,2026-07-13,51480.252003895,80.604956097561,48656,Europe & Central Asia,Torshavn,-6.91181,61.8926,High income,Not classified
Faroe Islands,FO,FRO,2018,,2026-07-13,66192.0494379671,82.2486024390244,50997,Europe & Central Asia,Torshavn,-6.91181,61.8926,High income,Not classified
Faroe Islands,FO,FRO,2015,,2026-07-13,64010.1614022331,81.7995975609756,48898,Europe & Central Asia,Torshavn,-6.91181,61.8926,High income,Not classified
Faroe Islands,FO,FRO,2016,,2026-07-13,64156.3241575516,81.962112195122,49463,Europe & Central Asia,Torshavn,-6.91181,61.8926,High income,Not classified
Faroe Islands,FO,FRO,2013,,2026-07-13,60950.030982757104,81.356643902439,48245,Europe & Central Asia,Torshavn,-6.91181,61.8926,High income,Not classified
Faroe Islands,FO,FRO,2019,,2026-07-13,68136.6617957112,82.3912829268293,51790,Europe & Central Asia,Torshavn,-6.91181,61.8926,High income,Not classified
Faroe Islands,FO,FRO,2020,,2026-07-13,66037.9361506945,82.5341926829268,52561,Europe & Central Asia,Torshavn,-6.91181,61.8926,High income,Not classified
Faroe Islands,FO,FRO,2022,,2026-07-13,70268.4497197492,82.8162292682927,53903,Europe & Central Asia,Torshavn,-6.91181,61.8926,High income,Not classified
Faroe Islands,FO,FRO,2017,,2026-07-13,65461.9113301074,82.1062926829268,50179,Europe & Central Asia,Torshavn,-6.91181,61.8926,High income,Not classified
Faroe Islands,FO,FRO,2023,,2026-07-13,71828.4342781841,82.9521195121951,54398,Europe & Central Asia,Torshavn,-6.91181,61.8926,High income,Not classified
Fiji,FJ,FJI,2009,,2026-07-13,9536.81722352305,66.347,907239,East Asia & Pacific,Suva,178.399,-18.1149,Upper middle income,Blend
Fiji,FJ,FJI,2021,,2026-07-13,10322.4279638854,64.904,916711,East Asia & Pacific,Suva,178.399,-18.1149,Upper middle income,Blend
Fiji,FJ,FJI,2010,,2026-07-13,9784.30360030575,66.778,910419,East Asia & Pacific,Suva,178.399,-18.1149,Upper middle income,Blend
Fiji,FJ,FJI,2008,,2026-07-13,9711.96604105756,66.32,903399,East Asia & Pacific,Suva,178.399,-18.1149,Upper middle income,Blend
Fiji,FJ,FJI,2007,,2026-07-13,9672.29020465987,66.161,897832,East Asia & Pacific,Suva,178.399,-18.1149,Upper middle income,Blend
Fiji,FJ,FJI,2020,,2026-07-13,10812.0355014178,66.924,914963,East Asia & Pacific,Suva,178.399,-18.1149,Upper middle income,Blend
Fiji,FJ,FJI,2022,,2026-07-13,12118.3182710082,67.148,919422,East Asia & Pacific,Suva,178.399,-18.1149,Upper middle income,Blend
Fiji,FJ,FJI,2013,,2026-07-13,10604.1559055372,66.545,916352,East Asia & Pacific,Suva,178.399,-18.1149,Upper middle income,Blend
Fiji,FJ,FJI,2014,,2026-07-13,11183.3135250834,66.581,917585,East Asia & Pacific,Suva,178.399,-18.1149,Upper middle income,Blend
Fiji,FJ,FJI,2015,,2026-07-13,11674.0633676202,66.48,918578,East Asia & Pacific,Suva,178.399,-18.1149,Upper middle income,Blend
Fiji,FJ,FJI,2016,,2026-07-13,11951.9196738327,66.657,919166,East Asia & Pacific,Suva,178.399,-18.1149,Upper middle income,Blend
Fiji,FJ,FJI,2017,,2026-07-13,12597.327485488,67.06,918759,East Asia & Pacific,Suva,178.399,-18.1149,Upper middle income,Blend
Fiji,FJ,FJI,2018,,2026-07-13,13100.095939444,66.965,917180,East Asia & Pacific,Suva,178.399,-18.1149,Upper middle income,Blend
Fiji,FJ,FJI,2019,,2026-07-13,13056.3310937089,67.009,914899,East Asia & Pacific,Suva,178.399,-18.1149,Upper middle income,Blend
Fiji,FJ,FJI,2011,,2026-07-13,10020.6957548052,66.88,912989,East Asia & Pacific,Suva,178.399,-18.1149,Upper middle income,Blend
Fiji,FJ,FJI,2012,,2026-07-13,10140.693585539,65.812,914918,East Asia & Pacific,Suva,178.399,-18.1149,Upper middle income,Blend
Fiji,FJ,FJI,2023,,2026-07-13,13194.8047570404,67.316,924145,East Asia & Pacific,Suva,178.399,-18.1149,Upper middle income,Blend
Fiji,FJ,FJI,2001,,2026-07-13,9157.80844623624,66.205,849596,East Asia & Pacific,Suva,178.399,-18.1149,Upper middle income,Blend
Fiji,FJ,FJI,2002,,2026-07-13,9357.75382838604,65.492,858049,East Asia & Pacific,Suva,178.399,-18.1149,Upper middle income,Blend
Fiji,FJ,FJI,2003,,2026-07-13,9361.4641667422,65.653,866286,East Asia & Pacific,Suva,178.399,-18.1149,Upper middle income,Blend
Fiji,FJ,FJI,2000,,2026-07-13,9070.99318456826,66.194,840909,East Asia & Pacific,Suva,178.399,-18.1149,Upper middle income,Blend
Fiji,FJ,FJI,2005,,2026-07-13,9745.58143908405,65.983,882379,East Asia & Pacific,Suva,178.399,-18.1149,Upper middle income,Blend
Fiji,FJ,FJI,2006,,2026-07-13,9837.08586688962,66.126,890365,East Asia & Pacific,Suva,178.399,-18.1149,Upper middle income,Blend
Fiji,FJ,FJI,2004,,2026-07-13,9766.52774786586,65.841,874366,East Asia & Pacific,Suva,178.399,-18.1149,Upper middle income,Blend
Finland,FI,FIN,2021,,2026-07-13,56790.3766177692,81.8853658536585,5541017,Europe & Central Asia,Helsinki,24.9525,60.1608,High income,Not classified
Finland,FI,FIN,2000,,2026-07-13,46968.841714507,77.4658536585366,5176209,Europe & Central Asia,Helsinki,24.9525,60.1608,High income,Not classified
Finland,FI,FIN,2023,,2026-07-13,56051.7701129501,81.5853658536585,5583911,Europe & Central Asia,Helsinki,24.9525,60.1608,High income,Not classified
Finland,FI,FIN,2008,,2026-07-13,57494.585352886,79.5682926829268,5313399,Europe & Central Asia,Helsinki,24.9525,60.1608,High income,Not classified
Finland,FI,FIN,2012,,2026-07-13,53957.6680986279,80.6268292682927,5413971,Europe & Central Asia,Helsinki,24.9525,60.1608,High income,Not classified
Finland,FI,FIN,2001,,2026-07-13,48099.3014282794,77.9658536585366,5188008,Europe & Central Asia,Helsinki,24.9525,60.1608,High income,Not classified
Finland,FI,FIN,2002,,2026-07-13,48792.4864789775,78.119512195122,5200598,Europe & Central Asia,Helsinki,24.9525,60.1608,High income,Not classified
Finland,FI,FIN,2011,,2026-07-13,55053.3906850323,80.4707317073171,5388272,Europe & Central Asia,Helsinki,24.9525,60.1608,High income,Not classified
Finland,FI,FIN,2004,,2026-07-13,51494.705860401,78.7146341463415,5228172,Europe & Central Asia,Helsinki,24.9525,60.1608,High income,Not classified
Finland,FI,FIN,2005,,2026-07-13,52744.048034135,78.8170731707317,5246096,Europe & Central Asia,Helsinki,24.9525,60.1608,High income,Not classified
Finland,FI,FIN,2006,,2026-07-13,54653.981203281,79.2146341463415,5266268,Europe & Central Asia,Helsinki,24.9525,60.1608,High income,Not classified
Finland,FI,FIN,2003,,2026-07-13,49655.5451564067,78.3682926829268,5213014,Europe & Central Asia,Helsinki,24.9525,60.1608,High income,Not classified
Finland,FI,FIN,2022,,2026-07-13,57068.3056478074,81.1878048780488,5556106,Europe & Central Asia,Helsinki,24.9525,60.1608,High income,Not classified
Finland,FI,FIN,2010,,2026-07-13,54017.9458623339,79.8707317073171,5363352,Europe & Central Asia,Helsinki,24.9525,60.1608,High income,Not classified
Finland,FI,FIN,2013,,2026-07-13,53183.4286685126,80.9756097560976,5438972,Europe & Central Asia,Helsinki,24.9525,60.1608,High income,Not classified
Finland,FI,FIN,2007,,2026-07-13,57313.2916474478,79.2634146341464,5288720,Europe & Central Asia,Helsinki,24.9525,60.1608,High income,Not classified
Finland,FI,FIN,2009,,2026-07-13,52599.1487066911,79.719512195122,5338871,Europe & Central Asia,Helsinki,24.9525,60.1608,High income,Not classified
Finland,FI,FIN,2016,,2026-07-13,53984.6316254715,81.4292682926829,5495303,Europe & Central Asia,Helsinki,24.9525,60.1608,High income,Not classified
Finland,FI,FIN,2017,,2026-07-13,55637.2262781223,81.6317073170732,5508214,Europe & Central Asia,Helsinki,24.9525,60.1608,High income,Not classified
Finland,FI,FIN,2014,,2026-07-13,52710.7334867778,81.1804878048781,5461512,Europe & Central Asia,Helsinki,24.9525,60.1608,High income,Not classified
Finland,FI,FIN,2015,,2026-07-13,52782.4873926277,81.4804878048781,5479531,Europe & Central Asia,Helsinki,24.9525,60.1608,High income,Not classified
Finland,FI,FIN,2020,,2026-07-13,55424.8574989208,81.9317073170732,5529543,Europe & Central Asia,Helsinki,24.9525,60.1608,High income,Not classified
Finland,FI,FIN,2018,,2026-07-13,56226.337241343,81.7341463414634,5515525,Europe & Central Asia,Helsinki,24.9525,60.1608,High income,Not classified
Finland,FI,FIN,2019,,2026-07-13,56922.4873163103,81.9829268292683,5521606,Europe & Central Asia,Helsinki,24.9525,60.1608,High income,Not classified
France,FR,FRA,2003,,2026-07-13,46730.975806379,79.1146341463415,62249855,Europe & Central Asia,Paris,2.35097,48.8566,High income,Not classified
France,FR,FRA,2002,,2026-07-13,46610.7820717214,79.2609756097561,61812142,Europe & Central Asia,Paris,2.35097,48.8566,High income,Not classified
France,FR,FRA,2014,,2026-07-13,50326.567863089,82.719512195122,66312067,Europe & Central Asia,Paris,2.35097,48.8566,High income,Not classified
France,FR,FRA,2015,,2026-07-13,50682.8953586333,82.3219512195122,66548272,Europe & Central Asia,Paris,2.35097,48.8566,High income,Not classified
France,FR,FRA,2001,,2026-07-13,46454.8706927365,79.1585365853659,61364377,Europe & Central Asia,Paris,2.35097,48.8566,High income,Not classified
France,FR,FRA,2013,,2026-07-13,50066.5304324783,82.219512195122,65997932,Europe & Central Asia,Paris,2.35097,48.8566,High income,Not classified
France,FR,FRA,2000,,2026-07-13,45922.4789363701,79.0560975609756,60918661,Europe & Central Asia,Paris,2.35097,48.8566,High income,Not classified
France,FR,FRA,2005,,2026-07-13,48257.4650937971,80.1634146341463,63180854,Europe & Central Asia,Paris,2.35097,48.8566,High income,Not classified
France,FR,FRA,2006,,2026-07-13,49223.247197008,80.8121951219512,63622342,Europe & Central Asia,Paris,2.35097,48.8566,High income,Not classified
France,FR,FRA,2016,,2026-07-13,50984.075297832,82.5731707317073,66724104,Europe & Central Asia,Paris,2.35097,48.8566,High income,Not classified
France,FR,FRA,2017,,2026-07-13,51895.5662985838,82.5756097560976,66918020,Europe & Central Asia,Paris,2.35097,48.8566,High income,Not classified
France,FR,FRA,2008,,2026-07-13,50068.2969141379,81.2146341463415,64375116,Europe & Central Asia,Paris,2.35097,48.8566,High income,Not classified
France,FR,FRA,2009,,2026-07-13,48404.965782636304,81.4146341463415,64706436,Europe & Central Asia,Paris,2.35097,48.8566,High income,Not classified
France,FR,FRA,2019,,2026-07-13,53448.5548849943,82.8268292682927,67382061,Europe & Central Asia,Paris,2.35097,48.8566,High income,Not classified
France,FR,FRA,2007,,2026-07-13,50157.7837477634,81.1121951219512,64016890,Europe & Central Asia,Paris,2.35097,48.8566,High income,Not classified
France,FR,FRA,2012,,2026-07-13,49935.6269081617,81.9682926829268,65657659,Europe & Central Asia,Paris,2.35097,48.8566,High income,Not classified
France,FR,FRA,2021,,2026-07-13,52517.3354905855,82.3243902439024,67842811,Europe & Central Asia,Paris,2.35097,48.8566,High income,Not classified
France,FR,FRA,2010,,2026-07-13,49130.422942344,81.6634146341463,65026211,Europe & Central Asia,Paris,2.35097,48.8566,High income,Not classified
France,FR,FRA,2011,,2026-07-13,50085.6829779109,82.1146341463415,65340830,Europe & Central Asia,Paris,2.35097,48.8566,High income,Not classified
France,FR,FRA,2004,,2026-07-13,47720.4413351103,80.1634146341463,62707588,Europe & Central Asia,Paris,2.35097,48.8566,High income,Not classified
France,FR,FRA,2018,,2026-07-13,52560.9536243841,82.6756097560976,67158348,Europe & Central Asia,Paris,2.35097,48.8566,High income,Not classified
France,FR,FRA,2023,,2026-07-13,54296.7230897731,82.8317073170732,68372286,Europe & Central Asia,Paris,2.35097,48.8566,High income,Not classified
France,FR,FRA,2020,,2026-07-13,49311.333409639,82.1756097560976,67601110,Europe & Central Asia,Paris,2.35097,48.8566,High income,Not classified
France,FR,FRA,2022,,2026-07-13,53673.8137406422,82.1292682926829,68184457,Europe & Central Asia,Paris,2.35097,48.8566,High income,Not classified
French Polynesia,PF,PYF,2017,,2026-07-13,,82.774,280087,East Asia & Pacific,Papeete,-149.57,-17.535,High income,Not classified
French Polynesia,PF,PYF,2015,,2026-07-13,,82.339,277866,East Asia & Pacific,Papeete,-149.57,-17.535,High income,Not classified
French Polynesia,PF,PYF,2018,,2026-07-13,,82.985,279815,East Asia & Pacific,Papeete,-149.57,-17.535,High income,Not classified
French Polynesia,PF,PYF,2016,,2026-07-13,,82.555,279178,East Asia & Pacific,Papeete,-149.57,-17.535,High income,Not classified
French Polynesia,PF,PYF,2019,,2026-07-13,,83.195,279034,East Asia & Pacific,Papeete,-149.57,-17.535,High income,Not classified
French Polynesia,PF,PYF,2002,,2026-07-13,,79.544,247775,East Asia & Pacific,Papeete,-149.57,-17.535,High income,Not classified
French Polynesia,PF,PYF,2022,,2026-07-13,,83.859,280378,East Asia & Pacific,Papeete,-149.57,-17.535,High income,Not classified
French Polynesia,PF,PYF,2000,,2026-07-13,,79,240337,East Asia & Pacific,Papeete,-149.57,-17.535,High income,Not classified
French Polynesia,PF,PYF,2001,,2026-07-13,,79.316,244097,East Asia & Pacific,Papeete,-149.57,-17.535,High income,Not classified
French Polynesia,PF,PYF,2014,,2026-07-13,,82.151,276387,East Asia & Pacific,Papeete,-149.57,-17.535,High income,Not classified
French Polynesia,PF,PYF,2020,,2026-07-13,,82.459,279209,East Asia & Pacific,Papeete,-149.57,-17.535,High income,Not classified
French Polynesia,PF,PYF,2021,,2026-07-13,,79.571,279792,East Asia & Pacific,Papeete,-149.57,-17.535,High income,Not classified
French Polynesia,PF,PYF,2003,,2026-07-13,,79.71,251637,East Asia & Pacific,Papeete,-149.57,-17.535,High income,Not classified
French Polynesia,PF,PYF,2005,,2026-07-13,,79.951,259507,East Asia & Pacific,Papeete,-149.57,-17.535,High income,Not classified
French Polynesia,PF,PYF,2010,,2026-07-13,,81.141,270580,East Asia & Pacific,Papeete,-149.57,-17.535,High income,Not classified
French Polynesia,PF,PYF,2011,,2026-07-13,,81.434,271727,East Asia & Pacific,Papeete,-149.57,-17.535,High income,Not classified
French Polynesia,PF,PYF,2008,,2026-07-13,,80.587,268379,East Asia & Pacific,Papeete,-149.57,-17.535,High income,Not classified
French Polynesia,PF,PYF,2023,,2026-07-13,,84.07,281118,East Asia & Pacific,Papeete,-149.57,-17.535,High income,Not classified
French Polynesia,PF,PYF,2004,,2026-07-13,,79.829,255654,East Asia & Pacific,Papeete,-149.57,-17.535,High income,Not classified
French Polynesia,PF,PYF,2006,,2026-07-13,,80.1,263223,East Asia & Pacific,Papeete,-149.57,-17.535,High income,Not classified
French Polynesia,PF,PYF,2012,,2026-07-13,,81.695,273084,East Asia & Pacific,Papeete,-149.57,-17.535,High income,Not classified
French Polynesia,PF,PYF,2013,,2026-07-13,,81.935,274728,East Asia & Pacific,Papeete,-149.57,-17.535,High income,Not classified
French Polynesia,PF,PYF,2009,,2026-07-13,,80.867,269481,East Asia & Pacific,Papeete,-149.57,-17.535,High income,Not classified
French Polynesia,PF,PYF,2007,,2026-07-13,,80.328,266438,East Asia & Pacific,Papeete,-149.57,-17.535,High income,Not classified
Gabon,GA,GAB,2009,,2026-07-13,17911.1458491118,64.361,1661556,Sub-Saharan Africa,Libreville,9.45162,0.38832,Upper middle income,IBRD
Gabon,GA,GAB,2010,,2026-07-13,18530.5760935497,64.715,1719879,Sub-Saharan Africa,Libreville,9.45162,0.38832,Upper middle income,IBRD
Gabon,GA,GAB,2008,,2026-07-13,18493.0921102783,64.011,1607175,Sub-Saharan Africa,Libreville,9.45162,0.38832,Upper middle income,IBRD
Gabon,GA,GAB,2005,,2026-07-13,20385.2899909124,62.978,1463495,Sub-Saharan Africa,Libreville,9.45162,0.38832,Upper middle income,IBRD
Gabon,GA,GAB,2006,,2026-07-13,19224.1268658387,63.259,1508337,Sub-Saharan Africa,Libreville,9.45162,0.38832,Upper middle income,IBRD
Gabon,GA,GAB,2013,,2026-07-13,19836.455485141,65.751,1913059,Sub-Saharan Africa,Libreville,9.45162,0.38832,Upper middle income,IBRD
Gabon,GA,GAB,2007,,2026-07-13,19751.876221581,63.619,1556237,Sub-Saharan Africa,Libreville,9.45162,0.38832,Upper middle income,IBRD
Gabon,GA,GAB,2000,,2026-07-13,21717.2240796789,61.81,1275572,Sub-Saharan Africa,Libreville,9.45162,0.38832,Upper middle income,IBRD
Gabon,GA,GAB,2001,,2026-07-13,21604.7804441769,61.982,1309589,Sub-Saharan Africa,Libreville,9.45162,0.38832,Upper middle income,IBRD
Gabon,GA,GAB,2002,,2026-07-13,20981.4798584466,62.175,1345135,Sub-Saharan Africa,Libreville,9.45162,0.38832,Upper middle income,IBRD
Gabon,GA,GAB,2003,,2026-07-13,20875.4549325844,62.463,1382350,Sub-Saharan Africa,Libreville,9.45162,0.38832,Upper middle income,IBRD
Gabon,GA,GAB,2004,,2026-07-13,20438.9307066593,62.694,1421609,Sub-Saharan Africa,Libreville,9.45162,0.38832,Upper middle income,IBRD
Gabon,GA,GAB,2021,,2026-07-13,18523.5798032135,67.072,2376722,Sub-Saharan Africa,Libreville,9.45162,0.38832,Upper middle income,IBRD
Gabon,GA,GAB,2012,,2026-07-13,19450.402706679,65.438,1846889,Sub-Saharan Africa,Libreville,9.45162,0.38832,Upper middle income,IBRD
Gabon,GA,GAB,2023,,2026-07-13,18701.4227766323,68.337,2484789,Sub-Saharan Africa,Libreville,9.45162,0.38832,Upper middle income,IBRD
Gabon,GA,GAB,2011,,2026-07-13,19153.0878200945,65.102,1781985,Sub-Saharan Africa,Libreville,9.45162,0.38832,Upper middle income,IBRD
Gabon,GA,GAB,2015,,2026-07-13,20147.7116201795,66.336,2040989,Sub-Saharan Africa,Libreville,9.45162,0.38832,Upper middle income,IBRD
Gabon,GA,GAB,2016,,2026-07-13,19988.1755963186,66.583,2100306,Sub-Saharan Africa,Libreville,9.45162,0.38832,Upper middle income,IBRD
Gabon,GA,GAB,2017,,2026-07-13,19555.707882916,66.816,2156900,Sub-Saharan Africa,Libreville,9.45162,0.38832,Upper middle income,IBRD
Gabon,GA,GAB,2014,,2026-07-13,20008.9899778716,66.07,1978399,Sub-Saharan Africa,Libreville,9.45162,0.38832,Upper middle income,IBRD
Gabon,GA,GAB,2019,,2026-07-13,19491.4067631396,67.337,2267706,Sub-Saharan Africa,Libreville,9.45162,0.38832,Upper middle income,IBRD
Gabon,GA,GAB,2020,,2026-07-13,18681.4840738546,67.073,2322539,Sub-Saharan Africa,Libreville,9.45162,0.38832,Upper middle income,IBRD
Gabon,GA,GAB,2022,,2026-07-13,18662.0497970472,67.713,2430747,Sub-Saharan Africa,Libreville,9.45162,0.38832,Upper middle income,IBRD
Gabon,GA,GAB,2018,,2026-07-13,19225.5982574678,67.043,2212318,Sub-Saharan Africa,Libreville,9.45162,0.38832,Upper middle income,IBRD
"Gambia, The",GM,GMB,2008,,2026-07-13,2649.61119865306,60.473,1817852,Sub-Saharan Africa,Banjul,-16.5885,13.4495,Low income,IDA
"Gambia, The",GM,GMB,2009,,2026-07-13,2745.32540574768,60.735,1871422,Sub-Saharan Africa,Banjul,-16.5885,13.4495,Low income,IDA
"Gambia, The",GM,GMB,2010,,2026-07-13,2824.21259222517,61.167,1926630,Sub-Saharan Africa,Banjul,-16.5885,13.4495,Low income,IDA
"Gambia, The",GM,GMB,2021,,2026-07-13,2777.79620978324,63.847,2576010,Sub-Saharan Africa,Banjul,-16.5885,13.4495,Low income,IDA
"Gambia, The",GM,GMB,2022,,2026-07-13,2863.18049829859,64.859,2636470,Sub-Saharan Africa,Banjul,-16.5885,13.4495,Low income,IDA
"Gambia, The",GM,GMB,2007,,2026-07-13,2567.15728802982,60.001,1765774,Sub-Saharan Africa,Banjul,-16.5885,13.4495,Low income,IDA
"Gambia, The",GM,GMB,2019,,2026-07-13,2750.82132179634,64.427,2456844,Sub-Saharan Africa,Banjul,-16.5885,13.4495,Low income,IDA
"Gambia, The",GM,GMB,2011,,2026-07-13,2519.83983255672,61.561,1983784,Sub-Saharan Africa,Banjul,-16.5885,13.4495,Low income,IDA
"Gambia, The",GM,GMB,2000,,2026-07-13,2658.61770579464,56.899,1455084,Sub-Saharan Africa,Banjul,-16.5885,13.4495,Low income,IDA
"Gambia, The",GM,GMB,2012,,2026-07-13,2574.93509664061,61.9,2043094,Sub-Saharan Africa,Banjul,-16.5885,13.4495,Low income,IDA
"Gambia, The",GM,GMB,2013,,2026-07-13,2572.44728941685,62.252,2103820,Sub-Saharan Africa,Banjul,-16.5885,13.4495,Low income,IDA
"Gambia, The",GM,GMB,2014,,2026-07-13,2465.10971144823,62.576,2164528,Sub-Saharan Africa,Banjul,-16.5885,13.4495,Low income,IDA
"Gambia, The",GM,GMB,2015,,2026-07-13,2495.95741601525,62.971,2224529,Sub-Saharan Africa,Banjul,-16.5885,13.4495,Low income,IDA
"Gambia, The",GM,GMB,2016,,2026-07-13,2478.46055756999,63.386,2283769,Sub-Saharan Africa,Banjul,-16.5885,13.4495,Low income,IDA
"Gambia, The",GM,GMB,2017,,2026-07-13,2533.18683710276,63.708,2342189,Sub-Saharan Africa,Banjul,-16.5885,13.4495,Low income,IDA
"Gambia, The",GM,GMB,2002,,2026-07-13,2578.557145742,57.736,1535691,Sub-Saharan Africa,Banjul,-16.5885,13.4495,Low income,IDA
"Gambia, The",GM,GMB,2020,,2026-07-13,2702.31919474482,64.418,2515733,Sub-Saharan Africa,Banjul,-16.5885,13.4495,Low income,IDA
"Gambia, The",GM,GMB,2018,,2026-07-13,2651.43281455826,64.034,2399632,Sub-Saharan Africa,Banjul,-16.5885,13.4495,Low income,IDA
"Gambia, The",GM,GMB,2023,,2026-07-13,2963.59873467436,65.86,2697845,Sub-Saharan Africa,Banjul,-16.5885,13.4495,Low income,IDA
"Gambia, The",GM,GMB,2006,,2026-07-13,2564.68653970519,59.667,1715275,Sub-Saharan Africa,Banjul,-16.5885,13.4495,Low income,IDA
"Gambia, The",GM,GMB,2003,,2026-07-13,2682.47993310133,58.223,1577611,Sub-Saharan Africa,Banjul,-16.5885,13.4495,Low income,IDA
"Gambia, The",GM,GMB,2004,,2026-07-13,2794.19352609118,58.749,1621312,Sub-Saharan Africa,Banjul,-16.5885,13.4495,Low income,IDA
"Gambia, The",GM,GMB,2001,,2026-07-13,2737.69610805906,57.283,1495011,Sub-Saharan Africa,Banjul,-16.5885,13.4495,Low income,IDA
"Gambia, The",GM,GMB,2005,,2026-07-13,2653.64239155191,59.11,1667037,Sub-Saharan Africa,Banjul,-16.5885,13.4495,Low income,IDA
Georgia,GE,GEO,2023,,2026-07-13,22590.5293649146,74.496,3715483,Europe & Central Asia,Tbilisi,44.793,41.71,Upper middle income,IBRD
Georgia,GE,GEO,2012,,2026-07-13,13193.9596974054,72.672,3728874,Europe & Central Asia,Tbilisi,44.793,41.71,Upper middle income,IBRD
Georgia,GE,GEO,2013,,2026-07-13,13913.0018245661,73.025,3717668,Europe & Central Asia,Tbilisi,44.793,41.71,Upper middle income,IBRD
Georgia,GE,GEO,2011,,2026-07-13,12288.6828861156,72.485,3756441,Europe & Central Asia,Tbilisi,44.793,41.71,Upper middle income,IBRD
Georgia,GE,GEO,2006,,2026-07-13,9337.98906420101,70.983,3880347,Europe & Central Asia,Tbilisi,44.793,41.71,Upper middle income,IBRD
Georgia,GE,GEO,2021,,2026-07-13,18915.6534005263,71.635,3708610,Europe & Central Asia,Tbilisi,44.793,41.71,Upper middle income,IBRD
Georgia,GE,GEO,2009,,2026-07-13,10553.0896395853,71.058,3814419,Europe & Central Asia,Tbilisi,44.793,41.71,Upper middle income,IBRD
Georgia,GE,GEO,2000,,2026-07-13,5706.27236527837,70.091,4077131,Europe & Central Asia,Tbilisi,44.793,41.71,Upper middle income,IBRD
Georgia,GE,GEO,2007,,2026-07-13,10567.2747164758,70.985,3860158,Europe & Central Asia,Tbilisi,44.793,41.71,Upper middle income,IBRD
Georgia,GE,GEO,2008,,2026-07-13,10856.1031328003,70.949,3848449,Europe & Central Asia,Tbilisi,44.793,41.71,Upper middle income,IBRD
Georgia,GE,GEO,2003,,2026-07-13,7227.73705960701,71.377,3951736,Europe & Central Asia,Tbilisi,44.793,41.71,Upper middle income,IBRD
Georgia,GE,GEO,2004,,2026-07-13,7693.91525392067,71.011,3927340,Europe & Central Asia,Tbilisi,44.793,41.71,Upper middle income,IBRD
Georgia,GE,GEO,2001,,2026-07-13,6074.08643017282,70.371,4014373,Europe & Central Asia,Tbilisi,44.793,41.71,Upper middle income,IBRD
Georgia,GE,GEO,2002,,2026-07-13,6464.32539672648,70.438,3978515,Europe & Central Asia,Tbilisi,44.793,41.71,Upper middle income,IBRD
Georgia,GE,GEO,2016,,2026-07-13,15442.9564358054,73.136,3727505,Europe & Central Asia,Tbilisi,44.793,41.71,Upper middle income,IBRD
Georgia,GE,GEO,2017,,2026-07-13,16237.6242230275,73.435,3728004,Europe & Central Asia,Tbilisi,44.793,41.71,Upper middle income,IBRD
Georgia,GE,GEO,2005,,2026-07-13,8485.58670534953,70.689,3902469,Europe & Central Asia,Tbilisi,44.793,41.71,Upper middle income,IBRD
Georgia,GE,GEO,2022,,2026-07-13,20966.5280391134,74.141,3712502,Europe & Central Asia,Tbilisi,44.793,41.71,Upper middle income,IBRD
Georgia,GE,GEO,2020,,2026-07-13,17031.144028342602,73.509,3722716,Europe & Central Asia,Tbilisi,44.793,41.71,Upper middle income,IBRD
Georgia,GE,GEO,2014,,2026-07-13,14475.3135356035,73.105,3719414,Europe & Central Asia,Tbilisi,44.793,41.71,Upper middle income,IBRD
Georgia,GE,GEO,2015,,2026-07-13,14936.8434116647,73.241,3725276,Europe & Central Asia,Tbilisi,44.793,41.71,Upper middle income,IBRD
Georgia,GE,GEO,2018,,2026-07-13,17228.6790847503,73.985,3726549,Europe & Central Asia,Tbilisi,44.793,41.71,Upper middle income,IBRD
Georgia,GE,GEO,2019,,2026-07-13,18186.8816465807,74.165,3720161,Europe & Central Asia,Tbilisi,44.793,41.71,Upper middle income,IBRD
Georgia,GE,GEO,2010,,2026-07-13,11294.3685917112,71.732,3786695,Europe & Central Asia,Tbilisi,44.793,41.71,Upper middle income,IBRD
Germany,DE,DEU,2004,,2026-07-13,50786.0176463275,78.6804878048781,82516260,Europe & Central Asia,Berlin,13.4115,52.5235,High income,Not classified
Germany,DE,DEU,2003,,2026-07-13,50191.7219389611,78.3804878048781,82534176,Europe & Central Asia,Berlin,13.4115,52.5235,High income,Not classified
Germany,DE,DEU,2016,,2026-07-13,60504.5857417161,80.990243902439,82348669,Europe & Central Asia,Berlin,13.4115,52.5235,High income,Not classified
Germany,DE,DEU,2002,,2026-07-13,50486.998248551,78.2292682926829,82488495,Europe & Central Asia,Berlin,13.4115,52.5235,High income,Not classified
Germany,DE,DEU,2008,,2026-07-13,55513.7558858315,79.7365853658537,82110097,Europe & Central Asia,Berlin,13.4115,52.5235,High income,Not classified
Germany,DE,DEU,2017,,2026-07-13,61965.4342904965,80.9926829268293,82657002,Europe & Central Asia,Berlin,13.4115,52.5235,High income,Not classified
Germany,DE,DEU,2006,,2026-07-13,53307.1623767517,79.1317073170732,82376451,Europe & Central Asia,Berlin,13.4115,52.5235,High income,Not classified
Germany,DE,DEU,2001,,2026-07-13,50687.6500447924,78.3292682926829,82349925,Europe & Central Asia,Berlin,13.4115,52.5235,High income,Not classified
Germany,DE,DEU,2000,,2026-07-13,49955.6461286496,77.9268292682927,82211508,Europe & Central Asia,Berlin,13.4115,52.5235,High income,Not classified
Germany,DE,DEU,2005,,2026-07-13,51264.8193748941,78.9317073170732,82469422,Europe & Central Asia,Berlin,13.4115,52.5235,High income,Not classified
Germany,DE,DEU,2018,,2026-07-13,62481.1183971045,80.8926829268293,82905782,Europe & Central Asia,Berlin,13.4115,52.5235,High income,Not classified
Germany,DE,DEU,2019,,2026-07-13,62949.8932511855,81.2926829268293,83092962,Europe & Central Asia,Berlin,13.4115,52.5235,High income,Not classified
Germany,DE,DEU,2020,,2026-07-13,60299.5767710809,81.0414634146342,83160871,Europe & Central Asia,Berlin,13.4115,52.5235,High income,Not classified
Germany,DE,DEU,2015,,2026-07-13,59668.9890355282,80.6414634146341,81686611,Europe & Central Asia,Berlin,13.4115,52.5235,High income,Not classified
Germany,DE,DEU,2021,,2026-07-13,62630.7748127737,80.790243902439,83196078,Europe & Central Asia,Berlin,13.4115,52.5235,High income,Not classified
Germany,DE,DEU,2009,,2026-07-13,52568.797424995,79.8365853658537,81902307,Europe & Central Asia,Berlin,13.4115,52.5235,High income,Not classified
Germany,DE,DEU,2010,,2026-07-13,54826.255453315,79.9878048780488,81776930,Europe & Central Asia,Berlin,13.4115,52.5235,High income,Not classified
Germany,DE,DEU,2011,,2026-07-13,57950.9589729677,80.4365853658537,80274983,Europe & Central Asia,Berlin,13.4115,52.5235,High income,Not classified
Germany,DE,DEU,2012,,2026-07-13,58110.3768512245,80.5390243902439,80425823,Europe & Central Asia,Berlin,13.4115,52.5235,High income,Not classified
Germany,DE,DEU,2013,,2026-07-13,58182.0766176953,80.490243902439,80645605,Europe & Central Asia,Berlin,13.4115,52.5235,High income,Not classified
Germany,DE,DEU,2014,,2026-07-13,59203.2340879963,81.090243902439,80982500,Europe & Central Asia,Berlin,13.4115,52.5235,High income,Not classified
Germany,DE,DEU,2023,,2026-07-13,63140.1949099669,81.0414634146342,83287273,Europe & Central Asia,Berlin,13.4115,52.5235,High income,Not classified
Germany,DE,DEU,2007,,2026-07-13,54920.6589299724,79.5341463414634,82266372,Europe & Central Asia,Berlin,13.4115,52.5235,High income,Not classified
Germany,DE,DEU,2022,,2026-07-13,63777.9291029299,80.6080487804878,83177813,Europe & Central Asia,Berlin,13.4115,52.5235,High income,Not classified
Ghana,GH,GHA,2020,,2026-07-13,6412.68541762469,64.309,31887809,Sub-Saharan Africa,Accra,-0.20795,5.57045,Lower middle income,IDA
Ghana,GH,GHA,2004,,2026-07-13,3607.36522285021,59.316,21868298,Sub-Saharan Africa,Accra,-0.20795,5.57045,Lower middle income,IDA
Ghana,GH,GHA,2019,,2026-07-13,6508.24652305901,64.455,31258945,Sub-Saharan Africa,Accra,-0.20795,5.57045,Lower middle income,IDA
Ghana,GH,GHA,2023,,2026-07-13,6808.53775003964,65.498,33787914,Sub-Saharan Africa,Accra,-0.20795,5.57045,Lower middle income,IDA
Ghana,GH,GHA,2021,,2026-07-13,6607.50297378321,64.286,32518665,Sub-Saharan Africa,Accra,-0.20795,5.57045,Lower middle income,IDA
Ghana,GH,GHA,2022,,2026-07-13,6728.45413832472,65.246,33149152,Sub-Saharan Africa,Accra,-0.20795,5.57045,Lower middle income,IDA
Ghana,GH,GHA,2000,,2026-07-13,3327.35199291767,58.139,19637087,Sub-Saharan Africa,Accra,-0.20795,5.57045,Lower middle income,IDA
Ghana,GH,GHA,2001,,2026-07-13,3369.50702508212,58.403,20167069,Sub-Saharan Africa,Accra,-0.20795,5.57045,Lower middle income,IDA
Ghana,GH,GHA,2002,,2026-07-13,3425.61820934278,58.709,20729388,Sub-Saharan Africa,Accra,-0.20795,5.57045,Lower middle income,IDA
Ghana,GH,GHA,2003,,2026-07-13,3507.75105744843,59.014,21296705,Sub-Saharan Africa,Accra,-0.20795,5.57045,Lower middle income,IDA
Ghana,GH,GHA,2017,,2026-07-13,5993.63085211077,63.829,30008354,Sub-Saharan Africa,Accra,-0.20795,5.57045,Lower middle income,IDA
Ghana,GH,GHA,2018,,2026-07-13,6234.51208201488,64.138,30637585,Sub-Saharan Africa,Accra,-0.20795,5.57045,Lower middle income,IDA
Ghana,GH,GHA,2009,,2026-07-13,4269.16005861557,60.928,24862664,Sub-Saharan Africa,Accra,-0.20795,5.57045,Lower middle income,IDA
Ghana,GH,GHA,2005,,2026-07-13,3721.30785741996,59.638,22449438,Sub-Saharan Africa,Accra,-0.20795,5.57045,Lower middle income,IDA
Ghana,GH,GHA,2006,,2026-07-13,3857.86154847605,59.975,23040702,Sub-Saharan Africa,Accra,-0.20795,5.57045,Lower middle income,IDA
Ghana,GH,GHA,2007,,2026-07-13,3923.12567803728,60.282,23642279,Sub-Saharan Africa,Accra,-0.20795,5.57045,Lower middle income,IDA
Ghana,GH,GHA,2013,,2026-07-13,5593.77481886917,62.397,27386193,Sub-Saharan Africa,Accra,-0.20795,5.57045,Lower middle income,IDA
Ghana,GH,GHA,2010,,2026-07-13,4495.68916584106,61.297,25474995,Sub-Saharan Africa,Accra,-0.20795,5.57045,Lower middle income,IDA
Ghana,GH,GHA,2011,,2026-07-13,5005.36732498187,61.617,26095088,Sub-Saharan Africa,Accra,-0.20795,5.57045,Lower middle income,IDA
Ghana,GH,GHA,2012,,2026-07-13,5339.71321903045,61.995,26734268,Sub-Saharan Africa,Accra,-0.20795,5.57045,Lower middle income,IDA
Ghana,GH,GHA,2014,,2026-07-13,5619.07233511591,62.832,28041592,Sub-Saharan Africa,Accra,-0.20795,5.57045,Lower middle income,IDA
Ghana,GH,GHA,2015,,2026-07-13,5607.36635657413,63.175,28696068,Sub-Saharan Africa,Accra,-0.20795,5.57045,Lower middle income,IDA
Ghana,GH,GHA,2016,,2026-07-13,5666.07795334591,63.522,29356742,Sub-Saharan Africa,Accra,-0.20795,5.57045,Lower middle income,IDA
Ghana,GH,GHA,2008,,2026-07-13,4174.78124103364,60.578,24249946,Sub-Saharan Africa,Accra,-0.20795,5.57045,Lower middle income,IDA
Gibraltar,GI,GIB,2010,,2026-07-13,,82.08,31248,Europe & Central Asia,,,,High income,Not classified
Gibraltar,GI,GIB,2009,,2026-07-13,,81.807,30823,Europe & Central Asia,,,,High income,Not classified
Gibraltar,GI,GIB,2011,,2026-07-13,,82.333,31660,Europe & Central Asia,,,,High income,Not classified
Gibraltar,GI,GIB,2012,,2026-07-13,,82.527,32029,Europe & Central Asia,,,,High income,Not classified
Gibraltar,GI,GIB,2013,,2026-07-13,,82.586,32407,Europe & Central Asia,,,,High income,Not classified
Gibraltar,GI,GIB,2008,,2026-07-13,,81.541,30413,Europe & Central Asia,,,,High income,Not classified
Gibraltar,GI,GIB,2014,,2026-07-13,,82.644,32813,Europe & Central Asia,,,,High income,Not classified
Gibraltar,GI,GIB,2001,,2026-07-13,,80.419,27657,Europe & Central Asia,,,,High income,Not classified
Gibraltar,GI,GIB,2002,,2026-07-13,,80.59,27831,Europe & Central Asia,,,,High income,Not classified
Gibraltar,GI,GIB,2003,,2026-07-13,,80.713,28274,Europe & Central Asia,,,,High income,Not classified
Gibraltar,GI,GIB,2004,,2026-07-13,,80.856,28715,Europe & Central Asia,,,,High income,Not classified
Gibraltar,GI,GIB,2005,,2026-07-13,,80.991,29163,Europe & Central Asia,,,,High income,Not classified
Gibraltar,GI,GIB,2006,,2026-07-13,,81.103,29594,Europe & Central Asia,,,,High income,Not classified
Gibraltar,GI,GIB,2021,,2026-07-13,,80.274,36858,Europe & Central Asia,,,,High income,Not classified
Gibraltar,GI,GIB,2007,,2026-07-13,,81.269,30006,Europe & Central Asia,,,,High income,Not classified
Gibraltar,GI,GIB,2018,,2026-07-13,,83.028,34854,Europe & Central Asia,,,,High income,Not classified
Gibraltar,GI,GIB,2015,,2026-07-13,,82.668,33193,Europe & Central Asia,,,,High income,Not classified
Gibraltar,GI,GIB,2022,,2026-07-13,,83.517,37609,Europe & Central Asia,,,,High income,Not classified
Gibraltar,GI,GIB,2000,,2026-07-13,,80.145,27709,Europe & Central Asia,,,,High income,Not classified
Gibraltar,GI,GIB,2023,,2026-07-13,,83.553,38471,Europe & Central Asia,,,,High income,Not classified
Gibraltar,GI,GIB,2019,,2026-07-13,,83.183,35494,Europe & Central Asia,,,,High income,Not classified
Gibraltar,GI,GIB,2016,,2026-07-13,,82.741,33658,Europe & Central Asia,,,,High income,Not classified
Gibraltar,GI,GIB,2017,,2026-07-13,,82.858,34245,Europe & Central Asia,,,,High income,Not classified
Gibraltar,GI,GIB,2020,,2026-07-13,,83.07,36173,Europe & Central Asia,,,,High income,Not classified
Greece,GR,GRC,2012,,2026-07-13,31250.2268565956,80.6341463414634,11045011,Europe & Central Asia,Athens,23.7166,37.9792,High income,Not classified
Greece,GR,GRC,2013,,2026-07-13,30762.4432227813,81.2853658536585,10965211,Europe & Central Asia,Athens,23.7166,37.9792,High income,Not classified
Greece,GR,GRC,2009,,2026-07-13,39886.2135496664,80.1878048780488,11107017,Europe & Central Asia,Athens,23.7166,37.9792,High income,Not classified
Greece,GR,GRC,2015,,2026-07-13,31347.976574604,81.0365853658537,10820883,Europe & Central Asia,Athens,23.7166,37.9792,High income,Not classified
Greece,GR,GRC,2022,,2026-07-13,35828.1756641776,80.7878048780488,10437805,Europe & Central Asia,Athens,23.7166,37.9792,High income,Not classified
Greece,GR,GRC,2023,,2026-07-13,36700.5134631055,81.7365853658537,10407351,Europe & Central Asia,Athens,23.7166,37.9792,High income,Not classified
Greece,GR,GRC,2014,,2026-07-13,31213.3765120298,81.3853658536585,10892413,Europe & Central Asia,Athens,23.7166,37.9792,High income,Not classified
Greece,GR,GRC,2011,,2026-07-13,33906.4917435676,80.7317073170732,11104899,Europe & Central Asia,Athens,23.7166,37.9792,High income,Not classified
Greece,GR,GRC,2001,,2026-07-13,32675.9292327768,78.3878048780488,10862132,Europe & Central Asia,Athens,23.7166,37.9792,High income,Not classified
Greece,GR,GRC,2002,,2026-07-13,34081.0289759343,78.6414634146341,10902022,Europe & Central Asia,Athens,23.7166,37.9792,High income,Not classified
Greece,GR,GRC,2016,,2026-07-13,31468.6198471099,81.3878048780488,10775971,Europe & Central Asia,Athens,23.7166,37.9792,High income,Not classified
Greece,GR,GRC,2017,,2026-07-13,31995.4108838386,81.2878048780488,10754679,Europe & Central Asia,Athens,23.7166,37.9792,High income,Not classified
Greece,GR,GRC,2018,,2026-07-13,32722.3310444029,81.7878048780488,10732882,Europe & Central Asia,Athens,23.7166,37.9792,High income,Not classified
Greece,GR,GRC,2019,,2026-07-13,33502.7506488997,81.6390243902439,10721582,Europe & Central Asia,Athens,23.7166,37.9792,High income,Not classified
Greece,GR,GRC,2020,,2026-07-13,30487.1129331045,81.2878048780488,10698599,Europe & Central Asia,Athens,23.7166,37.9792,High income,Not classified
Greece,GR,GRC,2021,,2026-07-13,33528.2271202515,80.0829268292683,10570130,Europe & Central Asia,Athens,23.7166,37.9792,High income,Not classified
Greece,GR,GRC,2010,,2026-07-13,37566.7483686263,80.3878048780488,11121341,Europe & Central Asia,Athens,23.7166,37.9792,High income,Not classified
Greece,GR,GRC,2000,,2026-07-13,31386.639783624,77.8878048780488,10805808,Europe & Central Asia,Athens,23.7166,37.9792,High income,Not classified
Greece,GR,GRC,2006,,2026-07-13,40483.1569225337,79.4390243902439,11020362,Europe & Central Asia,Athens,23.7166,37.9792,High income,Not classified
Greece,GR,GRC,2003,,2026-07-13,35970.7016808475,78.8414634146341,10928070,Europe & Central Asia,Athens,23.7166,37.9792,High income,Not classified
Greece,GR,GRC,2004,,2026-07-13,37811.4913664483,79.0390243902439,10955141,Europe & Central Asia,Athens,23.7166,37.9792,High income,Not classified
Greece,GR,GRC,2005,,2026-07-13,38146.962971083,79.2390243902439,10987314,Europe & Central Asia,Athens,23.7166,37.9792,High income,Not classified
Greece,GR,GRC,2007,,2026-07-13,41796.2336918303,79.4390243902439,11048473,Europe & Central Asia,Athens,23.7166,37.9792,High income,Not classified
Greece,GR,GRC,2008,,2026-07-13,41709.3877420312,79.9390243902439,11077841,Europe & Central Asia,Athens,23.7166,37.9792,High income,Not classified
Greenland,GL,GRL,2020,,2026-07-13,68533.7339902964,71.2858536585366,56367,Europe & Central Asia,Nuuk,-51.7214,64.1836,High income,Not classified
Greenland,GL,GRL,2021,,2026-07-13,69302.0088788237,71.2614634146342,56653,Europe & Central Asia,Nuuk,-51.7214,64.1836,High income,Not classified
Greenland,GL,GRL,2011,,2026-07-13,61170.9203658321,69.6146341463415,56890,Europe & Central Asia,Nuuk,-51.7214,64.1836,High income,Not classified
Greenland,GL,GRL,2000,,2026-07-13,44991.6751496134,64.803414634146307,56185,Europe & Central Asia,Nuuk,-51.7214,64.1836,High income,Not classified
Greenland,GL,GRL,2001,,2026-07-13,45405.8543742044,65.0058536585366,56379,Europe & Central Asia,Nuuk,-51.7214,64.1836,High income,Not classified
Greenland,GL,GRL,2008,,2026-07-13,60506.1946272328,68.5660975609756,56328,Europe & Central Asia,Nuuk,-51.7214,64.1836,High income,Not classified
Greenland,GL,GRL,2023,,2026-07-13,71037.5372239623,70.9724390243902,56865,Europe & Central Asia,Nuuk,-51.7214,64.1836,High income,Not classified
Greenland,GL,GRL,2009,,2026-07-13,61035.5672997071,69.0321951219512,56323,Europe & Central Asia,Nuuk,-51.7214,64.1836,High income,Not classified
Greenland,GL,GRL,2002,,2026-07-13,44793.2704252565,65.419512195122,56595,Europe & Central Asia,Nuuk,-51.7214,64.1836,High income,Not classified
Greenland,GL,GRL,2003,,2026-07-13,46649.0480779756,66.1229268292683,56751,Europe & Central Asia,Nuuk,-51.7214,64.1836,High income,Not classified
Greenland,GL,GRL,2004,,2026-07-13,49742.0582266726,66.8080487804878,56898,Europe & Central Asia,Nuuk,-51.7214,64.1836,High income,Not classified
Greenland,GL,GRL,2005,,2026-07-13,52189.001485462,67.3051219512195,56935,Europe & Central Asia,Nuuk,-51.7214,64.1836,High income,Not classified
Greenland,GL,GRL,2006,,2026-07-13,55243.7102798786,67.8180487804878,56775,Europe & Central Asia,Nuuk,-51.7214,64.1836,High income,Not classified
Greenland,GL,GRL,2007,,2026-07-13,56763.2387284359,68.2739024390244,56555,Europe & Central Asia,Nuuk,-51.7214,64.1836,High income,Not classified
Greenland,GL,GRL,2022,,2026-07-13,70681.2253902158,71.230243902439,56661,Europe & Central Asia,Nuuk,-51.7214,64.1836,High income,Not classified
Greenland,GL,GRL,2019,,2026-07-13,68534.9419039133,71.4092682926829,56225,Europe & Central Asia,Nuuk,-51.7214,64.1836,High income,Not classified
Greenland,GL,GRL,2015,,2026-07-13,63364.0536061164,70.909756097561,56114,Europe & Central Asia,Nuuk,-51.7214,64.1836,High income,Not classified
Greenland,GL,GRL,2012,,2026-07-13,62111.1033086807,69.959512195122,56810,Europe & Central Asia,Nuuk,-51.7214,64.1836,High income,Not classified
Greenland,GL,GRL,2013,,2026-07-13,61659.6415225985,70.2917073170732,56483,Europe & Central Asia,Nuuk,-51.7214,64.1836,High income,Not classified
Greenland,GL,GRL,2014,,2026-07-13,64799.3056628017,70.5082926829268,56295,Europe & Central Asia,Nuuk,-51.7214,64.1836,High income,Not classified
Greenland,GL,GRL,2016,,2026-07-13,66245.7294730698,71.1990243902439,56186,Europe & Central Asia,Nuuk,-51.7214,64.1836,High income,Not classified
Greenland,GL,GRL,2017,,2026-07-13,66297.1790691281,71.2563414634146,56172,Europe & Central Asia,Nuuk,-51.7214,64.1836,High income,Not classified
Greenland,GL,GRL,2018,,2026-07-13,66887.6779268926,71.3609756097561,56023,Europe & Central Asia,Nuuk,-51.7214,64.1836,High income,Not classified
Greenland,GL,GRL,2010,,2026-07-13,61863.2826915137,69.349756097561,56534,Europe & Central Asia,Nuuk,-51.7214,64.1836,High income,Not classified
Grenada,GD,GRD,2003,,2026-07-13,12726.5266219464,73.291,108884,Latin America & Caribbean,Saint George's,-61.7449,12.0653,Upper middle income,Blend
Grenada,GD,GRD,2017,,2026-07-13,16291.4894625979,74.977,115438,Latin America & Caribbean,Saint George's,-61.7449,12.0653,Upper middle income,Blend
Grenada,GD,GRD,2004,,2026-07-13,12593.3546257337,72.447,109323,Latin America & Caribbean,Saint George's,-61.7449,12.0653,Upper middle income,Blend
Grenada,GD,GRD,2002,,2026-07-13,11677.7034172407,73.142,108404,Latin America & Caribbean,Saint George's,-61.7449,12.0653,Upper middle income,Blend
Grenada,GD,GRD,2009,,2026-07-13,13463.580293958,74.567,111254,Latin America & Caribbean,Saint George's,-61.7449,12.0653,Upper middle income,Blend
Grenada,GD,GRD,2018,,2026-07-13,16964.852001696,74.957,115691,Latin America & Caribbean,Saint George's,-61.7449,12.0653,Upper middle income,Blend
Grenada,GD,GRD,2005,,2026-07-13,14211.8426569264,73.7,109734,Latin America & Caribbean,Saint George's,-61.7449,12.0653,Upper middle income,Blend
Grenada,GD,GRD,2020,,2026-07-13,14647.7451384876,75.019,116341,Latin America & Caribbean,Saint George's,-61.7449,12.0653,Upper middle income,Blend
Grenada,GD,GRD,2016,,2026-07-13,15640.8274503805,75.01,115130,Latin America & Caribbean,Saint George's,-61.7449,12.0653,Upper middle income,Blend
Grenada,GD,GRD,2001,,2026-07-13,11333.2377092409,73.034,107987,Latin America & Caribbean,Saint George's,-61.7449,12.0653,Upper middle income,Blend
Grenada,GD,GRD,2019,,2026-07-13,17036.9151689715,74.971,115981,Latin America & Caribbean,Saint George's,-61.7449,12.0653,Upper middle income,Blend
Grenada,GD,GRD,2007,,2026-07-13,14376.2824512778,74.159,110522,Latin America & Caribbean,Saint George's,-61.7449,12.0653,Upper middle income,Blend
Grenada,GD,GRD,2010,,2026-07-13,13354.9085012616,74.731,111586,Latin America & Caribbean,Saint George's,-61.7449,12.0653,Upper middle income,Blend
Grenada,GD,GRD,2021,,2026-07-13,15290.250903138,74.522,116688,Latin America & Caribbean,Saint George's,-61.7449,12.0653,Upper middle income,Blend
Grenada,GD,GRD,2000,,2026-07-13,11625.050939182,72.955,107451,Latin America & Caribbean,Saint George's,-61.7449,12.0653,Upper middle income,Blend
Grenada,GD,GRD,2013,,2026-07-13,13386.3189064112,75.022,113487,Latin America & Caribbean,Saint George's,-61.7449,12.0653,Upper middle income,Blend
Grenada,GD,GRD,2014,,2026-07-13,14287.9538720088,75.045,114132,Latin America & Caribbean,Saint George's,-61.7449,12.0653,Upper middle income,Blend
Grenada,GD,GRD,2011,,2026-07-13,13397.8500405513,74.861,112079,Latin America & Caribbean,Saint George's,-61.7449,12.0653,Upper middle income,Blend
Grenada,GD,GRD,2012,,2026-07-13,13161.3955324377,74.961,112775,Latin America & Caribbean,Saint George's,-61.7449,12.0653,Upper middle income,Blend
Grenada,GD,GRD,2006,,2026-07-13,13594.355159621,73.93,110135,Latin America & Caribbean,Saint George's,-61.7449,12.0653,Upper middle income,Blend
Grenada,GD,GRD,2022,,2026-07-13,16376.4273099594,75.151,116913,Latin America & Caribbean,Saint George's,-61.7449,12.0653,Upper middle income,Blend
Grenada,GD,GRD,2015,,2026-07-13,15136.6966673773,75.037,114676,Latin America & Caribbean,Saint George's,-61.7449,12.0653,Upper middle income,Blend
Grenada,GD,GRD,2008,,2026-07-13,14463.560012123,74.374,110896,Latin America & Caribbean,Saint George's,-61.7449,12.0653,Upper middle income,Blend
Grenada,GD,GRD,2023,,2026-07-13,17093.1562867447,75.205,117081,Latin America & Caribbean,Saint George's,-61.7449,12.0653,Upper middle income,Blend
Guam,GU,GUM,2005,,2026-07-13,,76.427,164365,East Asia & Pacific,Agana,144.794,13.4443,High income,Not classified
Guam,GU,GUM,2022,,2026-07-13,,77.102,165180,East Asia & Pacific,Agana,144.794,13.4443,High income,Not classified
Guam,GU,GUM,2023,,2026-07-13,,77.209,166506,East Asia & Pacific,Agana,144.794,13.4443,High income,Not classified
Guam,GU,GUM,2021,,2026-07-13,,75.434,163730,East Asia & Pacific,Agana,144.794,13.4443,High income,Not classified
Guam,GU,GUM,2006,,2026-07-13,,76.477,164839,East Asia & Pacific,Agana,144.794,13.4443,High income,Not classified
Guam,GU,GUM,2007,,2026-07-13,,76.397,165267,East Asia & Pacific,Agana,144.794,13.4443,High income,Not classified
Guam,GU,GUM,2000,,2026-07-13,,74.894,160065,East Asia & Pacific,Agana,144.794,13.4443,High income,Not classified
Guam,GU,GUM,2020,,2026-07-13,,75.529,162158,East Asia & Pacific,Agana,144.794,13.4443,High income,Not classified
Guam,GU,GUM,2002,,2026-07-13,,75.506,162315,East Asia & Pacific,Agana,144.794,13.4443,High income,Not classified
Guam,GU,GUM,2003,,2026-07-13,,75.885,163137,East Asia & Pacific,Agana,144.794,13.4443,High income,Not classified
Guam,GU,GUM,2004,,2026-07-13,,76.114,163810,East Asia & Pacific,Agana,144.794,13.4443,High income,Not classified
Guam,GU,GUM,2017,,2026-07-13,,76.463,163490,East Asia & Pacific,Agana,144.794,13.4443,High income,Not classified
Guam,GU,GUM,2018,,2026-07-13,,76.561,162679,East Asia & Pacific,Agana,144.794,13.4443,High income,Not classified
Guam,GU,GUM,2019,,2026-07-13,,76.645,161808,East Asia & Pacific,Agana,144.794,13.4443,High income,Not classified
Guam,GU,GUM,2011,,2026-07-13,,76.153,166543,East Asia & Pacific,Agana,144.794,13.4443,High income,Not classified
Guam,GU,GUM,2012,,2026-07-13,,76.237,166331,East Asia & Pacific,Agana,144.794,13.4443,High income,Not classified
Guam,GU,GUM,2008,,2026-07-13,,76.233,165693,East Asia & Pacific,Agana,144.794,13.4443,High income,Not classified
Guam,GU,GUM,2010,,2026-07-13,,76.095,166522,East Asia & Pacific,Agana,144.794,13.4443,High income,Not classified
Guam,GU,GUM,2015,,2026-07-13,,76.444,164905,East Asia & Pacific,Agana,144.794,13.4443,High income,Not classified
Guam,GU,GUM,2016,,2026-07-13,,76.449,164233,East Asia & Pacific,Agana,144.794,13.4443,High income,Not classified
Guam,GU,GUM,2001,,2026-07-13,,75.195,161329,East Asia & Pacific,Agana,144.794,13.4443,High income,Not classified
Guam,GU,GUM,2014,,2026-07-13,,76.423,165486,East Asia & Pacific,Agana,144.794,13.4443,High income,Not classified
Guam,GU,GUM,2009,,2026-07-13,,76.141,166173,East Asia & Pacific,Agana,144.794,13.4443,High income,Not classified
Guam,GU,GUM,2013,,2026-07-13,,76.361,165966,East Asia & Pacific,Agana,144.794,13.4443,High income,Not classified
Guatemala,GT,GTM,2013,,2026-07-13,10297.8392994827,70.878,15387337,Latin America & Caribbean,Guatemala City,-90.5328,14.6248,Upper middle income,IBRD
Guatemala,GT,GTM,2008,,2026-07-13,9889.57668418909,69.493,13935174,Latin America & Caribbean,Guatemala City,-90.5328,14.6248,Upper middle income,IBRD
Guatemala,GT,GTM,2012,,2026-07-13,10126.8330566224,70.722,15089647,Latin America & Caribbean,Guatemala City,-90.5328,14.6248,Upper middle income,IBRD
Guatemala,GT,GTM,2001,,2026-07-13,8771.15927218783,67.436,11969422,Latin America & Caribbean,Guatemala City,-90.5328,14.6248,Upper middle income,IBRD
Guatemala,GT,GTM,2023,,2026-07-13,12380.3715121996,72.602,18124838,Latin America & Caribbean,Guatemala City,-90.5328,14.6248,Upper middle income,IBRD
Guatemala,GT,GTM,2010,,2026-07-13,9825.022234198,69.885,14500112,Latin America & Caribbean,Guatemala City,-90.5328,14.6248,Upper middle income,IBRD
Guatemala,GT,GTM,2011,,2026-07-13,10032.0932829709,70.321,14792126,Latin America & Caribbean,Guatemala City,-90.5328,14.6248,Upper middle income,IBRD
Guatemala,GT,GTM,2005,,2026-07-13,9099.7275067528,68.167,13087629,Latin America & Caribbean,Guatemala City,-90.5328,14.6248,Upper middle income,IBRD
Guatemala,GT,GTM,2002,,2026-07-13,8901.54046462168,67.835,12246915,Latin America & Caribbean,Guatemala City,-90.5328,14.6248,Upper middle income,IBRD
Guatemala,GT,GTM,2014,,2026-07-13,10553.563988977,70.942,15681725,Latin America & Caribbean,Guatemala City,-90.5328,14.6248,Upper middle income,IBRD
Guatemala,GT,GTM,2004,,2026-07-13,9003.86136388797,68.245,12807402,Latin America & Caribbean,Guatemala City,-90.5328,14.6248,Upper middle income,IBRD
Guatemala,GT,GTM,2009,,2026-07-13,9740.71387674159,69.676,14215611,Latin America & Caribbean,Guatemala City,-90.5328,14.6248,Upper middle income,IBRD
Guatemala,GT,GTM,2006,,2026-07-13,9386.00549814138,68.79,13367459,Latin America & Caribbean,Guatemala City,-90.5328,14.6248,Upper middle income,IBRD
Guatemala,GT,GTM,2007,,2026-07-13,9772.80992048501,69.299,13652040,Latin America & Caribbean,Guatemala City,-90.5328,14.6248,Upper middle income,IBRD
Guatemala,GT,GTM,2022,,2026-07-13,12144.4800461597,71.206,17847877,Latin America & Caribbean,Guatemala City,-90.5328,14.6248,Upper middle income,IBRD
Guatemala,GT,GTM,2000,,2026-07-13,8770.40815272307,67.102,11697592,Latin America & Caribbean,Guatemala City,-90.5328,14.6248,Upper middle income,IBRD
Guatemala,GT,GTM,2015,,2026-07-13,10785.9583125957,70.915,15971743,Latin America & Caribbean,Guatemala City,-90.5328,14.6248,Upper middle income,IBRD
Guatemala,GT,GTM,2016,,2026-07-13,10872.5938902469,71.215,16268760,Latin America & Caribbean,Guatemala City,-90.5328,14.6248,Upper middle income,IBRD
Guatemala,GT,GTM,2017,,2026-07-13,11005.4592851719,71.583,16567357,Latin America & Caribbean,Guatemala City,-90.5328,14.6248,Upper middle income,IBRD
Guatemala,GT,GTM,2018,,2026-07-13,11192.3719192725,71.496,16845685,Latin America & Caribbean,Guatemala City,-90.5328,14.6248,Upper middle income,IBRD
Guatemala,GT,GTM,2019,,2026-07-13,11466.3764932197,71.639,17103803,Latin America & Caribbean,Guatemala City,-90.5328,14.6248,Upper middle income,IBRD
Guatemala,GT,GTM,2020,,2026-07-13,11097.1503902986,69.971,17357325,Latin America & Caribbean,Guatemala City,-90.5328,14.6248,Upper middle income,IBRD
Guatemala,GT,GTM,2021,,2026-07-13,11825.141273764,67.858,17598650,Latin America & Caribbean,Guatemala City,-90.5328,14.6248,Upper middle income,IBRD
Guatemala,GT,GTM,2003,,2026-07-13,8926.15771786373,68.204,12525842,Latin America & Caribbean,Guatemala City,-90.5328,14.6248,Upper middle income,IBRD
Guinea,GN,GIN,2013,,2026-07-13,2802.56007024474,57.459,11191873,Sub-Saharan Africa,Conakry,-13.7,9.51667,Lower middle income,IDA
Guinea,GN,GIN,2014,,2026-07-13,2834.96634347846,57.581,11472924,Sub-Saharan Africa,Conakry,-13.7,9.51667,Lower middle income,IDA
Guinea,GN,GIN,2015,,2026-07-13,2869.85157178732,57.899,11767070,Sub-Saharan Africa,Conakry,-13.7,9.51667,Lower middle income,IDA
Guinea,GN,GIN,2023,,2026-07-13,3904.82395527998,60.74,14405468,Sub-Saharan Africa,Conakry,-13.7,9.51667,Lower middle income,IDA
Guinea,GN,GIN,2011,,2026-07-13,2673.40873029955,56.778,10656810,Sub-Saharan Africa,Conakry,-13.7,9.51667,Lower middle income,IDA
Guinea,GN,GIN,2002,,2026-07-13,2498.13177495102,53.2,8674066,Sub-Saharan Africa,Conakry,-13.7,9.51667,Lower middle income,IDA
Guinea,GN,GIN,2016,,2026-07-13,3099.78874189372,58.49,12073030,Sub-Saharan Africa,Conakry,-13.7,9.51667,Lower middle income,IDA
Guinea,GN,GIN,2017,,2026-07-13,3332.76576150531,58.715,12385659,Sub-Saharan Africa,Conakry,-13.7,9.51667,Lower middle income,IDA
Guinea,GN,GIN,2012,,2026-07-13,2762.90350938513,57.117,10921581,Sub-Saharan Africa,Conakry,-13.7,9.51667,Lower middle income,IDA
Guinea,GN,GIN,2019,,2026-07-13,3557.46233883145,59.379,13034346,Sub-Saharan Africa,Conakry,-13.7,9.51667,Lower middle income,IDA
Guinea,GN,GIN,2020,,2026-07-13,3630.99330577677,59.35,13371183,Sub-Saharan Africa,Conakry,-13.7,9.51667,Lower middle income,IDA
Guinea,GN,GIN,2021,,2026-07-13,3738.8051255133,59.373,13710513,Sub-Saharan Africa,Conakry,-13.7,9.51667,Lower middle income,IDA
Guinea,GN,GIN,2000,,2026-07-13,2358.28765608495,52.42,8428832,Sub-Saharan Africa,Conakry,-13.7,9.51667,Lower middle income,IDA
Guinea,GN,GIN,2010,,2026-07-13,2594.83050344245,56.431,10396086,Sub-Saharan Africa,Conakry,-13.7,9.51667,Lower middle income,IDA
Guinea,GN,GIN,2001,,2026-07-13,2412.75161959628,52.669,8539960,Sub-Saharan Africa,Conakry,-13.7,9.51667,Lower middle income,IDA
Guinea,GN,GIN,2003,,2026-07-13,2473.23418295471,53.589,8870781,Sub-Saharan Africa,Conakry,-13.7,9.51667,Lower middle income,IDA
Guinea,GN,GIN,2022,,2026-07-13,3792.01068836277,60.432,14055137,Sub-Saharan Africa,Conakry,-13.7,9.51667,Lower middle income,IDA
Guinea,GN,GIN,2005,,2026-07-13,2501.22160456279,54.422,9245844,Sub-Saharan Africa,Conakry,-13.7,9.51667,Lower middle income,IDA
Guinea,GN,GIN,2006,,2026-07-13,2478.61319510726,54.875,9441171,Sub-Saharan Africa,Conakry,-13.7,9.51667,Lower middle income,IDA
Guinea,GN,GIN,2007,,2026-07-13,2587.0048887648,55.233,9662281,Sub-Saharan Africa,Conakry,-13.7,9.51667,Lower middle income,IDA
Guinea,GN,GIN,2004,,2026-07-13,2477.50282602363,53.975,9062726,Sub-Saharan Africa,Conakry,-13.7,9.51667,Lower middle income,IDA
Guinea,GN,GIN,2009,,2026-07-13,2537.30645758746,56.052,10143534,Sub-Saharan Africa,Conakry,-13.7,9.51667,Lower middle income,IDA
Guinea,GN,GIN,2018,,2026-07-13,3455.64512638662,59.043,12704774,Sub-Saharan Africa,Conakry,-13.7,9.51667,Lower middle income,IDA
Guinea,GN,GIN,2008,,2026-07-13,2629.5397474637,55.703,9898870,Sub-Saharan Africa,Conakry,-13.7,9.51667,Lower middle income,IDA
Guinea-Bissau,GW,GNB,2002,,2026-07-13,2054.08977413547,51.608,1289307,Sub-Saharan Africa,Bissau,-15.1804,11.8037,Low income,IDA
Guinea-Bissau,GW,GNB,2001,,2026-07-13,2025.72675469878,51.054,1261273,Sub-Saharan Africa,Bissau,-15.1804,11.8037,Low income,IDA
Guinea-Bissau,GW,GNB,2012,,2026-07-13,2180.74338832775,58.27,1651417,Sub-Saharan Africa,Bissau,-15.1804,11.8037,Low income,IDA
Guinea-Bissau,GW,GNB,2003,,2026-07-13,2002.40206880451,52.186,1318806,Sub-Saharan Africa,Bissau,-15.1804,11.8037,Low income,IDA
Guinea-Bissau,GW,GNB,2013,,2026-07-13,2192.5927863603,58.879,1695973,Sub-Saharan Africa,Bissau,-15.1804,11.8037,Low income,IDA
Guinea-Bissau,GW,GNB,2004,,2026-07-13,1979.69782670273,52.8,1349563,Sub-Saharan Africa,Bissau,-15.1804,11.8037,Low income,IDA
Guinea-Bissau,GW,GNB,2000,,2026-07-13,1974.74466342453,50.565,1234741,Sub-Saharan Africa,Bissau,-15.1804,11.8037,Low income,IDA
Guinea-Bissau,GW,GNB,2011,,2026-07-13,2278.54751544448,57.663,1608076,Sub-Saharan Africa,Bissau,-15.1804,11.8037,Low income,IDA
Guinea-Bissau,GW,GNB,2016,,2026-07-13,2293.37861360238,60.619,1831893,Sub-Saharan Africa,Bissau,-15.1804,11.8037,Low income,IDA
Guinea-Bissau,GW,GNB,2005,,2026-07-13,2060.66663299612,52.949,1381585,Sub-Saharan Africa,Bissau,-15.1804,11.8037,Low income,IDA
Guinea-Bissau,GW,GNB,2006,,2026-07-13,2065.2122797791,54.089,1415303,Sub-Saharan Africa,Bissau,-15.1804,11.8037,Low income,IDA
Guinea-Bissau,GW,GNB,2018,,2026-07-13,2373.64935653455,61.652,1922168,Sub-Saharan Africa,Bissau,-15.1804,11.8037,Low income,IDA
Guinea-Bissau,GW,GNB,2008,,2026-07-13,2105.67394178792,55.3,1488054,Sub-Saharan Africa,Bissau,-15.1804,11.8037,Low income,IDA
Guinea-Bissau,GW,GNB,2009,,2026-07-13,2103.05813454823,56.297,1526377,Sub-Saharan Africa,Bissau,-15.1804,11.8037,Low income,IDA
Guinea-Bissau,GW,GNB,2010,,2026-07-13,2164.26823755351,56.999,1566347,Sub-Saharan Africa,Bissau,-15.1804,11.8037,Low income,IDA
Guinea-Bissau,GW,GNB,2022,,2026-07-13,2600.802474483,63.605,2105529,Sub-Saharan Africa,Bissau,-15.1804,11.8037,Low income,IDA
Guinea-Bissau,GW,GNB,2007,,2026-07-13,2065.98983875944,54.87,1450986,Sub-Saharan Africa,Bissau,-15.1804,11.8037,Low income,IDA
Guinea-Bissau,GW,GNB,2014,,2026-07-13,2156.33643676255,59.476,1741122,Sub-Saharan Africa,Bissau,-15.1804,11.8037,Low income,IDA
Guinea-Bissau,GW,GNB,2017,,2026-07-13,2342.56110535416,61.148,1877072,Sub-Saharan Africa,Bissau,-15.1804,11.8037,Low income,IDA
Guinea-Bissau,GW,GNB,2015,,2026-07-13,2230.52993109779,60.071,1786457,Sub-Saharan Africa,Bissau,-15.1804,11.8037,Low income,IDA
Guinea-Bissau,GW,GNB,2023,,2026-07-13,2660.81444655656,64.085,2153339,Sub-Saharan Africa,Bissau,-15.1804,11.8037,Low income,IDA
Guinea-Bissau,GW,GNB,2020,,2026-07-13,2456.01139053324,61.343,2013255,Sub-Saharan Africa,Bissau,-15.1804,11.8037,Low income,IDA
Guinea-Bissau,GW,GNB,2021,,2026-07-13,2522.12869240841,61.653,2058841,Sub-Saharan Africa,Bissau,-15.1804,11.8037,Low income,IDA
Guinea-Bissau,GW,GNB,2019,,2026-07-13,2442.25868377476,62.161,1967696,Sub-Saharan Africa,Bissau,-15.1804,11.8037,Low income,IDA
Guyana,GY,GUY,2005,,2026-07-13,8256.52519071138,64.392,760914,Latin America & Caribbean,Georgetown,-58.1548,6.80461,High income,IDA
Guyana,GY,GUY,2016,,2026-07-13,12420.4724727603,68.069,763548,Latin America & Caribbean,Georgetown,-58.1548,6.80461,High income,IDA
Guyana,GY,GUY,2007,,2026-07-13,9354.08017716534,65.462,756861,Latin America & Caribbean,Georgetown,-58.1548,6.80461,High income,IDA
Guyana,GY,GUY,2004,,2026-07-13,8404.2001629708,64.214,762418,Latin America & Caribbean,Georgetown,-58.1548,6.80461,High income,IDA
Guyana,GY,GUY,2015,,2026-07-13,12040.08253302,67.719,758781,Latin America & Caribbean,Georgetown,-58.1548,6.80461,High income,IDA
Guyana,GY,GUY,2006,,2026-07-13,8702.33133494001,64.848,758966,Latin America & Caribbean,Georgetown,-58.1548,6.80461,High income,IDA
Guyana,GY,GUY,2017,,2026-07-13,12801.6408529346,68.543,768479,Latin America & Caribbean,Georgetown,-58.1548,6.80461,High income,IDA
Guyana,GY,GUY,2008,,2026-07-13,9546.70875949436,65.721,754606,Latin America & Caribbean,Georgetown,-58.1548,6.80461,High income,IDA
Guyana,GY,GUY,2019,,2026-07-13,13402.4219472757,69.067,807665,Latin America & Caribbean,Georgetown,-58.1548,6.80461,High income,IDA
Guyana,GY,GUY,2003,,2026-07-13,8267.42910545363,64.117,763101,Latin America & Caribbean,Georgetown,-58.1548,6.80461,High income,IDA
Guyana,GY,GUY,2001,,2026-07-13,8212.04321760917,64.38,764477,Latin America & Caribbean,Georgetown,-58.1548,6.80461,High income,IDA
Guyana,GY,GUY,2018,,2026-07-13,12980.3576003177,68.829,791556,Latin America & Caribbean,Georgetown,-58.1548,6.80461,High income,IDA
Guyana,GY,GUY,2010,,2026-07-13,10374.3947557656,66.204,749256,Latin America & Caribbean,Georgetown,-58.1548,6.80461,High income,IDA
Guyana,GY,GUY,2014,,2026-07-13,12030.0529344045,67.334,754229,Latin America & Caribbean,Georgetown,-58.1548,6.80461,High income,IDA
Guyana,GY,GUY,2020,,2026-07-13,19234.1301977637,67.751,807481,Latin America & Caribbean,Georgetown,-58.1548,6.80461,High income,IDA
Guyana,GY,GUY,2002,,2026-07-13,8314.0272750321,64.183,763652,Latin America & Caribbean,Georgetown,-58.1548,6.80461,High income,IDA
Guyana,GY,GUY,2012,,2026-07-13,11534.9985588659,66.443,746288,Latin America & Caribbean,Georgetown,-58.1548,6.80461,High income,IDA
Guyana,GY,GUY,2013,,2026-07-13,11896.9069854942,66.71,750021,Latin America & Caribbean,Georgetown,-58.1548,6.80461,High income,IDA
Guyana,GY,GUY,2023,,2026-07-13,49312.3603225444,70.18,826353,Latin America & Caribbean,Georgetown,-58.1548,6.80461,High income,IDA
Guyana,GY,GUY,2011,,2026-07-13,10958.8598838438,66.469,746153,Latin America & Caribbean,Georgetown,-58.1548,6.80461,High income,IDA
Guyana,GY,GUY,2009,,2026-07-13,9924.52660770631,66.03,752094,Latin America & Caribbean,Georgetown,-58.1548,6.80461,High income,IDA
Guyana,GY,GUY,2021,,2026-07-13,22865.9270968882,64.323,815482,Latin America & Caribbean,Georgetown,-58.1548,6.80461,High income,IDA
Guyana,GY,GUY,2000,,2026-07-13,8025.29326490962,64.075,764832,Latin America & Caribbean,Georgetown,-58.1548,6.80461,High income,IDA
Guyana,GY,GUY,2022,,2026-07-13,37068.1993827588,69.888,821637,Latin America & Caribbean,Georgetown,-58.1548,6.80461,High income,IDA
Haiti,HT,HTI,2004,,2026-07-13,3102.54173985545,58.517,8910263,Latin America & Caribbean,Port-au-Prince,-72.3288,18.5392,Lower middle income,IDA
Haiti,HT,HTI,2020,,2026-07-13,3210.53609854862,63.773,11243848,Latin America & Caribbean,Port-au-Prince,-72.3288,18.5392,Lower middle income,IDA
Haiti,HT,HTI,2021,,2026-07-13,3116.56505397604,62.613,11374586,Latin America & Caribbean,Port-au-Prince,-72.3288,18.5392,Lower middle income,IDA
Haiti,HT,HTI,2022,,2026-07-13,3029.77866381702,63.948,11503606,Latin America & Caribbean,Port-au-Prince,-72.3288,18.5392,Lower middle income,IDA
Haiti,HT,HTI,2019,,2026-07-13,3361.75328894114,64.328,11105163,Latin America & Caribbean,Port-au-Prince,-72.3288,18.5392,Lower middle income,IDA
Haiti,HT,HTI,2005,,2026-07-13,3144.56353969437,60.318,9061273,Latin America & Caribbean,Port-au-Prince,-72.3288,18.5392,Lower middle income,IDA
Haiti,HT,HTI,2006,,2026-07-13,3146.2634386786,60.74,9216562,Latin America & Caribbean,Port-au-Prince,-72.3288,18.5392,Lower middle income,IDA
Haiti,HT,HTI,2011,,2026-07-13,3300.87444105175,61.581,9914904,Latin America & Caribbean,Port-au-Prince,-72.3288,18.5392,Lower middle income,IDA
Haiti,HT,HTI,2000,,2026-07-13,3237.53077898724,58.175,8303151,Latin America & Caribbean,Port-au-Prince,-72.3288,18.5392,Lower middle income,IDA
Haiti,HT,HTI,2001,,2026-07-13,3168.14454014466,58.591,8455918,Latin America & Caribbean,Port-au-Prince,-72.3288,18.5392,Lower middle income,IDA
Haiti,HT,HTI,2002,,2026-07-13,3145.03689680869,59.041,8607641,Latin America & Caribbean,Port-au-Prince,-72.3288,18.5392,Lower middle income,IDA
Haiti,HT,HTI,2003,,2026-07-13,3197.9365263707,59.44,8759912,Latin America & Caribbean,Port-au-Prince,-72.3288,18.5392,Lower middle income,IDA
Haiti,HT,HTI,2016,,2026-07-13,3415.58218112308,63.325,10671457,Latin America & Caribbean,Port-au-Prince,-72.3288,18.5392,Lower middle income,IDA
Haiti,HT,HTI,2017,,2026-07-13,3453.97142164659,63.832,10817754,Latin America & Caribbean,Port-au-Prince,-72.3288,18.5392,Lower middle income,IDA
Haiti,HT,HTI,2018,,2026-07-13,3465.25480573601,64.077,10962362,Latin America & Caribbean,Port-au-Prince,-72.3288,18.5392,Lower middle income,IDA
Haiti,HT,HTI,2010,,2026-07-13,3176.50949040109,45.577,9803294,Latin America & Caribbean,Port-au-Prince,-72.3288,18.5392,Lower middle income,IDA
Haiti,HT,HTI,2015,,2026-07-13,3402.0283988016,63.224,10523242,Latin America & Caribbean,Port-au-Prince,-72.3288,18.5392,Lower middle income,IDA
Haiti,HT,HTI,2007,,2026-07-13,3239.25745989841,61.09,9373296,Latin America & Caribbean,Port-au-Prince,-72.3288,18.5392,Lower middle income,IDA
Haiti,HT,HTI,2023,,2026-07-13,2939.1237948199,64.936,11637398,Latin America & Caribbean,Port-au-Prince,-72.3288,18.5392,Lower middle income,IDA
Haiti,HT,HTI,2014,,2026-07-13,3403.57496642947,62.969,10373235,Latin America & Caribbean,Port-au-Prince,-72.3288,18.5392,Lower middle income,IDA
Haiti,HT,HTI,2008,,2026-07-13,3270.41272369326,61.28,9530774,Latin America & Caribbean,Port-au-Prince,-72.3288,18.5392,Lower middle income,IDA
Haiti,HT,HTI,2012,,2026-07-13,3266.43832519352,62.273,10069771,Latin America & Caribbean,Port-au-Prince,-72.3288,18.5392,Lower middle income,IDA
Haiti,HT,HTI,2013,,2026-07-13,3356.8373216264,62.624,10222362,Latin America & Caribbean,Port-au-Prince,-72.3288,18.5392,Lower middle income,IDA
Haiti,HT,HTI,2009,,2026-07-13,3406.29486715549,61.694,9689581,Latin America & Caribbean,Port-au-Prince,-72.3288,18.5392,Lower middle income,IDA
Heavily indebted poor countries (HIPC),XE,HPC,2014,,2026-07-13,2862.12644300329,61.0420808723887,714234635,Aggregates,,,,Aggregates,Aggregates
Heavily indebted poor countries (HIPC),XE,HPC,2007,,2026-07-13,2461.47803585618,57.2467051523111,586992483,Aggregates,,,,Aggregates,Aggregates
Heavily indebted poor countries (HIPC),XE,HPC,2011,,2026-07-13,2673.5791083865,59.2312188364054,656367599,Aggregates,,,,Aggregates,Aggregates
Heavily indebted poor countries (HIPC),XE,HPC,2013,,2026-07-13,2791.50708497729,60.6299359643784,694136340,Aggregates,,,,Aggregates,Aggregates
Heavily indebted poor countries (HIPC),XE,HPC,2002,,2026-07-13,2182.06409883944,54.0571476517769,509293837,Aggregates,,,,Aggregates,Aggregates
Heavily indebted poor countries (HIPC),XE,HPC,2010,,2026-07-13,2639.80319569525,58.7335452944083,638389596,Aggregates,,,,Aggregates,Aggregates
Heavily indebted poor countries (HIPC),XE,HPC,2015,,2026-07-13,2914.03384890302,61.5637757860854,734837721,Aggregates,,,,Aggregates,Aggregates
Heavily indebted poor countries (HIPC),XE,HPC,2012,,2026-07-13,2705.2877016826,60.0870140052247,674950539,Aggregates,,,,Aggregates,Aggregates
Heavily indebted poor countries (HIPC),XE,HPC,2009,,2026-07-13,2550.8684428025,58.2402216249579,620916734,Aggregates,,,,Aggregates,Aggregates
Heavily indebted poor countries (HIPC),XE,HPC,2001,,2026-07-13,2156.32812750581,53.534081588322,494824112,Aggregates,,,,Aggregates,Aggregates
Heavily indebted poor countries (HIPC),XE,HPC,2018,,2026-07-13,3053.40944915716,62.8008051848255,801220102,Aggregates,,,,Aggregates,Aggregates
Heavily indebted poor countries (HIPC),XE,HPC,2003,,2026-07-13,2208.5608106601,54.6072034004947,524375932,Aggregates,,,,Aggregates,Aggregates
Heavily indebted poor countries (HIPC),XE,HPC,2000,,2026-07-13,2138.94626992117,53.0016053702188,481628012,Aggregates,,,,Aggregates,Aggregates
Heavily indebted poor countries (HIPC),XE,HPC,2005,,2026-07-13,2331.37399166119,55.7774195124879,554927452,Aggregates,,,,Aggregates,Aggregates
Heavily indebted poor countries (HIPC),XE,HPC,2006,,2026-07-13,2397.1939417711,56.574273244383,571013586,Aggregates,,,,Aggregates,Aggregates
Heavily indebted poor countries (HIPC),XE,HPC,2023,,2026-07-13,3113.88147842518,64.7182457242664,916223767,Aggregates,,,,Aggregates,Aggregates
Heavily indebted poor countries (HIPC),XE,HPC,2004,,2026-07-13,2270.11907323143,55.1510876118445,539388313,Aggregates,,,,Aggregates,Aggregates
Heavily indebted poor countries (HIPC),XE,HPC,2016,,2026-07-13,2956.59086263144,62.005914221112,756237630,Aggregates,,,,Aggregates,Aggregates
Heavily indebted poor countries (HIPC),XE,HPC,2017,,2026-07-13,3016.38373115986,62.3173413995614,778657210,Aggregates,,,,Aggregates,Aggregates
Heavily indebted poor countries (HIPC),XE,HPC,2022,,2026-07-13,3095.04042281375,63.8422370507134,892885172,Aggregates,,,,Aggregates,Aggregates
Heavily indebted poor countries (HIPC),XE,HPC,2008,,2026-07-13,2530.01937834394,57.8565431037631,603575028,Aggregates,,,,Aggregates,Aggregates
Heavily indebted poor countries (HIPC),XE,HPC,2020,,2026-07-13,3004.89506305001,63.0748180653434,846861642,Aggregates,,,,Aggregates,Aggregates
Heavily indebted poor countries (HIPC),XE,HPC,2021,,2026-07-13,3038.71814072197,62.5327589317045,869987833,Aggregates,,,,Aggregates,Aggregates
Heavily indebted poor countries (HIPC),XE,HPC,2019,,2026-07-13,3094.41035211512,63.0919384793173,823805910,Aggregates,,,,Aggregates,Aggregates
High income,XD,,2018,,2026-07-13,53954.4851070337,79.9659745020771,1384829843,,,,,,
High income,XD,,2000,,2026-07-13,41171.5001921304,76.0417568742861,1255696330,,,,,,
High income,XD,,2001,,2026-07-13,41687.2642346995,76.314713845043,1262093741,,,,,,
High income,XD,,2002,,2026-07-13,42228.5175573404,76.4394038716135,1268559564,,,,,,
High income,XD,,2003,,2026-07-13,43079.0511287056,76.5483183567682,1275200577,,,,,,
High income,XD,,2004,,2026-07-13,44471.4450352263,76.989926505118,1282168195,,,,,,
High income,XD,,2005,,2026-07-13,45654.0651226494,77.1096843955119,1289125857,,,,,,
High income,XD,,2006,,2026-07-13,47042.116436345,77.5422883584084,1296891494,,,,,,
High income,XD,,2007,,2026-07-13,48291.7487404085,77.8631136411291,1305578110,,,,,,
High income,XD,,2008,,2026-07-13,48486.4291565184,78.0528402965478,1314671040,,,,,,
High income,XD,,2009,,2026-07-13,46460.533960674,78.4049799603676,1322754051,,,,,,
High income,XD,,2010,,2026-07-13,47722.6167285395,78.595666415872,1328657753,,,,,,
High income,XD,,2011,,2026-07-13,48617.91246313,78.9211245686884,1334557662,,,,,,
High income,XD,,2012,,2026-07-13,49098.5714742481,79.0753405199988,1342428399,,,,,,
High income,XD,,2013,,2026-07-13,49580.8001719361,79.3127011755769,1350148878,,,,,,
High income,XD,,2014,,2026-07-13,50378.3164400802,79.5653520772765,1357495262,,,,,,
High income,XD,,2015,,2026-07-13,51152.8663608105,79.5243179141672,1366012613,,,,,,
High income,XD,,2016,,2026-07-13,51760.6328540112,79.7243110737375,1374283414,,,,,,
High income,XD,,2017,,2026-07-13,52827.4265615404,79.8536233801599,1380317891,,,,,,
High income,XD,,2019,,2026-07-13,54801.5259414975,80.1992615325159,1389767299,,,,,,
High income,XD,,2020,,2026-07-13,52507.0167984634,79.2041410409855,1393469256,,,,,,
High income,XD,,2021,,2026-07-13,55735.7734268154,78.7981548654152,1391809845,,,,,,
High income,XD,,2022,,2026-07-13,57194.6710863244,79.4268609745508,1398027812,,,,,,
High income,XD,,2023,,2026-07-13,57813.4235032444,80.1496802618874,1408138595,,,,,,
Honduras,HN,HND,2003,,2026-07-13,4714.86701000971,68.874,7119213,Latin America & Caribbean,Tegucigalpa,-87.4667,15.1333,Lower middle income,IDA
Honduras,HN,HND,2011,,2026-07-13,5488.43371596332,70.116,8540583,Latin America & Caribbean,Tegucigalpa,-87.4667,15.1333,Lower middle income,IDA
Honduras,HN,HND,2001,,2026-07-13,4578.94787944773,68.491,6757993,Latin America & Caribbean,Tegucigalpa,-87.4667,15.1333,Lower middle income,IDA
Honduras,HN,HND,2018,,2026-07-13,6219.27973775059,72.001,9765210,Latin America & Caribbean,Tegucigalpa,-87.4667,15.1333,Lower middle income,IDA
Honduras,HN,HND,2000,,2026-07-13,4579.68960840984,68.302,6577773,Latin America & Caribbean,Tegucigalpa,-87.4667,15.1333,Lower middle income,IDA
Honduras,HN,HND,2010,,2026-07-13,5396.07227927744,69.77,8365878,Latin America & Caribbean,Tegucigalpa,-87.4667,15.1333,Lower middle income,IDA
Honduras,HN,HND,2016,,2026-07-13,5926.49025534228,71.615,9412380,Latin America & Caribbean,Tegucigalpa,-87.4667,15.1333,Lower middle income,IDA
Honduras,HN,HND,2012,,2026-07-13,5600.6077605497,70.46,8715076,Latin America & Caribbean,Tegucigalpa,-87.4667,15.1333,Lower middle income,IDA
Honduras,HN,HND,2002,,2026-07-13,4627.02278723456,68.714,6938859,Latin America & Caribbean,Tegucigalpa,-87.4667,15.1333,Lower middle income,IDA
Honduras,HN,HND,2004,,2026-07-13,4885.34258343422,69.05,7298994,Latin America & Caribbean,Tegucigalpa,-87.4667,15.1333,Lower middle income,IDA
Honduras,HN,HND,2006,,2026-07-13,5263.15029099578,69.364,7656832,Latin America & Caribbean,Tegucigalpa,-87.4667,15.1333,Lower middle income,IDA
Honduras,HN,HND,2017,,2026-07-13,6099.60734919414,71.805,9588137,Latin America & Caribbean,Tegucigalpa,-87.4667,15.1333,Lower middle income,IDA
Honduras,HN,HND,2015,,2026-07-13,5812.5348879105,71.323,9237305,Latin America & Caribbean,Tegucigalpa,-87.4667,15.1333,Lower middle income,IDA
Honduras,HN,HND,2005,,2026-07-13,5056.67544412551,69.198,7478355,Latin America & Caribbean,Tegucigalpa,-87.4667,15.1333,Lower middle income,IDA
Honduras,HN,HND,2019,,2026-07-13,6264.01884276715,72.124,9943633,Latin America & Caribbean,Tegucigalpa,-87.4667,15.1333,Lower middle income,IDA
Honduras,HN,HND,2007,,2026-07-13,5461.90151889031,69.539,7834798,Latin America & Caribbean,Tegucigalpa,-87.4667,15.1333,Lower middle income,IDA
Honduras,HN,HND,2008,,2026-07-13,5566.70639487722,69.657,8012587,Latin America & Caribbean,Tegucigalpa,-87.4667,15.1333,Lower middle income,IDA
Honduras,HN,HND,2009,,2026-07-13,5313.75573967791,69.823,8189899,Latin America & Caribbean,Tegucigalpa,-87.4667,15.1333,Lower middle income,IDA
Honduras,HN,HND,2023,,2026-07-13,6467.8800352783,72.884,10644851,Latin America & Caribbean,Tegucigalpa,-87.4667,15.1333,Lower middle income,IDA
Honduras,HN,HND,2013,,2026-07-13,5644.13384802045,70.765,8889278,Latin America & Caribbean,Tegucigalpa,-87.4667,15.1333,Lower middle income,IDA
Honduras,HN,HND,2014,,2026-07-13,5705.16246265484,71.032,9063122,Latin America & Caribbean,Tegucigalpa,-87.4667,15.1333,Lower middle income,IDA
Honduras,HN,HND,2022,,2026-07-13,6352.58710177732,72.715,10463872,Latin America & Caribbean,Tegucigalpa,-87.4667,15.1333,Lower middle income,IDA
Honduras,HN,HND,2020,,2026-07-13,5603.26398377777,70.864,10119640,Latin America & Caribbean,Tegucigalpa,-87.4667,15.1333,Lower middle income,IDA
Honduras,HN,HND,2021,,2026-07-13,6202.98078812037,69.492,10289877,Latin America & Caribbean,Tegucigalpa,-87.4667,15.1333,Lower middle income,IDA
"Hong Kong SAR, China",HK,HKG,2006,,2026-07-13,50981.7296233058,82.3848780487805,6857100,East Asia & Pacific,,114.109,22.3964,High income,Not classified
"Hong Kong SAR, China",HK,HKG,2008,,2026-07-13,54630.3299120222,82.3404878048781,6957800,East Asia & Pacific,,114.109,22.3964,High income,Not classified
"Hong Kong SAR, China",HK,HKG,2005,,2026-07-13,47938.8533561286,81.6090243902439,6813200,East Asia & Pacific,,114.109,22.3964,High income,Not classified
"Hong Kong SAR, China",HK,HKG,2003,,2026-07-13,41570.5634425877,81.3434146341464,6730800,East Asia & Pacific,,114.109,22.3964,High income,Not classified
"Hong Kong SAR, China",HK,HKG,2007,,2026-07-13,53813.022139769,82.3668292682927,6916300,East Asia & Pacific,,114.109,22.3964,High income,Not classified
"Hong Kong SAR, China",HK,HKG,2013,,2026-07-13,60601.6109212886,83.8312195121951,7178900,East Asia & Pacific,,114.109,22.3964,High income,Not classified
"Hong Kong SAR, China",HK,HKG,2021,,2026-07-13,65884.9376260603,85.5326829268293,7413100,East Asia & Pacific,,114.109,22.3964,High income,Not classified
"Hong Kong SAR, China",HK,HKG,2017,,2026-07-13,65662.8543379575,84.6956097560976,7393200,East Asia & Pacific,,114.109,22.3964,High income,Not classified
"Hong Kong SAR, China",HK,HKG,2018,,2026-07-13,66993.9592604441,84.869756097561,7452600,East Asia & Pacific,,114.109,22.3964,High income,Not classified
"Hong Kong SAR, China",HK,HKG,2004,,2026-07-13,44836.1768653659,81.7992682926829,6783500,East Asia & Pacific,,114.109,22.3964,High income,Not classified
"Hong Kong SAR, China",HK,HKG,2019,,2026-07-13,65388.3366418212,85.1558536585366,7507900,East Asia & Pacific,,114.109,22.3964,High income,Not classified
"Hong Kong SAR, China",HK,HKG,2020,,2026-07-13,61328.5367014193,85.4963414634146,7481000,East Asia & Pacific,,114.109,22.3964,High income,Not classified
"Hong Kong SAR, China",HK,HKG,2009,,2026-07-13,53172.2884268262,82.7751219512195,6972800,East Asia & Pacific,,114.109,22.3964,High income,Not classified
"Hong Kong SAR, China",HK,HKG,2010,,2026-07-13,56355.409086809,82.9575609756098,7024200,East Asia & Pacific,,114.109,22.3964,High income,Not classified
"Hong Kong SAR, China",HK,HKG,2011,,2026-07-13,58672.8050185719,83.4119512195122,7071600,East Asia & Pacific,,114.109,22.3964,High income,Not classified
"Hong Kong SAR, China",HK,HKG,2012,,2026-07-13,59015.3179560955,83.450243902439,7150100,East Asia & Pacific,,114.109,22.3964,High income,Not classified
"Hong Kong SAR, China",HK,HKG,2000,,2026-07-13,39848.5593475546,80.8731707317073,6665000,East Asia & Pacific,,114.109,22.3964,High income,Not classified
"Hong Kong SAR, China",HK,HKG,2014,,2026-07-13,61839.8044187474,83.9356097560976,7229500,East Asia & Pacific,,114.109,22.3964,High income,Not classified
"Hong Kong SAR, China",HK,HKG,2015,,2026-07-13,62779.7552386246,84.2526829268293,7291300,East Asia & Pacific,,114.109,22.3964,High income,Not classified
"Hong Kong SAR, China",HK,HKG,2016,,2026-07-13,63749.4285013369,84.2114634146342,7336600,East Asia & Pacific,,114.109,22.3964,High income,Not classified
"Hong Kong SAR, China",HK,HKG,2001,,2026-07-13,39777.8262391597,81.4192682926829,6714300,East Asia & Pacific,,114.109,22.3964,High income,Not classified
"Hong Kong SAR, China",HK,HKG,2002,,2026-07-13,40258.1488758671,81.4521951219512,6744100,East Asia & Pacific,,114.109,22.3964,High income,Not classified
"Hong Kong SAR, China",HK,HKG,2022,,2026-07-13,64035.6484949629,83.6609756097561,7346100,East Asia & Pacific,,114.109,22.3964,High income,Not classified
"Hong Kong SAR, China",HK,HKG,2023,,2026-07-13,64387.6654066058,85.2473170731707,7536100,East Asia & Pacific,,114.109,22.3964,High income,Not classified
Hungary,HU,HUN,2001,,2026-07-13,23069.2114730987,72.2487804878049,10187576,Europe & Central Asia,Budapest,19.0408,47.4984,High income,Not classified
Hungary,HU,HUN,2023,,2026-07-13,40333.2546888118,76.5707317073171,9592186,Europe & Central Asia,Budapest,19.0408,47.4984,High income,Not classified
Hungary,HU,HUN,2009,,2026-07-13,27445.959458479,73.9048780487805,10022650,Europe & Central Asia,Budapest,19.0408,47.4984,High income,Not classified
Hungary,HU,HUN,2000,,2026-07-13,22117.9204303193,71.2463414634146,10210971,Europe & Central Asia,Budapest,19.0408,47.4984,High income,Not classified
Hungary,HU,HUN,2013,,2026-07-13,28891.0217544976,75.5658536585366,9872734,Europe & Central Asia,Budapest,19.0408,47.4984,High income,Not classified
Hungary,HU,HUN,2014,,2026-07-13,30264.9492302161,75.7634146341463,9833038,Europe & Central Asia,Budapest,19.0408,47.4984,High income,Not classified
Hungary,HU,HUN,2002,,2026-07-13,24229.2953575981,72.3487804878049,10158608,Europe & Central Asia,Budapest,19.0408,47.4984,High income,Not classified
Hungary,HU,HUN,2003,,2026-07-13,25255.8711300567,72.3,10129552,Europe & Central Asia,Budapest,19.0408,47.4984,High income,Not classified
Hungary,HU,HUN,2004,,2026-07-13,26568.118861864,72.6487804878049,10107146,Europe & Central Asia,Budapest,19.0408,47.4984,High income,Not classified
Hungary,HU,HUN,2005,,2026-07-13,27765.7886146197,72.6487804878049,10087065,Europe & Central Asia,Budapest,19.0408,47.4984,High income,Not classified
Hungary,HU,HUN,2006,,2026-07-13,28903.0475407078,73.0975609756098,10071370,Europe & Central Asia,Budapest,19.0408,47.4984,High income,Not classified
Hungary,HU,HUN,2007,,2026-07-13,29044.0669021254,73.1512195121951,10055780,Europe & Central Asia,Budapest,19.0408,47.4984,High income,Not classified
Hungary,HU,HUN,2022,,2026-07-13,40610.9711368238,75.8682926829268,9605074,Europe & Central Asia,Budapest,19.0408,47.4984,High income,Not classified
Hungary,HU,HUN,2012,,2026-07-13,28179.656464434,75.0634146341463,9920362,Europe & Central Asia,Budapest,19.0408,47.4984,High income,Not classified
Hungary,HU,HUN,2018,,2026-07-13,35798.0412754022,76.0658536585366,9706964,Europe & Central Asia,Budapest,19.0408,47.4984,High income,Not classified
Hungary,HU,HUN,2010,,2026-07-13,27801.833816111,74.2073170731707,10000023,Europe & Central Asia,Budapest,19.0408,47.4984,High income,Not classified
Hungary,HU,HUN,2011,,2026-07-13,28415.1173442897,74.8585365853659,9971727,Europe & Central Asia,Budapest,19.0408,47.4984,High income,Not classified
Hungary,HU,HUN,2017,,2026-07-13,33828.714942571,75.8170731707317,9726756,Europe & Central Asia,Budapest,19.0408,47.4984,High income,Not classified
Hungary,HU,HUN,2021,,2026-07-13,38887.1909527154,74.0658536585366,9630932,Europe & Central Asia,Budapest,19.0408,47.4984,High income,Not classified
Hungary,HU,HUN,2015,,2026-07-13,31485.5675425634,75.5682926829269,9797755,Europe & Central Asia,Budapest,19.0408,47.4984,High income,Not classified
Hungary,HU,HUN,2016,,2026-07-13,32378.9674983075,76.0634146341464,9759755,Europe & Central Asia,Budapest,19.0408,47.4984,High income,Not classified
Hungary,HU,HUN,2008,,2026-07-13,29384.0070385818,73.7024390243903,10038188,Europe & Central Asia,Budapest,19.0408,47.4984,High income,Not classified
Hungary,HU,HUN,2019,,2026-07-13,37662.67681014,76.3195121951219,9694824,Europe & Central Asia,Budapest,19.0408,47.4984,High income,Not classified
Hungary,HU,HUN,2020,,2026-07-13,36119.5211735652,75.419512195122,9670419,Europe & Central Asia,Budapest,19.0408,47.4984,High income,Not classified
IBRD only,XF,IBD,2014,,2026-07-13,13271.2499046005,72.7509651570745,4630607878,Aggregates,,,,Aggregates,Aggregates
IBRD only,XF,IBD,2000,,2026-07-13,7099.69521817635,68.2869649318369,3983328255,Aggregates,,,,Aggregates,Aggregates
IBRD only,XF,IBD,2005,,2026-07-13,8847.83067056732,69.8265165341661,4214082145,Aggregates,,,,Aggregates,Aggregates
IBRD only,XF,IBD,2012,,2026-07-13,12375.6300146684,72.1636704451454,4532100585,Aggregates,,,,Aggregates,Aggregates
IBRD only,XF,IBD,2001,,2026-07-13,7274.65163572105,68.5847135093888,4031080605,Aggregates,,,,Aggregates,Aggregates
IBRD only,XF,IBD,2002,,2026-07-13,7513.60301860085,68.9043764886684,4077229003,Aggregates,,,,Aggregates,Aggregates
IBRD only,XF,IBD,2011,,2026-07-13,11906.6328014983,71.8270333930904,4483152627,Aggregates,,,,Aggregates,Aggregates
IBRD only,XF,IBD,2004,,2026-07-13,8369.88369086676,69.3984001306866,4168676771,Aggregates,,,,Aggregates,Aggregates
IBRD only,XF,IBD,2018,,2026-07-13,15291.0398093318,73.794943952938,4806981820,Aggregates,,,,Aggregates,Aggregates
IBRD only,XF,IBD,2006,,2026-07-13,9452.10929844277,70.1501236836392,4258827055,Aggregates,,,,Aggregates,Aggregates
IBRD only,XF,IBD,2003,,2026-07-13,7867.92433928093,69.1727555942431,4122775918,Aggregates,,,,Aggregates,Aggregates
IBRD only,XF,IBD,2008,,2026-07-13,10594.5033452448,70.7624457262186,4346234014,Aggregates,,,,Aggregates,Aggregates
IBRD only,XF,IBD,2009,,2026-07-13,10692.0618809217,71.1602132108325,4391389527,Aggregates,,,,Aggregates,Aggregates
IBRD only,XF,IBD,2010,,2026-07-13,11358.6063797168,71.5021795019761,4436714947,Aggregates,,,,Aggregates,Aggregates
IBRD only,XF,IBD,2007,,2026-07-13,10148.6867255691,70.5142450680001,4302067550,Aggregates,,,,Aggregates,Aggregates
IBRD only,XF,IBD,2017,,2026-07-13,14720.5064051308,73.4857607809887,4765773411,Aggregates,,,,Aggregates,Aggregates
IBRD only,XF,IBD,2021,,2026-07-13,16390.9943192501,71.974203378406,4905212516,Aggregates,,,,Aggregates,Aggregates
IBRD only,XF,IBD,2015,,2026-07-13,13669.8723851709,73.0328490236398,4676773551,Aggregates,,,,Aggregates,Aggregates
IBRD only,XF,IBD,2016,,2026-07-13,14147.4607960246,73.2592309044272,4721566970,Aggregates,,,,Aggregates,Aggregates
IBRD only,XF,IBD,2020,,2026-07-13,15351.793172746,73.2951356970762,4878296727,Aggregates,,,,Aggregates,Aggregates
IBRD only,XF,IBD,2022,,2026-07-13,16933.9928182913,74.2512821129351,4928196300,Aggregates,,,,Aggregates,Aggregates
IBRD only,XF,IBD,2019,,2026-07-13,15754.9861909747,74.031271888226,4845075024,Aggregates,,,,Aggregates,Aggregates
IBRD only,XF,IBD,2023,,2026-07-13,17639.8861068054,74.5179764623959,4952209753,Aggregates,,,,Aggregates,Aggregates
IBRD only,XF,IBD,2013,,2026-07-13,12836.6202127518,72.4633474422255,4581958556,Aggregates,,,,Aggregates,Aggregates
Iceland,IS,ISL,2017,,2026-07-13,65462.5033306299,82.6609756097561,343400,Europe & Central Asia,Reykjavik,-21.8952,64.1353,High income,Not classified
Iceland,IS,ISL,2016,,2026-07-13,64759.2275423229,82.2048780487805,335439,Europe & Central Asia,Reykjavik,-21.8952,64.1353,High income,Not classified
Iceland,IS,ISL,2019,,2026-07-13,65994.9860038103,83.1634146341463,360563,Europe & Central Asia,Reykjavik,-21.8952,64.1353,High income,Not classified
Iceland,IS,ISL,2021,,2026-07-13,62720.7916832797,83.1658536585366,372520,Europe & Central Asia,Reykjavik,-21.8952,64.1353,High income,Not classified
Iceland,IS,ISL,2000,,2026-07-13,50227.8408745363,79.6536585365854,281205,Europe & Central Asia,Reykjavik,-21.8952,64.1353,High income,Not classified
Iceland,IS,ISL,2015,,2026-07-13,61820.3618857662,82.4682926829268,330815,Europe & Central Asia,Reykjavik,-21.8952,64.1353,High income,Not classified
Iceland,IS,ISL,2002,,2026-07-13,51287.593729948,80.5024390243903,287523,Europe & Central Asia,Reykjavik,-21.8952,64.1353,High income,Not classified
Iceland,IS,ISL,2003,,2026-07-13,52095.6402740564,80.9634146341464,289521,Europe & Central Asia,Reykjavik,-21.8952,64.1353,High income,Not classified
Iceland,IS,ISL,2018,,2026-07-13,66703.0219398003,82.8609756097561,352721,Europe & Central Asia,Reykjavik,-21.8952,64.1353,High income,Not classified
Iceland,IS,ISL,2006,,2026-07-13,60434.3837931128,81.1585365853659,303782,Europe & Central Asia,Reykjavik,-21.8952,64.1353,High income,Not classified
Iceland,IS,ISL,2020,,2026-07-13,60617.143268851,83.0634146341463,366463,Europe & Central Asia,Reykjavik,-21.8952,64.1353,High income,Not classified
Iceland,IS,ISL,2008,,2026-07-13,63963.7601392225,81.609756097561,317414,Europe & Central Asia,Reykjavik,-21.8952,64.1353,High income,Not classified
Iceland,IS,ISL,2022,,2026-07-13,66581.2441801002,82.119512195122,382003,Europe & Central Asia,Reykjavik,-21.8952,64.1353,High income,Not classified
Iceland,IS,ISL,2023,,2026-07-13,69268.1221404224,82.4560975609756,385663,Europe & Central Asia,Reykjavik,-21.8952,64.1353,High income,Not classified
Iceland,IS,ISL,2011,,2026-07-13,57837.8604599413,82.3585365853659,319014,Europe & Central Asia,Reykjavik,-21.8952,64.1353,High income,Not classified
Iceland,IS,ISL,2012,,2026-07-13,58203.6379459536,82.9170731707317,320716,Europe & Central Asia,Reykjavik,-21.8952,64.1353,High income,Not classified
Iceland,IS,ISL,2013,,2026-07-13,59729.5439775397,82.0609756097561,323764,Europe & Central Asia,Reykjavik,-21.8952,64.1353,High income,Not classified
Iceland,IS,ISL,2001,,2026-07-13,51468.3282267824,80.690243902439,284968,Europe & Central Asia,Reykjavik,-21.8952,64.1353,High income,Not classified
Iceland,IS,ISL,2005,,2026-07-13,58549.1358862183,81.5024390243902,296734,Europe & Central Asia,Reykjavik,-21.8952,64.1353,High income,Not classified
Iceland,IS,ISL,2007,,2026-07-13,64075.3098188208,81.4536585365854,311566,Europe & Central Asia,Reykjavik,-21.8952,64.1353,High income,Not classified
Iceland,IS,ISL,2004,,2026-07-13,55576.6099806516,80.9975609756098,292074,Europe & Central Asia,Reykjavik,-21.8952,64.1353,High income,Not classified
Iceland,IS,ISL,2010,,2026-07-13,57225.1024282006,81.8975609756097,318041,Europe & Central Asia,Reykjavik,-21.8952,64.1353,High income,Not classified
Iceland,IS,ISL,2009,,2026-07-13,58441.2719673968,81.7512195121951,318499,Europe & Central Asia,Reykjavik,-21.8952,64.1353,High income,Not classified
Iceland,IS,ISL,2014,,2026-07-13,60199.1994872756,82.8609756097561,327386,Europe & Central Asia,Reykjavik,-21.8952,64.1353,High income,Not classified
IDA & IBRD total,ZT,IBT,2004,,2026-07-13,7205.64090749456,66.8247049419343,5416713041,Aggregates,,,,Aggregates,Aggregates
IDA & IBRD total,ZT,IBT,2014,,2026-07-13,11042.0933017783,70.1214372145127,6201072972,Aggregates,,,,Aggregates,Aggregates
IDA & IBRD total,ZT,IBT,2018,,2026-07-13,12547.6065169327,71.1543116878265,6517257782,Aggregates,,,,Aggregates,Aggregates
IDA & IBRD total,ZT,IBT,2000,,2026-07-13,6181.73646411766,65.6568764523372,5116367192,Aggregates,,,,Aggregates,Aggregates
IDA & IBRD total,ZT,IBT,2001,,2026-07-13,6320.01629864257,65.9675772813036,5191975532,Aggregates,,,,Aggregates,Aggregates
IDA & IBRD total,ZT,IBT,2002,,2026-07-13,6517.50123745662,66.2945209481454,5266759631,Aggregates,,,,Aggregates,Aggregates
IDA & IBRD total,ZT,IBT,2013,,2026-07-13,10698.1935593125,69.8695763064636,6119970296,Aggregates,,,,Aggregates,Aggregates
IDA & IBRD total,ZT,IBT,2006,,2026-07-13,8069.48276915284,67.6024062399178,5567795358,Aggregates,,,,Aggregates,Aggregates
IDA & IBRD total,ZT,IBT,2017,,2026-07-13,12123.4403274652,70.8321134052096,6439279067,Aggregates,,,,Aggregates,Aggregates
IDA & IBRD total,ZT,IBT,2003,,2026-07-13,6797.92048003117,66.5877558604324,5341441991,Aggregates,,,,Aggregates,Aggregates
IDA & IBRD total,ZT,IBT,2005,,2026-07-13,7590.28556742349,67.2256354770038,5492049553,Aggregates,,,,Aggregates,Aggregates
IDA & IBRD total,ZT,IBT,2008,,2026-07-13,8962.67822410779,68.1843907566277,5719633233,Aggregates,,,,Aggregates,Aggregates
IDA & IBRD total,ZT,IBT,2009,,2026-07-13,9045.73280749433,68.58797297018,5797573486,Aggregates,,,,Aggregates,Aggregates
IDA & IBRD total,ZT,IBT,2016,,2026-07-13,11696.9848339604,70.6151792552285,6359496256,Aggregates,,,,Aggregates,Aggregates
IDA & IBRD total,ZT,IBT,2007,,2026-07-13,8616.07323944986,67.9670001124436,5643066022,Aggregates,,,,Aggregates,Aggregates
IDA & IBRD total,ZT,IBT,2012,,2026-07-13,10337.9564275594,69.574186280902,6038511525,Aggregates,,,,Aggregates,Aggregates
IDA & IBRD total,ZT,IBT,2020,,2026-07-13,12504.9017541415,70.7501213262472,6665588686,Aggregates,,,,Aggregates,Aggregates
IDA & IBRD total,ZT,IBT,2010,,2026-07-13,9568.3350709632,68.9266614063009,5876238780,Aggregates,,,,Aggregates,Aggregates
IDA & IBRD total,ZT,IBT,2011,,2026-07-13,9988.65008164631,69.2357087629053,5956303101,Aggregates,,,,Aggregates,Aggregates
IDA & IBRD total,ZT,IBT,2019,,2026-07-13,12882.9121398515,71.3952528317139,6593373309,Aggregates,,,,Aggregates,Aggregates
IDA & IBRD total,ZT,IBT,2015,,2026-07-13,11346.1010341675,70.3727711035674,6280370137,Aggregates,,,,Aggregates,Aggregates
IDA & IBRD total,ZT,IBT,2022,,2026-07-13,13635.9169175484,71.6790095761174,6793703268,Aggregates,,,,Aggregates,Aggregates
IDA & IBRD total,ZT,IBT,2023,,2026-07-13,14120.5364644683,71.9999928217283,6857438587,Aggregates,,,,Aggregates,Aggregates
IDA & IBRD total,ZT,IBT,2021,,2026-07-13,13248.8138127169,69.6690947451642,6731708832,Aggregates,,,,Aggregates,Aggregates
IDA blend,XH,IDB,2007,,2026-07-13,5195.80808887477,58.0600906051007,470476526,Aggregates,,,,Aggregates,Aggregates
IDA blend,XH,IDB,2004,,2026-07-13,4746.79902014186,57.0294559998555,436147454,Aggregates,,,,Aggregates,Aggregates
IDA blend,XH,IDB,2008,,2026-07-13,5272.70195837866,58.4143046583873,482975881,Aggregates,,,,Aggregates,Aggregates
IDA blend,XH,IDB,2006,,2026-07-13,5061.17002152738,57.7016203087693,458394453,Aggregates,,,,Aggregates,Aggregates
IDA blend,XH,IDB,2009,,2026-07-13,5444.50751527268,58.7507843707772,495610570,Aggregates,,,,Aggregates,Aggregates
IDA blend,XH,IDB,2005,,2026-07-13,4907.66392963546,56.9989286118874,447132945,Aggregates,,,,Aggregates,Aggregates
IDA blend,XH,IDB,2014,,2026-07-13,6263.27766334353,60.0998681978251,555868551,Aggregates,,,,Aggregates,Aggregates
IDA blend,XH,IDB,2022,,2026-07-13,6554.67363673278,62.1288641416852,651895919,Aggregates,,,,Aggregates,Aggregates
IDA blend,XH,IDB,2018,,2026-07-13,6540.02977425504,61.0740542759518,601951913,Aggregates,,,,Aggregates,Aggregates
IDA blend,XH,IDB,2019,,2026-07-13,6597.29007423325,61.3259973798573,614017319,Aggregates,,,,Aggregates,Aggregates
IDA blend,XH,IDB,2020,,2026-07-13,6248.18008980538,60.8180066140619,626440308,Aggregates,,,,Aggregates,Aggregates
IDA blend,XH,IDB,2003,,2026-07-13,4529.62135630622,56.6359126305936,425311302,Aggregates,,,,Aggregates,Aggregates
IDA blend,XH,IDB,2021,,2026-07-13,6382.99566586346,60.876535738179,639196319,Aggregates,,,,Aggregates,Aggregates
IDA blend,XH,IDB,2023,,2026-07-13,6605.73413006609,62.4621643327349,664395892,Aggregates,,,,Aggregates,Aggregates
IDA blend,XH,IDB,2010,,2026-07-13,5622.53923702245,59.0515129063523,508422508,Aggregates,,,,Aggregates,Aggregates
IDA blend,XH,IDB,2011,,2026-07-13,5723.39316723438,59.364406133511,520984443,Aggregates,,,,Aggregates,Aggregates
IDA blend,XH,IDB,2012,,2026-07-13,5846.37428459277,59.6305637403653,532980174,Aggregates,,,,Aggregates,Aggregates
IDA blend,XH,IDB,2013,,2026-07-13,6049.35770247292,59.8685731055257,544442648,Aggregates,,,,Aggregates,Aggregates
IDA blend,XH,IDB,2015,,2026-07-13,6369.42234682599,60.2944946354402,567234056,Aggregates,,,,Aggregates,Aggregates
IDA blend,XH,IDB,2016,,2026-07-13,6379.73619945793,60.5761664527178,578463670,Aggregates,,,,Aggregates,Aggregates
IDA blend,XH,IDB,2017,,2026-07-13,6424.09547786649,60.818392907263,590024074,Aggregates,,,,Aggregates,Aggregates
IDA blend,XH,IDB,2000,,2026-07-13,4209.1548816606,55.5992722966425,394129957,Aggregates,,,,Aggregates,Aggregates
IDA blend,XH,IDB,2001,,2026-07-13,4267.87486448223,55.889906446422,404662385,Aggregates,,,,Aggregates,Aggregates
IDA blend,XH,IDB,2002,,2026-07-13,4439.21008957396,56.270235525387,414935066,Aggregates,,,,Aggregates,Aggregates
IDA only,XI,IDX,2009,,2026-07-13,3093.44360386607,61.5371473230212,910573389,Aggregates,,,,Aggregates,Aggregates
IDA only,XI,IDX,2010,,2026-07-13,3220.42982449368,62.0465381671517,931101325,Aggregates,,,,Aggregates,Aggregates
IDA only,XI,IDX,2011,,2026-07-13,3321.06989522982,62.4359401192322,952166031,Aggregates,,,,Aggregates,Aggregates
IDA only,XI,IDX,2000,,2026-07-13,2305.71777037295,56.843202730123,738908980,Aggregates,,,,Aggregates,Aggregates
IDA only,XI,IDX,2001,,2026-07-13,2350.56945975774,57.4095843162393,756232542,Aggregates,,,,Aggregates,Aggregates
IDA only,XI,IDX,2014,,2026-07-13,3514.87967351075,63.6108317883765,1014596543,Aggregates,,,,Aggregates,Aggregates
IDA only,XI,IDX,2002,,2026-07-13,2409.06339482221,57.9268624074352,774595562,Aggregates,,,,Aggregates,Aggregates
IDA only,XI,IDX,2003,,2026-07-13,2475.42243019989,58.4895588317437,793354771,Aggregates,,,,Aggregates,Aggregates
IDA only,XI,IDX,2004,,2026-07-13,2570.49137459422,58.8719775064056,811888816,Aggregates,,,,Aggregates,Aggregates
IDA only,XI,IDX,2005,,2026-07-13,2678.38937870739,59.5374266334029,830834463,Aggregates,,,,Aggregates,Aggregates
IDA only,XI,IDX,2006,,2026-07-13,2791.29991947711,60.1817423826443,850573850,Aggregates,,,,Aggregates,Aggregates
IDA only,XI,IDX,2007,,2026-07-13,2914.48488026821,60.7328901331075,870521946,Aggregates,,,,Aggregates,Aggregates
IDA only,XI,IDX,2008,,2026-07-13,3025.02503325556,60.9000867842919,890423338,Aggregates,,,,Aggregates,Aggregates
IDA only,XI,IDX,2022,,2026-07-13,4086.6200282723,66.3634983426878,1213611049,Aggregates,,,,Aggregates,Aggregates
IDA only,XI,IDX,2023,,2026-07-13,4137.43602506399,67.0575957681524,1240832942,Aggregates,,,,Aggregates,Aggregates
IDA only,XI,IDX,2015,,2026-07-13,3613.78023092134,63.8848479810589,1036362530,Aggregates,,,,Aggregates,Aggregates
IDA only,XI,IDX,2016,,2026-07-13,3711.89606197188,64.3130750207169,1059465616,Aggregates,,,,Aggregates,Aggregates
IDA only,XI,IDX,2012,,2026-07-13,3337.81840982522,62.962468993378,973430766,Aggregates,,,,Aggregates,Aggregates
IDA only,XI,IDX,2013,,2026-07-13,3411.44081665014,63.3883167400328,993569092,Aggregates,,,,Aggregates,Aggregates
IDA only,XI,IDX,2019,,2026-07-13,4056.85050579817,65.586275114442,1134280966,Aggregates,,,,Aggregates,Aggregates
IDA only,XI,IDX,2020,,2026-07-13,3958.34543039405,65.4148502167518,1160851651,Aggregates,,,,Aggregates,Aggregates
IDA only,XI,IDX,2017,,2026-07-13,3838.75766461121,64.6129528273956,1083481582,Aggregates,,,,Aggregates,Aggregates
IDA only,XI,IDX,2018,,2026-07-13,3948.52787213757,65.1762396022628,1108324049,Aggregates,,,,Aggregates,Aggregates
IDA only,XI,IDX,2021,,2026-07-13,4002.20344573931,64.8793395181521,1187299997,Aggregates,,,,Aggregates,Aggregates
IDA total,XG,IDA,2015,,2026-07-13,4584.99902568175,62.614846093746,1603596586,Aggregates,,,,Aggregates,Aggregates
IDA total,XG,IDA,2002,,2026-07-13,3115.82523706753,57.3489936510874,1189530628,Aggregates,,,,Aggregates,Aggregates
IDA total,XG,IDA,2000,,2026-07-13,2965.97750506692,56.4104989348264,1133038937,Aggregates,,,,Aggregates,Aggregates
IDA total,XG,IDA,2001,,2026-07-13,3016.92684889007,56.8798581050815,1160894927,Aggregates,,,,Aggregates,Aggregates
IDA total,XG,IDA,2013,,2026-07-13,4342.25857072893,62.1423584064168,1538011740,Aggregates,,,,Aggregates,Aggregates
IDA total,XG,IDA,2016,,2026-07-13,4649.06174910145,62.9933197277529,1637929286,Aggregates,,,,Aggregates,Aggregates
IDA total,XG,IDA,2003,,2026-07-13,3190.64251168148,57.8426411102076,1218666073,Aggregates,,,,Aggregates,Aggregates
IDA total,XG,IDA,2004,,2026-07-13,3329.75784325758,58.2280770979486,1248036270,Aggregates,,,,Aggregates,Aggregates
IDA total,XG,IDA,2005,,2026-07-13,3456.76664335691,58.6492614977887,1277967408,Aggregates,,,,Aggregates,Aggregates
IDA total,XG,IDA,2006,,2026-07-13,3584.11990284593,59.3132154681105,1308968303,Aggregates,,,,Aggregates,Aggregates
IDA total,XG,IDA,2007,,2026-07-13,3712.03702353228,59.7951639068012,1340998472,Aggregates,,,,Aggregates,Aggregates
IDA total,XG,IDA,2008,,2026-07-13,3811.61684663031,60.02592521814,1373399219,Aggregates,,,,Aggregates,Aggregates
IDA total,XG,IDA,2009,,2026-07-13,3918.73517951819,60.5550916523175,1406183959,Aggregates,,,,Aggregates,Aggregates
IDA total,XG,IDA,2010,,2026-07-13,4065.12933937447,60.9887312592622,1439523833,Aggregates,,,,Aggregates,Aggregates
IDA total,XG,IDA,2011,,2026-07-13,4166.33730689033,61.3496821632737,1473150474,Aggregates,,,,Aggregates,Aggregates
IDA total,XG,IDA,2012,,2026-07-13,4221.81968545851,61.7836144097129,1506410940,Aggregates,,,,Aggregates,Aggregates
IDA total,XG,IDA,2018,,2026-07-13,4853.06226610071,63.732426814433,1710275962,Aggregates,,,,Aggregates,Aggregates
IDA total,XG,IDA,2022,,2026-07-13,4938.94976493355,64.8837178854478,1865506968,Aggregates,,,,Aggregates,Aggregates
IDA total,XG,IDA,2014,,2026-07-13,4484.83927106283,62.3681207907556,1570465094,Aggregates,,,,Aggregates,Aggregates
IDA total,XG,IDA,2017,,2026-07-13,4743.55675240066,63.2751134869149,1673505656,Aggregates,,,,Aggregates,Aggregates
IDA total,XG,IDA,2021,,2026-07-13,4825.30169071054,63.4785278004251,1826496316,Aggregates,,,,Aggregates,Aggregates
IDA total,XG,IDA,2019,,2026-07-13,4940.15164754183,64.0900291161311,1748298285,Aggregates,,,,Aggregates,Aggregates
IDA total,XG,IDA,2020,,2026-07-13,4750.57582514097,63.8036707405637,1787291959,Aggregates,,,,Aggregates,Aggregates
IDA total,XG,IDA,2023,,2026-07-13,4987.31104092255,65.4550660808135,1905228834,Aggregates,,,,Aggregates,Aggregates
India,IN,IND,2018,,2026-07-13,7492.62576755145,70.415,1374659064,South Asia,New Delhi,77.225,28.6353,Lower middle income,IBRD
India,IN,IND,2017,,2026-07-13,7116.03659185396,70.068,1359657400,South Asia,New Delhi,77.225,28.6353,Lower middle income,IBRD
India,IN,IND,2020,,2026-07-13,7186.86447099679,70.156,1402617695,South Asia,New Delhi,77.225,28.6353,Lower middle income,IBRD
India,IN,IND,2000,,2026-07-13,3010.42156148397,62.749,1057922733,South Asia,New Delhi,77.225,28.6353,Lower middle income,IBRD
India,IN,IND,2001,,2026-07-13,3097.16224022342,63.158,1077898575,South Asia,New Delhi,77.225,28.6353,Lower middle income,IBRD
India,IN,IND,2002,,2026-07-13,3157.26903770593,63.649,1097600380,South Asia,New Delhi,77.225,28.6353,Lower middle income,IBRD
India,IN,IND,2003,,2026-07-13,3346.8882902915,64.086,1116803006,South Asia,New Delhi,77.225,28.6353,Lower middle income,IBRD
India,IN,IND,2004,,2026-07-13,3551.04731213773,64.484,1135991513,South Asia,New Delhi,77.225,28.6353,Lower middle income,IBRD
India,IN,IND,2022,,2026-07-13,8347.38478647086,71.698,1425423212,South Asia,New Delhi,77.225,28.6353,Lower middle income,IBRD
India,IN,IND,2019,,2026-07-13,7702.17634811957,70.746,1389030312,South Asia,New Delhi,77.225,28.6353,Lower middle income,IBRD
India,IN,IND,2007,,2026-07-13,4253.82139046739,65.803,1190676021,South Asia,New Delhi,77.225,28.6353,Lower middle income,IBRD
India,IN,IND,2021,,2026-07-13,7818.65701757504,67.282,1414203896,South Asia,New Delhi,77.225,28.6353,Lower middle income,IBRD
India,IN,IND,2013,,2026-07-13,5567.49439418718,68.499,1295829511,South Asia,New Delhi,77.225,28.6353,Lower middle income,IBRD
India,IN,IND,2023,,2026-07-13,8870.55027609345,72.003,1438069596,South Asia,New Delhi,77.225,28.6353,Lower middle income,IBRD
India,IN,IND,2011,,2026-07-13,5098.67458775444,67.623,1261224954,South Asia,New Delhi,77.225,28.6353,Lower middle income,IBRD
India,IN,IND,2012,,2026-07-13,5303.50197767655,68.076,1278674502,South Asia,New Delhi,77.225,28.6353,Lower middle income,IBRD
India,IN,IND,2008,,2026-07-13,4322.48378983546,66.247,1207930964,South Asia,New Delhi,77.225,28.6353,Lower middle income,IBRD
India,IN,IND,2014,,2026-07-13,5905.10618204633,68.932,1312277191,South Asia,New Delhi,77.225,28.6353,Lower middle income,IBRD
India,IN,IND,2015,,2026-07-13,6301.67346968236,69.326,1328024498,South Asia,New Delhi,77.225,28.6353,Lower middle income,IBRD
India,IN,IND,2016,,2026-07-13,6741.14883185347,69.709,1343944296,South Asia,New Delhi,77.225,28.6353,Lower middle income,IBRD
India,IN,IND,2009,,2026-07-13,4595.37990753812,66.7,1225524753,South Asia,New Delhi,77.225,28.6353,Lower middle income,IBRD
India,IN,IND,2005,,2026-07-13,3770.39653173829,64.939,1154676322,South Asia,New Delhi,77.225,28.6353,Lower middle income,IBRD
India,IN,IND,2006,,2026-07-13,4011.08647585805,65.373,1172878890,South Asia,New Delhi,77.225,28.6353,Lower middle income,IBRD
India,IN,IND,2010,,2026-07-13,4913.87639723705,67.162,1243481564,South Asia,New Delhi,77.225,28.6353,Lower middle income,IBRD
Indonesia,ID,IDN,2006,,2026-07-13,7434.48785352221,67.664,233951652,East Asia & Pacific,Jakarta,106.83,-6.19752,Upper middle income,IBRD
Indonesia,ID,IDN,2016,,2026-07-13,11319.6634287738,69.733,264627418,East Asia & Pacific,Jakarta,106.83,-6.19752,Upper middle income,IBRD
Indonesia,ID,IDN,2005,,2026-07-13,7140.8545640704,67.531,230871650,East Asia & Pacific,Jakarta,106.83,-6.19752,Upper middle income,IBRD
Indonesia,ID,IDN,2000,,2026-07-13,6056.38197842165,66.292,216077790,East Asia & Pacific,Jakarta,106.83,-6.19752,Upper middle income,IBRD
Indonesia,ID,IDN,2001,,2026-07-13,6190.51954040991,66.583,219097902,East Asia & Pacific,Jakarta,106.83,-6.19752,Upper middle income,IBRD
Indonesia,ID,IDN,2002,,2026-07-13,6381.94955179996,66.954,222088495,East Asia & Pacific,Jakarta,106.83,-6.19752,Upper middle income,IBRD
Indonesia,ID,IDN,2003,,2026-07-13,6599.09193597034,67.134,225048008,East Asia & Pacific,Jakarta,106.83,-6.19752,Upper middle income,IBRD
Indonesia,ID,IDN,2004,,2026-07-13,6843.54654972364,65.521,227926649,East Asia & Pacific,Jakarta,106.83,-6.19752,Upper middle income,IBRD
Indonesia,ID,IDN,2015,,2026-07-13,10893.6621142169,69.52,261799249,East Asia & Pacific,Jakarta,106.83,-6.19752,Upper middle income,IBRD
Indonesia,ID,IDN,2020,,2026-07-13,12388.5449268131,68.817,274814866,East Asia & Pacific,Jakarta,106.83,-6.19752,Upper middle income,IBRD
Indonesia,ID,IDN,2017,,2026-07-13,11772.5743296107,69.953,267346658,East Asia & Pacific,Jakarta,106.83,-6.19752,Upper middle income,IBRD
Indonesia,ID,IDN,2007,,2026-07-13,7802.46406905954,67.914,237062337,East Asia & Pacific,Jakarta,106.83,-6.19752,Upper middle income,IBRD
Indonesia,ID,IDN,2008,,2026-07-13,8165.06155116624,68.085,240157903,East Asia & Pacific,Jakarta,106.83,-6.19752,Upper middle income,IBRD
Indonesia,ID,IDN,2011,,2026-07-13,9274.96955181702,68.629,249470032,East Asia & Pacific,Jakarta,106.83,-6.19752,Upper middle income,IBRD
Indonesia,ID,IDN,2021,,2026-07-13,12757.0746440204,67.452,276758053,East Asia & Pacific,Jakarta,106.83,-6.19752,Upper middle income,IBRD
Indonesia,ID,IDN,2009,,2026-07-13,8435.4557468629,68.267,243220028,East Asia & Pacific,Jakarta,106.83,-6.19752,Upper middle income,IBRD
Indonesia,ID,IDN,2010,,2026-07-13,8848.22473702066,68.364,246305322,East Asia & Pacific,Jakarta,106.83,-6.19752,Upper middle income,IBRD
Indonesia,ID,IDN,2023,,2026-07-13,13889.9495012858,71.146,281190067,East Asia & Pacific,Jakarta,106.83,-6.19752,Upper middle income,IBRD
Indonesia,ID,IDN,2012,,2026-07-13,9708.61182531081,68.862,252698525,East Asia & Pacific,Jakarta,106.83,-6.19752,Upper middle income,IBRD
Indonesia,ID,IDN,2013,,2026-07-13,10121.8141535043,69.064,255852467,East Asia & Pacific,Jakarta,106.83,-6.19752,Upper middle income,IBRD
Indonesia,ID,IDN,2014,,2026-07-13,10504.3869411088,69.292,258877399,East Asia & Pacific,Jakarta,106.83,-6.19752,Upper middle income,IBRD
Indonesia,ID,IDN,2018,,2026-07-13,12262.2310300771,70.08,269951846,East Asia & Pacific,Jakarta,106.83,-6.19752,Upper middle income,IBRD
Indonesia,ID,IDN,2019,,2026-07-13,12757.7850854842,70.349,272489381,East Asia & Pacific,Jakarta,106.83,-6.19752,Upper middle income,IBRD
Indonesia,ID,IDN,2022,,2026-07-13,13334.2653947637,70.925,278830529,East Asia & Pacific,Jakarta,106.83,-6.19752,Upper middle income,IBRD
"Iran, Islamic Rep.",IR,IRN,2009,,2026-07-13,15055.1494647199,74.041,76457825,"Middle East, North Africa, Afghanistan & Pakistan",Tehran,51.4447,35.6878,Upper middle income,IBRD
"Iran, Islamic Rep.",IR,IRN,2008,,2026-07-13,15091.2506521463,73.683,75514204,"Middle East, North Africa, Afghanistan & Pakistan",Tehran,51.4447,35.6878,Upper middle income,IBRD
"Iran, Islamic Rep.",IR,IRN,2007,,2026-07-13,15237.4237850549,73.299,74602648,"Middle East, North Africa, Afghanistan & Pakistan",Tehran,51.4447,35.6878,Upper middle income,IBRD
"Iran, Islamic Rep.",IR,IRN,2010,,2026-07-13,15729.9131707266,74.39,77420842,"Middle East, North Africa, Afghanistan & Pakistan",Tehran,51.4447,35.6878,Upper middle income,IBRD
"Iran, Islamic Rep.",IR,IRN,2022,,2026-07-13,16377.9610645368,76.799,89524246,"Middle East, North Africa, Afghanistan & Pakistan",Tehran,51.4447,35.6878,Upper middle income,IBRD
"Iran, Islamic Rep.",IR,IRN,2011,,2026-07-13,15947.766097961,74.721,78383598,"Middle East, North Africa, Afghanistan & Pakistan",Tehran,51.4447,35.6878,Upper middle income,IBRD
"Iran, Islamic Rep.",IR,IRN,2000,,2026-07-13,11643.1218077696,70.166,66418659,"Middle East, North Africa, Afghanistan & Pakistan",Tehran,51.4447,35.6878,Upper middle income,IBRD
"Iran, Islamic Rep.",IR,IRN,2016,,2026-07-13,15920.3718021202,76.155,83812228,"Middle East, North Africa, Afghanistan & Pakistan",Tehran,51.4447,35.6878,Upper middle income,IBRD
"Iran, Islamic Rep.",IR,IRN,2017,,2026-07-13,16167.9677224227,76.396,85026754,"Middle East, North Africa, Afghanistan & Pakistan",Tehran,51.4447,35.6878,Upper middle income,IBRD
"Iran, Islamic Rep.",IR,IRN,2018,,2026-07-13,15364.8049052614,76.621,86117998,"Middle East, North Africa, Afghanistan & Pakistan",Tehran,51.4447,35.6878,Upper middle income,IBRD
"Iran, Islamic Rep.",IR,IRN,2019,,2026-07-13,14841.0751514998,76.855,87051648,"Middle East, North Africa, Afghanistan & Pakistan",Tehran,51.4447,35.6878,Upper middle income,IBRD
"Iran, Islamic Rep.",IR,IRN,2020,,2026-07-13,15381.5845437266,74.141,87723443,"Middle East, North Africa, Afghanistan & Pakistan",Tehran,51.4447,35.6878,Upper middle income,IBRD
"Iran, Islamic Rep.",IR,IRN,2006,,2026-07-13,14320.6568534545,72.895,73392747,"Middle East, North Africa, Afghanistan & Pakistan",Tehran,51.4447,35.6878,Upper middle income,IBRD
"Iran, Islamic Rep.",IR,IRN,2021,,2026-07-13,15884.4276775963,73.752,88455488,"Middle East, North Africa, Afghanistan & Pakistan",Tehran,51.4447,35.6878,Upper middle income,IBRD
"Iran, Islamic Rep.",IR,IRN,2023,,2026-07-13,17044.8173442641,77.654,90608707,"Middle East, North Africa, Afghanistan & Pakistan",Tehran,51.4447,35.6878,Upper middle income,IBRD
"Iran, Islamic Rep.",IR,IRN,2012,,2026-07-13,15159.2948206531,75.039,79370580,"Middle East, North Africa, Afghanistan & Pakistan",Tehran,51.4447,35.6878,Upper middle income,IBRD
"Iran, Islamic Rep.",IR,IRN,2013,,2026-07-13,14734.740588719,75.349,80414686,"Middle East, North Africa, Afghanistan & Pakistan",Tehran,51.4447,35.6878,Upper middle income,IBRD
"Iran, Islamic Rep.",IR,IRN,2014,,2026-07-13,15262.8515760903,75.635,81502045,"Middle East, North Africa, Afghanistan & Pakistan",Tehran,51.4447,35.6878,Upper middle income,IBRD
"Iran, Islamic Rep.",IR,IRN,2015,,2026-07-13,14841.9048340737,75.907,82619362,"Middle East, North Africa, Afghanistan & Pakistan",Tehran,51.4447,35.6878,Upper middle income,IBRD
"Iran, Islamic Rep.",IR,IRN,2004,,2026-07-13,13807.1953114023,72.04,70256316,"Middle East, North Africa, Afghanistan & Pakistan",Tehran,51.4447,35.6878,Upper middle income,IBRD
"Iran, Islamic Rep.",IR,IRN,2001,,2026-07-13,11739.0090911282,70.619,67452005,"Middle East, North Africa, Afghanistan & Pakistan",Tehran,51.4447,35.6878,Upper middle income,IBRD
"Iran, Islamic Rep.",IR,IRN,2002,,2026-07-13,12583.044990424,71.112,68011317,"Middle East, North Africa, Afghanistan & Pakistan",Tehran,51.4447,35.6878,Upper middle income,IBRD
"Iran, Islamic Rep.",IR,IRN,2003,,2026-07-13,13519.4501926929,70.464,68769340,"Middle East, North Africa, Afghanistan & Pakistan",Tehran,51.4447,35.6878,Upper middle income,IBRD
"Iran, Islamic Rep.",IR,IRN,2005,,2026-07-13,13935.7743087596,72.446,71828455,"Middle East, North Africa, Afghanistan & Pakistan",Tehran,51.4447,35.6878,Upper middle income,IBRD
Iraq,IQ,IRQ,2003,,2026-07-13,6849.3320080035,64.834,26802659,"Middle East, North Africa, Afghanistan & Pakistan",Baghdad,44.394,33.3302,Upper middle income,IBRD
Iraq,IQ,IRQ,2009,,2026-07-13,11470.5178061728,67.834,30058206,"Middle East, North Africa, Afghanistan & Pakistan",Baghdad,44.394,33.3302,Upper middle income,IBRD
Iraq,IQ,IRQ,2010,,2026-07-13,11816.8410150233,68.092,31045366,"Middle East, North Africa, Afghanistan & Pakistan",Baghdad,44.394,33.3302,Upper middle income,IBRD
Iraq,IQ,IRQ,2011,,2026-07-13,12267.5848940645,68.435,32161424,"Middle East, North Africa, Afghanistan & Pakistan",Baghdad,44.394,33.3302,Upper middle income,IBRD
Iraq,IQ,IRQ,2000,,2026-07-13,12702.1641950892,64.86,24424056,"Middle East, North Africa, Afghanistan & Pakistan",Baghdad,44.394,33.3302,Upper middle income,IBRD
Iraq,IQ,IRQ,2001,,2026-07-13,12529.6084050976,65.292,25197840,"Middle East, North Africa, Afghanistan & Pakistan",Baghdad,44.394,33.3302,Upper middle income,IBRD
Iraq,IQ,IRQ,2014,,2026-07-13,13536.8227681399,69.679,36550059,"Middle East, North Africa, Afghanistan & Pakistan",Baghdad,44.394,33.3302,Upper middle income,IBRD
Iraq,IQ,IRQ,2002,,2026-07-13,11144.0505255902,65.724,26006559,"Middle East, North Africa, Afghanistan & Pakistan",Baghdad,44.394,33.3302,Upper middle income,IBRD
Iraq,IQ,IRQ,2016,,2026-07-13,15016.0920644557,68.683,38469627,"Middle East, North Africa, Afghanistan & Pakistan",Baghdad,44.394,33.3302,Upper middle income,IBRD
Iraq,IQ,IRQ,2004,,2026-07-13,10210.5631004936,64.634,27577878,"Middle East, North Africa, Afghanistan & Pakistan",Baghdad,44.394,33.3302,Upper middle income,IBRD
Iraq,IQ,IRQ,2005,,2026-07-13,10078.4437646814,64.899,28407448,"Middle East, North Africa, Afghanistan & Pakistan",Baghdad,44.394,33.3302,Upper middle income,IBRD
Iraq,IQ,IRQ,2006,,2026-07-13,10568.9137652953,64.029,28616515,"Middle East, North Africa, Afghanistan & Pakistan",Baghdad,44.394,33.3302,Upper middle income,IBRD
Iraq,IQ,IRQ,2007,,2026-07-13,10853.8161022286,64.428,28391607,"Middle East, North Africa, Afghanistan & Pakistan",Baghdad,44.394,33.3302,Upper middle income,IBRD
Iraq,IQ,IRQ,2008,,2026-07-13,11511.9387643638,66.465,28971036,"Middle East, North Africa, Afghanistan & Pakistan",Baghdad,44.394,33.3302,Upper middle income,IBRD
Iraq,IQ,IRQ,2022,,2026-07-13,13433.3977166956,72.037,44070551,"Middle East, North Africa, Afghanistan & Pakistan",Baghdad,44.394,33.3302,Upper middle income,IBRD
Iraq,IQ,IRQ,2023,,2026-07-13,13202.3228073856,72.324,45074049,"Middle East, North Africa, Afghanistan & Pakistan",Baghdad,44.394,33.3302,Upper middle income,IBRD
Iraq,IQ,IRQ,2015,,2026-07-13,13516.0271989173,69.977,37560535,"Middle East, North Africa, Afghanistan & Pakistan",Baghdad,44.394,33.3302,Upper middle income,IBRD
Iraq,IQ,IRQ,2020,,2026-07-13,12827.6345392293,69.651,42116605,"Middle East, North Africa, Afghanistan & Pakistan",Baghdad,44.394,33.3302,Upper middle income,IBRD
Iraq,IQ,IRQ,2012,,2026-07-13,13357.0143882323,68.827,33654842,"Middle East, North Africa, Afghanistan & Pakistan",Baghdad,44.394,33.3302,Upper middle income,IBRD
Iraq,IQ,IRQ,2013,,2026-07-13,13712.931714296,69.047,35281989,"Middle East, North Africa, Afghanistan & Pakistan",Baghdad,44.394,33.3302,Upper middle income,IBRD
Iraq,IQ,IRQ,2019,,2026-07-13,14910.225032382,71.245,41192171,"Middle East, North Africa, Afghanistan & Pakistan",Baghdad,44.394,33.3302,Upper middle income,IBRD
Iraq,IQ,IRQ,2017,,2026-07-13,14417.6306896454,69.788,39337353,"Middle East, North Africa, Afghanistan & Pakistan",Baghdad,44.394,33.3302,Upper middle income,IBRD
Iraq,IQ,IRQ,2018,,2026-07-13,14456.2357053191,71.116,40265624,"Middle East, North Africa, Afghanistan & Pakistan",Baghdad,44.394,33.3302,Upper middle income,IBRD
Iraq,IQ,IRQ,2021,,2026-07-13,12731.7535755128,70.704,43071211,"Middle East, North Africa, Afghanistan & Pakistan",Baghdad,44.394,33.3302,Upper middle income,IBRD
Ireland,IE,IRL,2002,,2026-07-13,57828.0116338414,77.6341463414634,3931947,Europe & Central Asia,Dublin,-6.26749,53.3441,High income,Not classified
Ireland,IE,IRL,2016,,2026-07-13,80760.0974145688,81.6536585365854,4762722,Europe & Central Asia,Dublin,-6.26749,53.3441,High income,Not classified
Ireland,IE,IRL,2007,,2026-07-13,66475.8410142999,79.6414634146341,4398942,Europe & Central Asia,Dublin,-6.26749,53.3441,High income,Not classified
Ireland,IE,IRL,2000,,2026-07-13,53582.8313532284,76.5365853658537,3805174,Europe & Central Asia,Dublin,-6.26749,53.3441,High income,Not classified
Ireland,IE,IRL,2001,,2026-07-13,55534.5698068816,77.1341463414634,3866243,Europe & Central Asia,Dublin,-6.26749,53.3441,High income,Not classified
Ireland,IE,IRL,2013,,2026-07-13,60285.2376140094,80.9487804878049,4623816,Europe & Central Asia,Dublin,-6.26749,53.3441,High income,Not classified
Ireland,IE,IRL,2017,,2026-07-13,87731.7897045734,82.1560975609756,4827445,Europe & Central Asia,Dublin,-6.26749,53.3441,High income,Not classified
Ireland,IE,IRL,2003,,2026-07-13,58608.3353816693,78.1390243902439,3996521,Europe & Central Asia,Dublin,-6.26749,53.3441,High income,Not classified
Ireland,IE,IRL,2004,,2026-07-13,61452.8660388324,78.5390243902439,4070262,Europe & Central Asia,Dublin,-6.26749,53.3441,High income,Not classified
Ireland,IE,IRL,2005,,2026-07-13,63579.7134384122,78.9439024390244,4159914,Europe & Central Asia,Dublin,-6.26749,53.3441,High income,Not classified
Ireland,IE,IRL,2006,,2026-07-13,64975.4086496251,79.2414634146342,4273591,Europe & Central Asia,Dublin,-6.26749,53.3441,High income,Not classified
Ireland,IE,IRL,2021,,2026-07-13,116702.85817485,82.2536585365854,5110585,Europe & Central Asia,Dublin,-6.26749,53.3441,High income,Not classified
Ireland,IE,IRL,2008,,2026-07-13,62213.6453256462,80.0951219512195,4489544,Europe & Central Asia,Dublin,-6.26749,53.3441,High income,Not classified
Ireland,IE,IRL,2009,,2026-07-13,58446.726333492,80.190243902439,4535375,Europe & Central Asia,Dublin,-6.26749,53.3441,High income,Not classified
Ireland,IE,IRL,2010,,2026-07-13,59107.4220740498,80.7439024390244,4560155,Europe & Central Asia,Dublin,-6.26749,53.3441,High income,Not classified
Ireland,IE,IRL,2011,,2026-07-13,59797.0537343463,80.7463414634146,4580084,Europe & Central Asia,Dublin,-6.26749,53.3441,High income,Not classified
Ireland,IE,IRL,2012,,2026-07-13,59303.0319813561,80.8463414634146,4599533,Europe & Central Asia,Dublin,-6.26749,53.3441,High income,Not classified
Ireland,IE,IRL,2019,,2026-07-13,96205.7961557005,82.7024390243903,4976456,Europe & Central Asia,Dublin,-6.26749,53.3441,High income,Not classified
Ireland,IE,IRL,2023,,2026-07-13,117659.728593716,82.8073170731707,5311538,Europe & Central Asia,Dublin,-6.26749,53.3441,High income,Not classified
Ireland,IE,IRL,2014,,2026-07-13,65463.1952541564,81.3487804878049,4657740,Europe & Central Asia,Dublin,-6.26749,53.3441,High income,Not classified
Ireland,IE,IRL,2018,,2026-07-13,93115.8393498329,82.2048780487805,4898022,Europe & Central Asia,Dublin,-6.26749,53.3441,High income,Not classified
Ireland,IE,IRL,2022,,2026-07-13,123007.47648651,82.509756097561,5212836,Europe & Central Asia,Dublin,-6.26749,53.3441,High income,Not classified
Ireland,IE,IRL,2020,,2026-07-13,101793.447525871,82.4560975609756,5039747,Europe & Central Asia,Dublin,-6.26749,53.3441,High income,Not classified
Ireland,IE,IRL,2015,,2026-07-13,80815.6415277345,81.4536585365854,4701957,Europe & Central Asia,Dublin,-6.26749,53.3441,High income,Not classified
Isle of Man,IM,IMN,2019,,2026-07-13,,80.74,83957,Europe & Central Asia,Douglas,-4.47928,54.1509,High income,Not classified
Isle of Man,IM,IMN,2023,,2026-07-13,,80.999,84165,Europe & Central Asia,Douglas,-4.47928,54.1509,High income,Not classified
Isle of Man,IM,IMN,2020,,2026-07-13,,80.591,84064,Europe & Central Asia,Douglas,-4.47928,54.1509,High income,Not classified
Isle of Man,IM,IMN,2000,,2026-07-13,,74.842,75659,Europe & Central Asia,Douglas,-4.47928,54.1509,High income,Not classified
Isle of Man,IM,IMN,2001,,2026-07-13,,75.289,76476,Europe & Central Asia,Douglas,-4.47928,54.1509,High income,Not classified
Isle of Man,IM,IMN,2018,,2026-07-13,,80.614,83805,Europe & Central Asia,Douglas,-4.47928,54.1509,High income,Not classified
Isle of Man,IM,IMN,2003,,2026-07-13,,76.319,78049,Europe & Central Asia,Douglas,-4.47928,54.1509,High income,Not classified
Isle of Man,IM,IMN,2004,,2026-07-13,,76.876,78792,Europe & Central Asia,Douglas,-4.47928,54.1509,High income,Not classified
Isle of Man,IM,IMN,2005,,2026-07-13,,77.453,79516,Europe & Central Asia,Douglas,-4.47928,54.1509,High income,Not classified
Isle of Man,IM,IMN,2002,,2026-07-13,,75.785,77275,Europe & Central Asia,Douglas,-4.47928,54.1509,High income,Not classified
Isle of Man,IM,IMN,2006,,2026-07-13,,77.971,80294,Europe & Central Asia,Douglas,-4.47928,54.1509,High income,Not classified
Isle of Man,IM,IMN,2008,,2026-07-13,,78.899,82029,Europe & Central Asia,Douglas,-4.47928,54.1509,High income,Not classified
Isle of Man,IM,IMN,2021,,2026-07-13,,80.42,84106,Europe & Central Asia,Douglas,-4.47928,54.1509,High income,Not classified
Isle of Man,IM,IMN,2022,,2026-07-13,,80.956,84132,Europe & Central Asia,Douglas,-4.47928,54.1509,High income,Not classified
Isle of Man,IM,IMN,2011,,2026-07-13,,79.836,84382,Europe & Central Asia,Douglas,-4.47928,54.1509,High income,Not classified
Isle of Man,IM,IMN,2012,,2026-07-13,,80.007,84335,Europe & Central Asia,Douglas,-4.47928,54.1509,High income,Not classified
Isle of Man,IM,IMN,2013,,2026-07-13,,80.12,84141,Europe & Central Asia,Douglas,-4.47928,54.1509,High income,Not classified
Isle of Man,IM,IMN,2014,,2026-07-13,,80.199,83892,Europe & Central Asia,Douglas,-4.47928,54.1509,High income,Not classified
Isle of Man,IM,IMN,2015,,2026-07-13,,80.267,83593,Europe & Central Asia,Douglas,-4.47928,54.1509,High income,Not classified
Isle of Man,IM,IMN,2016,,2026-07-13,,80.391,83466,Europe & Central Asia,Douglas,-4.47928,54.1509,High income,Not classified
Isle of Man,IM,IMN,2017,,2026-07-13,,80.506,83609,Europe & Central Asia,Douglas,-4.47928,54.1509,High income,Not classified
Isle of Man,IM,IMN,2009,,2026-07-13,,79.303,82939,Europe & Central Asia,Douglas,-4.47928,54.1509,High income,Not classified
Isle of Man,IM,IMN,2010,,2026-07-13,,79.613,83873,Europe & Central Asia,Douglas,-4.47928,54.1509,High income,Not classified
Isle of Man,IM,IMN,2007,,2026-07-13,,78.451,81147,Europe & Central Asia,Douglas,-4.47928,54.1509,High income,Not classified
Israel,IL,ISR,2007,,2026-07-13,36288.0655118571,80.5048780487805,7180100,"Middle East, North Africa, Afghanistan & Pakistan",,35.2035,31.7717,High income,Not classified
Israel,IL,ISR,2014,,2026-07-13,40795.6290927281,82.1536585365854,8215700,"Middle East, North Africa, Afghanistan & Pakistan",,35.2035,31.7717,High income,Not classified
Israel,IL,ISR,2005,,2026-07-13,33491.9913996395,80.1512195121951,6930100,"Middle East, North Africa, Afghanistan & Pakistan",,35.2035,31.7717,High income,Not classified
Israel,IL,ISR,2021,,2026-07-13,46151.100820403,82.5,9371400,"Middle East, North Africa, Afghanistan & Pakistan",,35.2035,31.7717,High income,Not classified
Israel,IL,ISR,2000,,2026-07-13,33278.5412285682,78.9536585365854,6289000,"Middle East, North Africa, Afghanistan & Pakistan",,35.2035,31.7717,High income,Not classified
Israel,IL,ISR,2001,,2026-07-13,32591.2116817431,79.4073170731707,6439000,"Middle East, North Africa, Afghanistan & Pakistan",,35.2035,31.7717,High income,Not classified
Israel,IL,ISR,2002,,2026-07-13,31892.5395978816,79.4512195121951,6570000,"Middle East, North Africa, Afghanistan & Pakistan",,35.2035,31.7717,High income,Not classified
Israel,IL,ISR,2003,,2026-07-13,31771.2115906733,79.6487804878049,6689700,"Middle East, North Africa, Afghanistan & Pakistan",,35.2035,31.7717,High income,Not classified
Israel,IL,ISR,2004,,2026-07-13,32665.8537052438,80.1463414634146,6809000,"Middle East, North Africa, Afghanistan & Pakistan",,35.2035,31.7717,High income,Not classified
Israel,IL,ISR,2013,,2026-07-13,40095.4756773092,82.0560975609756,8059500,"Middle East, North Africa, Afghanistan & Pakistan",,35.2035,31.7717,High income,Not classified
Israel,IL,ISR,2019,,2026-07-13,44492.1226967084,82.8048780487805,9054000,"Middle East, North Africa, Afghanistan & Pakistan",,35.2035,31.7717,High income,Not classified
Israel,IL,ISR,2015,,2026-07-13,40889.5989080834,82.0512195121951,8380100,"Middle East, North Africa, Afghanistan & Pakistan",,35.2035,31.7717,High income,Not classified
Israel,IL,ISR,2006,,2026-07-13,34744.8675092298,80.5536585365854,7053700,"Middle East, North Africa, Afghanistan & Pakistan",,35.2035,31.7717,High income,Not classified
Israel,IL,ISR,2008,,2026-07-13,36795.4799112424,80.9512195121951,7308800,"Middle East, North Africa, Afghanistan & Pakistan",,35.2035,31.7717,High income,Not classified
Israel,IL,ISR,2009,,2026-07-13,36364.7843182661,81.4048780487805,7485600,"Middle East, North Africa, Afghanistan & Pakistan",,35.2035,31.7717,High income,Not classified
Israel,IL,ISR,2020,,2026-07-13,42926.5415418584,82.6487804878049,9215100,"Middle East, North Africa, Afghanistan & Pakistan",,35.2035,31.7717,High income,Not classified
Israel,IL,ISR,2018,,2026-07-13,43782.6526491689,82.8024390243903,8882800,"Middle East, North Africa, Afghanistan & Pakistan",,35.2035,31.7717,High income,Not classified
Israel,IL,ISR,2022,,2026-07-13,48132.3637205177,82.7,9557500,"Middle East, North Africa, Afghanistan & Pakistan",,35.2035,31.7717,High income,Not classified
Israel,IL,ISR,2010,,2026-07-13,37686.3420833543,81.6024390243903,7623600,"Middle East, North Africa, Afghanistan & Pakistan",,35.2035,31.7717,High income,Not classified
Israel,IL,ISR,2011,,2026-07-13,39036.0247356871,81.6560975609756,7765800,"Middle East, North Africa, Afghanistan & Pakistan",,35.2035,31.7717,High income,Not classified
Israel,IL,ISR,2012,,2026-07-13,39245.5078117687,81.7048780487805,7910500,"Middle East, North Africa, Afghanistan & Pakistan",,35.2035,31.7717,High income,Not classified
Israel,IL,ISR,2016,,2026-07-13,41914.5802977706,82.4073170731707,8546000,"Middle East, North Africa, Afghanistan & Pakistan",,35.2035,31.7717,High income,Not classified
Israel,IL,ISR,2017,,2026-07-13,42895.585129847,82.5512195121951,8713300,"Middle East, North Africa, Afghanistan & Pakistan",,35.2035,31.7717,High income,Not classified
Israel,IL,ISR,2023,,2026-07-13,47671.2476926086,83.1951219512195,9849000,"Middle East, North Africa, Afghanistan & Pakistan",,35.2035,31.7717,High income,Not classified
Italy,IT,ITA,2010,,2026-07-13,49301.6959141674,82.0365853658537,59819407,Europe & Central Asia,Rome,12.4823,41.8955,High income,Not classified
Italy,IT,ITA,2009,,2026-07-13,48774.3916833748,81.6365853658537,59555454,Europe & Central Asia,Rome,12.4823,41.8955,High income,Not classified
Italy,IT,ITA,2012,,2026-07-13,47795.9579360541,82.2390243902439,60191247,Europe & Central Asia,Rome,12.4823,41.8955,High income,Not classified
Italy,IT,ITA,2016,,2026-07-13,47987.8379581014,83.2439024390244,60115223,Europe & Central Asia,Rome,12.4823,41.8955,High income,Not classified
Italy,IT,ITA,2011,,2026-07-13,49473.0149235634,82.1878048780488,60026841,Europe & Central Asia,Rome,12.4823,41.8955,High income,Not classified
Italy,IT,ITA,2017,,2026-07-13,48849.2183534756,82.9463414634147,60002252,Europe & Central Asia,Rome,12.4823,41.8955,High income,Not classified
Italy,IT,ITA,2020,,2026-07-13,45505.0688708956,82.1951219512195,59438851,Europe & Central Asia,Rome,12.4823,41.8955,High income,Not classified
Italy,IT,ITA,2006,,2026-07-13,52304.2402949819,81.2829268292683,58399861,Europe & Central Asia,Rome,12.4823,41.8955,High income,Not classified
Italy,IT,ITA,2018,,2026-07-13,49355.8751913504,83.3463414634146,59877221,Europe & Central Asia,Rome,12.4823,41.8955,High income,Not classified
Italy,IT,ITA,2019,,2026-07-13,49690.6298505274,83.4975609756098,59729081,Europe & Central Asia,Rome,12.4823,41.8955,High income,Not classified
Italy,IT,ITA,2008,,2026-07-13,51806.3906176391,81.4853658536585,59211181,Europe & Central Asia,Rome,12.4823,41.8955,High income,Not classified
Italy,IT,ITA,2021,,2026-07-13,49825.3934111848,82.6463414634146,59133173,Europe & Central Asia,Rome,12.4823,41.8955,High income,Not classified
Italy,IT,ITA,2022,,2026-07-13,52333.3274270604,82.7,59013667,Europe & Central Asia,Rome,12.4823,41.8955,High income,Not classified
Italy,IT,ITA,2007,,2026-07-13,52747.1905476807,81.4341463414634,58756247,Europe & Central Asia,Rome,12.4823,41.8955,High income,Not classified
Italy,IT,ITA,2015,,2026-07-13,47311.8255262709,82.5439024390244,60229605,Europe & Central Asia,Rome,12.4823,41.8955,High income,Not classified
Italy,IT,ITA,2002,,2026-07-13,51369.1149098293,80.2292682926829,57089824,Europe & Central Asia,Rome,12.4823,41.8955,High income,Not classified
Italy,IT,ITA,2013,,2026-07-13,46833.3615309303,82.690243902439,60311613,Europe & Central Asia,Rome,12.4823,41.8955,High income,Not classified
Italy,IT,ITA,2014,,2026-07-13,46825.6511245062,83.090243902439,60320707,Europe & Central Asia,Rome,12.4823,41.8955,High income,Not classified
Italy,IT,ITA,2001,,2026-07-13,51332.2904432567,80.1268292682927,56976981,Europe & Central Asia,Rome,12.4823,41.8955,High income,Not classified
Italy,IT,ITA,2023,,2026-07-13,52842.6288831758,83.3512195121951,58984216,Europe & Central Asia,Rome,12.4823,41.8955,High income,Not classified
Italy,IT,ITA,2003,,2026-07-13,51126.2585544038,79.9829268292683,57399184,Europe & Central Asia,Rome,12.4823,41.8955,High income,Not classified
Italy,IT,ITA,2000,,2026-07-13,50353.4200415436,79.7780487804878,56942108,Europe & Central Asia,Rome,12.4823,41.8955,High income,Not classified
Italy,IT,ITA,2005,,2026-07-13,51585.6445807938,80.7829268292683,58166682,Europe & Central Asia,Rome,12.4823,41.8955,High income,Not classified
Italy,IT,ITA,2004,,2026-07-13,51495.0028841364,80.7804878048781,57828179,Europe & Central Asia,Rome,12.4823,41.8955,High income,Not classified
Jamaica,JM,JAM,2000,,2026-07-13,9667.92474492316,71.281,2607826,Latin America & Caribbean,Kingston,-76.792,17.9927,Upper middle income,IBRD
Jamaica,JM,JAM,2018,,2026-07-13,10636.0929784551,71.606,2820097,Latin America & Caribbean,Kingston,-76.792,17.9927,Upper middle income,IBRD
Jamaica,JM,JAM,2001,,2026-07-13,9736.06291757526,71.287,2624403,Latin America & Caribbean,Kingston,-76.792,17.9927,Upper middle income,IBRD
Jamaica,JM,JAM,2005,,2026-07-13,10278.6834382546,71.493,2687066,Latin America & Caribbean,Kingston,-76.792,17.9927,Upper middle income,IBRD
Jamaica,JM,JAM,2013,,2026-07-13,9839.96506606095,72.435,2783687,Latin America & Caribbean,Kingston,-76.792,17.9927,Upper middle income,IBRD
Jamaica,JM,JAM,2002,,2026-07-13,9869.71291927176,71.478,2640572,Latin America & Caribbean,Kingston,-76.792,17.9927,Upper middle income,IBRD
Jamaica,JM,JAM,2003,,2026-07-13,10169.7500243245,71.585,2656623,Latin America & Caribbean,Kingston,-76.792,17.9927,Upper middle income,IBRD
Jamaica,JM,JAM,2004,,2026-07-13,10244.2066702878,71.542,2672225,Latin America & Caribbean,Kingston,-76.792,17.9927,Upper middle income,IBRD
Jamaica,JM,JAM,2017,,2026-07-13,10391.0378224678,71.879,2815764,Latin America & Caribbean,Kingston,-76.792,17.9927,Upper middle income,IBRD
Jamaica,JM,JAM,2009,,2026-07-13,9992.97699539021,71.717,2736995,Latin America & Caribbean,Kingston,-76.792,17.9927,Upper middle income,IBRD
Jamaica,JM,JAM,2006,,2026-07-13,10522.2367459591,71.395,2700968,Latin America & Caribbean,Kingston,-76.792,17.9927,Upper middle income,IBRD
Jamaica,JM,JAM,2007,,2026-07-13,10622.4442829007,71.405,2713800,Latin America & Caribbean,Kingston,-76.792,17.9927,Upper middle income,IBRD
Jamaica,JM,JAM,2008,,2026-07-13,10490.4686134498,71.502,2725635,Latin America & Caribbean,Kingston,-76.792,17.9927,Upper middle income,IBRD
Jamaica,JM,JAM,2016,,2026-07-13,10179.2536486158,72.052,2809915,Latin America & Caribbean,Kingston,-76.792,17.9927,Upper middle income,IBRD
Jamaica,JM,JAM,2010,,2026-07-13,9805.90172806302,71.979,2748568,Latin America & Caribbean,Kingston,-76.792,17.9927,Upper middle income,IBRD
Jamaica,JM,JAM,2011,,2026-07-13,9932.48380946963,72.245,2760494,Latin America & Caribbean,Kingston,-76.792,17.9927,Upper middle income,IBRD
Jamaica,JM,JAM,2012,,2026-07-13,9829.03510015044,72.405,2772430,Latin America & Caribbean,Kingston,-76.792,17.9927,Upper middle income,IBRD
Jamaica,JM,JAM,2021,,2026-07-13,10430.6909771759,69.085,2837682,Latin America & Caribbean,Kingston,-76.792,17.9927,Upper middle income,IBRD
Jamaica,JM,JAM,2022,,2026-07-13,11096.6377085321,71.481,2839144,Latin America & Caribbean,Kingston,-76.792,17.9927,Upper middle income,IBRD
Jamaica,JM,JAM,2014,,2026-07-13,9872.15913752129,72.357,2793749,Latin America & Caribbean,Kingston,-76.792,17.9927,Upper middle income,IBRD
Jamaica,JM,JAM,2015,,2026-07-13,9931.89875715182,72.214,2802534,Latin America & Caribbean,Kingston,-76.792,17.9927,Upper middle income,IBRD
Jamaica,JM,JAM,2019,,2026-07-13,10816.3720391154,71.532,2823271,Latin America & Caribbean,Kingston,-76.792,17.9927,Upper middle income,IBRD
Jamaica,JM,JAM,2020,,2026-07-13,9891.96932961548,71.452,2830739,Latin America & Caribbean,Kingston,-76.792,17.9927,Upper middle income,IBRD
Jamaica,JM,JAM,2023,,2026-07-13,11398.8120394641,71.479,2839786,Latin America & Caribbean,Kingston,-76.792,17.9927,Upper middle income,IBRD
Japan,JP,JPN,2009,,2026-07-13,39999.9464203408,82.9314634146342,128047000,East Asia & Pacific,Tokyo,139.77,35.67,High income,Not classified
Japan,JP,JPN,2018,,2026-07-13,46133.0225978718,84.2109756097561,126811000,East Asia & Pacific,Tokyo,139.77,35.67,High income,Not classified
Japan,JP,JPN,2004,,2026-07-13,40986.7225710497,82.030243902439,127761000,East Asia & Pacific,Tokyo,139.77,35.67,High income,Not classified
Japan,JP,JPN,2008,,2026-07-13,42518.8423408417,82.5875609756098,128063000,East Asia & Pacific,Tokyo,139.77,35.67,High income,Not classified
Japan,JP,JPN,2014,,2026-07-13,43754.438013293,83.5878048780488,127276000,East Asia & Pacific,Tokyo,139.77,35.67,High income,Not classified
Japan,JP,JPN,2002,,2026-07-13,39690.3676794625,81.6907317073171,127445000,East Asia & Pacific,Tokyo,139.77,35.67,High income,Not classified
Japan,JP,JPN,2003,,2026-07-13,40152.1282635641,81.76,127718000,East Asia & Pacific,Tokyo,139.77,35.67,High income,Not classified
Japan,JP,JPN,2016,,2026-07-13,44926.6202909525,83.9848780487805,127076000,East Asia & Pacific,Tokyo,139.77,35.67,High income,Not classified
Japan,JP,JPN,2005,,2026-07-13,41740.352036905,81.9551219512195,127773000,East Asia & Pacific,Tokyo,139.77,35.67,High income,Not classified
Japan,JP,JPN,2006,,2026-07-13,42358.9337348253,82.3219512195122,127854000,East Asia & Pacific,Tokyo,139.77,35.67,High income,Not classified
Japan,JP,JPN,2007,,2026-07-13,43041.5697058021,82.5070731707317,128001000,East Asia & Pacific,Tokyo,139.77,35.67,High income,Not classified
Japan,JP,JPN,2022,,2026-07-13,46819.360613609,83.9963414634146,125124989,East Asia & Pacific,Tokyo,139.77,35.67,High income,Not classified
Japan,JP,JPN,2013,,2026-07-13,43304.1181931426,83.3319512195122,127445000,East Asia & Pacific,Tokyo,139.77,35.67,High income,Not classified
Japan,JP,JPN,2010,,2026-07-13,41647.0458542008,82.8426829268293,128070000,East Asia & Pacific,Tokyo,139.77,35.67,High income,Not classified
Japan,JP,JPN,2011,,2026-07-13,41640.6608721251,82.5912195121951,127833000,East Asia & Pacific,Tokyo,139.77,35.67,High income,Not classified
Japan,JP,JPN,2012,,2026-07-13,42394.9433175064,83.0960975609756,127629000,East Asia & Pacific,Tokyo,139.77,35.67,High income,Not classified
Japan,JP,JPN,2000,,2026-07-13,39731.7953686304,81.0760975609756,126843000,East Asia & Pacific,Tokyo,139.77,35.67,High income,Not classified
Japan,JP,JPN,2001,,2026-07-13,39748.9837725849,81.4163414634146,127149000,East Asia & Pacific,Tokyo,139.77,35.67,High income,Not classified
Japan,JP,JPN,2015,,2026-07-13,44589.3032854003,83.7939024390244,127141000,East Asia & Pacific,Tokyo,139.77,35.67,High income,Not classified
Japan,JP,JPN,2019,,2026-07-13,46055.3498672487,84.3563414634146,126633000,East Asia & Pacific,Tokyo,139.77,35.67,High income,Not classified
Japan,JP,JPN,2020,,2026-07-13,44212.5503415724,84.56,126261000,East Asia & Pacific,Tokyo,139.77,35.67,High income,Not classified
Japan,JP,JPN,2021,,2026-07-13,45999.4617966896,84.4456097560976,125681593,East Asia & Pacific,Tokyo,139.77,35.67,High income,Not classified
Japan,JP,JPN,2023,,2026-07-13,47387.2172542523,84.0412195121951,124516650,East Asia & Pacific,Tokyo,139.77,35.67,High income,Not classified
Japan,JP,JPN,2017,,2026-07-13,45693.3776080987,84.099756097561,126972000,East Asia & Pacific,Tokyo,139.77,35.67,High income,Not classified
Jordan,JO,JOR,2011,,2026-07-13,11988.4963110815,73.929,7480424,"Middle East, North Africa, Afghanistan & Pakistan",Amman,35.9263,31.9497,Upper middle income,IBRD
Jordan,JO,JOR,2021,,2026-07-13,10056.5611261239,74.204,11066356,"Middle East, North Africa, Afghanistan & Pakistan",Amman,35.9263,31.9497,Upper middle income,IBRD
Jordan,JO,JOR,2023,,2026-07-13,10308.7821986337,77.814,11439213,"Middle East, North Africa, Afghanistan & Pakistan",Amman,35.9263,31.9497,Upper middle income,IBRD
Jordan,JO,JOR,2002,,2026-07-13,9380.11324124271,72.359,5616066,"Middle East, North Africa, Afghanistan & Pakistan",Amman,35.9263,31.9497,Upper middle income,IBRD
Jordan,JO,JOR,2000,,2026-07-13,8781.60904744228,71.926,5386945,"Middle East, North Africa, Afghanistan & Pakistan",Amman,35.9263,31.9497,Upper middle income,IBRD
Jordan,JO,JOR,2001,,2026-07-13,9056.19447281902,72.141,5498894,"Middle East, North Africa, Afghanistan & Pakistan",Amman,35.9263,31.9497,Upper middle income,IBRD
Jordan,JO,JOR,2020,,2026-07-13,9872.3094512325,75.583,10865228,"Middle East, North Africa, Afghanistan & Pakistan",Amman,35.9263,31.9497,Upper middle income,IBRD
Jordan,JO,JOR,2004,,2026-07-13,10127.8527547101,72.788,5882061,"Middle East, North Africa, Afghanistan & Pakistan",Amman,35.9263,31.9497,Upper middle income,IBRD
Jordan,JO,JOR,2019,,2026-07-13,10168.3588523537,76.865,10671891,"Middle East, North Africa, Afghanistan & Pakistan",Amman,35.9263,31.9497,Upper middle income,IBRD
Jordan,JO,JOR,2010,,2026-07-13,11942.572010796,73.797,7297043,"Middle East, North Africa, Afghanistan & Pakistan",Amman,35.9263,31.9497,Upper middle income,IBRD
Jordan,JO,JOR,2003,,2026-07-13,9556.48163712053,72.585,5741828,"Middle East, North Africa, Afghanistan & Pakistan",Amman,35.9263,31.9497,Upper middle income,IBRD
Jordan,JO,JOR,2007,,2026-07-13,11034.2922176813,73.407,6827227,"Middle East, North Africa, Afghanistan & Pakistan",Amman,35.9263,31.9497,Upper middle income,IBRD
Jordan,JO,JOR,2022,,2026-07-13,10158.4738771524,77.088,11256263,"Middle East, North Africa, Afghanistan & Pakistan",Amman,35.9263,31.9497,Upper middle income,IBRD
Jordan,JO,JOR,2014,,2026-07-13,11086.6905487513,74.606,8791710,"Middle East, North Africa, Afghanistan & Pakistan",Amman,35.9263,31.9497,Upper middle income,IBRD
Jordan,JO,JOR,2015,,2026-07-13,10469.6306302225,75.06,9544729,"Middle East, North Africa, Afghanistan & Pakistan",Amman,35.9263,31.9497,Upper middle income,IBRD
Jordan,JO,JOR,2012,,2026-07-13,12104.1217423938,74.087,7587127,"Middle East, North Africa, Afghanistan & Pakistan",Amman,35.9263,31.9497,Upper middle income,IBRD
Jordan,JO,JOR,2013,,2026-07-13,11804.1225335126,74.282,7991809,"Middle East, North Africa, Afghanistan & Pakistan",Amman,35.9263,31.9497,Upper middle income,IBRD
Jordan,JO,JOR,2005,,2026-07-13,10684.9424228538,72.977,6029587,"Middle East, North Africa, Afghanistan & Pakistan",Amman,35.9263,31.9497,Upper middle income,IBRD
Jordan,JO,JOR,2006,,2026-07-13,10834.8737267915,73.225,6427371,"Middle East, North Africa, Afghanistan & Pakistan",Amman,35.9263,31.9497,Upper middle income,IBRD
Jordan,JO,JOR,2016,,2026-07-13,10197.5044990617,75.55,10006367,"Middle East, North Africa, Afghanistan & Pakistan",Amman,35.9263,31.9497,Upper middle income,IBRD
Jordan,JO,JOR,2017,,2026-07-13,10220.492781193,76.071,10234226,"Middle East, North Africa, Afghanistan & Pakistan",Amman,35.9263,31.9497,Upper middle income,IBRD
Jordan,JO,JOR,2008,,2026-07-13,11555.728825835,73.563,6989866,"Middle East, North Africa, Afghanistan & Pakistan",Amman,35.9263,31.9497,Upper middle income,IBRD
Jordan,JO,JOR,2009,,2026-07-13,11888.6617212582,73.707,7141753,"Middle East, North Africa, Afghanistan & Pakistan",Amman,35.9263,31.9497,Upper middle income,IBRD
Jordan,JO,JOR,2018,,2026-07-13,10183.0248366235,76.491,10462306,"Middle East, North Africa, Afghanistan & Pakistan",Amman,35.9263,31.9497,Upper middle income,IBRD
Kazakhstan,KZ,KAZ,2018,,2026-07-13,32330.2274546567,73.369,18932727,Europe & Central Asia,Astana,71.4382,51.1879,Upper middle income,IBRD
Kazakhstan,KZ,KAZ,2008,,2026-07-13,24895.6645683245,66.759,16426525,Europe & Central Asia,Astana,71.4382,51.1879,Upper middle income,IBRD
Kazakhstan,KZ,KAZ,2001,,2026-07-13,14612.0290050498,64.108,15575550,Europe & Central Asia,Astana,71.4382,51.1879,Upper middle income,IBRD
Kazakhstan,KZ,KAZ,2011,,2026-07-13,27946.1603432944,69.108,17066002,Europe & Central Asia,Astana,71.4382,51.1879,Upper middle income,IBRD
Kazakhstan,KZ,KAZ,2022,,2026-07-13,33506.2614893237,73.503,20034609,Europe & Central Asia,Astana,71.4382,51.1879,Upper middle income,IBRD
Kazakhstan,KZ,KAZ,2002,,2026-07-13,15960.8738450013,64.441,15656677,Europe & Central Asia,Astana,71.4382,51.1879,Upper middle income,IBRD
Kazakhstan,KZ,KAZ,2000,,2026-07-13,12935.864368308,63.793,15501103,Europe & Central Asia,Astana,71.4382,51.1879,Upper middle income,IBRD
Kazakhstan,KZ,KAZ,2004,,2026-07-13,18886.5811908122,65.04,15850159,Europe & Central Asia,Astana,71.4382,51.1879,Upper middle income,IBRD
Kazakhstan,KZ,KAZ,2005,,2026-07-13,20565.5294470866,65.356,15968117,Europe & Central Asia,Astana,71.4382,51.1879,Upper middle income,IBRD
Kazakhstan,KZ,KAZ,2006,,2026-07-13,22574.3429577665,65.722,16103716,Europe & Central Asia,Astana,71.4382,51.1879,Upper middle income,IBRD
Kazakhstan,KZ,KAZ,2003,,2026-07-13,17344.752672995,64.753,15747380,Europe & Central Asia,Astana,71.4382,51.1879,Upper middle income,IBRD
Kazakhstan,KZ,KAZ,2017,,2026-07-13,31524.4416339794,72.996,18651931,Europe & Central Asia,Astana,71.4382,51.1879,Upper middle income,IBRD
Kazakhstan,KZ,KAZ,2021,,2026-07-13,32945.8515725823,70.131,19743603,Europe & Central Asia,Astana,71.4382,51.1879,Upper middle income,IBRD
Kazakhstan,KZ,KAZ,2007,,2026-07-13,24351.3464102542,66.18,16257214,Europe & Central Asia,Astana,71.4382,51.1879,Upper middle income,IBRD
Kazakhstan,KZ,KAZ,2009,,2026-07-13,24901.3527260084,67.46,16619846,Europe & Central Asia,Astana,71.4382,51.1879,Upper middle income,IBRD
Kazakhstan,KZ,KAZ,2010,,2026-07-13,26374.8407672795,68.257,16836810,Europe & Central Asia,Astana,71.4382,51.1879,Upper middle income,IBRD
Kazakhstan,KZ,KAZ,2013,,2026-07-13,30177.4887221736,70.719,17556502,Europe & Central Asia,Astana,71.4382,51.1879,Upper middle income,IBRD
Kazakhstan,KZ,KAZ,2020,,2026-07-13,32011.5491499004,71.195,19482117,Europe & Central Asia,Astana,71.4382,51.1879,Upper middle income,IBRD
Kazakhstan,KZ,KAZ,2023,,2026-07-13,34703.2349286604,74.402,20330104,Europe & Central Asia,Astana,71.4382,51.1879,Upper middle income,IBRD
Kazakhstan,KZ,KAZ,2012,,2026-07-13,28881.2417563728,69.939,17306106,Europe & Central Asia,Astana,71.4382,51.1879,Upper middle income,IBRD
Kazakhstan,KZ,KAZ,2014,,2026-07-13,30986.4379168995,71.415,17816285,Europe & Central Asia,Astana,71.4382,51.1879,Upper middle income,IBRD
Kazakhstan,KZ,KAZ,2015,,2026-07-13,30893.7594851041,72.024,18084169,Europe & Central Asia,Astana,71.4382,51.1879,Upper middle income,IBRD
Kazakhstan,KZ,KAZ,2016,,2026-07-13,30758.3227260598,72.549,18363600,Europe & Central Asia,Astana,71.4382,51.1879,Upper middle income,IBRD
Kazakhstan,KZ,KAZ,2019,,2026-07-13,33298.2123695035,73.658,19209555,Europe & Central Asia,Astana,71.4382,51.1879,Upper middle income,IBRD
Kenya,KE,KEN,2011,,2026-07-13,4307.10611556858,61.283,42758461,Sub-Saharan Africa,Nairobi,36.8126,-1.27975,Lower middle income,Blend
Kenya,KE,KEN,2008,,2026-07-13,4002.88364073792,59.955,39206351,Sub-Saharan Africa,Nairobi,36.8126,-1.27975,Lower middle income,Blend
Kenya,KE,KEN,2012,,2026-07-13,4387.93790075409,61.537,43888303,Sub-Saharan Africa,Nairobi,36.8126,-1.27975,Lower middle income,Blend
Kenya,KE,KEN,2016,,2026-07-13,4770.31046388086,62.526,48139687,Sub-Saharan Africa,Nairobi,36.8126,-1.27975,Lower middle income,Blend
Kenya,KE,KEN,2013,,2026-07-13,4443.371215682,61.729,44986791,Sub-Saharan Africa,Nairobi,36.8126,-1.27975,Lower middle income,Blend
Kenya,KE,KEN,2009,,2026-07-13,4012.19428382397,60.483,40408891,Sub-Saharan Africa,Nairobi,36.8126,-1.27975,Lower middle income,Blend
Kenya,KE,KEN,2018,,2026-07-13,5017.66784674664,62.825,50207107,Sub-Saharan Africa,Nairobi,36.8126,-1.27975,Lower middle income,Blend
Kenya,KE,KEN,2021,,2026-07-13,5338.85243382781,61.225,53219166,Sub-Saharan Africa,Nairobi,36.8126,-1.27975,Lower middle income,Blend
Kenya,KE,KEN,2017,,2026-07-13,4846.86210851932,62.725,49197766,Sub-Saharan Africa,Nairobi,36.8126,-1.27975,Lower middle income,Blend
Kenya,KE,KEN,2019,,2026-07-13,5171.71264279257,62.939,51202827,Sub-Saharan Africa,Nairobi,36.8126,-1.27975,Lower middle income,Blend
Kenya,KE,KEN,2020,,2026-07-13,5057.40115537429,61.596,52217334,Sub-Saharan Africa,Nairobi,36.8126,-1.27975,Lower middle income,Blend
Kenya,KE,KEN,2010,,2026-07-13,4211.52462957784,60.915,41598567,Sub-Saharan Africa,Nairobi,36.8126,-1.27975,Lower middle income,Blend
Kenya,KE,KEN,2022,,2026-07-13,5491.69378280246,63.549,54252461,Sub-Saharan Africa,Nairobi,36.8126,-1.27975,Lower middle income,Blend
Kenya,KE,KEN,2023,,2026-07-13,5691.82513474417,63.646,55339003,Sub-Saharan Africa,Nairobi,36.8126,-1.27975,Lower middle income,Blend
Kenya,KE,KEN,2006,,2026-07-13,3970.73349887685,59.059,36904008,Sub-Saharan Africa,Nairobi,36.8126,-1.27975,Lower middle income,Blend
Kenya,KE,KEN,2015,,2026-07-13,4679.62182831938,62.279,47088526,Sub-Saharan Africa,Nairobi,36.8126,-1.27975,Lower middle income,Blend
Kenya,KE,KEN,2003,,2026-07-13,3674.08592758409,57.369,33652223,Sub-Saharan Africa,Nairobi,36.8126,-1.27975,Lower middle income,Blend
Kenya,KE,KEN,2000,,2026-07-13,3756.63622296879,56.084,30642890,Sub-Saharan Africa,Nairobi,36.8126,-1.27975,Lower middle income,Blend
Kenya,KE,KEN,2014,,2026-07-13,4558.55155266374,61.99,46051440,Sub-Saharan Africa,Nairobi,36.8126,-1.27975,Lower middle income,Blend
Kenya,KE,KEN,2002,,2026-07-13,3681.2569427491,56.759,32629808,Sub-Saharan Africa,Nairobi,36.8126,-1.27975,Lower middle income,Blend
Kenya,KE,KEN,2007,,2026-07-13,4116.45094720856,59.407,38036349,Sub-Saharan Africa,Nairobi,36.8126,-1.27975,Lower middle income,Blend
Kenya,KE,KEN,2004,,2026-07-13,3743.56785736929,57.947,34713455,Sub-Saharan Africa,Nairobi,36.8126,-1.27975,Lower middle income,Blend
Kenya,KE,KEN,2001,,2026-07-13,3778.25854755615,56.501,31619170,Sub-Saharan Africa,Nairobi,36.8126,-1.27975,Lower middle income,Blend
Kenya,KE,KEN,2005,,2026-07-13,3844.73557120578,58.51,35796484,Sub-Saharan Africa,Nairobi,36.8126,-1.27975,Lower middle income,Blend
Kiribati,KI,KIR,2002,,2026-07-13,2341.99557733328,65.123,92264,East Asia & Pacific,Tarawa,172.979,1.32905,Lower middle income,IDA
Kiribati,KI,KIR,2001,,2026-07-13,2357.88396425016,64.918,90335,East Asia & Pacific,Tarawa,172.979,1.32905,Lower middle income,IDA
Kiribati,KI,KIR,2003,,2026-07-13,2258.32313744125,65.287,94175,East Asia & Pacific,Tarawa,172.979,1.32905,Lower middle income,IDA
Kiribati,KI,KIR,2000,,2026-07-13,2481.73318329794,64.674,88613,East Asia & Pacific,Tarawa,172.979,1.32905,Lower middle income,IDA
Kiribati,KI,KIR,2006,,2026-07-13,2264.4516846113,65.601,100017,East Asia & Pacific,Tarawa,172.979,1.32905,Lower middle income,IDA
Kiribati,KI,KIR,2014,,2026-07-13,2381.65349253168,65.869,115326,East Asia & Pacific,Tarawa,172.979,1.32905,Lower middle income,IDA
Kiribati,KI,KIR,2015,,2026-07-13,2616.17635911711,65.831,116815,East Asia & Pacific,Tarawa,172.979,1.32905,Lower middle income,IDA
Kiribati,KI,KIR,2004,,2026-07-13,2199.95258272342,65.416,96085,East Asia & Pacific,Tarawa,172.979,1.32905,Lower middle income,IDA
Kiribati,KI,KIR,2005,,2026-07-13,2184.06094408808,65.517,98035,East Asia & Pacific,Tarawa,172.979,1.32905,Lower middle income,IDA
Kiribati,KI,KIR,2018,,2026-07-13,2875.41766341166,65.807,122084,East Asia & Pacific,Tarawa,172.979,1.32905,Lower middle income,IDA
Kiribati,KI,KIR,2019,,2026-07-13,2926.59366475855,65.866,123921,East Asia & Pacific,Tarawa,172.979,1.32905,Lower middle income,IDA
Kiribati,KI,KIR,2007,,2026-07-13,2286.73943693111,65.677,102068,East Asia & Pacific,Tarawa,172.979,1.32905,Lower middle income,IDA
Kiribati,KI,KIR,2008,,2026-07-13,2172.63601744656,65.746,104222,East Asia & Pacific,Tarawa,172.979,1.32905,Lower middle income,IDA
Kiribati,KI,KIR,2009,,2026-07-13,2138.23987425041,65.808,106467,East Asia & Pacific,Tarawa,172.979,1.32905,Lower middle income,IDA
Kiribati,KI,KIR,2010,,2026-07-13,2119.91176706204,65.859,108704,East Asia & Pacific,Tarawa,172.979,1.32905,Lower middle income,IDA
Kiribati,KI,KIR,2011,,2026-07-13,2150.65854434166,65.896,110647,East Asia & Pacific,Tarawa,172.979,1.32905,Lower middle income,IDA
Kiribati,KI,KIR,2012,,2026-07-13,2242.30105765006,65.908,112284,East Asia & Pacific,Tarawa,172.979,1.32905,Lower middle income,IDA
Kiribati,KI,KIR,2013,,2026-07-13,2382.67559474112,65.898,113838,East Asia & Pacific,Tarawa,172.979,1.32905,Lower middle income,IDA
Kiribati,KI,KIR,2017,,2026-07-13,2822.02092296284,65.787,120275,East Asia & Pacific,Tarawa,172.979,1.32905,Lower middle income,IDA
Kiribati,KI,KIR,2023,,2026-07-13,3175.02475728903,66.473,132530,East Asia & Pacific,Tarawa,172.979,1.32905,Lower middle income,IDA
Kiribati,KI,KIR,2020,,2026-07-13,2839.17274622563,65.205,126099,East Asia & Pacific,Tarawa,172.979,1.32905,Lower middle income,IDA
Kiribati,KI,KIR,2016,,2026-07-13,2762.28741039854,65.799,118478,East Asia & Pacific,Tarawa,172.979,1.32905,Lower middle income,IDA
Kiribati,KI,KIR,2022,,2026-07-13,3127.17745381556,66.269,130469,East Asia & Pacific,Tarawa,172.979,1.32905,Lower middle income,IDA
Kiribati,KI,KIR,2021,,2026-07-13,3024.21029665634,64.148,128377,East Asia & Pacific,Tarawa,172.979,1.32905,Lower middle income,IDA
"Korea, Dem. People's Rep.",KP,PRK,2019,,2026-07-13,,72.928,26037632,East Asia & Pacific,Pyongyang,125.754,39.0319,Low income,Not classified
"Korea, Dem. People's Rep.",KP,PRK,2006,,2026-07-13,,69.061,24524507,East Asia & Pacific,Pyongyang,125.754,39.0319,Low income,Not classified
"Korea, Dem. People's Rep.",KP,PRK,2005,,2026-07-13,,69.168,24396433,East Asia & Pacific,Pyongyang,125.754,39.0319,Low income,Not classified
"Korea, Dem. People's Rep.",KP,PRK,2009,,2026-07-13,,69.702,24878332,East Asia & Pacific,Pyongyang,125.754,39.0319,Low income,Not classified
"Korea, Dem. People's Rep.",KP,PRK,2014,,2026-07-13,,72.451,25451262,East Asia & Pacific,Pyongyang,125.754,39.0319,Low income,Not classified
"Korea, Dem. People's Rep.",KP,PRK,2015,,2026-07-13,,72.825,25575350,East Asia & Pacific,Pyongyang,125.754,39.0319,Low income,Not classified
"Korea, Dem. People's Rep.",KP,PRK,2016,,2026-07-13,,72.971,25698326,East Asia & Pacific,Pyongyang,125.754,39.0319,Low income,Not classified
"Korea, Dem. People's Rep.",KP,PRK,2004,,2026-07-13,,69.294,24254943,East Asia & Pacific,Pyongyang,125.754,39.0319,Low income,Not classified
"Korea, Dem. People's Rep.",KP,PRK,2017,,2026-07-13,,73.034,25817709,East Asia & Pacific,Pyongyang,125.754,39.0319,Low income,Not classified
"Korea, Dem. People's Rep.",KP,PRK,2020,,2026-07-13,,72.783,26136312,East Asia & Pacific,Pyongyang,125.754,39.0319,Low income,Not classified
"Korea, Dem. People's Rep.",KP,PRK,2007,,2026-07-13,,69.021,24646383,East Asia & Pacific,Pyongyang,125.754,39.0319,Low income,Not classified
"Korea, Dem. People's Rep.",KP,PRK,2008,,2026-07-13,,69.303,24764618,East Asia & Pacific,Pyongyang,125.754,39.0319,Low income,Not classified
"Korea, Dem. People's Rep.",KP,PRK,2023,,2026-07-13,,73.642,26418204,East Asia & Pacific,Pyongyang,125.754,39.0319,Low income,Not classified
"Korea, Dem. People's Rep.",KP,PRK,2010,,2026-07-13,,70.246,24987258,East Asia & Pacific,Pyongyang,125.754,39.0319,Low income,Not classified
"Korea, Dem. People's Rep.",KP,PRK,2011,,2026-07-13,,70.772,25097874,East Asia & Pacific,Pyongyang,125.754,39.0319,Low income,Not classified
"Korea, Dem. People's Rep.",KP,PRK,2012,,2026-07-13,,71.317,25211728,East Asia & Pacific,Pyongyang,125.754,39.0319,Low income,Not classified
"Korea, Dem. People's Rep.",KP,PRK,2013,,2026-07-13,,71.867,25329451,East Asia & Pacific,Pyongyang,125.754,39.0319,Low income,Not classified
"Korea, Dem. People's Rep.",KP,PRK,2000,,2026-07-13,,60.911,23665910,East Asia & Pacific,Pyongyang,125.754,39.0319,Low income,Not classified
"Korea, Dem. People's Rep.",KP,PRK,2001,,2026-07-13,,60.893,23815358,East Asia & Pacific,Pyongyang,125.754,39.0319,Low income,Not classified
"Korea, Dem. People's Rep.",KP,PRK,2002,,2026-07-13,,60.877,23943973,East Asia & Pacific,Pyongyang,125.754,39.0319,Low income,Not classified
"Korea, Dem. People's Rep.",KP,PRK,2003,,2026-07-13,,69.399,24090380,East Asia & Pacific,Pyongyang,125.754,39.0319,Low income,Not classified
"Korea, Dem. People's Rep.",KP,PRK,2018,,2026-07-13,,73.02,25931147,East Asia & Pacific,Pyongyang,125.754,39.0319,Low income,Not classified
"Korea, Dem. People's Rep.",KP,PRK,2021,,2026-07-13,,73.437,26232534,East Asia & Pacific,Pyongyang,125.754,39.0319,Low income,Not classified
"Korea, Dem. People's Rep.",KP,PRK,2022,,2026-07-13,,73.641,26328845,East Asia & Pacific,Pyongyang,125.754,39.0319,Low income,Not classified
"Korea, Rep.",KR,KOR,2022,,2026-07-13,53228.6035655365,82.6804878048781,51672569,East Asia & Pacific,Seoul,126.957,37.5323,High income,Not classified
"Korea, Rep.",KR,KOR,2011,,2026-07-13,40719.2273771671,80.5682926829269,49936638,East Asia & Pacific,Seoul,126.957,37.5323,High income,Not classified
"Korea, Rep.",KR,KOR,2012,,2026-07-13,41537.6728611117,80.819512195122,50199853,East Asia & Pacific,Seoul,126.957,37.5323,High income,Not classified
"Korea, Rep.",KR,KOR,2000,,2026-07-13,26404.1588575745,75.909756097561,47008111,East Asia & Pacific,Seoul,126.957,37.5323,High income,Not classified
"Korea, Rep.",KR,KOR,2001,,2026-07-13,27440.6564915847,76.4121951219512,47370164,East Asia & Pacific,Seoul,126.957,37.5323,High income,Not classified
"Korea, Rep.",KR,KOR,2002,,2026-07-13,29395.2766036796,76.7658536585366,47644736,East Asia & Pacific,Seoul,126.957,37.5323,High income,Not classified
"Korea, Rep.",KR,KOR,2003,,2026-07-13,30142.4605585814,77.2146341463415,47892330,East Asia & Pacific,Seoul,126.957,37.5323,High income,Not classified
"Korea, Rep.",KR,KOR,2004,,2026-07-13,31579.5283048867,77.6658536585366,48082519,East Asia & Pacific,Seoul,126.957,37.5323,High income,Not classified
"Korea, Rep.",KR,KOR,2005,,2026-07-13,32886.0472450743,78.1682926829268,48184561,East Asia & Pacific,Seoul,126.957,37.5323,High income,Not classified
"Korea, Rep.",KR,KOR,2006,,2026-07-13,34429.6222013137,78.6682926829268,48438292,East Asia & Pacific,Seoul,126.957,37.5323,High income,Not classified
"Korea, Rep.",KR,KOR,2021,,2026-07-13,51718.2518656631,83.5268292682927,51769539,East Asia & Pacific,Seoul,126.957,37.5323,High income,Not classified
"Korea, Rep.",KR,KOR,2008,,2026-07-13,37064.1518484106,79.5170731707317,49054708,East Asia & Pacific,Seoul,126.957,37.5323,High income,Not classified
"Korea, Rep.",KR,KOR,2013,,2026-07-13,42709.9751857887,81.2707317073171,50428893,East Asia & Pacific,Seoul,126.957,37.5323,High income,Not classified
"Korea, Rep.",KR,KOR,2023,,2026-07-13,54029.3434990785,83.4292682926829,51712619,East Asia & Pacific,Seoul,126.957,37.5323,High income,Not classified
"Korea, Rep.",KR,KOR,2010,,2026-07-13,39574.0500732947,80.1170731707317,49554112,East Asia & Pacific,Seoul,126.957,37.5323,High income,Not classified
"Korea, Rep.",KR,KOR,2016,,2026-07-13,46088.2430785383,82.2756097560976,51217803,East Asia & Pacific,Seoul,126.957,37.5323,High income,Not classified
"Korea, Rep.",KR,KOR,2017,,2026-07-13,47536.7898568851,82.6268292682927,51361911,East Asia & Pacific,Seoul,126.957,37.5323,High income,Not classified
"Korea, Rep.",KR,KOR,2014,,2026-07-13,43806.9250985661,81.7219512195122,50746659,East Asia & Pacific,Seoul,126.957,37.5323,High income,Not classified
"Korea, Rep.",KR,KOR,2015,,2026-07-13,44849.106767089,82.0243902439024,51014947,East Asia & Pacific,Seoul,126.957,37.5323,High income,Not classified
"Korea, Rep.",KR,KOR,2007,,2026-07-13,36257.3401689702,79.119512195122,48683638,East Asia & Pacific,Seoul,126.957,37.5323,High income,Not classified
"Korea, Rep.",KR,KOR,2020,,2026-07-13,49374.0926148025,83.4268292682927,51836239,East Asia & Pacific,Seoul,126.957,37.5323,High income,Not classified
"Korea, Rep.",KR,KOR,2018,,2026-07-13,48834.4471157733,82.6268292682927,51585058,East Asia & Pacific,Seoul,126.957,37.5323,High income,Not classified
"Korea, Rep.",KR,KOR,2019,,2026-07-13,49790.8679884821,83.2268292682927,51764822,East Asia & Pacific,Seoul,126.957,37.5323,High income,Not classified
"Korea, Rep.",KR,KOR,2009,,2026-07-13,37176.1939270969,79.9682926829268,49307835,East Asia & Pacific,Seoul,126.957,37.5323,High income,Not classified
Kosovo,XK,XKX,2001,,2026-07-13,,71.782,1820009,Europe & Central Asia,Pristina,20.926,42.565,Upper middle income,IDA
Kosovo,XK,XKX,2010,,2026-07-13,7877.10199850556,74.609,1788743,Europe & Central Asia,Pristina,20.926,42.565,Upper middle income,IDA
Kosovo,XK,XKX,2009,,2026-07-13,7481.45889832785,74.79,1794681,Europe & Central Asia,Pristina,20.926,42.565,Upper middle income,IDA
Kosovo,XK,XKX,2000,,2026-07-13,,71.321,1802493,Europe & Central Asia,Pristina,20.926,42.565,Upper middle income,IDA
Kosovo,XK,XKX,2020,,2026-07-13,11137.5028560404,74.212,1790151,Europe & Central Asia,Pristina,20.926,42.565,Upper middle income,IDA
Kosovo,XK,XKX,2002,,2026-07-13,,72.227,1829462,Europe & Central Asia,Pristina,20.926,42.565,Upper middle income,IDA
Kosovo,XK,XKX,2003,,2026-07-13,,72.678,1826434,Europe & Central Asia,Pristina,20.926,42.565,Upper middle income,IDA
Kosovo,XK,XKX,2004,,2026-07-13,,73.132,1822773,Europe & Central Asia,Pristina,20.926,42.565,Upper middle income,IDA
Kosovo,XK,XKX,2013,,2026-07-13,8828.27683251638,76.336,1818119,Europe & Central Asia,Pristina,20.926,42.565,Upper middle income,IDA
Kosovo,XK,XKX,2006,,2026-07-13,,73.63,1813079,Europe & Central Asia,Pristina,20.926,42.565,Upper middle income,IDA
Kosovo,XK,XKX,2007,,2026-07-13,,74.422,1807094,Europe & Central Asia,Pristina,20.926,42.565,Upper middle income,IDA
Kosovo,XK,XKX,2008,,2026-07-13,7098.40301909042,74.711,1800858,Europe & Central Asia,Pristina,20.926,42.565,Upper middle income,IDA
Kosovo,XK,XKX,2005,,2026-07-13,,73.437,1818354,Europe & Central Asia,Pristina,20.926,42.565,Upper middle income,IDA
Kosovo,XK,XKX,2023,,2026-07-13,14240.2030320365,78.033,1682668,Europe & Central Asia,Pristina,20.926,42.565,Upper middle income,IDA
Kosovo,XK,XKX,2021,,2026-07-13,12362.4210181213,74.981,1786079,Europe & Central Asia,Pristina,20.926,42.565,Upper middle income,IDA
Kosovo,XK,XKX,2011,,2026-07-13,8359.93621479336,75.323,1791949,Europe & Central Asia,Pristina,20.926,42.565,Upper middle income,IDA
Kosovo,XK,XKX,2012,,2026-07-13,8431.66232694657,75.75,1807126,Europe & Central Asia,Pristina,20.926,42.565,Upper middle income,IDA
Kosovo,XK,XKX,2015,,2026-07-13,9824.99105955319,76.024,1788274,Europe & Central Asia,Pristina,20.926,42.565,Upper middle income,IDA
Kosovo,XK,XKX,2016,,2026-07-13,10434.8888259268,76.748,1777568,Europe & Central Asia,Pristina,20.926,42.565,Upper middle income,IDA
Kosovo,XK,XKX,2017,,2026-07-13,10856.2902074239,77.105,1791019,Europe & Central Asia,Pristina,20.926,42.565,Upper middle income,IDA
Kosovo,XK,XKX,2014,,2026-07-13,9150.74997293883,76.179,1812788,Europe & Central Asia,Pristina,20.926,42.565,Upper middle income,IDA
Kosovo,XK,XKX,2019,,2026-07-13,11774.1178510908,77.249,1788891,Europe & Central Asia,Pristina,20.926,42.565,Upper middle income,IDA
Kosovo,XK,XKX,2022,,2026-07-13,13022.4627441502,77.623,1768096,Europe & Central Asia,Pristina,20.926,42.565,Upper middle income,IDA
Kosovo,XK,XKX,2018,,2026-07-13,11188.2244627966,77.117,1797086,Europe & Central Asia,Pristina,20.926,42.565,Upper middle income,IDA
Kuwait,KW,KWT,2018,,2026-07-13,51623.8078622052,80.1063658536585,4323515,"Middle East, North Africa, Afghanistan & Pakistan",Kuwait City,47.9824,29.3721,High income,Not classified
Kuwait,KW,KWT,2013,,2026-07-13,62458.8089221249,78.7418048780488,3507844,"Middle East, North Africa, Afghanistan & Pakistan",Kuwait City,47.9824,29.3721,High income,Not classified
Kuwait,KW,KWT,2017,,2026-07-13,52285.5871175696,79.9160731707317,4154812,"Middle East, North Africa, Afghanistan & Pakistan",Kuwait City,47.9824,29.3721,High income,Not classified
Kuwait,KW,KWT,2014,,2026-07-13,60065.6544076232,79.0803414634146,3665876,"Middle East, North Africa, Afghanistan & Pakistan",Kuwait City,47.9824,29.3721,High income,Not classified
Kuwait,KW,KWT,2002,,2026-07-13,59348.6172741565,76.5316341463415,2059974,"Middle East, North Africa, Afghanistan & Pakistan",Kuwait City,47.9824,29.3721,High income,Not classified
Kuwait,KW,KWT,2015,,2026-07-13,57763.5174574395,79.3765609756098,3834574,"Middle East, North Africa, Afghanistan & Pakistan",Kuwait City,47.9824,29.3721,High income,Not classified
Kuwait,KW,KWT,2011,,2026-07-13,64844.5019019408,78.052243902439,3132814,"Middle East, North Africa, Afghanistan & Pakistan",Kuwait City,47.9824,29.3721,High income,Not classified
Kuwait,KW,KWT,2001,,2026-07-13,59099.6653133601,76.3843414634146,2008121,"Middle East, North Africa, Afghanistan & Pakistan",Kuwait City,47.9824,29.3721,High income,Not classified
Kuwait,KW,KWT,2021,,2026-07-13,50651.9575337091,78.7365853658537,4360865,"Middle East, North Africa, Afghanistan & Pakistan",Kuwait City,47.9824,29.3721,High income,Not classified
Kuwait,KW,KWT,2019,,2026-07-13,51380.6455354631,81.969756097561,4442316,"Middle East, North Africa, Afghanistan & Pakistan",Kuwait City,47.9824,29.3721,High income,Not classified
Kuwait,KW,KWT,2004,,2026-07-13,73298.0621819477,76.7276829268293,2157320,"Middle East, North Africa, Afghanistan & Pakistan",Kuwait City,47.9824,29.3721,High income,Not classified
Kuwait,KW,KWT,2020,,2026-07-13,49372.8187938552,78.7609756097561,4400267,"Middle East, North Africa, Afghanistan & Pakistan",Kuwait City,47.9824,29.3721,High income,Not classified
Kuwait,KW,KWT,2012,,2026-07-13,64908.262639237,78.3950243902439,3337109,"Middle East, North Africa, Afghanistan & Pakistan",Kuwait City,47.9824,29.3721,High income,Not classified
Kuwait,KW,KWT,2022,,2026-07-13,51379.8833194119,80.5878048780488,4589643,"Middle East, North Africa, Afghanistan & Pakistan",Kuwait City,47.9824,29.3721,High income,Not classified
Kuwait,KW,KWT,2023,,2026-07-13,47790.1933239144,83.1878048780488,4853420,"Middle East, North Africa, Afghanistan & Pakistan",Kuwait City,47.9824,29.3721,High income,Not classified
Kuwait,KW,KWT,2009,,2026-07-13,67896.2680451995,77.4333658536585,2795484,"Middle East, North Africa, Afghanistan & Pakistan",Kuwait City,47.9824,29.3721,High income,Not classified
Kuwait,KW,KWT,2000,,2026-07-13,60585.3026788164,76.2258780487805,1954709,"Middle East, North Africa, Afghanistan & Pakistan",Kuwait City,47.9824,29.3721,High income,Not classified
Kuwait,KW,KWT,2006,,2026-07-13,79521.3484338455,76.8876829268293,2364733,"Middle East, North Africa, Afghanistan & Pakistan",Kuwait City,47.9824,29.3721,High income,Not classified
Kuwait,KW,KWT,2003,,2026-07-13,67984.3145062554,76.6445609756098,2109881,"Middle East, North Africa, Afghanistan & Pakistan",Kuwait City,47.9824,29.3721,High income,Not classified
Kuwait,KW,KWT,2016,,2026-07-13,56936.620842726,79.6775853658537,4004096,"Middle East, North Africa, Afghanistan & Pakistan",Kuwait City,47.9824,29.3721,High income,Not classified
Kuwait,KW,KWT,2005,,2026-07-13,78193.9012127585,76.8007804878049,2236788,"Middle East, North Africa, Afghanistan & Pakistan",Kuwait City,47.9824,29.3721,High income,Not classified
Kuwait,KW,KWT,2010,,2026-07-13,62956.2152904125,77.7262195121951,2943372,"Middle East, North Africa, Afghanistan & Pakistan",Kuwait City,47.9824,29.3721,High income,Not classified
Kuwait,KW,KWT,2007,,2026-07-13,79474.7611346377,77.0101707317073,2507887,"Middle East, North Africa, Afghanistan & Pakistan",Kuwait City,47.9824,29.3721,High income,Not classified
Kuwait,KW,KWT,2008,,2026-07-13,77036.5083833055,77.1890487804878,2651421,"Middle East, North Africa, Afghanistan & Pakistan",Kuwait City,47.9824,29.3721,High income,Not classified
Kyrgyz Republic,KG,KGZ,2002,,2026-07-13,3760.53239965257,68.1560975609756,4990704,Europe & Central Asia,Bishkek,74.6057,42.8851,Lower middle income,IDA
Kyrgyz Republic,KG,KGZ,2001,,2026-07-13,3795.89059344129,68.7073170731707,4945073,Europe & Central Asia,Bishkek,74.6057,42.8851,Lower middle income,IDA
Kyrgyz Republic,KG,KGZ,2003,,2026-07-13,3982.92722017802,68.2560975609756,5043308,Europe & Central Asia,Bishkek,74.6057,42.8851,Lower middle income,IDA
Kyrgyz Republic,KG,KGZ,2007,,2026-07-13,4558.71267894172,67.8951219512195,5268385,Europe & Central Asia,Bishkek,74.6057,42.8851,Lower middle income,IDA
Kyrgyz Republic,KG,KGZ,2000,,2026-07-13,3638.46314292227,68.5585365853659,4898362,Europe & Central Asia,Bishkek,74.6057,42.8851,Lower middle income,IDA
Kyrgyz Republic,KG,KGZ,2006,,2026-07-13,4240.17017797554,67.6951219512195,5218373,Europe & Central Asia,Bishkek,74.6057,42.8851,Lower middle income,IDA
Kyrgyz Republic,KG,KGZ,2014,,2026-07-13,5513.7544695252,70.4024390243902,5905848,Europe & Central Asia,Bishkek,74.6057,42.8851,Lower middle income,IDA
Kyrgyz Republic,KG,KGZ,2015,,2026-07-13,5600.2143342846,70.6512195121951,6040036,Europe & Central Asia,Bishkek,74.6057,42.8851,Lower middle income,IDA
Kyrgyz Republic,KG,KGZ,2004,,2026-07-13,4211.52248307857,68.1536585365854,5104713,Europe & Central Asia,Bishkek,74.6057,42.8851,Lower middle income,IDA
Kyrgyz Republic,KG,KGZ,2005,,2026-07-13,4156.95849230116,67.9560975609756,5162640,Europe & Central Asia,Bishkek,74.6057,42.8851,Lower middle income,IDA
Kyrgyz Republic,KG,KGZ,2018,,2026-07-13,5951.82876758606,71.4,6444079,Europe & Central Asia,Bishkek,74.6057,42.8851,Lower middle income,IDA
Kyrgyz Republic,KG,KGZ,2019,,2026-07-13,6087.60193826927,71.6,6590211,Europe & Central Asia,Bishkek,74.6057,42.8851,Lower middle income,IDA
Kyrgyz Republic,KG,KGZ,2020,,2026-07-13,5537.79547319377,71.8,6726596,Europe & Central Asia,Bishkek,74.6057,42.8851,Lower middle income,IDA
Kyrgyz Republic,KG,KGZ,2008,,2026-07-13,4894.9427801376,68.4512195121951,5318729,Europe & Central Asia,Bishkek,74.6057,42.8851,Lower middle income,IDA
Kyrgyz Republic,KG,KGZ,2009,,2026-07-13,4969.96132720374,69.1024390243903,5389643,Europe & Central Asia,Bishkek,74.6057,42.8851,Lower middle income,IDA
Kyrgyz Republic,KG,KGZ,2010,,2026-07-13,4876.47964886483,69.3,5467059,Europe & Central Asia,Bishkek,74.6057,42.8851,Lower middle income,IDA
Kyrgyz Republic,KG,KGZ,2011,,2026-07-13,5092.85165751678,69.6024390243903,5546587,Europe & Central Asia,Bishkek,74.6057,42.8851,Lower middle income,IDA
Kyrgyz Republic,KG,KGZ,2012,,2026-07-13,4993.39431683528,70.0024390243902,5652076,Europe & Central Asia,Bishkek,74.6057,42.8851,Lower middle income,IDA
Kyrgyz Republic,KG,KGZ,2013,,2026-07-13,5418.54061993935,70.2024390243902,5777150,Europe & Central Asia,Bishkek,74.6057,42.8851,Lower middle income,IDA
Kyrgyz Republic,KG,KGZ,2017,,2026-07-13,5861.22200040503,71.2,6306696,Europe & Central Asia,Bishkek,74.6057,42.8851,Lower middle income,IDA
Kyrgyz Republic,KG,KGZ,2023,,2026-07-13,6575.77541290499,72.2487804878049,7099750,Europe & Central Asia,Bishkek,74.6057,42.8851,Lower middle income,IDA
Kyrgyz Republic,KG,KGZ,2016,,2026-07-13,5715.01041179003,70.9512195121951,6175338,Europe & Central Asia,Bishkek,74.6057,42.8851,Lower middle income,IDA
Kyrgyz Republic,KG,KGZ,2022,,2026-07-13,6139.77788825006,72.0487804878049,6975220,Europe & Central Asia,Bishkek,74.6057,42.8851,Lower middle income,IDA
Kyrgyz Republic,KG,KGZ,2021,,2026-07-13,5736.47883415154,71.9,6851224,Europe & Central Asia,Bishkek,74.6057,42.8851,Lower middle income,IDA
Lao PDR,LA,LAO,2006,,2026-07-13,3881.53736632657,61.074,5963200,East Asia & Pacific,Vientiane,102.177,18.5826,Lower middle income,IDA
Lao PDR,LA,LAO,2020,,2026-07-13,7995.59502527818,68.339,7346533,East Asia & Pacific,Vientiane,102.177,18.5826,Lower middle income,IDA
Lao PDR,LA,LAO,2011,,2026-07-13,5266.87866924206,64.505,6426590,East Asia & Pacific,Vientiane,102.177,18.5826,Lower middle income,IDA
Lao PDR,LA,LAO,2005,,2026-07-13,3630.55878769378,60.688,5869523,East Asia & Pacific,Vientiane,102.177,18.5826,Lower middle income,IDA
Lao PDR,LA,LAO,2009,,2026-07-13,4625.07173324518,63.023,6241642,East Asia & Pacific,Vientiane,102.177,18.5826,Lower middle income,IDA
Lao PDR,LA,LAO,2014,,2026-07-13,6341.2122967032,66.35,6703172,East Asia & Pacific,Vientiane,102.177,18.5826,Lower middle income,IDA
Lao PDR,LA,LAO,2015,,2026-07-13,6703.74124348885,66.688,6801645,East Asia & Pacific,Vientiane,102.177,18.5826,Lower middle income,IDA
Lao PDR,LA,LAO,2016,,2026-07-13,7063.25545347926,67.014,6908802,East Asia & Pacific,Vientiane,102.177,18.5826,Lower middle income,IDA
Lao PDR,LA,LAO,2004,,2026-07-13,3441.16999706515,60.08,5781626,East Asia & Pacific,Vientiane,102.177,18.5826,Lower middle income,IDA
Lao PDR,LA,LAO,2017,,2026-07-13,7432.4596330485,67.345,7018147,East Asia & Pacific,Vientiane,102.177,18.5826,Lower middle income,IDA
Lao PDR,LA,LAO,2021,,2026-07-13,8080.43553249923,67.807,7453194,East Asia & Pacific,Vientiane,102.177,18.5826,Lower middle income,IDA
Lao PDR,LA,LAO,2007,,2026-07-13,4112.25301659759,61.694,6056236,East Asia & Pacific,Vientiane,102.177,18.5826,Lower middle income,IDA
Lao PDR,LA,LAO,2008,,2026-07-13,4367.162880257,62.248,6148969,East Asia & Pacific,Vientiane,102.177,18.5826,Lower middle income,IDA
Lao PDR,LA,LAO,2013,,2026-07-13,5974.47368943414,65.723,6611385,East Asia & Pacific,Vientiane,102.177,18.5826,Lower middle income,IDA
Lao PDR,LA,LAO,2010,,2026-07-13,4946.10563678173,63.69,6334194,East Asia & Pacific,Vientiane,102.177,18.5826,Lower middle income,IDA
Lao PDR,LA,LAO,2001,,2026-07-13,3015.63258480614,58.887,5521482,East Asia & Pacific,Vientiane,102.177,18.5826,Lower middle income,IDA
Lao PDR,LA,LAO,2012,,2026-07-13,5608.96956337059,65.126,6518978,East Asia & Pacific,Vientiane,102.177,18.5826,Lower middle income,IDA
Lao PDR,LA,LAO,2003,,2026-07-13,3282.9853971272,59.643,5697945,East Asia & Pacific,Vientiane,102.177,18.5826,Lower middle income,IDA
Lao PDR,LA,LAO,2000,,2026-07-13,2899.01961879748,58.317,5431212,East Asia & Pacific,Vientiane,102.177,18.5826,Lower middle income,IDA
Lao PDR,LA,LAO,2018,,2026-07-13,7775.08574451883,67.594,7128045,East Asia & Pacific,Vientiane,102.177,18.5826,Lower middle income,IDA
Lao PDR,LA,LAO,2002,,2026-07-13,3143.22327579556,59.302,5610889,East Asia & Pacific,Vientiane,102.177,18.5826,Lower middle income,IDA
Lao PDR,LA,LAO,2023,,2026-07-13,8372.15591874407,68.964,7664993,East Asia & Pacific,Vientiane,102.177,18.5826,Lower middle income,IDA
Lao PDR,LA,LAO,2022,,2026-07-13,8183.03286472653,68.715,7559007,East Asia & Pacific,Vientiane,102.177,18.5826,Lower middle income,IDA
Lao PDR,LA,LAO,2019,,2026-07-13,8075.27502377003,67.911,7237636,East Asia & Pacific,Vientiane,102.177,18.5826,Lower middle income,IDA
Late-demographic dividend,V3,LTE,2023,,2026-07-13,23803.1520192179,77.1240537371626,2326294294,Aggregates,,,,Aggregates,Aggregates
Late-demographic dividend,V3,LTE,2001,,2026-07-13,8198.53171138037,71.6274933298313,2058600486,Aggregates,,,,Aggregates,Aggregates
Late-demographic dividend,V3,LTE,2012,,2026-07-13,15849.9797393159,75.2993648872023,2209319631,Aggregates,,,,Aggregates,Aggregates
Late-demographic dividend,V3,LTE,2013,,2026-07-13,16550.7608765012,75.5790485316218,2225005187,Aggregates,,,,Aggregates,Aggregates
Late-demographic dividend,V3,LTE,2014,,2026-07-13,17214.8266070851,75.8239893452747,2241122152,Aggregates,,,,Aggregates,Aggregates
Late-demographic dividend,V3,LTE,2000,,2026-07-13,7865.40223869989,71.2853076947069,2043581322,Aggregates,,,,Aggregates,Aggregates
Late-demographic dividend,V3,LTE,2003,,2026-07-13,9138.18820940943,72.3420403334068,2086139068,Aggregates,,,,Aggregates,Aggregates
Late-demographic dividend,V3,LTE,2004,,2026-07-13,9802.55079794057,72.622308504374,2099412663,Aggregates,,,,Aggregates,Aggregates
Late-demographic dividend,V3,LTE,2005,,2026-07-13,10466.0431607711,73.007214154553,2112603351,Aggregates,,,,Aggregates,Aggregates
Late-demographic dividend,V3,LTE,2002,,2026-07-13,8615.35404402717,71.9275718160017,2072599555,Aggregates,,,,Aggregates,Aggregates
Late-demographic dividend,V3,LTE,2007,,2026-07-13,12361.2116354473,73.7749281005029,2139958608,Aggregates,,,,Aggregates,Aggregates
Late-demographic dividend,V3,LTE,2022,,2026-07-13,22842.7930520757,76.9543673255695,2323799602,Aggregates,,,,Aggregates,Aggregates
Late-demographic dividend,V3,LTE,2009,,2026-07-13,13334.5473252508,74.3481601286124,2167303374,Aggregates,,,,Aggregates,Aggregates
Late-demographic dividend,V3,LTE,2006,,2026-07-13,11333.0924408752,73.3817363374868,2126122277,Aggregates,,,,Aggregates,Aggregates
Late-demographic dividend,V3,LTE,2010,,2026-07-13,14254.5060505905,74.7108209347901,2179525352,Aggregates,,,,Aggregates,Aggregates
Late-demographic dividend,V3,LTE,2011,,2026-07-13,15116.23443797,74.9999962879426,2193171336,Aggregates,,,,Aggregates,Aggregates
Late-demographic dividend,V3,LTE,2017,,2026-07-13,19161.6836683691,76.4174343501022,2285870134,Aggregates,,,,Aggregates,Aggregates
Late-demographic dividend,V3,LTE,2018,,2026-07-13,20046.5223675086,76.7781489421434,2298394042,Aggregates,,,,Aggregates,Aggregates
Late-demographic dividend,V3,LTE,2015,,2026-07-13,17784.0628531228,76.0762328807768,2256126712,Aggregates,,,,Aggregates,Aggregates
Late-demographic dividend,V3,LTE,2016,,2026-07-13,18377.0584236764,76.2928997245812,2270841806,Aggregates,,,,Aggregates,Aggregates
Late-demographic dividend,V3,LTE,2008,,2026-07-13,13098.0960309932,73.9252633570755,2153941306,Aggregates,,,,Aggregates,Aggregates
Late-demographic dividend,V3,LTE,2021,,2026-07-13,22189.7622837471,76.3060137275686,2320127658,Aggregates,,,,Aggregates,Aggregates
Late-demographic dividend,V3,LTE,2019,,2026-07-13,20852.8824490568,76.9979606258316,2308878047,Aggregates,,,,Aggregates,Aggregates
Late-demographic dividend,V3,LTE,2020,,2026-07-13,20730.0029982162,76.6935638089228,2316152452,Aggregates,,,,Aggregates,Aggregates
Latin America & Caribbean,ZJ,LCN,2011,,2026-07-13,18150.5882548775,73.9248923022491,594086829,,,,,,
Latin America & Caribbean,ZJ,LCN,2012,,2026-07-13,18433.7387345819,74.1643943654901,600420316,,,,,,
Latin America & Caribbean,ZJ,LCN,2000,,2026-07-13,14662.98009358,70.8691414957334,520272118,,,,,,
Latin America & Caribbean,ZJ,LCN,2008,,2026-07-13,17242.6454978629,73.2561404095911,574908733,,,,,,
Latin America & Caribbean,ZJ,LCN,2009,,2026-07-13,16665.1020164418,73.4422623291815,581388129,,,,,,
Latin America & Caribbean,ZJ,LCN,2010,,2026-07-13,17550.7377870024,73.4093227755616,587752505,,,,,,
Latin America & Caribbean,ZJ,LCN,2013,,2026-07-13,18766.917591694,74.3809772735109,606683307,,,,,,
Latin America & Caribbean,ZJ,LCN,2014,,2026-07-13,18852.4281125219,74.5608348669826,612849401,,,,,,
Latin America & Caribbean,ZJ,LCN,2015,,2026-07-13,18762.9039878165,74.7432221893097,618868462,,,,,,
Latin America & Caribbean,ZJ,LCN,2016,,2026-07-13,18550.8729173978,74.6774848833781,624737786,,,,,,
Latin America & Caribbean,ZJ,LCN,2017,,2026-07-13,18744.6242855123,74.8318087892113,630414986,,,,,,
Latin America & Caribbean,ZJ,LCN,2018,,2026-07-13,18893.7989523752,75.052717198381,635778081,,,,,,
Latin America & Caribbean,ZJ,LCN,2019,,2026-07-13,18883.1868618303,75.2042598654921,640962372,,,,,,
Latin America & Caribbean,ZJ,LCN,2020,,2026-07-13,17508.6173350597,73.1889367787058,645498187,,,,,,
Latin America & Caribbean,ZJ,LCN,2001,,2026-07-13,14517.4981001165,71.1505464911298,527572583,,,,,,
Latin America & Caribbean,ZJ,LCN,2002,,2026-07-13,14398.1472983889,71.5629004971875,534691591,,,,,,
Latin America & Caribbean,ZJ,LCN,2003,,2026-07-13,14567.691251088,71.878308455923,541643365,,,,,,
Latin America & Caribbean,ZJ,LCN,2004,,2026-07-13,15159.8546462837,72.203823196463,548455563,,,,,,
Latin America & Caribbean,ZJ,LCN,2005,,2026-07-13,15565.1750239356,72.5638143751286,555120780,,,,,,
Latin America & Caribbean,ZJ,LCN,2006,,2026-07-13,16172.0518023451,72.8332266680253,561751999,,,,,,
Latin America & Caribbean,ZJ,LCN,2007,,2026-07-13,16820.2801252913,73.0593298775944,568345245,,,,,,
Latin America & Caribbean,ZJ,LCN,2023,,2026-07-13,19651.7333890663,75.6435273357906,657616519,,,,,,
Latin America & Caribbean,ZJ,LCN,2021,,2026-07-13,18696.3210341683,71.8141764640132,649236092,,,,,,
Latin America & Caribbean,ZJ,LCN,2022,,2026-07-13,19355.0766860444,74.6472096226697,653108131,,,,,,
Latin America & Caribbean (excluding high income),XJ,LAC,2018,,2026-07-13,18213.6232664927,74.7784467692697,597518751,Aggregates,,,,Aggregates,Aggregates
Latin America & Caribbean (excluding high income),XJ,LAC,2021,,2026-07-13,17991.1283749974,71.442251113131,610122057,Aggregates,,,,Aggregates,Aggregates
Latin America & Caribbean (excluding high income),XJ,LAC,2015,,2026-07-13,18116.8775494236,74.4738475625624,581649117,Aggregates,,,,Aggregates,Aggregates
Latin America & Caribbean (excluding high income),XJ,LAC,2016,,2026-07-13,17879.6160960042,74.3981617062286,587206002,Aggregates,,,,Aggregates,Aggregates
Latin America & Caribbean (excluding high income),XJ,LAC,2017,,2026-07-13,18078.2959124229,74.5563362550727,592522502,Aggregates,,,,Aggregates,Aggregates
Latin America & Caribbean (excluding high income),XJ,LAC,2014,,2026-07-13,18231.5556349808,74.2961500729974,575915671,Aggregates,,,,Aggregates,Aggregates
Latin America & Caribbean (excluding high income),XJ,LAC,2019,,2026-07-13,18195.6679220187,74.9415412899456,602249777,Aggregates,,,,Aggregates,Aggregates
Latin America & Caribbean (excluding high income),XJ,LAC,2020,,2026-07-13,16883.608310471802,72.8521491389008,606535582,Aggregates,,,,Aggregates,Aggregates
Latin America & Caribbean (excluding high income),XJ,LAC,2003,,2026-07-13,14161.0919133732,71.5736738142404,507870430,Aggregates,,,,Aggregates,Aggregates
Latin America & Caribbean (excluding high income),XJ,LAC,2000,,2026-07-13,14331.7839148575,70.5498986335483,487480396,Aggregates,,,,Aggregates,Aggregates
Latin America & Caribbean (excluding high income),XJ,LAC,2023,,2026-07-13,18872.9989096637,75.3619658099591,618190397,Aggregates,,,,Aggregates,Aggregates
Latin America & Caribbean (excluding high income),XJ,LAC,2006,,2026-07-13,15689.2144065463,72.547009904381,527135313,Aggregates,,,,Aggregates,Aggregates
Latin America & Caribbean (excluding high income),XJ,LAC,2007,,2026-07-13,16321.8321811757,72.7789303182258,533442703,Aggregates,,,,Aggregates,Aggregates
Latin America & Caribbean (excluding high income),XJ,LAC,2022,,2026-07-13,18604.9631264863,74.4013120327618,613861839,Aggregates,,,,Aggregates,Aggregates
Latin America & Caribbean (excluding high income),XJ,LAC,2011,,2026-07-13,17612.8529378709,73.6572563740251,558007918,Aggregates,,,,Aggregates,Aggregates
Latin America & Caribbean (excluding high income),XJ,LAC,2012,,2026-07-13,17843.9103583108,73.9046419624981,564057086,Aggregates,,,,Aggregates,Aggregates
Latin America & Caribbean (excluding high income),XJ,LAC,2013,,2026-07-13,18162.1070321562,74.1119744203538,570030910,Aggregates,,,,Aggregates,Aggregates
Latin America & Caribbean (excluding high income),XJ,LAC,2004,,2026-07-13,14714.1889558771,71.9021929729155,514373324,Aggregates,,,,Aggregates,Aggregates
Latin America & Caribbean (excluding high income),XJ,LAC,2001,,2026-07-13,14150.3174722497,70.8246679458028,494443065,Aggregates,,,,Aggregates,Aggregates
Latin America & Caribbean (excluding high income),XJ,LAC,2002,,2026-07-13,14013.3139307931,71.2447484060795,501234679,Aggregates,,,,Aggregates,Aggregates
Latin America & Caribbean (excluding high income),XJ,LAC,2008,,2026-07-13,16733.096469667,72.9784448770196,539713061,Aggregates,,,,Aggregates,Aggregates
Latin America & Caribbean (excluding high income),XJ,LAC,2005,,2026-07-13,15100.9407755949,72.2728732661841,520792375,Aggregates,,,,Aggregates,Aggregates
Latin America & Caribbean (excluding high income),XJ,LAC,2010,,2026-07-13,17037.1271662537,73.1176199242098,551960581,Aggregates,,,,Aggregates,Aggregates
Latin America & Caribbean (excluding high income),XJ,LAC,2009,,2026-07-13,16146.6158745104,73.163729363077607,545898245,Aggregates,,,,Aggregates,Aggregates
Latin America & the Caribbean (IDA & IBRD countries),T2,TLA,2006,,2026-07-13,16038.2861869901,72.702948927306707,545805913,Aggregates,,,,Aggregates,Aggregates
Latin America & the Caribbean (IDA & IBRD countries),T2,TLA,2009,,2026-07-13,16550.9833188907,73.3248238756312,565454932,Aggregates,,,,Aggregates,Aggregates
Latin America & the Caribbean (IDA & IBRD countries),T2,TLA,2001,,2026-07-13,14382.1387890536,70.9952366364032,511809816,Aggregates,,,,Aggregates,Aggregates
Latin America & the Caribbean (IDA & IBRD countries),T2,TLA,2007,,2026-07-13,16696.6218868769,72.9337716205704,552399650,Aggregates,,,,Aggregates,Aggregates
Latin America & the Caribbean (IDA & IBRD countries),T2,TLA,2000,,2026-07-13,14549.3372608149,70.7184102333167,504556065,Aggregates,,,,Aggregates,Aggregates
Latin America & the Caribbean (IDA & IBRD countries),T2,TLA,2005,,2026-07-13,15420.2917523643,72.4275917225936,539188798,Aggregates,,,,Aggregates,Aggregates
Latin America & the Caribbean (IDA & IBRD countries),T2,TLA,2017,,2026-07-13,18653.3433106036,74.7614101353626,614776664,Aggregates,,,,Aggregates,Aggregates
Latin America & the Caribbean (IDA & IBRD countries),T2,TLA,2018,,2026-07-13,18808.0604001973,74.9760978010797,620274430,Aggregates,,,,Aggregates,Aggregates
Latin America & the Caribbean (IDA & IBRD countries),T2,TLA,2019,,2026-07-13,18791.1714822657,75.1319711493442,625467307,Aggregates,,,,Aggregates,Aggregates
Latin America & the Caribbean (IDA & IBRD countries),T2,TLA,2008,,2026-07-13,17128.9043164926,73.133810817189,558968822,Aggregates,,,,Aggregates,Aggregates
Latin America & the Caribbean (IDA & IBRD countries),T2,TLA,2021,,2026-07-13,18609.1190317645,71.7449274626405,633862610,Aggregates,,,,Aggregates,Aggregates
Latin America & the Caribbean (IDA & IBRD countries),T2,TLA,2010,,2026-07-13,17448.2598325074,73.2840381673624,571822092,Aggregates,,,,Aggregates,Aggregates
Latin America & the Caribbean (IDA & IBRD countries),T2,TLA,2011,,2026-07-13,18055.3042757769,73.8112572375492,578171855,Aggregates,,,,Aggregates,Aggregates
Latin America & the Caribbean (IDA & IBRD countries),T2,TLA,2012,,2026-07-13,18340.3089340631,74.0531427389642,584524334,Aggregates,,,,Aggregates,Aggregates
Latin America & the Caribbean (IDA & IBRD countries),T2,TLA,2013,,2026-07-13,18676.7799220997,74.2726524054357,590809938,Aggregates,,,,Aggregates,Aggregates
Latin America & the Caribbean (IDA & IBRD countries),T2,TLA,2014,,2026-07-13,18762.6257531749,74.4642031483392,597023419,Aggregates,,,,Aggregates,Aggregates
Latin America & the Caribbean (IDA & IBRD countries),T2,TLA,2002,,2026-07-13,14257.7222031593,71.4081069056409,518881965,Aggregates,,,,Aggregates,Aggregates
Latin America & the Caribbean (IDA & IBRD countries),T2,TLA,2003,,2026-07-13,14430.216561199,71.7199407794109,525787222,Aggregates,,,,Aggregates,Aggregates
Latin America & the Caribbean (IDA & IBRD countries),T2,TLA,2004,,2026-07-13,15003.8237166523,72.0585594152496,532556401,Aggregates,,,,Aggregates,Aggregates
Latin America & the Caribbean (IDA & IBRD countries),T2,TLA,2022,,2026-07-13,19259.412041102,74.5684293540859,637837815,Aggregates,,,,Aggregates,Aggregates
Latin America & the Caribbean (IDA & IBRD countries),T2,TLA,2023,,2026-07-13,19551.7411981811,75.5699258379688,642397939,Aggregates,,,,Aggregates,Aggregates
Latin America & the Caribbean (IDA & IBRD countries),T2,TLA,2020,,2026-07-13,17418.680012511,73.0747493617473,630051021,Aggregates,,,,Aggregates,Aggregates
Latin America & the Caribbean (IDA & IBRD countries),T2,TLA,2015,,2026-07-13,18670.717514529,74.6505904118153,603091701,Aggregates,,,,Aggregates,Aggregates
Latin America & the Caribbean (IDA & IBRD countries),T2,TLA,2016,,2026-07-13,18455.8801433133,74.5894794269073,609017063,Aggregates,,,,Aggregates,Aggregates
Latvia,LV,LVA,2008,,2026-07-13,28726.9722869522,72.419512195122,2177322,Europe & Central Asia,Riga,24.1048,56.9465,High income,Not classified
Latvia,LV,LVA,2013,,2026-07-13,28375.1842887263,73.9829268292683,2012647,Europe & Central Asia,Riga,24.1048,56.9465,High income,Not classified
Latvia,LV,LVA,2009,,2026-07-13,24520.6791475489,73.0804878048781,2141669,Europe & Central Asia,Riga,24.1048,56.9465,High income,Not classified
Latvia,LV,LVA,2016,,2026-07-13,31668.5148442662,74.580487804878,1959537,Europe & Central Asia,Riga,24.1048,56.9465,High income,Not classified
Latvia,LV,LVA,2017,,2026-07-13,33036.3915943437,74.6292682926829,1942248,Europe & Central Asia,Riga,24.1048,56.9465,High income,Not classified
Latvia,LV,LVA,2010,,2026-07-13,24119.7307848939,73.4829268292683,2097555,Europe & Central Asia,Riga,24.1048,56.9465,High income,Not classified
Latvia,LV,LVA,2015,,2026-07-13,30599.6133134147,74.4804878048781,1977527,Europe & Central Asia,Riga,24.1048,56.9465,High income,Not classified
Latvia,LV,LVA,2006,,2026-07-13,26431.8140222767,70.8658536585366,2218357,Europe & Central Asia,Riga,24.1048,56.9465,High income,Not classified
Latvia,LV,LVA,2022,,2026-07-13,37718.7097958367,74.2780487804878,1879383,Europe & Central Asia,Riga,24.1048,56.9465,High income,Not classified
Latvia,LV,LVA,2023,,2026-07-13,37277.7217221317,75.4268292682927,1883710,Europe & Central Asia,Riga,24.1048,56.9465,High income,Not classified
Latvia,LV,LVA,2014,,2026-07-13,29243.7412502629,74.1243902439024,1993782,Europe & Central Asia,Riga,24.1048,56.9465,High income,Not classified
Latvia,LV,LVA,2011,,2026-07-13,25308.7322074626,73.5756097560976,2059709,Europe & Central Asia,Riga,24.1048,56.9465,High income,Not classified
Latvia,LV,LVA,2012,,2026-07-13,27496.5454583635,73.7780487804878,2034319,Europe & Central Asia,Riga,24.1048,56.9465,High income,Not classified
Latvia,LV,LVA,2002,,2026-07-13,17096.5594440255,70.9609756097561,2310173,Europe & Central Asia,Riga,24.1048,56.9465,High income,Not classified
Latvia,LV,LVA,2003,,2026-07-13,18717.6675525538,71.2658536585366,2287955,Europe & Central Asia,Riga,24.1048,56.9465,High income,Not classified
Latvia,LV,LVA,2000,,2026-07-13,14554.2131724037,70.3146341463415,2367550,Europe & Central Asia,Riga,24.1048,56.9465,High income,Not classified
Latvia,LV,LVA,2001,,2026-07-13,15695.906718153,70.7609756097561,2337170,Europe & Central Asia,Riga,24.1048,56.9465,High income,Not classified
Latvia,LV,LVA,2007,,2026-07-13,29423.7371235063,71.019512195122,2200325,Europe & Central Asia,Riga,24.1048,56.9465,High income,Not classified
Latvia,LV,LVA,2021,,2026-07-13,36912.0130602161,72.9804878048781,1884490,Europe & Central Asia,Riga,24.1048,56.9465,High income,Not classified
Latvia,LV,LVA,2018,,2026-07-13,34729.7062763057,74.7829268292683,1927174,Europe & Central Asia,Riga,24.1048,56.9465,High income,Not classified
Latvia,LV,LVA,2019,,2026-07-13,35208.1934590859,75.3878048780488,1913822,Europe & Central Asia,Riga,24.1048,56.9465,High income,Not classified
Latvia,LV,LVA,2005,,2026-07-13,23213.3539355881,71.3560975609756,2238799,Europe & Central Asia,Riga,24.1048,56.9465,High income,Not classified
Latvia,LV,LVA,2020,,2026-07-13,34225.8976044058,75.1853658536585,1900449,Europe & Central Asia,Riga,24.1048,56.9465,High income,Not classified
Latvia,LV,LVA,2004,,2026-07-13,20574.118201251,72.0268292682927,2263122,Europe & Central Asia,Riga,24.1048,56.9465,High income,Not classified
Least developed countries: UN classification,XL,LDC,2011,,2026-07-13,3051.43683302234,61.5023936634084,875269186,Aggregates,,,,Aggregates,Aggregates
Least developed countries: UN classification,XL,LDC,2002,,2026-07-13,2164.86433866971,56.5350287539977,706880665,Aggregates,,,,Aggregates,Aggregates
Least developed countries: UN classification,XL,LDC,2000,,2026-07-13,2048.71959919672,55.4013109927151,673273787,Aggregates,,,,Aggregates,Aggregates
Least developed countries: UN classification,XL,LDC,2003,,2026-07-13,2227.39805845854,57.1743521785809,724713713,Aggregates,,,,Aggregates,Aggregates
Least developed countries: UN classification,XL,LDC,2012,,2026-07-13,3129.10024240458,62.2276732048151,896237933,Aggregates,,,,Aggregates,Aggregates
Least developed countries: UN classification,XL,LDC,2001,,2026-07-13,2101.00285697336,55.9858159581879,689505567,Aggregates,,,,Aggregates,Aggregates
Least developed countries: UN classification,XL,LDC,2014,,2026-07-13,3352.66131202589,62.9617174792618,939749332,Aggregates,,,,Aggregates,Aggregates
Least developed countries: UN classification,XL,LDC,2007,,2026-07-13,2691.00800844867,59.6139962487597,797076099,Aggregates,,,,Aggregates,Aggregates
Least developed countries: UN classification,XL,LDC,2004,,2026-07-13,2321.65342191161,57.71121787803,742302769,Aggregates,,,,Aggregates,Aggregates
Least developed countries: UN classification,XL,LDC,2005,,2026-07-13,2440.11770369825,58.3100149055359,760310134,Aggregates,,,,Aggregates,Aggregates
Least developed countries: UN classification,XL,LDC,2006,,2026-07-13,2556.63271986189,59.0169336288555,778789026,Aggregates,,,,Aggregates,Aggregates
Least developed countries: UN classification,XL,LDC,2010,,2026-07-13,2980.94840851133,61.0428031511838,854941316,Aggregates,,,,Aggregates,Aggregates
Least developed countries: UN classification,XL,LDC,2015,,2026-07-13,3444.48573373338,63.3074864756394,961916563,Aggregates,,,,Aggregates,Aggregates
Least developed countries: UN classification,XL,LDC,2016,,2026-07-13,3530.49118814527,63.726492423797,984757534,Aggregates,,,,Aggregates,Aggregates
Least developed countries: UN classification,XL,LDC,2013,,2026-07-13,3241.36780220136,62.7257554327064,917783039,Aggregates,,,,Aggregates,Aggregates
Least developed countries: UN classification,XL,LDC,2018,,2026-07-13,3726.77808267188,64.6054293900193,1032309742,Aggregates,,,,Aggregates,Aggregates
Least developed countries: UN classification,XL,LDC,2019,,2026-07-13,3830.88853350413,64.9756210416769,1057170371,Aggregates,,,,Aggregates,Aggregates
Least developed countries: UN classification,XL,LDC,2008,,2026-07-13,2806.96555455219,59.8135647530126,815835455,Aggregates,,,,Aggregates,Aggregates
Least developed countries: UN classification,XL,LDC,2017,,2026-07-13,3628.8467447362,64.0368817418845,1008260714,Aggregates,,,,Aggregates,Aggregates
Least developed countries: UN classification,XL,LDC,2023,,2026-07-13,3891.73641004671,66.5196263232195,1159744187,Aggregates,,,,Aggregates,Aggregates
Least developed countries: UN classification,XL,LDC,2022,,2026-07-13,3851.7539627313,65.7663286665813,1133564482,Aggregates,,,,Aggregates,Aggregates
Least developed countries: UN classification,XL,LDC,2009,,2026-07-13,2867.15245697277,60.5743561841469,835266189,Aggregates,,,,Aggregates,Aggregates
Least developed countries: UN classification,XL,LDC,2021,,2026-07-13,3753.1278014194,64.2699057684324,1108233065,Aggregates,,,,Aggregates,Aggregates
Least developed countries: UN classification,XL,LDC,2020,,2026-07-13,3741.39972817227,64.8355012784588,1082754466,Aggregates,,,,Aggregates,Aggregates
Lebanon,LB,LBN,2003,,2026-07-13,12272.3440677497,75.275,4525508,"Middle East, North Africa, Afghanistan & Pakistan",Beirut,35.5134,33.8872,Lower middle income,IBRD
Lebanon,LB,LBN,2002,,2026-07-13,12053.8341563826,74.836,4463504,"Middle East, North Africa, Afghanistan & Pakistan",Beirut,35.5134,33.8872,Lower middle income,IBRD
Lebanon,LB,LBN,2012,,2026-07-13,17323.3013764282,77.941,5235742,"Middle East, North Africa, Afghanistan & Pakistan",Beirut,35.5134,33.8872,Lower middle income,IBRD
Lebanon,LB,LBN,2006,,2026-07-13,13003.680803908,75.677,4751136,"Middle East, North Africa, Afghanistan & Pakistan",Beirut,35.5134,33.8872,Lower middle income,IBRD
Lebanon,LB,LBN,2001,,2026-07-13,11817.9305012844,74.354,4401918,"Middle East, North Africa, Afghanistan & Pakistan",Beirut,35.5134,33.8872,Lower middle income,IBRD
Lebanon,LB,LBN,2014,,2026-07-13,15205.873265402,78.148,6346990,"Middle East, North Africa, Afghanistan & Pakistan",Beirut,35.5134,33.8872,Lower middle income,IBRD
Lebanon,LB,LBN,2013,,2026-07-13,16396.4969302163,78.037,5743436,"Middle East, North Africa, Afghanistan & Pakistan",Beirut,35.5134,33.8872,Lower middle income,IBRD
Lebanon,LB,LBN,2004,,2026-07-13,12882.0757995163,75.693,4599279,"Middle East, North Africa, Afghanistan & Pakistan",Beirut,35.5134,33.8872,Lower middle income,IBRD
Lebanon,LB,LBN,2005,,2026-07-13,13024.6648924956,76.074,4671102,"Middle East, North Africa, Afghanistan & Pakistan",Beirut,35.5134,33.8872,Lower middle income,IBRD
Lebanon,LB,LBN,2010,,2026-07-13,17390.7584012958,77.529,5041288,"Middle East, North Africa, Afghanistan & Pakistan",Beirut,35.5134,33.8872,Lower middle income,IBRD
Lebanon,LB,LBN,2007,,2026-07-13,13941.5614244767,76.732,4844118,"Middle East, North Africa, Afghanistan & Pakistan",Beirut,35.5134,33.8872,Lower middle income,IBRD
Lebanon,LB,LBN,2008,,2026-07-13,14955.1413563252,76.956,4925354,"Middle East, North Africa, Afghanistan & Pakistan",Beirut,35.5134,33.8872,Lower middle income,IBRD
Lebanon,LB,LBN,2009,,2026-07-13,16264.3506182706,77.262,4992287,"Middle East, North Africa, Afghanistan & Pakistan",Beirut,35.5134,33.8872,Lower middle income,IBRD
Lebanon,LB,LBN,2000,,2026-07-13,11571.7326041085,73.895,4329340,"Middle East, North Africa, Afghanistan & Pakistan",Beirut,35.5134,33.8872,Lower middle income,IBRD
Lebanon,LB,LBN,2011,,2026-07-13,17353.1960845294,77.768,5096020,"Middle East, North Africa, Afghanistan & Pakistan",Beirut,35.5134,33.8872,Lower middle income,IBRD
Lebanon,LB,LBN,2015,,2026-07-13,14980.020515614,78.275,6472469,"Middle East, North Africa, Afghanistan & Pakistan",Beirut,35.5134,33.8872,Lower middle income,IBRD
Lebanon,LB,LBN,2016,,2026-07-13,15572.3611739774,78.306,6323060,"Middle East, North Africa, Afghanistan & Pakistan",Beirut,35.5134,33.8872,Lower middle income,IBRD
Lebanon,LB,LBN,2022,,2026-07-13,11474.7505845558,78.003,5744489,"Middle East, North Africa, Afghanistan & Pakistan",Beirut,35.5134,33.8872,Lower middle income,IBRD
Lebanon,LB,LBN,2023,,2026-07-13,11330.2687387422,77.817,5773493,"Middle East, North Africa, Afghanistan & Pakistan",Beirut,35.5134,33.8872,Lower middle income,IBRD
Lebanon,LB,LBN,2019,,2026-07-13,15659.5661040012,78.208,5794594,"Middle East, North Africa, Afghanistan & Pakistan",Beirut,35.5134,33.8872,Lower middle income,IBRD
Lebanon,LB,LBN,2020,,2026-07-13,12507.4366368078,76.299,5702398,"Middle East, North Africa, Afghanistan & Pakistan",Beirut,35.5134,33.8872,Lower middle income,IBRD
Lebanon,LB,LBN,2017,,2026-07-13,16128.5838196051,78.192,6160128,"Middle East, North Africa, Afghanistan & Pakistan",Beirut,35.5134,33.8872,Lower middle income,IBRD
Lebanon,LB,LBN,2018,,2026-07-13,16290.0516478592,78.263,5984119,"Middle East, North Africa, Afghanistan & Pakistan",Beirut,35.5134,33.8872,Lower middle income,IBRD
Lebanon,LB,LBN,2021,,2026-07-13,11599.7755083765,73.65,5718122,"Middle East, North Africa, Afghanistan & Pakistan",Beirut,35.5134,33.8872,Lower middle income,IBRD
Lesotho,LS,LSO,2015,,2026-07-13,2986.95866729879,51.83,2104611,Sub-Saharan Africa,Maseru,27.7167,-29.5208,Lower middle income,IDA
Lesotho,LS,LSO,2016,,2026-07-13,3057.26091568162,52.908,2130422,Sub-Saharan Africa,Maseru,27.7167,-29.5208,Lower middle income,IDA
Lesotho,LS,LSO,2011,,2026-07-13,2749.31958166573,46.93,2014009,Sub-Saharan Africa,Maseru,27.7167,-29.5208,Lower middle income,IDA
Lesotho,LS,LSO,2014,,2026-07-13,2930.61724036206,50.786,2080089,Sub-Saharan Africa,Maseru,27.7167,-29.5208,Lower middle income,IDA
Lesotho,LS,LSO,2013,,2026-07-13,2914.37515966739,49.547,2056504,Sub-Saharan Africa,Maseru,27.7167,-29.5208,Lower middle income,IDA
Lesotho,LS,LSO,2010,,2026-07-13,2651.37804898226,46.045,1996251,Sub-Saharan Africa,Maseru,27.7167,-29.5208,Lower middle income,IDA
Lesotho,LS,LSO,2017,,2026-07-13,2924.68096193272,53.874,2157110,Sub-Saharan Africa,Maseru,27.7167,-29.5208,Lower middle income,IDA
Lesotho,LS,LSO,2022,,2026-07-13,2577.54544127769,56.812,2286110,Sub-Saharan Africa,Maseru,27.7167,-29.5208,Lower middle income,IDA
Lesotho,LS,LSO,2019,,2026-07-13,2773.28639887236,55.249,2209405,Sub-Saharan Africa,Maseru,27.7167,-29.5208,Lower middle income,IDA
Lesotho,LS,LSO,2020,,2026-07-13,2517.11044486593,55.133,2235727,Sub-Saharan Africa,Maseru,27.7167,-29.5208,Lower middle income,IDA
Lesotho,LS,LSO,2023,,2026-07-13,2592.4570129526,57.375,2311472,Sub-Saharan Africa,Maseru,27.7167,-29.5208,Lower middle income,IDA
Lesotho,LS,LSO,2021,,2026-07-13,2544.78249551214,54.209,2261542,Sub-Saharan Africa,Maseru,27.7167,-29.5208,Lower middle income,IDA
Lesotho,LS,LSO,2004,,2026-07-13,2178.66474674332,44.039,1971129,Sub-Saharan Africa,Maseru,27.7167,-29.5208,Lower middle income,IDA
Lesotho,LS,LSO,2005,,2026-07-13,2275.01614419256,43.611,1953076,Sub-Saharan Africa,Maseru,27.7167,-29.5208,Lower middle income,IDA
Lesotho,LS,LSO,2006,,2026-07-13,2381.02024562073,43.182,1945063,Sub-Saharan Africa,Maseru,27.7167,-29.5208,Lower middle income,IDA
Lesotho,LS,LSO,2007,,2026-07-13,2470.31462127885,43.66,1953268,Sub-Saharan Africa,Maseru,27.7167,-29.5208,Lower middle income,IDA
Lesotho,LS,LSO,2012,,2026-07-13,2894.22705048142,48.235,2034354,Sub-Saharan Africa,Maseru,27.7167,-29.5208,Lower middle income,IDA
Lesotho,LS,LSO,2009,,2026-07-13,2538.19341751854,45.055,1980883,Sub-Saharan Africa,Maseru,27.7167,-29.5208,Lower middle income,IDA
Lesotho,LS,LSO,2001,,2026-07-13,2004.03350215955,47.153,2000853,Sub-Saharan Africa,Maseru,27.7167,-29.5208,Lower middle income,IDA
Lesotho,LS,LSO,2002,,2026-07-13,2024.78727304864,45.95,1994679,Sub-Saharan Africa,Maseru,27.7167,-29.5208,Lower middle income,IDA
Lesotho,LS,LSO,2018,,2026-07-13,2846.41828124649,54.638,2183603,Sub-Saharan Africa,Maseru,27.7167,-29.5208,Lower middle income,IDA
Lesotho,LS,LSO,2000,,2026-07-13,1932.15793223415,48.783,2003913,Sub-Saharan Africa,Maseru,27.7167,-29.5208,Lower middle income,IDA
Lesotho,LS,LSO,2003,,2026-07-13,2127.37302160132,44.921,1985059,Sub-Saharan Africa,Maseru,27.7167,-29.5208,Lower middle income,IDA
Lesotho,LS,LSO,2008,,2026-07-13,2589.16635854686,44.304,1966541,Sub-Saharan Africa,Maseru,27.7167,-29.5208,Lower middle income,IDA
Liberia,LR,LBR,2007,,2026-07-13,1422.10019670004,58.147,3669050,Sub-Saharan Africa,Monrovia,-10.7957,6.30039,Low income,IDA
Liberia,LR,LBR,2008,,2026-07-13,1463.12408187297,58.675,3821003,Sub-Saharan Africa,Monrovia,-10.7957,6.30039,Low income,IDA
Liberia,LR,LBR,2002,,2026-07-13,1887.64601570733,54.061,3094782,Sub-Saharan Africa,Monrovia,-10.7957,6.30039,Low income,IDA
Liberia,LR,LBR,2003,,2026-07-13,1308.15090140274,53.045,3119532,Sub-Saharan Africa,Monrovia,-10.7957,6.30039,Low income,IDA
Liberia,LR,LBR,2004,,2026-07-13,1326.53565502695,55.949,3156892,Sub-Saharan Africa,Monrovia,-10.7957,6.30039,Low income,IDA
Liberia,LR,LBR,2001,,2026-07-13,1867.11910921753,53.109,3015338,Sub-Saharan Africa,Monrovia,-10.7957,6.30039,Low income,IDA
Liberia,LR,LBR,2006,,2026-07-13,1364.60347323709,57.495,3490787,Sub-Saharan Africa,Monrovia,-10.7957,6.30039,Low income,IDA
Liberia,LR,LBR,2019,,2026-07-13,1575.76665001238,61.232,5043721,Sub-Saharan Africa,Monrovia,-10.7957,6.30039,Low income,IDA
Liberia,LR,LBR,2011,,2026-07-13,1601.03374045996,59.486,4221178,Sub-Saharan Africa,Monrovia,-10.7957,6.30039,Low income,IDA
Liberia,LR,LBR,2020,,2026-07-13,1497.37692436272,61.267,5149463,Sub-Saharan Africa,Monrovia,-10.7957,6.30039,Low income,IDA
Liberia,LR,LBR,2009,,2026-07-13,1492.99817384053,59.106,3943028,Sub-Saharan Africa,Monrovia,-10.7957,6.30039,Low income,IDA
Liberia,LR,LBR,2010,,2026-07-13,1538.85083488512,59.358,4058890,Sub-Saharan Africa,Monrovia,-10.7957,6.30039,Low income,IDA
Liberia,LR,LBR,2015,,2026-07-13,1714.09047960464,59.248,4659431,Sub-Saharan Africa,Monrovia,-10.7957,6.30039,Low income,IDA
Liberia,LR,LBR,2012,,2026-07-13,1668.97289588776,59.785,4373043,Sub-Saharan Africa,Monrovia,-10.7957,6.30039,Low income,IDA
Liberia,LR,LBR,2000,,2026-07-13,1868.17975587618,51.852,2928117,Sub-Saharan Africa,Monrovia,-10.7957,6.30039,Low income,IDA
Liberia,LR,LBR,2014,,2026-07-13,1750.1438489328,59.21,4564293,Sub-Saharan Africa,Monrovia,-10.7957,6.30039,Low income,IDA
Liberia,LR,LBR,2022,,2026-07-13,1578.99837069175,61.934,5373294,Sub-Saharan Africa,Monrovia,-10.7957,6.30039,Low income,IDA
Liberia,LR,LBR,2016,,2026-07-13,1653.31050211233,60.483,4755608,Sub-Saharan Africa,Monrovia,-10.7957,6.30039,Low income,IDA
Liberia,LR,LBR,2017,,2026-07-13,1661.30290782171,60.777,4848925,Sub-Saharan Africa,Monrovia,-10.7957,6.30039,Low income,IDA
Liberia,LR,LBR,2005,,2026-07-13,1335.61728880785,56.765,3301015,Sub-Saharan Africa,Monrovia,-10.7957,6.30039,Low income,IDA
Liberia,LR,LBR,2018,,2026-07-13,1647.97443793846,60.999,4944726,Sub-Saharan Africa,Monrovia,-10.7957,6.30039,Low income,IDA
Liberia,LR,LBR,2023,,2026-07-13,1616.92373356695,62.163,5493031,Sub-Saharan Africa,Monrovia,-10.7957,6.30039,Low income,IDA
Liberia,LR,LBR,2021,,2026-07-13,1539.20892304674,61.166,5259323,Sub-Saharan Africa,Monrovia,-10.7957,6.30039,Low income,IDA
Liberia,LR,LBR,2013,,2026-07-13,1774.5205777394,59.992,4470239,Sub-Saharan Africa,Monrovia,-10.7957,6.30039,Low income,IDA
Libya,LY,LBY,2011,,2026-07-13,10741.9206751908,69.95,6343203,"Middle East, North Africa, Afghanistan & Pakistan",Tripoli,13.1072,32.8578,Upper middle income,IBRD
Libya,LY,LBY,2010,,2026-07-13,21115.5259846154,72.196,6497839,"Middle East, North Africa, Afghanistan & Pakistan",Tripoli,13.1072,32.8578,Upper middle income,IBRD
Libya,LY,LBY,2022,,2026-07-13,11450.0598552928,74.462,7223805,"Middle East, North Africa, Afghanistan & Pakistan",Tripoli,13.1072,32.8578,Upper middle income,IBRD
Libya,LY,LBY,2015,,2026-07-13,12195.3486990421,71.644,6531819,"Middle East, North Africa, Afghanistan & Pakistan",Tripoli,13.1072,32.8578,Upper middle income,IBRD
Libya,LY,LBY,2009,,2026-07-13,20518.9642412838,72.071,6366686,"Middle East, North Africa, Afghanistan & Pakistan",Tripoli,13.1072,32.8578,Upper middle income,IBRD
Libya,LY,LBY,2018,,2026-07-13,16385.164476127,73.151,6849055,"Middle East, North Africa, Afghanistan & Pakistan",Tripoli,13.1072,32.8578,Upper middle income,IBRD
Libya,LY,LBY,2019,,2026-07-13,14337.1962987582,72.941,6951033,"Middle East, North Africa, Afghanistan & Pakistan",Tripoli,13.1072,32.8578,Upper middle income,IBRD
Libya,LY,LBY,2020,,2026-07-13,9978.66400110743,72.388,7045399,"Middle East, North Africa, Afghanistan & Pakistan",Tripoli,13.1072,32.8578,Upper middle income,IBRD
Libya,LY,LBY,2017,,2026-07-13,15428.1164411854,72.721,6738770,"Middle East, North Africa, Afghanistan & Pakistan",Tripoli,13.1072,32.8578,Upper middle income,IBRD
Libya,LY,LBY,2023,,2026-07-13,12476.5974944083,69.339,7305659,"Middle East, North Africa, Afghanistan & Pakistan",Tripoli,13.1072,32.8578,Upper middle income,IBRD
Libya,LY,LBY,2008,,2026-07-13,21915.1976208274,71.936,6235430,"Middle East, North Africa, Afghanistan & Pakistan",Tripoli,13.1072,32.8578,Upper middle income,IBRD
Libya,LY,LBY,2000,,2026-07-13,17747.0188855832,70.542,5305021,"Middle East, North Africa, Afghanistan & Pakistan",Tripoli,13.1072,32.8578,Upper middle income,IBRD
Libya,LY,LBY,2012,,2026-07-13,20601.0026641,72.188,6179328,"Middle East, North Africa, Afghanistan & Pakistan",Tripoli,13.1072,32.8578,Upper middle income,IBRD
Libya,LY,LBY,2013,,2026-07-13,16557.500941665,72.339,6304628,"Middle East, North Africa, Afghanistan & Pakistan",Tripoli,13.1072,32.8578,Upper middle income,IBRD
Libya,LY,LBY,2014,,2026-07-13,12499.0829968523,71.3,6427252,"Middle East, North Africa, Afghanistan & Pakistan",Tripoli,13.1072,32.8578,Upper middle income,IBRD
Libya,LY,LBY,2004,,2026-07-13,18851.2039109963,71.21,5736693,"Middle East, North Africa, Afghanistan & Pakistan",Tripoli,13.1072,32.8578,Upper middle income,IBRD
Libya,LY,LBY,2001,,2026-07-13,17115.9888564264,70.653,5403639,"Middle East, North Africa, Afghanistan & Pakistan",Tripoli,13.1072,32.8578,Upper middle income,IBRD
Libya,LY,LBY,2016,,2026-07-13,11831.8257669559,71.799,6632126,"Middle East, North Africa, Afghanistan & Pakistan",Tripoli,13.1072,32.8578,Upper middle income,IBRD
Libya,LY,LBY,2003,,2026-07-13,18422.7336032405,70.996,5619398,"Middle East, North Africa, Afghanistan & Pakistan",Tripoli,13.1072,32.8578,Upper middle income,IBRD
Libya,LY,LBY,2007,,2026-07-13,22422.0117594762,71.788,6104380,"Middle East, North Africa, Afghanistan & Pakistan",Tripoli,13.1072,32.8578,Upper middle income,IBRD
Libya,LY,LBY,2005,,2026-07-13,20649.4624580172,71.439,5858798,"Middle East, North Africa, Afghanistan & Pakistan",Tripoli,13.1072,32.8578,Upper middle income,IBRD
Libya,LY,LBY,2006,,2026-07-13,21545.2986384419,71.632,5980211,"Middle East, North Africa, Afghanistan & Pakistan",Tripoli,13.1072,32.8578,Upper middle income,IBRD
Libya,LY,LBY,2021,,2026-07-13,12641.5097714075,72.062,7135175,"Middle East, North Africa, Afghanistan & Pakistan",Tripoli,13.1072,32.8578,Upper middle income,IBRD
Libya,LY,LBY,2002,,2026-07-13,16629.4364346005,70.788,5508410,"Middle East, North Africa, Afghanistan & Pakistan",Tripoli,13.1072,32.8578,Upper middle income,IBRD
Liechtenstein,LI,LIE,2001,,2026-07-13,,79.2756097560976,33194,Europe & Central Asia,Vaduz,9.52148,47.1411,High income,Not classified
Liechtenstein,LI,LIE,2004,,2026-07-13,,81.7707317073171,34447,Europe & Central Asia,Vaduz,9.52148,47.1411,High income,Not classified
Liechtenstein,LI,LIE,2013,,2026-07-13,,82.2609756097561,36984,Europe & Central Asia,Vaduz,9.52148,47.1411,High income,Not classified
Liechtenstein,LI,LIE,2000,,2026-07-13,,76.8268292682927,32645,Europe & Central Asia,Vaduz,9.52148,47.1411,High income,Not classified
Liechtenstein,LI,LIE,2008,,2026-07-13,,82.6829268292683,35473,Europe & Central Asia,Vaduz,9.52148,47.1411,High income,Not classified
Liechtenstein,LI,LIE,2005,,2026-07-13,,80.6682926829268,34753,Europe & Central Asia,Vaduz,9.52148,47.1411,High income,Not classified
Liechtenstein,LI,LIE,2002,,2026-07-13,,79.6365853658537,33694,Europe & Central Asia,Vaduz,9.52148,47.1411,High income,Not classified
Liechtenstein,LI,LIE,2003,,2026-07-13,,79.9609756097561,34079,Europe & Central Asia,Vaduz,9.52148,47.1411,High income,Not classified
Liechtenstein,LI,LIE,2012,,2026-07-13,,82.3829268292683,36657,Europe & Central Asia,Vaduz,9.52148,47.1411,High income,Not classified
Liechtenstein,LI,LIE,2009,,2026-07-13,,81.5,35742,Europe & Central Asia,Vaduz,9.52148,47.1411,High income,Not classified
Liechtenstein,LI,LIE,2010,,2026-07-13,,81.8414634146342,36022,Europe & Central Asia,Vaduz,9.52148,47.1411,High income,Not classified
Liechtenstein,LI,LIE,2007,,2026-07-13,,81.2951219512195,35262,Europe & Central Asia,Vaduz,9.52148,47.1411,High income,Not classified
Liechtenstein,LI,LIE,2015,,2026-07-13,,82.6560975609756,37494,Europe & Central Asia,Vaduz,9.52148,47.1411,High income,Not classified
Liechtenstein,LI,LIE,2016,,2026-07-13,,82.2585365853659,37716,Europe & Central Asia,Vaduz,9.52148,47.1411,High income,Not classified
Liechtenstein,LI,LIE,2017,,2026-07-13,,83.7463414634147,37962,Europe & Central Asia,Vaduz,9.52148,47.1411,High income,Not classified
Liechtenstein,LI,LIE,2014,,2026-07-13,,82.0731707317073,37248,Europe & Central Asia,Vaduz,9.52148,47.1411,High income,Not classified
Liechtenstein,LI,LIE,2019,,2026-07-13,,84.1609756097561,38563,Europe & Central Asia,Vaduz,9.52148,47.1411,High income,Not classified
Liechtenstein,LI,LIE,2020,,2026-07-13,,81.6585365853659,38901,Europe & Central Asia,Vaduz,9.52148,47.1411,High income,Not classified
Liechtenstein,LI,LIE,2021,,2026-07-13,,84.4024390243902,39182,Europe & Central Asia,Vaduz,9.52148,47.1411,High income,Not classified
Liechtenstein,LI,LIE,2006,,2026-07-13,,80.9487804878049,35037,Europe & Central Asia,Vaduz,9.52148,47.1411,High income,Not classified
Liechtenstein,LI,LIE,2011,,2026-07-13,,81.7926829268293,36312,Europe & Central Asia,Vaduz,9.52148,47.1411,High income,Not classified
Liechtenstein,LI,LIE,2023,,2026-07-13,,84.5951219512195,39846,Europe & Central Asia,Vaduz,9.52148,47.1411,High income,Not classified
Liechtenstein,LI,LIE,2022,,2026-07-13,,84.1219512195122,39493,Europe & Central Asia,Vaduz,9.52148,47.1411,High income,Not classified
Liechtenstein,LI,LIE,2018,,2026-07-13,,83.0414634146342,38246,Europe & Central Asia,Vaduz,9.52148,47.1411,High income,Not classified
Lithuania,LT,LTU,2004,,2026-07-13,21875.6085796224,71.9609756097561,3377075,Europe & Central Asia,Vilnius,25.2799,54.6896,High income,Not classified
Lithuania,LT,LTU,2015,,2026-07-13,35264.7149248316,74.3219512195122,2911109,Europe & Central Asia,Vilnius,25.2799,54.6896,High income,Not classified
Lithuania,LT,LTU,2014,,2026-07-13,33988.0148951198,74.5170731707317,2937253,Europe & Central Asia,Vilnius,25.2799,54.6896,High income,Not classified
Lithuania,LT,LTU,2016,,2026-07-13,36632.0832798438,74.6707317073171,2877325,Europe & Central Asia,Vilnius,25.2799,54.6896,High income,Not classified
Lithuania,LT,LTU,2003,,2026-07-13,20310.7119582322,72.0609756097561,3415213,Europe & Central Asia,Vilnius,25.2799,54.6896,High income,Not classified
Lithuania,LT,LTU,2002,,2026-07-13,18223.4782620215,71.7609756097561,3443067,Europe & Central Asia,Vilnius,25.2799,54.6896,High income,Not classified
Lithuania,LT,LTU,2007,,2026-07-13,29381.9521464971,70.9,3231294,Europe & Central Asia,Vilnius,25.2799,54.6896,High income,Not classified
Lithuania,LT,LTU,2008,,2026-07-13,30457.3682543436,71.8121951219512,3198231,Europe & Central Asia,Vilnius,25.2799,54.6896,High income,Not classified
Lithuania,LT,LTU,2005,,2026-07-13,23953.8150681702,71.2536585365854,3322528,Europe & Central Asia,Vilnius,25.2799,54.6896,High income,Not classified
Lithuania,LT,LTU,2006,,2026-07-13,26139.2837773621,71.0560975609756,3269909,Europe & Central Asia,Vilnius,25.2799,54.6896,High income,Not classified
Lithuania,LT,LTU,2011,,2026-07-13,29251.8774718539,73.5634146341464,3028115,Europe & Central Asia,Vilnius,25.2799,54.6896,High income,Not classified
Lithuania,LT,LTU,2012,,2026-07-13,30932.0983180261,73.8634146341464,2989139,Europe & Central Asia,Vilnius,25.2799,54.6896,High income,Not classified
Lithuania,LT,LTU,2013,,2026-07-13,32487.0008217277,73.9146341463415,2961250,Europe & Central Asia,Vilnius,25.2799,54.6896,High income,Not classified
Lithuania,LT,LTU,2010,,2026-07-13,26897.7243702338,73.2682926829268,3097282,Europe & Central Asia,Vilnius,25.2799,54.6896,High income,Not classified
Lithuania,LT,LTU,2000,,2026-07-13,15777.4293800236,72.0195121951219,3499536,Europe & Central Asia,Vilnius,25.2799,54.6896,High income,Not classified
Lithuania,LT,LTU,2001,,2026-07-13,16939.467059225,71.6585365853659,3470818,Europe & Central Asia,Vilnius,25.2799,54.6896,High income,Not classified
Lithuania,LT,LTU,2018,,2026-07-13,41035.4018152732,75.6804878048781,2819200,Europe & Central Asia,Vilnius,25.2799,54.6896,High income,Not classified
Lithuania,LT,LTU,2019,,2026-07-13,43078.7118585461,76.2829268292683,2811089,Europe & Central Asia,Vilnius,25.2799,54.6896,High income,Not classified
Lithuania,LT,LTU,2009,,2026-07-13,26227.5230201039,72.9146341463415,3162916,Europe & Central Asia,Vilnius,25.2799,54.6896,High income,Not classified
Lithuania,LT,LTU,2017,,2026-07-13,38789.2463179035,75.4804878048781,2842639,Europe & Central Asia,Vilnius,25.2799,54.6896,High income,Not classified
Lithuania,LT,LTU,2022,,2026-07-13,46642.5947251086,75.6439024390244,2831639,Europe & Central Asia,Vilnius,25.2799,54.6896,High income,Not classified
Lithuania,LT,LTU,2023,,2026-07-13,46333.9006965206,77.290243902439,2871585,Europe & Central Asia,Vilnius,25.2799,54.6896,High income,Not classified
Lithuania,LT,LTU,2021,,2026-07-13,45897.3715026327,74.0365853658537,2808380,Europe & Central Asia,Vilnius,25.2799,54.6896,High income,Not classified
Lithuania,LT,LTU,2020,,2026-07-13,43108.1976060283,75.0292682926829,2810369,Europe & Central Asia,Vilnius,25.2799,54.6896,High income,Not classified
Low & middle income,XO,LMY,2020,,2026-07-13,11605.6207814452,70.6688288777218,6460393883,Aggregates,,,,Aggregates,Aggregates
Low & middle income,XO,LMY,2018,,2026-07-13,11619.79598111,71.0377085637557,6311329885,Aggregates,,,,Aggregates,Aggregates
Low & middle income,XO,LMY,2019,,2026-07-13,11942.5710199999,71.2751936184695,6387395177,Aggregates,,,,Aggregates,Aggregates
Low & middle income,XO,LMY,2000,,2026-07-13,5516.65071098444,65.5026469068866,4905832166,Aggregates,,,,Aggregates,Aggregates
Low & middle income,XO,LMY,2017,,2026-07-13,11215.7885981508,70.7083294342373,6233470764,Aggregates,,,,Aggregates,Aggregates
Low & middle income,XO,LMY,2016,,2026-07-13,10798.4518286632,70.5023449377455,6153938165,Aggregates,,,,Aggregates,Aggregates
Low & middle income,XO,LMY,2015,,2026-07-13,10435.5053265179,70.2660277698023,6075072158,Aggregates,,,,Aggregates,Aggregates
Low & middle income,XO,LMY,2001,,2026-07-13,5631.10697990246,65.8252012990643,4982645927,Aggregates,,,,Aggregates,Aggregates
Low & middle income,XO,LMY,2021,,2026-07-13,12294.6891013589,69.5994726083483,6527758150,Aggregates,,,,Aggregates,Aggregates
Low & middle income,XO,LMY,2022,,2026-07-13,12688.9670294297,71.5990630119306,6590522389,Aggregates,,,,Aggregates,Aggregates
Low & middle income,XO,LMY,2023,,2026-07-13,13155.1620681372,71.8872400935005,6654784822,Aggregates,,,,Aggregates,Aggregates
Low & middle income,XO,LMY,2003,,2026-07-13,6049.20754417552,66.5206935734983,5134151809,Aggregates,,,,Aggregates,Aggregates
Low & middle income,XO,LMY,2008,,2026-07-13,7977.46088036183,68.0858529818689,5515409827,Aggregates,,,,Aggregates,Aggregates
Low & middle income,XO,LMY,2009,,2026-07-13,8152.22412560338,68.4826507476362,5593414145,Aggregates,,,,Aggregates,Aggregates
Low & middle income,XO,LMY,2010,,2026-07-13,8663.85763037059,68.829079801859,5672202320,Aggregates,,,,Aggregates,Aggregates
Low & middle income,XO,LMY,2011,,2026-07-13,9057.29727616674,69.1237816714452,5752146479,Aggregates,,,,Aggregates,Aggregates
Low & middle income,XO,LMY,2012,,2026-07-13,9388.20025846692,69.4672754810116,5834053766,Aggregates,,,,Aggregates,Aggregates
Low & middle income,XO,LMY,2002,,2026-07-13,5806.43177431994,66.1730202625342,5058611691,Aggregates,,,,Aggregates,Aggregates
Low & middle income,XO,LMY,2014,,2026-07-13,10105.0781953344,70.0129747334528,5996036961,Aggregates,,,,Aggregates,Aggregates
Low & middle income,XO,LMY,2006,,2026-07-13,7185.63014243261,67.5165744610236,5362644527,Aggregates,,,,Aggregates,Aggregates
Low & middle income,XO,LMY,2007,,2026-07-13,7671.7507012782,67.8705140876484,5438471388,Aggregates,,,,Aggregates,Aggregates
Low & middle income,XO,LMY,2004,,2026-07-13,6413.33308387559,66.7485375374222,5210186432,Aggregates,,,,Aggregates,Aggregates
Low & middle income,XO,LMY,2005,,2026-07-13,6762.59683515012,67.1609764802491,5286284172,Aggregates,,,,Aggregates,Aggregates
Low & middle income,XO,LMY,2013,,2026-07-13,9755.16890460974,69.7578943672838,5915255859,Aggregates,,,,Aggregates,Aggregates
Low income,XM,,2000,,2026-07-13,1848.07202366958,53.5658266787602,384939694,,,,,,
Low income,XM,,2001,,2026-07-13,1879.89185741637,54.0977622538533,395479907,,,,,,
Low income,XM,,2002,,2026-07-13,1938.9037333312,54.5883733134626,407257571,,,,,,
Low income,XM,,2003,,2026-07-13,1962.85839011974,55.6467903296323,419524938,,,,,,
Low income,XM,,2004,,2026-07-13,2037.73559020632,56.1525263948714,431686343,,,,,,
Low income,XM,,2005,,2026-07-13,2117.2453953109,56.7098937328984,444311036,,,,,,
Low income,XM,,2006,,2026-07-13,2183.70629205611,57.5164128657126,457733823,,,,,,
Low income,XM,,2007,,2026-07-13,2267.43652462977,58.1967760446753,471363220,,,,,,
Low income,XM,,2008,,2026-07-13,2332.31935449671,58.8124314098635,485037568,,,,,,
Low income,XM,,2009,,2026-07-13,2363.64532551769,59.137335167121996,499033157,,,,,,
Low income,XM,,2010,,2026-07-13,2461.60384878329,59.9228440660563,513321520,,,,,,
Low income,XM,,2011,,2026-07-13,2471.46990092247,60.0234280143609,527892250,,,,,,
Low income,XM,,2012,,2026-07-13,2314.6902870397,60.645343297395,542350920,,,,,,
Low income,XM,,2013,,2026-07-13,2284.04770988727,61.1278756447435,556241191,,,,,,
Low income,XM,,2014,,2026-07-13,2312.39785199331,61.2355124632344,570113927,,,,,,
Low income,XM,,2015,,2026-07-13,2349.58022316902,61.4773611355614,584512207,,,,,,
Low income,XM,,2016,,2026-07-13,2367.13435583932,61.9153373144368,600009187,,,,,,
Low income,XM,,2017,,2026-07-13,2398.91418465668,62.1652180538127,616499860,,,,,,
Low income,XM,,2018,,2026-07-13,2422.64161564751,62.8810663634809,633927417,,,,,,
Low income,XM,,2019,,2026-07-13,2449.56269658666,63.3423644700836,652255298,,,,,,
Low income,XM,,2020,,2026-07-13,2399.29922464841,63.3985123751126,670891024,,,,,,
Low income,XM,,2021,,2026-07-13,2374.74913269038,62.9162289932422,689336827,,,,,,
Low income,XM,,2022,,2026-07-13,2395.91599638187,64.0824869475372,707776045,,,,,,
Low income,XM,,2023,,2026-07-13,2365.06299303399,65.0356834241329,727162058,,,,,,
Lower middle income,XN,,2015,,2026-07-13,6770.17550450668,66.9713052944827,2573897309,,,,,,
Lower middle income,XN,,2000,,2026-07-13,3721.15583004668,61.067603976086,1974298738,,,,,,
Lower middle income,XN,,2001,,2026-07-13,3811.50335096094,61.4468342858288,2014775934,,,,,,
Lower middle income,XN,,2002,,2026-07-13,3905.26609643631,61.926798189265,2054637039,,,,,,
Lower middle income,XN,,2003,,2026-07-13,4065.50236156351,62.3568599660003,2094151717,,,,,,
Lower middle income,XN,,2004,,2026-07-13,4274.69610229025,62.7587875522039,2134083088,,,,,,
Lower middle income,XN,,2005,,2026-07-13,4484.76374023139,63.110227834651504,2173648512,,,,,,
Lower middle income,XN,,2006,,2026-07-13,4721.62738527555,63.5808285753849,2213010272,,,,,,
Lower middle income,XN,,2007,,2026-07-13,4960.878329707,63.9765127251389,2252804798,,,,,,
Lower middle income,XN,,2008,,2026-07-13,5091.43324856468,64.2324104108652,2292423648,,,,,,
Lower middle income,XN,,2009,,2026-07-13,5327.71639726179,64.7622113931181,2332514413,,,,,,
Lower middle income,XN,,2010,,2026-07-13,5602.46049037949,65.0880690485672,2373327552,,,,,,
Lower middle income,XN,,2011,,2026-07-13,5768.54126854103,65.5448113702143,2414186781,,,,,,
Lower middle income,XN,,2012,,2026-07-13,5959.12380566511,65.9312132098425,2454758533,,,,,,
Lower middle income,XN,,2013,,2026-07-13,6197.54309245233,66.2887596631171,2495192785,,,,,,
Lower middle income,XN,,2014,,2026-07-13,6478.86225993693,66.6478228672882,2535128764,,,,,,
Lower middle income,XN,,2016,,2026-07-13,7060.83322568102,67.3084956145481,2612496538,,,,,,
Lower middle income,XN,,2017,,2026-07-13,7336.66033715744,67.6239325402262,2650727446,,,,,,
Lower middle income,XN,,2018,,2026-07-13,7634.72598689899,67.9414432210583,2687882795,,,,,,
Lower middle income,XN,,2019,,2026-07-13,7828.88816562443,68.2362841633293,2724611683,,,,,,
Lower middle income,XN,,2020,,2026-07-13,7421.0922949801,67.6210996997917,2761575388,,,,,,
Lower middle income,XN,,2021,,2026-07-13,7838.34718454926,66.0070723287166,2797047001,,,,,,
Lower middle income,XN,,2022,,2026-07-13,8239.02963162706,69.0302473093761,2832445640,,,,,,
Lower middle income,XN,,2023,,2026-07-13,8575.83406829339,69.3282445149932,2869695351,,,,,,
Luxembourg,LU,LUX,2001,,2026-07-13,116265.230369162,77.8243902439025,441525,Europe & Central Asia,Luxembourg,6.1296,49.61,High income,Not classified
Luxembourg,LU,LUX,2002,,2026-07-13,118764.331507238,77.9658536585366,446175,Europe & Central Asia,Luxembourg,6.1296,49.61,High income,Not classified
Luxembourg,LU,LUX,2006,,2026-07-13,130290.174082751,79.2878048780488,472637,Europe & Central Asia,Luxembourg,6.1296,49.61,High income,Not classified
Luxembourg,LU,LUX,2008,,2026-07-13,135814.608862354,80.5390243902439,488650,Europe & Central Asia,Luxembourg,6.1296,49.61,High income,Not classified
Luxembourg,LU,LUX,2009,,2026-07-13,129004.508948877,80.6365853658537,497783,Europe & Central Asia,Luxembourg,6.1296,49.61,High income,Not classified
Luxembourg,LU,LUX,2010,,2026-07-13,131434.360018803,80.6317073170732,506953,Europe & Central Asia,Luxembourg,6.1296,49.61,High income,Not classified
Luxembourg,LU,LUX,2007,,2026-07-13,138683.319852878,79.3829268292683,479993,Europe & Central Asia,Luxembourg,6.1296,49.61,High income,Not classified
Luxembourg,LU,LUX,2000,,2026-07-13,114148.353907645,77.8731707317073,436300,Europe & Central Asia,Luxembourg,6.1296,49.61,High income,Not classified
Luxembourg,LU,LUX,2013,,2026-07-13,129947.336184196,81.8,543360,Europe & Central Asia,Luxembourg,6.1296,49.61,High income,Not classified
Luxembourg,LU,LUX,2005,,2026-07-13,124871.952523256,79.4317073170732,465158,Europe & Central Asia,Luxembourg,6.1296,49.61,High income,Not classified
Luxembourg,LU,LUX,2014,,2026-07-13,130249.550482759,82.2292682926829,556319,Europe & Central Asia,Luxembourg,6.1296,49.61,High income,Not classified
Luxembourg,LU,LUX,2003,,2026-07-13,120403.002017933,77.7268292682927,451630,Europe & Central Asia,Luxembourg,6.1296,49.61,High income,Not classified
Luxembourg,LU,LUX,2004,,2026-07-13,123725.755122536,79.1219512195122,458095,Europe & Central Asia,Luxembourg,6.1296,49.61,High income,Not classified
Luxembourg,LU,LUX,2021,,2026-07-13,136772.443753292,82.5975609756098,640064,Europe & Central Asia,Luxembourg,6.1296,49.61,High income,Not classified
Luxembourg,LU,LUX,2018,,2026-07-13,131733.884471489,82.2951219512195,607950,Europe & Central Asia,Luxembourg,6.1296,49.61,High income,Not classified
Luxembourg,LU,LUX,2019,,2026-07-13,132724.754668303,82.6390243902439,620001,Europe & Central Asia,Luxembourg,6.1296,49.61,High income,Not classified
Luxembourg,LU,LUX,2020,,2026-07-13,129865.631871124,82.1439024390244,630419,Europe & Central Asia,Luxembourg,6.1296,49.61,High income,Not classified
Luxembourg,LU,LUX,2016,,2026-07-13,133661.734541281,82.6853658536585,582014,Europe & Central Asia,Luxembourg,6.1296,49.61,High income,Not classified
Luxembourg,LU,LUX,2022,,2026-07-13,132570.832272626,82.9463414634147,653103,Europe & Central Asia,Luxembourg,6.1296,49.61,High income,Not classified
Luxembourg,LU,LUX,2011,,2026-07-13,129887.626962873,80.9878048780488,518347,Europe & Central Asia,Luxembourg,6.1296,49.61,High income,Not classified
Luxembourg,LU,LUX,2012,,2026-07-13,128897.403218507,81.3926829268293,530946,Europe & Central Asia,Luxembourg,6.1296,49.61,High income,Not classified
Luxembourg,LU,LUX,2017,,2026-07-13,132169.829576174,82.0951219512195,596336,Europe & Central Asia,Luxembourg,6.1296,49.61,High income,Not classified
Luxembourg,LU,LUX,2015,,2026-07-13,130097.338289025,82.2926829268293,569604,Europe & Central Asia,Luxembourg,6.1296,49.61,High income,Not classified
Luxembourg,LU,LUX,2023,,2026-07-13,130048.922273147,83.309756097561,666430,Europe & Central Asia,Luxembourg,6.1296,49.61,High income,Not classified
"Macao SAR, China",MO,MAC,2004,,2026-07-13,84004.4558061302,80.9926829268293,454700,East Asia & Pacific,,113.55,22.1667,High income,Not classified
"Macao SAR, China",MO,MAC,2005,,2026-07-13,87185.5254441553,81.3414634146341,473500,East Asia & Pacific,,113.55,22.1667,High income,Not classified
"Macao SAR, China",MO,MAC,2003,,2026-07-13,67994.777526459,81.0439024390244,443600,East Asia & Pacific,,113.55,22.1667,High income,Not classified
"Macao SAR, China",MO,MAC,2016,,2026-07-13,120530.052858314,83.2756097560976,652500,East Asia & Pacific,,113.55,22.1667,High income,Not classified
"Macao SAR, China",MO,MAC,2010,,2026-07-13,130758.2806979,82.2731707317073,537000,East Asia & Pacific,,113.55,22.1667,High income,Not classified
"Macao SAR, China",MO,MAC,2012,,2026-07-13,164239.261923457,82.4707317073171,567900,East Asia & Pacific,,113.55,22.1667,High income,Not classified
"Macao SAR, China",MO,MAC,2013,,2026-07-13,174569.523171267,82.7219512195122,591900,East Asia & Pacific,,113.55,22.1667,High income,Not classified
"Macao SAR, China",MO,MAC,2014,,2026-07-13,162813.439348589,83.0219512195122,621700,East Asia & Pacific,,113.55,22.1667,High income,Not classified
"Macao SAR, China",MO,MAC,2011,,2026-07-13,155385.324208541,82.4707317073171,549600,East Asia & Pacific,,113.55,22.1667,High income,Not classified
"Macao SAR, China",MO,MAC,2000,,2026-07-13,55994.760697993,80.1829268292683,430600,East Asia & Pacific,,113.55,22.1667,High income,Not classified
"Macao SAR, China",MO,MAC,2015,,2026-07-13,123194.067291275,83.2243902439024,642900,East Asia & Pacific,,113.55,22.1667,High income,Not classified
"Macao SAR, China",MO,MAC,2002,,2026-07-13,61625.9560068114,80.9463414634146,438400,East Asia & Pacific,,113.55,22.1667,High income,Not classified
"Macao SAR, China",MO,MAC,2017,,2026-07-13,133322.632677744,83.5268292682927,648400,East Asia & Pacific,,113.55,22.1667,High income,Not classified
"Macao SAR, China",MO,MAC,2006,,2026-07-13,93828.3198758417,81.7292682926829,498900,East Asia & Pacific,,113.55,22.1667,High income,Not classified
"Macao SAR, China",MO,MAC,2007,,2026-07-13,102879.639164559,81.7292682926829,520900,East Asia & Pacific,,113.55,22.1667,High income,Not classified
"Macao SAR, China",MO,MAC,2008,,2026-07-13,102474.668562926,82.0268292682927,540700,East Asia & Pacific,,113.55,22.1667,High income,Not classified
"Macao SAR, China",MO,MAC,2009,,2026-07-13,104911.140336462,82.1756097560976,535000,East Asia & Pacific,,113.55,22.1667,High income,Not classified
"Macao SAR, China",MO,MAC,2019,,2026-07-13,133453.896026037,83.9292682926829,672000,East Asia & Pacific,,113.55,22.1667,High income,Not classified
"Macao SAR, China",MO,MAC,2020,,2026-07-13,59662.4855864551,84.1292682926829,685400,East Asia & Pacific,,113.55,22.1667,High income,Not classified
"Macao SAR, China",MO,MAC,2021,,2026-07-13,73374.4486829589,83.7292682926829,682500,East Asia & Pacific,,113.55,22.1667,High income,Not classified
"Macao SAR, China",MO,MAC,2022,,2026-07-13,59921.441691873,83.0804878048781,677300,East Asia & Pacific,,113.55,22.1667,High income,Not classified
"Macao SAR, China",MO,MAC,2023,,2026-07-13,104815.20003062,83.1804878048781,678800,East Asia & Pacific,,113.55,22.1667,High income,Not classified
"Macao SAR, China",MO,MAC,2001,,2026-07-13,57173.8590987063,80.5878048780488,433900,East Asia & Pacific,,113.55,22.1667,High income,Not classified
"Macao SAR, China",MO,MAC,2018,,2026-07-13,139541.157248769,83.6780487804878,658900,East Asia & Pacific,,113.55,22.1667,High income,Not classified
Madagascar,MG,MDG,2000,,2026-07-13,1701.44320253582,57.974,16516338,Sub-Saharan Africa,Antananarivo,45.7167,-20.4667,Low income,IDA
Madagascar,MG,MDG,2018,,2026-07-13,1678.78623269491,63.491,27494926,Sub-Saharan Africa,Antananarivo,45.7167,-20.4667,Low income,IDA
Madagascar,MG,MDG,2020,,2026-07-13,1545.72714379204,62.706,28953556,Sub-Saharan Africa,Antananarivo,45.7167,-20.4667,Low income,IDA
Madagascar,MG,MDG,2021,,2026-07-13,1577.43246056529,62.516,29691083,Sub-Saharan Africa,Antananarivo,45.7167,-20.4667,Low income,IDA
Madagascar,MG,MDG,2022,,2026-07-13,1602.42805197529,63.068,30437261,Sub-Saharan Africa,Antananarivo,45.7167,-20.4667,Low income,IDA
Madagascar,MG,MDG,2019,,2026-07-13,1707.83153830039,63.504,28219554,Sub-Saharan Africa,Antananarivo,45.7167,-20.4667,Low income,IDA
Madagascar,MG,MDG,2006,,2026-07-13,1686.86335460016,61.14,19730909,Sub-Saharan Africa,Antananarivo,45.7167,-20.4667,Low income,IDA
Madagascar,MG,MDG,2007,,2026-07-13,1731.61751794976,61.533,20318583,Sub-Saharan Africa,Antananarivo,45.7167,-20.4667,Low income,IDA
Madagascar,MG,MDG,2008,,2026-07-13,1794.40235887329,61.992,20923840,Sub-Saharan Africa,Antananarivo,45.7167,-20.4667,Low income,IDA
Madagascar,MG,MDG,2009,,2026-07-13,1673.15551466723,62.304,21547280,Sub-Saharan Africa,Antananarivo,45.7167,-20.4667,Low income,IDA
Madagascar,MG,MDG,2010,,2026-07-13,1635.24511473059,62.597,22183340,Sub-Saharan Africa,Antananarivo,45.7167,-20.4667,Low income,IDA
Madagascar,MG,MDG,2011,,2026-07-13,1614.55137773785,62.86,22822300,Sub-Saharan Africa,Antananarivo,45.7167,-20.4667,Low income,IDA
Madagascar,MG,MDG,2001,,2026-07-13,1748.50350929178,58.674,17032939,Sub-Saharan Africa,Antananarivo,45.7167,-20.4667,Low income,IDA
Madagascar,MG,MDG,2002,,2026-07-13,1486.43429741771,59.17,17549913,Sub-Saharan Africa,Antananarivo,45.7167,-20.4667,Low income,IDA
Madagascar,MG,MDG,2016,,2026-07-13,1648.91226979296,63.431,26099952,Sub-Saharan Africa,Antananarivo,45.7167,-20.4667,Low income,IDA
Madagascar,MG,MDG,2017,,2026-07-13,1669.72764267278,63.433,26788375,Sub-Saharan Africa,Antananarivo,45.7167,-20.4667,Low income,IDA
Madagascar,MG,MDG,2003,,2026-07-13,1584.74925232364,59.693,18071854,Sub-Saharan Africa,Antananarivo,45.7167,-20.4667,Low income,IDA
Madagascar,MG,MDG,2004,,2026-07-13,1620.11953793293,60.168,18606608,Sub-Saharan Africa,Antananarivo,45.7167,-20.4667,Low income,IDA
Madagascar,MG,MDG,2023,,2026-07-13,1629.6055225489,63.632,31195932,Sub-Saharan Africa,Antananarivo,45.7167,-20.4667,Low income,IDA
Madagascar,MG,MDG,2014,,2026-07-13,1620.357889066,63.261,24764348,Sub-Saharan Africa,Antananarivo,45.7167,-20.4667,Low income,IDA
Madagascar,MG,MDG,2015,,2026-07-13,1627.5806134224,63.362,25426702,Sub-Saharan Africa,Antananarivo,45.7167,-20.4667,Low income,IDA
Madagascar,MG,MDG,2012,,2026-07-13,1617.79082882481,63.007,23462438,Sub-Saharan Africa,Antananarivo,45.7167,-20.4667,Low income,IDA
Madagascar,MG,MDG,2013,,2026-07-13,1610.6023078966,63.161,24109290,Sub-Saharan Africa,Antananarivo,45.7167,-20.4667,Low income,IDA
Madagascar,MG,MDG,2005,,2026-07-13,1648.17631554009,60.664,19159707,Sub-Saharan Africa,Antananarivo,45.7167,-20.4667,Low income,IDA
Malawi,MW,MWI,2003,,2026-07-13,1176.12385998737,49.601,12181574,Sub-Saharan Africa,Lilongwe,33.7703,-13.9899,Low income,IDA
Malawi,MW,MWI,2004,,2026-07-13,1208.2196975075,51.073,12500737,Sub-Saharan Africa,Lilongwe,33.7703,-13.9899,Low income,IDA
Malawi,MW,MWI,2005,,2026-07-13,1214.7426419188,52.469,12840031,Sub-Saharan Africa,Lilongwe,33.7703,-13.9899,Low income,IDA
Malawi,MW,MWI,2002,,2026-07-13,1140.84274642418,48.176,11880440,Sub-Saharan Africa,Lilongwe,33.7703,-13.9899,Low income,IDA
Malawi,MW,MWI,2007,,2026-07-13,1318.33196397214,54.687,13576343,Sub-Saharan Africa,Lilongwe,33.7703,-13.9899,Low income,IDA
Malawi,MW,MWI,2011,,2026-07-13,1533.22889572405,58.859,15265022,Sub-Saharan Africa,Lilongwe,33.7703,-13.9899,Low income,IDA
Malawi,MW,MWI,2012,,2026-07-13,1518.14803849238,59.87,15709577,Sub-Saharan Africa,Lilongwe,33.7703,-13.9899,Low income,IDA
Malawi,MW,MWI,2006,,2026-07-13,1237.27386519947,53.652,13198701,Sub-Saharan Africa,Lilongwe,33.7703,-13.9899,Low income,IDA
Malawi,MW,MWI,2000,,2026-07-13,1239.39174838676,46.17,11315942,Sub-Saharan Africa,Lilongwe,33.7703,-13.9899,Low income,IDA
Malawi,MW,MWI,2001,,2026-07-13,1149.58039601898,47.205,11593058,Sub-Saharan Africa,Lilongwe,33.7703,-13.9899,Low income,IDA
Malawi,MW,MWI,2015,,2026-07-13,1597.69145324855,62.324,17085587,Sub-Saharan Africa,Lilongwe,33.7703,-13.9899,Low income,IDA
Malawi,MW,MWI,2016,,2026-07-13,1593.59549264808,63.163,17557739,Sub-Saharan Africa,Lilongwe,33.7703,-13.9899,Low income,IDA
Malawi,MW,MWI,2017,,2026-07-13,1613.0593571462,63.914,18039715,Sub-Saharan Africa,Lilongwe,33.7703,-13.9899,Low income,IDA
Malawi,MW,MWI,2018,,2026-07-13,1638.91665761076,64.464,18528081,Sub-Saharan Africa,Lilongwe,33.7703,-13.9899,Low income,IDA
Malawi,MW,MWI,2019,,2026-07-13,1687.28944917892,64.995,19025752,Sub-Saharan Africa,Lilongwe,33.7703,-13.9899,Low income,IDA
Malawi,MW,MWI,2008,,2026-07-13,1378.42886690465,55.715,13976417,Sub-Saharan Africa,Lilongwe,33.7703,-13.9899,Low income,IDA
Malawi,MW,MWI,2009,,2026-07-13,1449.72601522136,56.714,14395788,Sub-Saharan Africa,Lilongwe,33.7703,-13.9899,Low income,IDA
Malawi,MW,MWI,2010,,2026-07-13,1504.37514113215,57.787,14826463,Sub-Saharan Africa,Lilongwe,33.7703,-13.9899,Low income,IDA
Malawi,MW,MWI,2014,,2026-07-13,1597.56484331405,61.651,16621538,Sub-Saharan Africa,Lilongwe,33.7703,-13.9899,Low income,IDA
Malawi,MW,MWI,2023,,2026-07-13,1649.29873234551,67.353,21104482,Sub-Saharan Africa,Lilongwe,33.7703,-13.9899,Low income,IDA
Malawi,MW,MWI,2020,,2026-07-13,1656.43985192533,65.216,19533888,Sub-Saharan Africa,Lilongwe,33.7703,-13.9899,Low income,IDA
Malawi,MW,MWI,2013,,2026-07-13,1555.50607410511,60.816,16161816,Sub-Saharan Africa,Lilongwe,33.7703,-13.9899,Low income,IDA
Malawi,MW,MWI,2022,,2026-07-13,1659.95933825168,66.037,20568728,Sub-Saharan Africa,Lilongwe,33.7703,-13.9899,Low income,IDA
Malawi,MW,MWI,2021,,2026-07-13,1687.59358179651,64.782,20047258,Sub-Saharan Africa,Lilongwe,33.7703,-13.9899,Low income,IDA
Malaysia,MY,MYS,2019,,2026-07-13,31300.5086554849,75.9,33440596,East Asia & Pacific,Kuala Lumpur,101.684,3.12433,Upper middle income,IBRD
Malaysia,MY,MYS,2015,,2026-07-13,27699.6278860387,75.288,31232798,East Asia & Pacific,Kuala Lumpur,101.684,3.12433,Upper middle income,IBRD
Malaysia,MY,MYS,2013,,2026-07-13,25736.3525554142,75.464,30174265,East Asia & Pacific,Kuala Lumpur,101.684,3.12433,Upper middle income,IBRD
Malaysia,MY,MYS,2023,,2026-07-13,32857.6676600774,76.657,35126298,East Asia & Pacific,Kuala Lumpur,101.684,3.12433,Upper middle income,IBRD
Malaysia,MY,MYS,2020,,2026-07-13,29200.452632127,76.057,33889558,East Asia & Pacific,Kuala Lumpur,101.684,3.12433,Upper middle income,IBRD
Malaysia,MY,MYS,2021,,2026-07-13,29822.8491831618,73.917,34282399,East Asia & Pacific,Kuala Lumpur,101.684,3.12433,Upper middle income,IBRD
Malaysia,MY,MYS,2022,,2026-07-13,32129.2217820113,75.444,34695493,East Asia & Pacific,Kuala Lumpur,101.684,3.12433,Upper middle income,IBRD
Malaysia,MY,MYS,2012,,2026-07-13,25006.3587781537,75.552,29662831,East Asia & Pacific,Kuala Lumpur,101.684,3.12433,Upper middle income,IBRD
Malaysia,MY,MYS,2014,,2026-07-13,26818.4317281659,75.345,30696137,East Asia & Pacific,Kuala Lumpur,101.684,3.12433,Upper middle income,IBRD
Malaysia,MY,MYS,2000,,2026-07-13,18532.9096706227,72.732,22967816,East Asia & Pacific,Kuala Lumpur,101.684,3.12433,Upper middle income,IBRD
Malaysia,MY,MYS,2016,,2026-07-13,28425.3707609412,75.371,31789685,East Asia & Pacific,Kuala Lumpur,101.684,3.12433,Upper middle income,IBRD
Malaysia,MY,MYS,2017,,2026-07-13,29551.5457597197,75.542,32355644,East Asia & Pacific,Kuala Lumpur,101.684,3.12433,Upper middle income,IBRD
Malaysia,MY,MYS,2018,,2026-07-13,30459.9655338061,75.734,32910967,East Asia & Pacific,Kuala Lumpur,101.684,3.12433,Upper middle income,IBRD
Malaysia,MY,MYS,2004,,2026-07-13,20168.5062099425,74.027,25256772,East Asia & Pacific,Kuala Lumpur,101.684,3.12433,Upper middle income,IBRD
Malaysia,MY,MYS,2005,,2026-07-13,20767.5857243346,74.37,25836071,East Asia & Pacific,Kuala Lumpur,101.684,3.12433,Upper middle income,IBRD
Malaysia,MY,MYS,2006,,2026-07-13,21444.4857715028,74.697,26417909,East Asia & Pacific,Kuala Lumpur,101.684,3.12433,Upper middle income,IBRD
Malaysia,MY,MYS,2007,,2026-07-13,22305.118263117,74.961,26998389,East Asia & Pacific,Kuala Lumpur,101.684,3.12433,Upper middle income,IBRD
Malaysia,MY,MYS,2008,,2026-07-13,22898.0027575442,75.151,27570059,East Asia & Pacific,Kuala Lumpur,101.684,3.12433,Upper middle income,IBRD
Malaysia,MY,MYS,2009,,2026-07-13,22106.6417311801,75.269,28124778,East Asia & Pacific,Kuala Lumpur,101.684,3.12433,Upper middle income,IBRD
Malaysia,MY,MYS,2010,,2026-07-13,23307.9698543785,75.376,28655776,East Asia & Pacific,Kuala Lumpur,101.684,3.12433,Upper middle income,IBRD
Malaysia,MY,MYS,2011,,2026-07-13,24115.8181203958,75.488,29162039,East Asia & Pacific,Kuala Lumpur,101.684,3.12433,Upper middle income,IBRD
Malaysia,MY,MYS,2003,,2026-07-13,19329.0062757538,73.727,24679602,East Asia & Pacific,Kuala Lumpur,101.684,3.12433,Upper middle income,IBRD
Malaysia,MY,MYS,2001,,2026-07-13,18186.4411330146,73.08,23526538,East Asia & Pacific,Kuala Lumpur,101.684,3.12433,Upper middle income,IBRD
Malaysia,MY,MYS,2002,,2026-07-13,18708.8694877279,73.469,24102477,East Asia & Pacific,Kuala Lumpur,101.684,3.12433,Upper middle income,IBRD
Maldives,MV,MDV,2004,,2026-07-13,15958.6557759464,73.008,301413,South Asia,Male,73.5109,4.1742,Upper middle income,IDA
Maldives,MV,MDV,2003,,2026-07-13,15316.1192814998,73.263,296491,South Asia,Male,73.5109,4.1742,Upper middle income,IDA
Maldives,MV,MDV,2007,,2026-07-13,17439.9504862625,75.711,324479,South Asia,Male,73.5109,4.1742,Upper middle income,IDA
Maldives,MV,MDV,2008,,2026-07-13,18344.4866455436,75.999,336170,South Asia,Male,73.5109,4.1742,Upper middle income,IDA
Maldives,MV,MDV,2009,,2026-07-13,16230.0089361263,76.371,348275,South Asia,Male,73.5109,4.1742,Upper middle income,IDA
Maldives,MV,MDV,2010,,2026-07-13,16730.0144200167,76.756,360792,South Asia,Male,73.5109,4.1742,Upper middle income,IDA
Maldives,MV,MDV,2011,,2026-07-13,17581.7676697752,77.141,373674,South Asia,Male,73.5109,4.1742,Upper middle income,IDA
Maldives,MV,MDV,2000,,2026-07-13,13738.2809408875,70.892,282019,South Asia,Male,73.5109,4.1742,Upper middle income,IDA
Maldives,MV,MDV,2001,,2026-07-13,12977.9990665612,71.659,286767,South Asia,Male,73.5109,4.1742,Upper middle income,IDA
Maldives,MV,MDV,2002,,2026-07-13,13689.8065561949,72.36,291616,South Asia,Male,73.5109,4.1742,Upper middle income,IDA
Maldives,MV,MDV,2006,,2026-07-13,16829.9768208157,75.256,313851,South Asia,Male,73.5109,4.1742,Upper middle income,IDA
Maldives,MV,MDV,2015,,2026-07-13,18829.4481529112,78.607,428154,South Asia,Male,73.5109,4.1742,Upper middle income,IDA
Maldives,MV,MDV,2016,,2026-07-13,19345.1792343541,78.913,443308,South Asia,Male,73.5109,4.1742,Upper middle income,IDA
Maldives,MV,MDV,2005,,2026-07-13,13942.8753891662,74.785,306429,South Asia,Male,73.5109,4.1742,Upper middle income,IDA
Maldives,MV,MDV,2022,,2026-07-13,21357.8112511153,80.76,524106,South Asia,Male,73.5109,4.1742,Upper middle income,IDA
Maldives,MV,MDV,2019,,2026-07-13,21855.501224579,79.707,487731,South Asia,Male,73.5109,4.1742,Upper middle income,IDA
Maldives,MV,MDV,2020,,2026-07-13,14242.9750701162,78.713,502118,South Asia,Male,73.5109,4.1742,Upper middle income,IDA
Maldives,MV,MDV,2021,,2026-07-13,19052.6224904311,78.052,516154,South Asia,Male,73.5109,4.1742,Upper middle income,IDA
Maldives,MV,MDV,2014,,2026-07-13,18765.3592118344,78.187,413617,South Asia,Male,73.5109,4.1742,Upper middle income,IDA
Maldives,MV,MDV,2023,,2026-07-13,22333.0477138175,81.041,525994,South Asia,Male,73.5109,4.1742,Upper middle income,IDA
Maldives,MV,MDV,2012,,2026-07-13,17390.1474995422,77.512,386818,South Asia,Male,73.5109,4.1742,Upper middle income,IDA
Maldives,MV,MDV,2013,,2026-07-13,17986.8907361645,77.847,400070,South Asia,Male,73.5109,4.1742,Upper middle income,IDA
Maldives,MV,MDV,2017,,2026-07-13,20036.7165354949,79.228,458287,South Asia,Male,73.5109,4.1742,Upper middle income,IDA
Maldives,MV,MDV,2018,,2026-07-13,21072.5805249694,79.433,473099,South Asia,Male,73.5109,4.1742,Upper middle income,IDA
Mali,ML,MLI,2006,,2026-07-13,2555.07476258805,54.305,13990139,Sub-Saharan Africa,Bamako,-7.50034,13.5667,Low income,IDA
Mali,ML,MLI,2007,,2026-07-13,2515.94692366143,54.756,14457775,Sub-Saharan Africa,Bamako,-7.50034,13.5667,Low income,IDA
Mali,ML,MLI,2005,,2026-07-13,2546.33281405861,53.792,13538647,Sub-Saharan Africa,Bamako,-7.50034,13.5667,Low income,IDA
Mali,ML,MLI,2016,,2026-07-13,2759.11051293341,58.286,19191289,Sub-Saharan Africa,Bamako,-7.50034,13.5667,Low income,IDA
Mali,ML,MLI,2011,,2026-07-13,2623.34627008698,56.367,16469049,Sub-Saharan Africa,Bamako,-7.50034,13.5667,Low income,IDA
Mali,ML,MLI,2012,,2026-07-13,2520.52931086804,56.696,16957033,Sub-Saharan Africa,Bamako,-7.50034,13.5667,Low income,IDA
Mali,ML,MLI,2013,,2026-07-13,2528.5300676726,57.052,17459615,Sub-Saharan Africa,Bamako,-7.50034,13.5667,Low income,IDA
Mali,ML,MLI,2014,,2026-07-13,2609.16733048395,57.482,18020267,Sub-Saharan Africa,Bamako,-7.50034,13.5667,Low income,IDA
Mali,ML,MLI,2015,,2026-07-13,2686.56065073799,57.852,18593022,Sub-Saharan Africa,Bamako,-7.50034,13.5667,Low income,IDA
Mali,ML,MLI,2000,,2026-07-13,2187.71894207161,50.605,11559290,Sub-Saharan Africa,Bamako,-7.50034,13.5667,Low income,IDA
Mali,ML,MLI,2001,,2026-07-13,2458.46155673065,51.3,11912158,Sub-Saharan Africa,Bamako,-7.50034,13.5667,Low income,IDA
Mali,ML,MLI,2002,,2026-07-13,2455.61935702417,51.995,12288050,Sub-Saharan Africa,Bamako,-7.50034,13.5667,Low income,IDA
Mali,ML,MLI,2004,,2026-07-13,2565.9774456147,53.253,13102409,Sub-Saharan Africa,Bamako,-7.50034,13.5667,Low income,IDA
Mali,ML,MLI,2017,,2026-07-13,2816.19423901587,58.562,19813011,Sub-Saharan Africa,Bamako,-7.50034,13.5667,Low income,IDA
Mali,ML,MLI,2018,,2026-07-13,2862.40728987476,58.873,20442030,Sub-Saharan Africa,Bamako,-7.50034,13.5667,Low income,IDA
Mali,ML,MLI,2008,,2026-07-13,2523.19961270039,55.187,14940782,Sub-Saharan Africa,Bamako,-7.50034,13.5667,Low income,IDA
Mali,ML,MLI,2009,,2026-07-13,2575.54549773648,55.588,15435539,Sub-Saharan Africa,Bamako,-7.50034,13.5667,Low income,IDA
Mali,ML,MLI,2010,,2026-07-13,2632.2646821909,55.993,15945198,Sub-Saharan Africa,Bamako,-7.50034,13.5667,Low income,IDA
Mali,ML,MLI,2020,,2026-07-13,2796.41038444386,58.858,21713836,Sub-Saharan Africa,Bamako,-7.50034,13.5667,Low income,IDA
Mali,ML,MLI,2021,,2026-07-13,2796.22793795431,59.116,22388630,Sub-Saharan Africa,Bamako,-7.50034,13.5667,Low income,IDA
Mali,ML,MLI,2022,,2026-07-13,2813.81095962565,60.035,23072640,Sub-Saharan Africa,Bamako,-7.50034,13.5667,Low income,IDA
Mali,ML,MLI,2023,,2026-07-13,2861.48058063314,60.439,23769127,Sub-Saharan Africa,Bamako,-7.50034,13.5667,Low income,IDA
Mali,ML,MLI,2019,,2026-07-13,2916.17167791084,59.217,21068405,Sub-Saharan Africa,Bamako,-7.50034,13.5667,Low income,IDA
Mali,ML,MLI,2003,,2026-07-13,2611.8368552722,52.632,12684955,Sub-Saharan Africa,Bamako,-7.50034,13.5667,Low income,IDA
Malta,MT,MLT,2001,,2026-07-13,30602.1099973654,78.8439024390244,393028,"Middle East, North Africa, Afghanistan & Pakistan",Valletta,14.5189,35.9042,High income,Not classified
Malta,MT,MLT,2002,,2026-07-13,31207.4322052709,78.7390243902439,395969,"Middle East, North Africa, Afghanistan & Pakistan",Valletta,14.5189,35.9042,High income,Not classified
Malta,MT,MLT,2000,,2026-07-13,31068.0784498241,78.3487804878049,390087,"Middle East, North Africa, Afghanistan & Pakistan",Valletta,14.5189,35.9042,High income,Not classified
Malta,MT,MLT,2020,,2026-07-13,50389.6963309289,82.0975609756098,515490,"Middle East, North Africa, Afghanistan & Pakistan",Valletta,14.5189,35.9042,High income,Not classified
Malta,MT,MLT,2021,,2026-07-13,56823.9958525022,82.2585365853659,518150,"Middle East, North Africa, Afghanistan & Pakistan",Valletta,14.5189,35.9042,High income,Not classified
Malta,MT,MLT,2022,,2026-07-13,56874.4339327368,82.2975609756098,531113,"Middle East, North Africa, Afghanistan & Pakistan",Valletta,14.5189,35.9042,High income,Not classified
Malta,MT,MLT,2019,,2026-07-13,53393.4231642463,82.6585365853659,503912,"Middle East, North Africa, Afghanistan & Pakistan",Valletta,14.5189,35.9042,High income,Not classified
Malta,MT,MLT,2006,,2026-07-13,33420.7141096927,79.4390243902439,405308,"Middle East, North Africa, Afghanistan & Pakistan",Valletta,14.5189,35.9042,High income,Not classified
Malta,MT,MLT,2007,,2026-07-13,34981.7020970372,79.7926829268293,406724,"Middle East, North Africa, Afghanistan & Pakistan",Valletta,14.5189,35.9042,High income,Not classified
Malta,MT,MLT,2008,,2026-07-13,36287.726099619,79.6365853658537,409379,"Middle East, North Africa, Afghanistan & Pakistan",Valletta,14.5189,35.9042,High income,Not classified
Malta,MT,MLT,2009,,2026-07-13,35512.6774555483,80.2414634146342,412477,"Middle East, North Africa, Afghanistan & Pakistan",Valletta,14.5189,35.9042,High income,Not classified
Malta,MT,MLT,2010,,2026-07-13,37528.7341525511,81.3975609756098,414508,"Middle East, North Africa, Afghanistan & Pakistan",Valletta,14.5189,35.9042,High income,Not classified
Malta,MT,MLT,2011,,2026-07-13,37740.8473665429,80.7463414634146,416268,"Middle East, North Africa, Afghanistan & Pakistan",Valletta,14.5189,35.9042,High income,Not classified
Malta,MT,MLT,2012,,2026-07-13,38937.1487755674,80.7463414634146,420028,"Middle East, North Africa, Afghanistan & Pakistan",Valletta,14.5189,35.9042,High income,Not classified
Malta,MT,MLT,2003,,2026-07-13,32147.8757483202,78.5463414634146,398582,"Middle East, North Africa, Afghanistan & Pakistan",Valletta,14.5189,35.9042,High income,Not classified
Malta,MT,MLT,2017,,2026-07-13,51628.2677400365,82.1951219512195,467106,"Middle East, North Africa, Afghanistan & Pakistan",Valletta,14.5189,35.9042,High income,Not classified
Malta,MT,MLT,2018,,2026-07-13,53419.0022708322,82.2487804878049,483903,"Middle East, North Africa, Afghanistan & Pakistan",Valletta,14.5189,35.9042,High income,Not classified
Malta,MT,MLT,2016,,2026-07-13,46967.3486291212,82.3536585365854,454505,"Middle East, North Africa, Afghanistan & Pakistan",Valletta,14.5189,35.9042,High income,Not classified
Malta,MT,MLT,2004,,2026-07-13,32062.7641222076,79.2536585365854,401268,"Middle East, North Africa, Afghanistan & Pakistan",Valletta,14.5189,35.9042,High income,Not classified
Malta,MT,MLT,2023,,2026-07-13,60459.7655182644,83.3560975609756,552747,"Middle East, North Africa, Afghanistan & Pakistan",Valletta,14.5189,35.9042,High income,Not classified
Malta,MT,MLT,2014,,2026-07-13,43163.1473000396,81.8951219512195,433481,"Middle East, North Africa, Afghanistan & Pakistan",Valletta,14.5189,35.9042,High income,Not classified
Malta,MT,MLT,2015,,2026-07-13,46171.8893420758,81.7975609756098,444220,"Middle East, North Africa, Afghanistan & Pakistan",Valletta,14.5189,35.9042,High income,Not classified
Malta,MT,MLT,2013,,2026-07-13,40921.3167795062,81.7463414634146,424810,"Middle East, North Africa, Afghanistan & Pakistan",Valletta,14.5189,35.9042,High income,Not classified
Malta,MT,MLT,2005,,2026-07-13,32776.9683721182,79.3,403834,"Middle East, North Africa, Afghanistan & Pakistan",Valletta,14.5189,35.9042,High income,Not classified
Marshall Islands,MH,MHL,2005,,2026-07-13,4075.6807928036,64.112,51906,East Asia & Pacific,Majuro,171.135,7.11046,Upper middle income,IDA
Marshall Islands,MH,MHL,2004,,2026-07-13,4012.85859698975,64.044,51791,East Asia & Pacific,Majuro,171.135,7.11046,Upper middle income,IDA
Marshall Islands,MH,MHL,2009,,2026-07-13,4047.74537243531,64.395,52019,East Asia & Pacific,Majuro,171.135,7.11046,Upper middle income,IDA
Marshall Islands,MH,MHL,2006,,2026-07-13,4076.09863045701,64.207,51992,East Asia & Pacific,Majuro,171.135,7.11046,Upper middle income,IDA
Marshall Islands,MH,MHL,2003,,2026-07-13,4041.17284358405,63.956,51639,East Asia & Pacific,Majuro,171.135,7.11046,Upper middle income,IDA
Marshall Islands,MH,MHL,2008,,2026-07-13,3903.80571323423,64.3,52030,East Asia & Pacific,Majuro,171.135,7.11046,Upper middle income,IDA
Marshall Islands,MH,MHL,2012,,2026-07-13,4244.58812838612,64.776,51419,East Asia & Pacific,Majuro,171.135,7.11046,Upper middle income,IDA
Marshall Islands,MH,MHL,2013,,2026-07-13,4470.42630092843,64.954,50681,East Asia & Pacific,Majuro,171.135,7.11046,Upper middle income,IDA
Marshall Islands,MH,MHL,2007,,2026-07-13,4222.95393537643,64.259,52035,East Asia & Pacific,Majuro,171.135,7.11046,Upper middle income,IDA
Marshall Islands,MH,MHL,2000,,2026-07-13,3772.69913192999,63.323,50706,East Asia & Pacific,Majuro,171.135,7.11046,Upper middle income,IDA
Marshall Islands,MH,MHL,2001,,2026-07-13,4001.24312059454,63.735,51123,East Asia & Pacific,Majuro,171.135,7.11046,Upper middle income,IDA
Marshall Islands,MH,MHL,2002,,2026-07-13,4122.36777186234,63.848,51425,East Asia & Pacific,Majuro,171.135,7.11046,Upper middle income,IDA
Marshall Islands,MH,MHL,2017,,2026-07-13,5200.01066532485,65.673,46529,East Asia & Pacific,Majuro,171.135,7.11046,Upper middle income,IDA
Marshall Islands,MH,MHL,2018,,2026-07-13,5636.02954937672,65.87,45285,East Asia & Pacific,Majuro,171.135,7.11046,Upper middle income,IDA
Marshall Islands,MH,MHL,2019,,2026-07-13,6405.89632387105,66.047,44007,East Asia & Pacific,Majuro,171.135,7.11046,Upper middle income,IDA
Marshall Islands,MH,MHL,2020,,2026-07-13,6418.00663822416,65.387,42706,East Asia & Pacific,Majuro,171.135,7.11046,Upper middle income,IDA
Marshall Islands,MH,MHL,2021,,2026-07-13,6768.82579129624,65.421,41367,East Asia & Pacific,Majuro,171.135,7.11046,Upper middle income,IDA
Marshall Islands,MH,MHL,2010,,2026-07-13,4269.9054604506,64.498,52044,East Asia & Pacific,Majuro,171.135,7.11046,Upper middle income,IDA
Marshall Islands,MH,MHL,2011,,2026-07-13,4259.66173142969,64.641,51907,East Asia & Pacific,Majuro,171.135,7.11046,Upper middle income,IDA
Marshall Islands,MH,MHL,2015,,2026-07-13,4670.70755785577,65.292,48800,East Asia & Pacific,Majuro,171.135,7.11046,Upper middle income,IDA
Marshall Islands,MH,MHL,2016,,2026-07-13,4897.14934002038,65.477,47709,East Asia & Pacific,Majuro,171.135,7.11046,Upper middle income,IDA
Marshall Islands,MH,MHL,2014,,2026-07-13,4492.56749211821,65.11,49796,East Asia & Pacific,Majuro,171.135,7.11046,Upper middle income,IDA
Marshall Islands,MH,MHL,2023,,2026-07-13,6774.78265578378,66.945,38827,East Asia & Pacific,Majuro,171.135,7.11046,Upper middle income,IDA
Marshall Islands,MH,MHL,2022,,2026-07-13,6937.75357050514,66.725,40077,East Asia & Pacific,Majuro,171.135,7.11046,Upper middle income,IDA
Mauritania,MR,MRT,2016,,2026-07-13,5866.28144674129,66.823,4086657,Sub-Saharan Africa,Nouakchott,-15.9824,18.2367,Lower middle income,IDA
Mauritania,MR,MRT,2015,,2026-07-13,5969.54239289516,66.498,3965959,Sub-Saharan Africa,Nouakchott,-15.9824,18.2367,Lower middle income,IDA
Mauritania,MR,MRT,2021,,2026-07-13,5836.56580821897,66.762,4734874,Sub-Saharan Africa,Nouakchott,-15.9824,18.2367,Lower middle income,IDA
Mauritania,MR,MRT,2014,,2026-07-13,5837.85203095508,66.207,3848514,Sub-Saharan Africa,Nouakchott,-15.9824,18.2367,Lower middle income,IDA
Mauritania,MR,MRT,2008,,2026-07-13,5813.35608502791,65.233,3183269,Sub-Saharan Africa,Nouakchott,-15.9824,18.2367,Lower middle income,IDA
Mauritania,MR,MRT,2009,,2026-07-13,5639.78744910419,65.485,3284448,Sub-Saharan Africa,Nouakchott,-15.9824,18.2367,Lower middle income,IDA
Mauritania,MR,MRT,2022,,2026-07-13,6053.26178124768,68.281,4875637,Sub-Saharan Africa,Nouakchott,-15.9824,18.2367,Lower middle income,IDA
Mauritania,MR,MRT,2023,,2026-07-13,6276.47521075653,68.484,5022441,Sub-Saharan Africa,Nouakchott,-15.9824,18.2367,Lower middle income,IDA
Mauritania,MR,MRT,2000,,2026-07-13,5008.60806518774,61.044,2613441,Sub-Saharan Africa,Nouakchott,-15.9824,18.2367,Lower middle income,IDA
Mauritania,MR,MRT,2013,,2026-07-13,5769.72870902318,65.89,3734318,Sub-Saharan Africa,Nouakchott,-15.9824,18.2367,Lower middle income,IDA
Mauritania,MR,MRT,2001,,2026-07-13,4847.41085992453,61.662,2678760,Sub-Saharan Africa,Nouakchott,-15.9824,18.2367,Lower middle income,IDA
Mauritania,MR,MRT,2017,,2026-07-13,6050.62180325299,67.088,4210600,Sub-Saharan Africa,Nouakchott,-15.9824,18.2367,Lower middle income,IDA
Mauritania,MR,MRT,2018,,2026-07-13,6153.63790241704,67.419,4337685,Sub-Saharan Africa,Nouakchott,-15.9824,18.2367,Lower middle income,IDA
Mauritania,MR,MRT,2019,,2026-07-13,6162.21044455969,67.64,4467708,Sub-Saharan Africa,Nouakchott,-15.9824,18.2367,Lower middle income,IDA
Mauritania,MR,MRT,2020,,2026-07-13,5963.23549724988,66.794,4600131,Sub-Saharan Africa,Nouakchott,-15.9824,18.2367,Lower middle income,IDA
Mauritania,MR,MRT,2006,,2026-07-13,6284.70209004217,64.493,3013660,Sub-Saharan Africa,Nouakchott,-15.9824,18.2367,Lower middle income,IDA
Mauritania,MR,MRT,2007,,2026-07-13,6002.77832134488,64.885,3093059,Sub-Saharan Africa,Nouakchott,-15.9824,18.2367,Lower middle income,IDA
Mauritania,MR,MRT,2012,,2026-07-13,5716.25195414285,65.808,3619034,Sub-Saharan Africa,Nouakchott,-15.9824,18.2367,Lower middle income,IDA
Mauritania,MR,MRT,2004,,2026-07-13,5139.22552032468,63.369,2868664,Sub-Saharan Africa,Nouakchott,-15.9824,18.2367,Lower middle income,IDA
Mauritania,MR,MRT,2010,,2026-07-13,5605.76388862715,65.661,3390965,Sub-Saharan Africa,Nouakchott,-15.9824,18.2367,Lower middle income,IDA
Mauritania,MR,MRT,2011,,2026-07-13,5653.21720092427,65.754,3502811,Sub-Saharan Africa,Nouakchott,-15.9824,18.2367,Lower middle income,IDA
Mauritania,MR,MRT,2003,,2026-07-13,5023.65213216804,62.805,2802046,Sub-Saharan Africa,Nouakchott,-15.9824,18.2367,Lower middle income,IDA
Mauritania,MR,MRT,2005,,2026-07-13,5445.82950903243,63.92,2939059,Sub-Saharan Africa,Nouakchott,-15.9824,18.2367,Lower middle income,IDA
Mauritania,MR,MRT,2002,,2026-07-13,4806.89853329148,62.249,2738655,Sub-Saharan Africa,Nouakchott,-15.9824,18.2367,Lower middle income,IDA
Mauritius,MU,MUS,2001,,2026-07-13,13712.5793901042,71.7658536585366,1196287,Sub-Saharan Africa,Port Louis,57.4977,-20.1605,Upper middle income,IBRD
Mauritius,MU,MUS,2000,,2026-07-13,13373.655799097,71.6634146341463,1186873,Sub-Saharan Africa,Port Louis,57.4977,-20.1605,Upper middle income,IBRD
Mauritius,MU,MUS,2004,,2026-07-13,15087.0687832797,72.2658536585366,1221003,Sub-Saharan Africa,Port Louis,57.4977,-20.1605,Upper middle income,IBRD
Mauritius,MU,MUS,2005,,2026-07-13,15264.5981839157,72.4321951219512,1228254,Sub-Saharan Africa,Port Louis,57.4977,-20.1605,Upper middle income,IBRD
Mauritius,MU,MUS,2009,,2026-07-13,18171.6870025783,72.8824390243903,1247429,Sub-Saharan Africa,Port Louis,57.4977,-20.1605,Upper middle income,IBRD
Mauritius,MU,MUS,2010,,2026-07-13,18925.5713852829,72.9673170731707,1250400,Sub-Saharan Africa,Port Louis,57.4977,-20.1605,Upper middle income,IBRD
Mauritius,MU,MUS,2011,,2026-07-13,19678.6022639733,73.2668292682927,1252404,Sub-Saharan Africa,Port Louis,57.4977,-20.1605,Upper middle income,IBRD
Mauritius,MU,MUS,2012,,2026-07-13,20313.0328941469,73.8634146341464,1255882,Sub-Saharan Africa,Port Louis,57.4977,-20.1605,Upper middle income,IBRD
Mauritius,MU,MUS,2013,,2026-07-13,20952.3775734986,74.0170731707317,1258927,Sub-Saharan Africa,Port Louis,57.4977,-20.1605,Upper middle income,IBRD
Mauritius,MU,MUS,2002,,2026-07-13,13837.6258025605,71.9658536585366,1204621,Sub-Saharan Africa,Port Louis,57.4977,-20.1605,Upper middle income,IBRD
Mauritius,MU,MUS,2003,,2026-07-13,14551.8784442579,72.1170731707317,1213370,Sub-Saharan Africa,Port Louis,57.4977,-20.1605,Upper middle income,IBRD
Mauritius,MU,MUS,2016,,2026-07-13,23357.230006621,74.3948780487805,1263747,Sub-Saharan Africa,Port Louis,57.4977,-20.1605,Upper middle income,IBRD
Mauritius,MU,MUS,2008,,2026-07-13,17627.1121948078,72.5707317073171,1244121,Sub-Saharan Africa,Port Louis,57.4977,-20.1605,Upper middle income,IBRD
Mauritius,MU,MUS,2017,,2026-07-13,24258.988821567,74.5146341463415,1264887,Sub-Saharan Africa,Port Louis,57.4977,-20.1605,Upper middle income,IBRD
Mauritius,MU,MUS,2006,,2026-07-13,15932.8192222795,72.4321951219512,1233996,Sub-Saharan Africa,Port Louis,57.4977,-20.1605,Upper middle income,IBRD
Mauritius,MU,MUS,2007,,2026-07-13,16774.5685137565,72.5707317073171,1239630,Sub-Saharan Africa,Port Louis,57.4977,-20.1605,Upper middle income,IBRD
Mauritius,MU,MUS,2019,,2026-07-13,25958.4900281465,74.2358536585366,1265985,Sub-Saharan Africa,Port Louis,57.4977,-20.1605,Upper middle income,IBRD
Mauritius,MU,MUS,2021,,2026-07-13,23010.2013826906,73.680243902439,1266334,Sub-Saharan Africa,Port Louis,57.4977,-20.1605,Upper middle income,IBRD
Mauritius,MU,MUS,2022,,2026-07-13,25005.0666145723,73.5146341463415,1262523,Sub-Saharan Africa,Port Louis,57.4977,-20.1605,Upper middle income,IBRD
Mauritius,MU,MUS,2023,,2026-07-13,26471.0351422892,73.4121951219512,1248647,Sub-Saharan Africa,Port Louis,57.4977,-20.1605,Upper middle income,IBRD
Mauritius,MU,MUS,2020,,2026-07-13,22272.5398696677,74.1770731707317,1266014,Sub-Saharan Africa,Port Louis,57.4977,-20.1605,Upper middle income,IBRD
Mauritius,MU,MUS,2014,,2026-07-13,21721.3096444788,74.1943902439024,1261208,Sub-Saharan Africa,Port Louis,57.4977,-20.1605,Upper middle income,IBRD
Mauritius,MU,MUS,2015,,2026-07-13,22499.0254570551,74.3531707317073,1262879,Sub-Saharan Africa,Port Louis,57.4977,-20.1605,Upper middle income,IBRD
Mauritius,MU,MUS,2018,,2026-07-13,25243.886462031,74.4163414634146,1265577,Sub-Saharan Africa,Port Louis,57.4977,-20.1605,Upper middle income,IBRD
Mexico,MX,MEX,2007,,2026-07-13,21102.2688338349,73.796,108774360,Latin America & Caribbean,Mexico City,-99.1276,19.427,Upper middle income,IBRD
Mexico,MX,MEX,2016,,2026-07-13,21578.263354126,74.376,122251351,Latin America & Caribbean,Mexico City,-99.1276,19.427,Upper middle income,IBRD
Mexico,MX,MEX,2017,,2026-07-13,21777.5225127275,74.261,123400057,Latin America & Caribbean,Mexico City,-99.1276,19.427,Upper middle income,IBRD
Mexico,MX,MEX,2008,,2026-07-13,20992.5602662364,73.695,110374288,Latin America & Caribbean,Mexico City,-99.1276,19.427,Upper middle income,IBRD
Mexico,MX,MEX,2006,,2026-07-13,20965.8256087044,73.746,107253666,Latin America & Caribbean,Mexico City,-99.1276,19.427,Upper middle income,IBRD
Mexico,MX,MEX,2019,,2026-07-13,21704.185952748,74.53,125762982,Latin America & Caribbean,Mexico City,-99.1276,19.427,Upper middle income,IBRD
Mexico,MX,MEX,2013,,2026-07-13,20805.3480406564,74.289,118343573,Latin America & Caribbean,Mexico City,-99.1276,19.427,Upper middle income,IBRD
Mexico,MX,MEX,2014,,2026-07-13,21069.7661653886,74.404,119784261,Latin America & Caribbean,Mexico City,-99.1276,19.427,Upper middle income,IBRD
Mexico,MX,MEX,2015,,2026-07-13,21408.9283216195,74.431,121072306,Latin America & Caribbean,Mexico City,-99.1276,19.427,Upper middle income,IBRD
Mexico,MX,MEX,2000,,2026-07-13,20470.4937669158,72.562,98625552,Latin America & Caribbean,Mexico City,-99.1276,19.427,Upper middle income,IBRD
Mexico,MX,MEX,2001,,2026-07-13,20078.2183931307,72.912,100099099,Latin America & Caribbean,Mexico City,-99.1276,19.427,Upper middle income,IBRD
Mexico,MX,MEX,2002,,2026-07-13,19744.7933675609,73.106,101548624,Latin America & Caribbean,Mexico City,-99.1276,19.427,Upper middle income,IBRD
Mexico,MX,MEX,2003,,2026-07-13,19701.4633898714,73.308,102978515,Latin America & Caribbean,Mexico City,-99.1276,19.427,Upper middle income,IBRD
Mexico,MX,MEX,2018,,2026-07-13,21997.7730219494,74.301,124573711,Latin America & Caribbean,Mexico City,-99.1276,19.427,Upper middle income,IBRD
Mexico,MX,MEX,2005,,2026-07-13,20277.2552852007,73.627,105811504,Latin America & Caribbean,Mexico City,-99.1276,19.427,Upper middle income,IBRD
Mexico,MX,MEX,2020,,2026-07-13,19728.4817827455,70.449,126799054,Latin America & Caribbean,Mexico City,-99.1276,19.427,Upper middle income,IBRD
Mexico,MX,MEX,2009,,2026-07-13,19385.5437251877,73.628,111999721,Latin America & Caribbean,Mexico City,-99.1276,19.427,Upper middle income,IBRD
Mexico,MX,MEX,2010,,2026-07-13,20058.3854882301,73.718,113623895,Latin America & Caribbean,Mexico City,-99.1276,19.427,Upper middle income,IBRD
Mexico,MX,MEX,2011,,2026-07-13,20457.6001677783,73.921,115243504,Latin America & Caribbean,Mexico City,-99.1276,19.427,Upper middle income,IBRD
Mexico,MX,MEX,2012,,2026-07-13,20898.935720908,74.128,116818208,Latin America & Caribbean,Mexico City,-99.1276,19.427,Upper middle income,IBRD
Mexico,MX,MEX,2023,,2026-07-13,21864.9236104145,75.069,129739759,Latin America & Caribbean,Mexico City,-99.1276,19.427,Upper middle income,IBRD
Mexico,MX,MEX,2004,,2026-07-13,20127.2242902968,73.432,104394131,Latin America & Caribbean,Mexico City,-99.1276,19.427,Upper middle income,IBRD
Mexico,MX,MEX,2021,,2026-07-13,20782.5877440905,69.75,127648148,Latin America & Caribbean,Mexico City,-99.1276,19.427,Upper middle income,IBRD
Mexico,MX,MEX,2022,,2026-07-13,21391.8573698845,73.973,128613117,Latin America & Caribbean,Mexico City,-99.1276,19.427,Upper middle income,IBRD
"Micronesia, Fed. Sts.",FM,FSM,2000,,2026-07-13,3563.89180484484,64.317,112044,East Asia & Pacific,Palikir,158.185,6.91771,Upper middle income,IDA
"Micronesia, Fed. Sts.",FM,FSM,2004,,2026-07-13,3594.57718999286,64.898,111925,East Asia & Pacific,Palikir,158.185,6.91771,Upper middle income,IDA
"Micronesia, Fed. Sts.",FM,FSM,2001,,2026-07-13,3618.3939602241,64.801,112365,East Asia & Pacific,Palikir,158.185,6.91771,Upper middle income,IDA
"Micronesia, Fed. Sts.",FM,FSM,2002,,2026-07-13,3631.74876153373,63.907,112448,East Asia & Pacific,Palikir,158.185,6.91771,Upper middle income,IDA
"Micronesia, Fed. Sts.",FM,FSM,2003,,2026-07-13,3701.13265140057,64.915,112285,East Asia & Pacific,Palikir,158.185,6.91771,Upper middle income,IDA
"Micronesia, Fed. Sts.",FM,FSM,2023,,2026-07-13,3841.27116510816,67.198,112630,East Asia & Pacific,Palikir,158.185,6.91771,Upper middle income,IDA
"Micronesia, Fed. Sts.",FM,FSM,2007,,2026-07-13,3684.20209326281,64.844,109880,East Asia & Pacific,Palikir,158.185,6.91771,Upper middle income,IDA
"Micronesia, Fed. Sts.",FM,FSM,2021,,2026-07-13,3955.73141317971,66.152,111624,East Asia & Pacific,Palikir,158.185,6.91771,Upper middle income,IDA
"Micronesia, Fed. Sts.",FM,FSM,2022,,2026-07-13,3815.79465699672,66.961,112114,East Asia & Pacific,Palikir,158.185,6.91771,Upper middle income,IDA
"Micronesia, Fed. Sts.",FM,FSM,2010,,2026-07-13,3780.25132792653,64.892,107540,East Asia & Pacific,Palikir,158.185,6.91771,Upper middle income,IDA
"Micronesia, Fed. Sts.",FM,FSM,2011,,2026-07-13,3917.44641481482,64.969,107698,East Asia & Pacific,Palikir,158.185,6.91771,Upper middle income,IDA
"Micronesia, Fed. Sts.",FM,FSM,2012,,2026-07-13,3847.14743528337,65.08,107890,East Asia & Pacific,Palikir,158.185,6.91771,Upper middle income,IDA
"Micronesia, Fed. Sts.",FM,FSM,2013,,2026-07-13,3696.74550378941,65.179,108121,East Asia & Pacific,Palikir,158.185,6.91771,Upper middle income,IDA
"Micronesia, Fed. Sts.",FM,FSM,2014,,2026-07-13,3592.81901389543,65.294,108396,East Asia & Pacific,Palikir,158.185,6.91771,Upper middle income,IDA
"Micronesia, Fed. Sts.",FM,FSM,2015,,2026-07-13,3739.35968767448,65.306,108716,East Asia & Pacific,Palikir,158.185,6.91771,Upper middle income,IDA
"Micronesia, Fed. Sts.",FM,FSM,2005,,2026-07-13,3710.19849742597,64.906,111412,East Asia & Pacific,Palikir,158.185,6.91771,Upper middle income,IDA
"Micronesia, Fed. Sts.",FM,FSM,2006,,2026-07-13,3717.65782403635,64.859,110729,East Asia & Pacific,Palikir,158.185,6.91771,Upper middle income,IDA
"Micronesia, Fed. Sts.",FM,FSM,2020,,2026-07-13,3861.29319570301,65.878,110916,East Asia & Pacific,Palikir,158.185,6.91771,Upper middle income,IDA
"Micronesia, Fed. Sts.",FM,FSM,2019,,2026-07-13,3965.05377269396,66.196,110282,East Asia & Pacific,Palikir,158.185,6.91771,Upper middle income,IDA
"Micronesia, Fed. Sts.",FM,FSM,2008,,2026-07-13,3622.04886559734,64.849,108936,East Asia & Pacific,Palikir,158.185,6.91771,Upper middle income,IDA
"Micronesia, Fed. Sts.",FM,FSM,2009,,2026-07-13,3702.36131622048,64.865,107957,East Asia & Pacific,Palikir,158.185,6.91771,Upper middle income,IDA
"Micronesia, Fed. Sts.",FM,FSM,2018,,2026-07-13,3838.64054793262,65.943,109909,East Asia & Pacific,Palikir,158.185,6.91771,Upper middle income,IDA
"Micronesia, Fed. Sts.",FM,FSM,2016,,2026-07-13,3774.03193396948,65.576,109075,East Asia & Pacific,Palikir,158.185,6.91771,Upper middle income,IDA
"Micronesia, Fed. Sts.",FM,FSM,2017,,2026-07-13,3838.04534289261,65.761,109481,East Asia & Pacific,Palikir,158.185,6.91771,Upper middle income,IDA
"Middle East, North Africa, Afghanistan & Pakistan",ZQ,MEA,2000,,2026-07-13,10396.7937182114,66.2225138150545,494850317,Aggregates,,,,Aggregates,Aggregates
"Middle East, North Africa, Afghanistan & Pakistan",ZQ,MEA,2006,,2026-07-13,11838.3024594452,68.0590796974229,569898499,Aggregates,,,,Aggregates,Aggregates
"Middle East, North Africa, Afghanistan & Pakistan",ZQ,MEA,2005,,2026-07-13,11466.1867676249,67.529947021124,556210211,Aggregates,,,,Aggregates,Aggregates
"Middle East, North Africa, Afghanistan & Pakistan",ZQ,MEA,2010,,2026-07-13,12644.5287639675,69.2105446964534,624828664,Aggregates,,,,Aggregates,Aggregates
"Middle East, North Africa, Afghanistan & Pakistan",ZQ,MEA,2007,,2026-07-13,12172.6860848971,68.346588319376,583743828,Aggregates,,,,Aggregates,Aggregates
"Middle East, North Africa, Afghanistan & Pakistan",ZQ,MEA,2008,,2026-07-13,12410.3548378055,68.7041650814368,597799097,Aggregates,,,,Aggregates,Aggregates
"Middle East, North Africa, Afghanistan & Pakistan",ZQ,MEA,2009,,2026-07-13,12328.590525863,68.9987213130448,612128501,Aggregates,,,,Aggregates,Aggregates
"Middle East, North Africa, Afghanistan & Pakistan",ZQ,MEA,2013,,2026-07-13,12974.7088043422,69.708340253746,667464006,Aggregates,,,,Aggregates,Aggregates
"Middle East, North Africa, Afghanistan & Pakistan",ZQ,MEA,2014,,2026-07-13,13125.9569108265,69.9897867130321,680716578,Aggregates,,,,Aggregates,Aggregates
"Middle East, North Africa, Afghanistan & Pakistan",ZQ,MEA,2001,,2026-07-13,10387.1843453909,66.597196122581,506478256,Aggregates,,,,Aggregates,Aggregates
"Middle East, North Africa, Afghanistan & Pakistan",ZQ,MEA,2002,,2026-07-13,10405.750570078,66.9641479857025,518193093,Aggregates,,,,Aggregates,Aggregates
"Middle East, North Africa, Afghanistan & Pakistan",ZQ,MEA,2003,,2026-07-13,10590.2776590084,67.083794061249,530338988,Aggregates,,,,Aggregates,Aggregates
"Middle East, North Africa, Afghanistan & Pakistan",ZQ,MEA,2004,,2026-07-13,11163.9098849067,67.5318434649335,543086512,Aggregates,,,,Aggregates,Aggregates
"Middle East, North Africa, Afghanistan & Pakistan",ZQ,MEA,2018,,2026-07-13,13857.6977166328,70.9403213532696,730362334,Aggregates,,,,Aggregates,Aggregates
"Middle East, North Africa, Afghanistan & Pakistan",ZQ,MEA,2019,,2026-07-13,13875.4354818805,71.2438695042576,742714463,Aggregates,,,,Aggregates,Aggregates
"Middle East, North Africa, Afghanistan & Pakistan",ZQ,MEA,2020,,2026-07-13,13261.5451067803,69.9110789555644,756405281,Aggregates,,,,Aggregates,Aggregates
"Middle East, North Africa, Afghanistan & Pakistan",ZQ,MEA,2021,,2026-07-13,13667.9618940942,69.711319347950493,767578451,Aggregates,,,,Aggregates,Aggregates
"Middle East, North Africa, Afghanistan & Pakistan",ZQ,MEA,2022,,2026-07-13,14260.8818255762,71.6917293154863,782349366,Aggregates,,,,Aggregates,Aggregates
"Middle East, North Africa, Afghanistan & Pakistan",ZQ,MEA,2011,,2026-07-13,12878.6633569426,69.3940300698411,639053870,Aggregates,,,,Aggregates,Aggregates
"Middle East, North Africa, Afghanistan & Pakistan",ZQ,MEA,2012,,2026-07-13,12998.8237760191,69.4551250054337,653273442,Aggregates,,,,Aggregates,Aggregates
"Middle East, North Africa, Afghanistan & Pakistan",ZQ,MEA,2016,,2026-07-13,13660.6647261647,70.4288635225293,707023525,Aggregates,,,,Aggregates,Aggregates
"Middle East, North Africa, Afghanistan & Pakistan",ZQ,MEA,2017,,2026-07-13,13738.7112789254,70.7096592741194,718887744,Aggregates,,,,Aggregates,Aggregates
"Middle East, North Africa, Afghanistan & Pakistan",ZQ,MEA,2015,,2026-07-13,13274.4834148132,70.1510409297575,694232973,Aggregates,,,,Aggregates,Aggregates
"Middle East, North Africa, Afghanistan & Pakistan",ZQ,MEA,2023,,2026-07-13,14315.2058223182,72.0838364704563,797801454,Aggregates,,,,Aggregates,Aggregates
"Middle East, North Africa, Afghanistan & Pakistan (excluding high income)",XQ,MNA,2017,,2026-07-13,9558.34316749669,69.8141316373328,656767614,Aggregates,,,,Aggregates,Aggregates
"Middle East, North Africa, Afghanistan & Pakistan (excluding high income)",XQ,MNA,2015,,2026-07-13,9038.56259409523,69.2873263613117,635352686,Aggregates,,,,Aggregates,Aggregates
"Middle East, North Africa, Afghanistan & Pakistan (excluding high income)",XQ,MNA,2016,,2026-07-13,9412.5084550993,69.5328376363007,645837915,Aggregates,,,,Aggregates,Aggregates
"Middle East, North Africa, Afghanistan & Pakistan (excluding high income)",XQ,MNA,2022,,2026-07-13,9789.57382056453,71.0055315443397,716508657,Aggregates,,,,Aggregates,Aggregates
"Middle East, North Africa, Afghanistan & Pakistan (excluding high income)",XQ,MNA,2008,,2026-07-13,8753.13707659614,67.9910660173055,552681993,Aggregates,,,,Aggregates,Aggregates
"Middle East, North Africa, Afghanistan & Pakistan (excluding high income)",XQ,MNA,2009,,2026-07-13,8831.71489382729,68.2744546682628,565038251,Aggregates,,,,Aggregates,Aggregates
"Middle East, North Africa, Afghanistan & Pakistan (excluding high income)",XQ,MNA,2010,,2026-07-13,9052.10818995059,68.4912505131132,577396038,Aggregates,,,,Aggregates,Aggregates
"Middle East, North Africa, Afghanistan & Pakistan (excluding high income)",XQ,MNA,2023,,2026-07-13,9902.17620602616,71.2758849884582,729077445,Aggregates,,,,Aggregates,Aggregates
"Middle East, North Africa, Afghanistan & Pakistan (excluding high income)",XQ,MNA,2000,,2026-07-13,7317.26035832222,65.6368471519478,462980522,Aggregates,,,,Aggregates,Aggregates
"Middle East, North Africa, Afghanistan & Pakistan (excluding high income)",XQ,MNA,2001,,2026-07-13,7371.3767408889,65.9952073676464,473223662,Aggregates,,,,Aggregates,Aggregates
"Middle East, North Africa, Afghanistan & Pakistan (excluding high income)",XQ,MNA,2014,,2026-07-13,8991.33075661477,69.1715558421355,624564062,Aggregates,,,,Aggregates,Aggregates
"Middle East, North Africa, Afghanistan & Pakistan (excluding high income)",XQ,MNA,2002,,2026-07-13,7465.73272422958,66.3529323677295,483540516,Aggregates,,,,Aggregates,Aggregates
"Middle East, North Africa, Afghanistan & Pakistan (excluding high income)",XQ,MNA,2018,,2026-07-13,9610.53590554892,70.0733668958653,668447432,Aggregates,,,,Aggregates,Aggregates
"Middle East, North Africa, Afghanistan & Pakistan (excluding high income)",XQ,MNA,2019,,2026-07-13,9622.70742842857,70.417484585256,680490997,Aggregates,,,,Aggregates,Aggregates
"Middle East, North Africa, Afghanistan & Pakistan (excluding high income)",XQ,MNA,2020,,2026-07-13,9308.58068497712,69.050634286622,692532027,Aggregates,,,,Aggregates,Aggregates
"Middle East, North Africa, Afghanistan & Pakistan (excluding high income)",XQ,MNA,2021,,2026-07-13,9516.64668717139,68.9280214782653,704458802,Aggregates,,,,Aggregates,Aggregates
"Middle East, North Africa, Afghanistan & Pakistan (excluding high income)",XQ,MNA,2007,,2026-07-13,8627.73711127116,67.6503603993861,540838105,Aggregates,,,,Aggregates,Aggregates
"Middle East, North Africa, Afghanistan & Pakistan (excluding high income)",XQ,MNA,2012,,2026-07-13,8984.93510074166,68.6913310388784,601566988,Aggregates,,,,Aggregates,Aggregates
"Middle East, North Africa, Afghanistan & Pakistan (excluding high income)",XQ,MNA,2013,,2026-07-13,8907.44506975348,68.9136300385634,613151287,Aggregates,,,,Aggregates,Aggregates
"Middle East, North Africa, Afghanistan & Pakistan (excluding high income)",XQ,MNA,2005,,2026-07-13,8068.28257623881,66.853402612801,517240777,Aggregates,,,,Aggregates,Aggregates
"Middle East, North Africa, Afghanistan & Pakistan (excluding high income)",XQ,MNA,2011,,2026-07-13,8988.59983471501,68.6624095113408,589646039,Aggregates,,,,Aggregates,Aggregates
"Middle East, North Africa, Afghanistan & Pakistan (excluding high income)",XQ,MNA,2003,,2026-07-13,7478.85875079651,66.4455527298438,494288606,Aggregates,,,,Aggregates,Aggregates
"Middle East, North Africa, Afghanistan & Pakistan (excluding high income)",XQ,MNA,2004,,2026-07-13,7872.21759398132,66.8873537609515,505618583,Aggregates,,,,Aggregates,Aggregates
"Middle East, North Africa, Afghanistan & Pakistan (excluding high income)",XQ,MNA,2006,,2026-07-13,8323.68223524681,67.3815240346302,529158464,Aggregates,,,,Aggregates,Aggregates
"Middle East, North Africa, Afghanistan & Pakistan (IDA & IBRD)",T3,TMN,2002,,2026-07-13,7492.5839251724,66.3239554028688,480465143,Aggregates,,,,Aggregates,Aggregates
"Middle East, North Africa, Afghanistan & Pakistan (IDA & IBRD)",T3,TMN,2000,,2026-07-13,7335.74567056542,65.6072409047927,460058369,Aggregates,,,,Aggregates,Aggregates
"Middle East, North Africa, Afghanistan & Pakistan (IDA & IBRD)",T3,TMN,2001,,2026-07-13,7393.68924291584,65.9712698137957,470225878,Aggregates,,,,Aggregates,Aggregates
"Middle East, North Africa, Afghanistan & Pakistan (IDA & IBRD)",T3,TMN,2005,,2026-07-13,8089.64903827668,66.8201250398649,513920381,Aggregates,,,,Aggregates,Aggregates
"Middle East, North Africa, Afghanistan & Pakistan (IDA & IBRD)",T3,TMN,2006,,2026-07-13,8347.93200878985,67.3526959987589,525752130,Aggregates,,,,Aggregates,Aggregates
"Middle East, North Africa, Afghanistan & Pakistan (IDA & IBRD)",T3,TMN,2010,,2026-07-13,9076.89041241803,68.4594967501144,573609877,Aggregates,,,,Aggregates,Aggregates
"Middle East, North Africa, Afghanistan & Pakistan (IDA & IBRD)",T3,TMN,2011,,2026-07-13,9010.52759049832,68.6299635824863,585763053,Aggregates,,,,Aggregates,Aggregates
"Middle East, North Africa, Afghanistan & Pakistan (IDA & IBRD)",T3,TMN,2012,,2026-07-13,9005.54949728912,68.6578262057094,597586990,Aggregates,,,,Aggregates,Aggregates
"Middle East, North Africa, Afghanistan & Pakistan (IDA & IBRD)",T3,TMN,2013,,2026-07-13,8926.7135503703,68.8786484698568,609074579,Aggregates,,,,Aggregates,Aggregates
"Middle East, North Africa, Afghanistan & Pakistan (IDA & IBRD)",T3,TMN,2014,,2026-07-13,9012.30780450401,69.147274936726,620390664,Aggregates,,,,Aggregates,Aggregates
"Middle East, North Africa, Afghanistan & Pakistan (IDA & IBRD)",T3,TMN,2003,,2026-07-13,7503.40085813174,66.4165076290855,491133637,Aggregates,,,,Aggregates,Aggregates
"Middle East, North Africa, Afghanistan & Pakistan (IDA & IBRD)",T3,TMN,2004,,2026-07-13,7894.73920422743,66.8602521893277,502381957,Aggregates,,,,Aggregates,Aggregates
"Middle East, North Africa, Afghanistan & Pakistan (IDA & IBRD)",T3,TMN,2017,,2026-07-13,9580.54922221665,69.7772409464567,652312809,Aggregates,,,,Aggregates,Aggregates
"Middle East, North Africa, Afghanistan & Pakistan (IDA & IBRD)",T3,TMN,2009,,2026-07-13,8855.99168481009,68.2479599816693,561349152,Aggregates,,,,Aggregates,Aggregates
"Middle East, North Africa, Afghanistan & Pakistan (IDA & IBRD)",T3,TMN,2018,,2026-07-13,9633.85835874122,70.0368444388331,663878345,Aggregates,,,,Aggregates,Aggregates
"Middle East, North Africa, Afghanistan & Pakistan (IDA & IBRD)",T3,TMN,2007,,2026-07-13,8653.73763157619,67.6216572647968,537343609,Aggregates,,,,Aggregates,Aggregates
"Middle East, North Africa, Afghanistan & Pakistan (IDA & IBRD)",T3,TMN,2008,,2026-07-13,8778.68857917021,67.9635063066435,549090016,Aggregates,,,,Aggregates,Aggregates
"Middle East, North Africa, Afghanistan & Pakistan (IDA & IBRD)",T3,TMN,2020,,2026-07-13,9336.60440871316,69.0090964026373,687728758,Aggregates,,,,Aggregates,Aggregates
"Middle East, North Africa, Afghanistan & Pakistan (IDA & IBRD)",T3,TMN,2022,,2026-07-13,9819.10765239761,70.965432550888,711465045,Aggregates,,,,Aggregates,Aggregates
"Middle East, North Africa, Afghanistan & Pakistan (IDA & IBRD)",T3,TMN,2023,,2026-07-13,9934.12763020633,71.3194560888195,723911670,Aggregates,,,,Aggregates,Aggregates
"Middle East, North Africa, Afghanistan & Pakistan (IDA & IBRD)",T3,TMN,2016,,2026-07-13,9433.37331636818,69.4961826399098,641470827,Aggregates,,,,Aggregates,Aggregates
"Middle East, North Africa, Afghanistan & Pakistan (IDA & IBRD)",T3,TMN,2021,,2026-07-13,9544.65393425022,68.8931032282321,699536053,Aggregates,,,,Aggregates,Aggregates
"Middle East, North Africa, Afghanistan & Pakistan (IDA & IBRD)",T3,TMN,2015,,2026-07-13,9059.41391427741,69.2515348606398,631082594,Aggregates,,,,Aggregates,Aggregates
"Middle East, North Africa, Afghanistan & Pakistan (IDA & IBRD)",T3,TMN,2019,,2026-07-13,9646.79140996012,70.3800917806817,675805691,Aggregates,,,,Aggregates,Aggregates
Middle income,XP,MIC,2008,,2026-07-13,8535.84090946808,68.9800130190862,5030372259,Aggregates,,,,Aggregates,Aggregates
Middle income,XP,MIC,2017,,2026-07-13,12195.0632181132,71.6459926445355,5616970904,Aggregates,,,,Aggregates,Aggregates
Middle income,XP,MIC,2018,,2026-07-13,12658.3244996246,71.9484629361219,5677402468,Aggregates,,,,Aggregates,Aggregates
Middle income,XP,MIC,2009,,2026-07-13,8733.86163528882,69.3980951064878,5094380988,Aggregates,,,,Aggregates,Aggregates
Middle income,XP,MIC,2016,,2026-07-13,11720.8222579728,71.4300275716491,5553928978,Aggregates,,,,Aggregates,Aggregates
Middle income,XP,MIC,2007,,2026-07-13,8197.99268490885,68.7885219423492,4967108168,Aggregates,,,,Aggregates,Aggregates
Middle income,XP,MIC,2020,,2026-07-13,12685.0950213792,71.5113174647439,5789502859,Aggregates,,,,Aggregates,Aggregates
Middle income,XP,MIC,2014,,2026-07-13,10935.2532861253,70.9352424200034,5425923034,Aggregates,,,,Aggregates,Aggregates
Middle income,XP,MIC,2015,,2026-07-13,11307.9180137805,71.2016487222758,5490559951,Aggregates,,,,Aggregates,Aggregates
Middle income,XP,MIC,2023,,2026-07-13,14488.6453367075,72.7277443304535,5927622764,Aggregates,,,,Aggregates,Aggregates
Middle income,XP,MIC,2001,,2026-07-13,5965.0670590156,66.8362757800678,4587166020,Aggregates,,,,Aggregates,Aggregates
Middle income,XP,MIC,2002,,2026-07-13,6156.3157470722,67.1873346010373,4651354120,Aggregates,,,,Aggregates,Aggregates
Middle income,XP,MIC,2003,,2026-07-13,6424.20602384843,67.4882937058145,4714626871,Aggregates,,,,Aggregates,Aggregates
Middle income,XP,MIC,2004,,2026-07-13,6820.50538313605,67.7057737444581,4778500089,Aggregates,,,,Aggregates,Aggregates
Middle income,XP,MIC,2019,,2026-07-13,13034.1513333008,72.1773912892027,5735139879,Aggregates,,,,Aggregates,Aggregates
Middle income,XP,MIC,2006,,2026-07-13,7665.31771724037,68.4498049465259,4904910704,Aggregates,,,,Aggregates,Aggregates
Middle income,XP,MIC,2021,,2026-07-13,13477.1480288886,70.3885567961503,5838421323,Aggregates,,,,Aggregates,Aggregates
Middle income,XP,MIC,2010,,2026-07-13,9296.31778418793,69.7152724941539,5158880800,Aggregates,,,,Aggregates,Aggregates
Middle income,XP,MIC,2011,,2026-07-13,9737.81435931152,70.0433399389519,5224254229,Aggregates,,,,Aggregates,Aggregates
Middle income,XP,MIC,2012,,2026-07-13,10125.510949148,70.3714424713366,5291702846,Aggregates,,,,Aggregates,Aggregates
Middle income,XP,MIC,2013,,2026-07-13,10542.026674052,70.653650805728,5359014668,Aggregates,,,,Aggregates,Aggregates
Middle income,XP,MIC,2022,,2026-07-13,13938.71550771,72.5034114518773,5882746344,Aggregates,,,,Aggregates,Aggregates
Middle income,XP,MIC,2000,,2026-07-13,5839.15688660076,66.5190293920721,4520892472,Aggregates,,,,Aggregates,Aggregates
Middle income,XP,MIC,2005,,2026-07-13,7201.40053186685,68.1199928300658,4841973136,Aggregates,,,,Aggregates,Aggregates
Moldova,MD,MDA,2001,,2026-07-13,6090.03474356112,67.672,2918135,Europe & Central Asia,Chisinau,28.8497,47.0167,Upper middle income,IBRD
Moldova,MD,MDA,2002,,2026-07-13,6580.27841436838,67.793,2911385,Europe & Central Asia,Chisinau,28.8497,47.0167,Upper middle income,IBRD
Moldova,MD,MDA,2003,,2026-07-13,7034.35784911687,67.9,2903198,Europe & Central Asia,Chisinau,28.8497,47.0167,Upper middle income,IBRD
Moldova,MD,MDA,2000,,2026-07-13,5727.07922525352,67.462,2924668,Europe & Central Asia,Chisinau,28.8497,47.0167,Upper middle income,IBRD
Moldova,MD,MDA,2022,,2026-07-13,15350.3120408391,71.546,2528654,Europe & Central Asia,Chisinau,28.8497,47.0167,Upper middle income,IBRD
Moldova,MD,MDA,2023,,2026-07-13,15980.5668889856,71.198,2457783,Europe & Central Asia,Chisinau,28.8497,47.0167,Upper middle income,IBRD
Moldova,MD,MDA,2021,,2026-07-13,15682.0703284653,68.991,2595809,Europe & Central Asia,Chisinau,28.8497,47.0167,Upper middle income,IBRD
Moldova,MD,MDA,2006,,2026-07-13,8577.02858037286,68.423,2880967,Europe & Central Asia,Chisinau,28.8497,47.0167,Upper middle income,IBRD
Moldova,MD,MDA,2007,,2026-07-13,8854.83397616724,68.674,2874299,Europe & Central Asia,Chisinau,28.8497,47.0167,Upper middle income,IBRD
Moldova,MD,MDA,2008,,2026-07-13,9563.69814290939,69,2868833,Europe & Central Asia,Chisinau,28.8497,47.0167,Upper middle income,IBRD
Moldova,MD,MDA,2009,,2026-07-13,9001.23432081622,69.406,2865213,Europe & Central Asia,Chisinau,28.8497,47.0167,Upper middle income,IBRD
Moldova,MD,MDA,2010,,2026-07-13,9649.9509930271,69.876,2862354,Europe & Central Asia,Chisinau,28.8497,47.0167,Upper middle income,IBRD
Moldova,MD,MDA,2011,,2026-07-13,10217.3087761255,70.173,2860699,Europe & Central Asia,Chisinau,28.8497,47.0167,Upper middle income,IBRD
Moldova,MD,MDA,2012,,2026-07-13,10158.3854676883,70.344,2860324,Europe & Central Asia,Chisinau,28.8497,47.0167,Upper middle income,IBRD
Moldova,MD,MDA,2013,,2026-07-13,11080.0634585341,70.291,2859558,Europe & Central Asia,Chisinau,28.8497,47.0167,Upper middle income,IBRD
Moldova,MD,MDA,2014,,2026-07-13,11641.1208436577,70.241,2857815,Europe & Central Asia,Chisinau,28.8497,47.0167,Upper middle income,IBRD
Moldova,MD,MDA,2004,,2026-07-13,7573.6178454751,68.017,2896023,Europe & Central Asia,Chisinau,28.8497,47.0167,Upper middle income,IBRD
Moldova,MD,MDA,2005,,2026-07-13,8161.47344724765,68.197,2888985,Europe & Central Asia,Chisinau,28.8497,47.0167,Upper middle income,IBRD
Moldova,MD,MDA,2019,,2026-07-13,14621.2401362286,70.181,2664224,Europe & Central Asia,Chisinau,28.8497,47.0167,Upper middle income,IBRD
Moldova,MD,MDA,2020,,2026-07-13,13559.2600217483,69.914,2635130,Europe & Central Asia,Chisinau,28.8497,47.0167,Upper middle income,IBRD
Moldova,MD,MDA,2018,,2026-07-13,13895.5043655692,70.236,2707203,Europe & Central Asia,Chisinau,28.8497,47.0167,Upper middle income,IBRD
Moldova,MD,MDA,2015,,2026-07-13,11691.0797484184,70.118,2835978,Europe & Central Asia,Chisinau,28.8497,47.0167,Upper middle income,IBRD
Moldova,MD,MDA,2016,,2026-07-13,12377.366678394,70.179,2803186,Europe & Central Asia,Chisinau,28.8497,47.0167,Upper middle income,IBRD
Moldova,MD,MDA,2017,,2026-07-13,13118.8219369605,70.375,2755189,Europe & Central Asia,Chisinau,28.8497,47.0167,Upper middle income,IBRD
Monaco,MC,MCO,2001,,2026-07-13,,82.485,32447,Europe & Central Asia,Monaco,7.41891,43.7325,High income,Not classified
Monaco,MC,MCO,2002,,2026-07-13,,83.055,32422,Europe & Central Asia,Monaco,7.41891,43.7325,High income,Not classified
Monaco,MC,MCO,2003,,2026-07-13,,83.613,32374,Europe & Central Asia,Monaco,7.41891,43.7325,High income,Not classified
Monaco,MC,MCO,2006,,2026-07-13,,84.194,32057,Europe & Central Asia,Monaco,7.41891,43.7325,High income,Not classified
Monaco,MC,MCO,2007,,2026-07-13,,83.903,31837,Europe & Central Asia,Monaco,7.41891,43.7325,High income,Not classified
Monaco,MC,MCO,2008,,2026-07-13,,83.827,31836,Europe & Central Asia,Monaco,7.41891,43.7325,High income,Not classified
Monaco,MC,MCO,2009,,2026-07-13,,84.187,32364,Europe & Central Asia,Monaco,7.41891,43.7325,High income,Not classified
Monaco,MC,MCO,2010,,2026-07-13,,84.644,33163,Europe & Central Asia,Monaco,7.41891,43.7325,High income,Not classified
Monaco,MC,MCO,2011,,2026-07-13,,85.01,33946,Europe & Central Asia,Monaco,7.41891,43.7325,High income,Not classified
Monaco,MC,MCO,2015,,2026-07-13,,85.323,36757,Europe & Central Asia,Monaco,7.41891,43.7325,High income,Not classified
Monaco,MC,MCO,2016,,2026-07-13,,85.63,37276,Europe & Central Asia,Monaco,7.41891,43.7325,High income,Not classified
Monaco,MC,MCO,2017,,2026-07-13,,85.878,37678,Europe & Central Asia,Monaco,7.41891,43.7325,High income,Not classified
Monaco,MC,MCO,2004,,2026-07-13,,84.151,32307,Europe & Central Asia,Monaco,7.41891,43.7325,High income,Not classified
Monaco,MC,MCO,2005,,2026-07-13,,84.34,32210,Europe & Central Asia,Monaco,7.41891,43.7325,High income,Not classified
Monaco,MC,MCO,2019,,2026-07-13,,86.151,38109,Europe & Central Asia,Monaco,7.41891,43.7325,High income,Not classified
Monaco,MC,MCO,2020,,2026-07-13,,86.089,38050,Europe & Central Asia,Monaco,7.41891,43.7325,High income,Not classified
Monaco,MC,MCO,2021,,2026-07-13,,85.113,38527,Europe & Central Asia,Monaco,7.41891,43.7325,High income,Not classified
Monaco,MC,MCO,2022,,2026-07-13,,85.746,38931,Europe & Central Asia,Monaco,7.41891,43.7325,High income,Not classified
Monaco,MC,MCO,2023,,2026-07-13,,86.372,38956,Europe & Central Asia,Monaco,7.41891,43.7325,High income,Not classified
Monaco,MC,MCO,2012,,2026-07-13,,85.045,34711,Europe & Central Asia,Monaco,7.41891,43.7325,High income,Not classified
Monaco,MC,MCO,2013,,2026-07-13,,85.056,35447,Europe & Central Asia,Monaco,7.41891,43.7325,High income,Not classified
Monaco,MC,MCO,2014,,2026-07-13,,85.093,36128,Europe & Central Asia,Monaco,7.41891,43.7325,High income,Not classified
Monaco,MC,MCO,2000,,2026-07-13,,82.121,32455,Europe & Central Asia,Monaco,7.41891,43.7325,High income,Not classified
Monaco,MC,MCO,2018,,2026-07-13,,86.084,38154,Europe & Central Asia,Monaco,7.41891,43.7325,High income,Not classified
Mongolia,MN,MNG,2018,,2026-07-13,15230.2408828847,70.8270731707317,3208189,East Asia & Pacific,Ulaanbaatar,106.937,47.9129,Upper middle income,IBRD
Mongolia,MN,MNG,2019,,2026-07-13,15790.6961126441,71.0531707317073,3267673,East Asia & Pacific,Ulaanbaatar,106.937,47.9129,Upper middle income,IBRD
Mongolia,MN,MNG,2020,,2026-07-13,14801.3420829185,71.3490243902439,3327204,East Asia & Pacific,Ulaanbaatar,106.937,47.9129,Upper middle income,IBRD
Mongolia,MN,MNG,2023,,2026-07-13,16222.8638898529,72.1224390243902,3481145,East Asia & Pacific,Ulaanbaatar,106.937,47.9129,Upper middle income,IBRD
Mongolia,MN,MNG,2008,,2026-07-13,9379.85489687765,67.2460975609756,2643201,East Asia & Pacific,Ulaanbaatar,106.937,47.9129,Upper middle income,IBRD
Mongolia,MN,MNG,2009,,2026-07-13,9095.9769892529,67.9690243902439,2691115,East Asia & Pacific,Ulaanbaatar,106.937,47.9129,Upper middle income,IBRD
Mongolia,MN,MNG,2010,,2026-07-13,9507.118823625,68.5056097560976,2738622,East Asia & Pacific,Ulaanbaatar,106.937,47.9129,Upper middle income,IBRD
Mongolia,MN,MNG,2011,,2026-07-13,10960.0959283864,69.109268292683,2786317,East Asia & Pacific,Ulaanbaatar,106.937,47.9129,Upper middle income,IBRD
Mongolia,MN,MNG,2000,,2026-07-13,5818.24307842901,63.2104878048781,2388299,East Asia & Pacific,Ulaanbaatar,106.937,47.9129,Upper middle income,IBRD
Mongolia,MN,MNG,2001,,2026-07-13,5917.07088396343,63.3917073170732,2417751,East Asia & Pacific,Ulaanbaatar,106.937,47.9129,Upper middle income,IBRD
Mongolia,MN,MNG,2002,,2026-07-13,6117.9824222592,63.540243902439,2449027,East Asia & Pacific,Ulaanbaatar,106.937,47.9129,Upper middle income,IBRD
Mongolia,MN,MNG,2016,,2026-07-13,13898.1456953585,70.2239024390244,3088856,East Asia & Pacific,Ulaanbaatar,106.937,47.9129,Upper middle income,IBRD
Mongolia,MN,MNG,2017,,2026-07-13,14401.5375067562,70.5434146341463,3148917,East Asia & Pacific,Ulaanbaatar,106.937,47.9129,Upper middle income,IBRD
Mongolia,MN,MNG,2004,,2026-07-13,7070.667158451,64.630243902439,2508412,East Asia & Pacific,Ulaanbaatar,106.937,47.9129,Upper middle income,IBRD
Mongolia,MN,MNG,2005,,2026-07-13,7499.84803935428,65.2807317073171,2536407,East Asia & Pacific,Ulaanbaatar,106.937,47.9129,Upper middle income,IBRD
Mongolia,MN,MNG,2021,,2026-07-13,14792.2509086422,71.6451219512195,3383741,East Asia & Pacific,Ulaanbaatar,106.937,47.9129,Upper middle income,IBRD
Mongolia,MN,MNG,2022,,2026-07-13,15310.4349469163,71.9007317073171,3433748,East Asia & Pacific,Ulaanbaatar,106.937,47.9129,Upper middle income,IBRD
Mongolia,MN,MNG,2012,,2026-07-13,12078.9185320062,69.500243902439,2839705,East Asia & Pacific,Ulaanbaatar,106.937,47.9129,Upper middle income,IBRD
Mongolia,MN,MNG,2013,,2026-07-13,13210.0945665668,70.0980487804878,2899011,East Asia & Pacific,Ulaanbaatar,106.937,47.9129,Upper middle income,IBRD
Mongolia,MN,MNG,2014,,2026-07-13,13943.4277148653,70.5831707317073,2963113,East Asia & Pacific,Ulaanbaatar,106.937,47.9129,Upper middle income,IBRD
Mongolia,MN,MNG,2015,,2026-07-13,13974.5967260365,70.810243902439,3026864,East Asia & Pacific,Ulaanbaatar,106.937,47.9129,Upper middle income,IBRD
Mongolia,MN,MNG,2003,,2026-07-13,6463.78966651762,63.5753658536585,2480374,East Asia & Pacific,Ulaanbaatar,106.937,47.9129,Upper middle income,IBRD
Mongolia,MN,MNG,2006,,2026-07-13,8043.99678108557,65.9021951219512,2567168,East Asia & Pacific,Ulaanbaatar,106.937,47.9129,Upper middle income,IBRD
Mongolia,MN,MNG,2007,,2026-07-13,8750.13407442299,66.5934146341464,2601850,East Asia & Pacific,Ulaanbaatar,106.937,47.9129,Upper middle income,IBRD
Montenegro,ME,MNE,2001,,2026-07-13,14552.4956785923,73.5801951219512,607389,Europe & Central Asia,Podgorica,19.2595,42.4602,Upper middle income,IBRD
Montenegro,ME,MNE,2002,,2026-07-13,14770.255224547,73.9652195121951,609828,Europe & Central Asia,Podgorica,19.2595,42.4602,Upper middle income,IBRD
Montenegro,ME,MNE,2008,,2026-07-13,20238.9216459135,75.1365853658537,616969,Europe & Central Asia,Podgorica,19.2595,42.4602,Upper middle income,IBRD
Montenegro,ME,MNE,2009,,2026-07-13,18984.9379136097,75.1439024390244,618294,Europe & Central Asia,Podgorica,19.2595,42.4602,Upper middle income,IBRD
Montenegro,ME,MNE,2003,,2026-07-13,15076.6513903781,74.0557317073171,612267,Europe & Central Asia,Podgorica,19.2595,42.4602,Upper middle income,IBRD
Montenegro,ME,MNE,2000,,2026-07-13,14452.2161423496,73.3968048780488,604950,Europe & Central Asia,Podgorica,19.2595,42.4602,Upper middle income,IBRD
Montenegro,ME,MNE,2011,,2026-07-13,20110.4869725048,76.0829268292683,620345,Europe & Central Asia,Podgorica,19.2595,42.4602,Upper middle income,IBRD
Montenegro,ME,MNE,2012,,2026-07-13,19576.412051459,76.3,621418,Europe & Central Asia,Podgorica,19.2595,42.4602,Upper middle income,IBRD
Montenegro,ME,MNE,2013,,2026-07-13,20201.2916344369,76.490243902439,622587,Europe & Central Asia,Podgorica,19.2595,42.4602,Upper middle income,IBRD
Montenegro,ME,MNE,2014,,2026-07-13,20641.764517656102,76.3390243902439,623744,Europe & Central Asia,Podgorica,19.2595,42.4602,Upper middle income,IBRD
Montenegro,ME,MNE,2015,,2026-07-13,21131.8410316247,76.6024390243903,624651,Europe & Central Asia,Podgorica,19.2595,42.4602,Upper middle income,IBRD
Montenegro,ME,MNE,2004,,2026-07-13,15716.0755725572,74.2056097560976,613353,Europe & Central Asia,Podgorica,19.2595,42.4602,Upper middle income,IBRD
Montenegro,ME,MNE,2005,,2026-07-13,16348.8994494652,73.9829268292683,614261,Europe & Central Asia,Podgorica,19.2595,42.4602,Upper middle income,IBRD
Montenegro,ME,MNE,2006,,2026-07-13,17727.3660449403,73.8390243902439,615025,Europe & Central Asia,Podgorica,19.2595,42.4602,Upper middle income,IBRD
Montenegro,ME,MNE,2007,,2026-07-13,18966.4529580465,74.3390243902439,615875,Europe & Central Asia,Podgorica,19.2595,42.4602,Upper middle income,IBRD
Montenegro,ME,MNE,2019,,2026-07-13,24585.1159529158,76.6829268292683,626753,Europe & Central Asia,Podgorica,19.2595,42.4602,Upper middle income,IBRD
Montenegro,ME,MNE,2020,,2026-07-13,20904.5999314513,75.9317073170732,626590,Europe & Central Asia,Podgorica,19.2595,42.4602,Upper middle income,IBRD
Montenegro,ME,MNE,2021,,2026-07-13,23689.9791090651,73.8243902439024,625053,Europe & Central Asia,Podgorica,19.2595,42.4602,Upper middle income,IBRD
Montenegro,ME,MNE,2010,,2026-07-13,19476.1626179487,75.990243902439,619428,Europe & Central Asia,Podgorica,19.2595,42.4602,Upper middle income,IBRD
Montenegro,ME,MNE,2023,,2026-07-13,27243.404228981,77.5878048780488,623529,Europe & Central Asia,Podgorica,19.2595,42.4602,Upper middle income,IBRD
Montenegro,ME,MNE,2016,,2026-07-13,21834.0918741924,76.5414634146342,625353,Europe & Central Asia,Podgorica,19.2595,42.4602,Upper middle income,IBRD
Montenegro,ME,MNE,2017,,2026-07-13,22513.7807637171,76.6853658536585,625982,Europe & Central Asia,Podgorica,19.2595,42.4602,Upper middle income,IBRD
Montenegro,ME,MNE,2018,,2026-07-13,23562.1762558957,77.8853658536585,626438,Europe & Central Asia,Podgorica,19.2595,42.4602,Upper middle income,IBRD
Montenegro,ME,MNE,2022,,2026-07-13,25583.3155690619,76.1878048780488,623591,Europe & Central Asia,Podgorica,19.2595,42.4602,Upper middle income,IBRD
Morocco,MA,MAR,2016,,2026-07-13,8141.9404296875,73.228,35023457,"Middle East, North Africa, Afghanistan & Pakistan",Rabat,-6.8704,33.9905,Lower middle income,IBRD
Morocco,MA,MAR,2017,,2026-07-13,8450.0087890625,73.608,35446392,"Middle East, North Africa, Afghanistan & Pakistan",Rabat,-6.8704,33.9905,Lower middle income,IBRD
Morocco,MA,MAR,2018,,2026-07-13,8611.75,73.946,35839760,"Middle East, North Africa, Afghanistan & Pakistan",Rabat,-6.8704,33.9905,Lower middle income,IBRD
Morocco,MA,MAR,2019,,2026-07-13,8768.17578125,74.245,36210898,"Middle East, North Africa, Afghanistan & Pakistan",Rabat,-6.8704,33.9905,Lower middle income,IBRD
Morocco,MA,MAR,2010,,2026-07-13,7210.63671875,70.821,32467016,"Middle East, North Africa, Afghanistan & Pakistan",Rabat,-6.8704,33.9905,Lower middle income,IBRD
Morocco,MA,MAR,2011,,2026-07-13,7503.79296875,71.263,32912588,"Middle East, North Africa, Afghanistan & Pakistan",Rabat,-6.8704,33.9905,Lower middle income,IBRD
Morocco,MA,MAR,2012,,2026-07-13,7628.64404296875,71.674,33355241,"Middle East, North Africa, Afghanistan & Pakistan",Rabat,-6.8704,33.9905,Lower middle income,IBRD
Morocco,MA,MAR,2020,,2026-07-13,8054.56298828125,73.133,36584208,"Middle East, North Africa, Afghanistan & Pakistan",Rabat,-6.8704,33.9905,Lower middle income,IBRD
Morocco,MA,MAR,2015,,2026-07-13,8198.80859375,72.894,34607588,"Middle East, North Africa, Afghanistan & Pakistan",Rabat,-6.8704,33.9905,Lower middle income,IBRD
Morocco,MA,MAR,2000,,2026-07-13,5100.11572265625,66.794,28423435,"Middle East, North Africa, Afghanistan & Pakistan",Rabat,-6.8704,33.9905,Lower middle income,IBRD
Morocco,MA,MAR,2001,,2026-07-13,5417.57861328125,67.2,28814643,"Middle East, North Africa, Afghanistan & Pakistan",Rabat,-6.8704,33.9905,Lower middle income,IBRD
Morocco,MA,MAR,2002,,2026-07-13,5544.07177734375,67.582,29198142,"Middle East, North Africa, Afghanistan & Pakistan",Rabat,-6.8704,33.9905,Lower middle income,IBRD
Morocco,MA,MAR,2003,,2026-07-13,5810.05322265625,67.958,29571415,"Middle East, North Africa, Afghanistan & Pakistan",Rabat,-6.8704,33.9905,Lower middle income,IBRD
Morocco,MA,MAR,2004,,2026-07-13,5996.39013671875,68.272,29953018,"Middle East, North Africa, Afghanistan & Pakistan",Rabat,-6.8704,33.9905,Lower middle income,IBRD
Morocco,MA,MAR,2005,,2026-07-13,6103.42236328125,68.748,30358144,"Middle East, North Africa, Afghanistan & Pakistan",Rabat,-6.8704,33.9905,Lower middle income,IBRD
Morocco,MA,MAR,2006,,2026-07-13,6488.673828125,69.157,30771178,"Middle East, North Africa, Afghanistan & Pakistan",Rabat,-6.8704,33.9905,Lower middle income,IBRD
Morocco,MA,MAR,2008,,2026-07-13,6901.95068359375,70.051,31606767,"Middle East, North Africa, Afghanistan & Pakistan",Rabat,-6.8704,33.9905,Lower middle income,IBRD
Morocco,MA,MAR,2021,,2026-07-13,8623.265625,73.385,36954442,"Middle East, North Africa, Afghanistan & Pakistan",Rabat,-6.8704,33.9905,Lower middle income,IBRD
Morocco,MA,MAR,2022,,2026-07-13,8690.4482421875,75.161,37329064,"Middle East, North Africa, Afghanistan & Pakistan",Rabat,-6.8704,33.9905,Lower middle income,IBRD
Morocco,MA,MAR,2023,,2026-07-13,8915.3515625,75.313,37712505,"Middle East, North Africa, Afghanistan & Pakistan",Rabat,-6.8704,33.9905,Lower middle income,IBRD
Morocco,MA,MAR,2013,,2026-07-13,7839.0322265625,72.117,33787571,"Middle East, North Africa, Afghanistan & Pakistan",Rabat,-6.8704,33.9905,Lower middle income,IBRD
Morocco,MA,MAR,2014,,2026-07-13,7951.79833984375,72.522,34204780,"Middle East, North Africa, Afghanistan & Pakistan",Rabat,-6.8704,33.9905,Lower middle income,IBRD
Morocco,MA,MAR,2009,,2026-07-13,7063.72705078125,70.454,32030778,"Middle East, North Africa, Afghanistan & Pakistan",Rabat,-6.8704,33.9905,Lower middle income,IBRD
Morocco,MA,MAR,2007,,2026-07-13,6620.59033203125,69.62,31186468,"Middle East, North Africa, Afghanistan & Pakistan",Rabat,-6.8704,33.9905,Lower middle income,IBRD
Mozambique,MZ,MOZ,2001,,2026-07-13,785.790173616246,50.259,18537729,Sub-Saharan Africa,Maputo,32.5713,-25.9664,Low income,IDA
Mozambique,MZ,MOZ,2002,,2026-07-13,842.645266172761,50.879,18958338,Sub-Saharan Africa,Maputo,32.5713,-25.9664,Low income,IDA
Mozambique,MZ,MOZ,2000,,2026-07-13,711.976393527396,49.476,18129653,Sub-Saharan Africa,Maputo,32.5713,-25.9664,Low income,IDA
Mozambique,MZ,MOZ,2005,,2026-07-13,970.38995609863,52.322,20304569,Sub-Saharan Africa,Maputo,32.5713,-25.9664,Low income,IDA
Mozambique,MZ,MOZ,2006,,2026-07-13,1041.80471709595,52.748,20787087,Sub-Saharan Africa,Maputo,32.5713,-25.9664,Low income,IDA
Mozambique,MZ,MOZ,2003,,2026-07-13,883.239121472194,51.383,19392475,Sub-Saharan Africa,Maputo,32.5713,-25.9664,Low income,IDA
Mozambique,MZ,MOZ,2004,,2026-07-13,934.133964844421,51.855,19840313,Sub-Saharan Africa,Maputo,32.5713,-25.9664,Low income,IDA
Mozambique,MZ,MOZ,2023,,2026-07-13,1512.66729609671,63.611,33635160,Sub-Saharan Africa,Maputo,32.5713,-25.9664,Low income,IDA
Mozambique,MZ,MOZ,2020,,2026-07-13,1466.12476474476,61.39,30783688,Sub-Saharan Africa,Maputo,32.5713,-25.9664,Low income,IDA
Mozambique,MZ,MOZ,2008,,2026-07-13,1141.94256161019,53.799,21819036,Sub-Saharan Africa,Maputo,32.5713,-25.9664,Low income,IDA
Mozambique,MZ,MOZ,2009,,2026-07-13,1178.70909947834,54.4,22391745,Sub-Saharan Africa,Maputo,32.5713,-25.9664,Low income,IDA
Mozambique,MZ,MOZ,2010,,2026-07-13,1224.23020471309,55.04,22999235,Sub-Saharan Africa,Maputo,32.5713,-25.9664,Low income,IDA
Mozambique,MZ,MOZ,2011,,2026-07-13,1275.52959822581,55.733,23649039,Sub-Saharan Africa,Maputo,32.5713,-25.9664,Low income,IDA
Mozambique,MZ,MOZ,2012,,2026-07-13,1338.51594866104,56.46,24337846,Sub-Saharan Africa,Maputo,32.5713,-25.9664,Low income,IDA
Mozambique,MZ,MOZ,2013,,2026-07-13,1385.83254864214,57.189,25051611,Sub-Saharan Africa,Maputo,32.5713,-25.9664,Low income,IDA
Mozambique,MZ,MOZ,2014,,2026-07-13,1449.92926632722,57.965,25788475,Sub-Saharan Africa,Maputo,32.5713,-25.9664,Low income,IDA
Mozambique,MZ,MOZ,2015,,2026-07-13,1512.5997455554,58.711,26547572,Sub-Saharan Africa,Maputo,32.5713,-25.9664,Low income,IDA
Mozambique,MZ,MOZ,2016,,2026-07-13,1537.90853271216,59.455,27337105,Sub-Saharan Africa,Maputo,32.5713,-25.9664,Low income,IDA
Mozambique,MZ,MOZ,2007,,2026-07-13,1095.12568701598,53.255,21287635,Sub-Saharan Africa,Maputo,32.5713,-25.9664,Low income,IDA
Mozambique,MZ,MOZ,2021,,2026-07-13,1457.23540930922,60.268,31707800,Sub-Saharan Africa,Maputo,32.5713,-25.9664,Low income,IDA
Mozambique,MZ,MOZ,2022,,2026-07-13,1476.73432917026,63.011,32656246,Sub-Saharan Africa,Maputo,32.5713,-25.9664,Low income,IDA
Mozambique,MZ,MOZ,2019,,2026-07-13,1528.88988354373,61.306,29884380,Sub-Saharan Africa,Maputo,32.5713,-25.9664,Low income,IDA
Mozambique,MZ,MOZ,2017,,2026-07-13,1532.0073576114,60.148,28166393,Sub-Saharan Africa,Maputo,32.5713,-25.9664,Low income,IDA
Mozambique,MZ,MOZ,2018,,2026-07-13,1538.83512127022,60.79,29018644,Sub-Saharan Africa,Maputo,32.5713,-25.9664,Low income,IDA
Myanmar,MM,MMR,2002,,2026-07-13,1661.73588517132,60.925,46232653,East Asia & Pacific,Naypyidaw,95.9562,21.914,Lower middle income,IDA
Myanmar,MM,MMR,2001,,2026-07-13,1498.31163236525,60.64,45771139,East Asia & Pacific,Naypyidaw,95.9562,21.914,Lower middle income,IDA
Myanmar,MM,MMR,2009,,2026-07-13,3578.17424704515,63.095,48660459,East Asia & Pacific,Naypyidaw,95.9562,21.914,Lower middle income,IDA
Myanmar,MM,MMR,2003,,2026-07-13,1874.17128269389,61.196,46667192,East Asia & Pacific,Naypyidaw,95.9562,21.914,Lower middle income,IDA
Myanmar,MM,MMR,2007,,2026-07-13,2968.3033151236,62.367,48125043,East Asia & Pacific,Naypyidaw,95.9562,21.914,Lower middle income,IDA
Myanmar,MM,MMR,2008,,2026-07-13,3254.738978881,56.364,48390793,East Asia & Pacific,Naypyidaw,95.9562,21.914,Lower middle income,IDA
Myanmar,MM,MMR,2013,,2026-07-13,4666.95376141392,64.617,50262658,East Asia & Pacific,Naypyidaw,95.9562,21.914,Lower middle income,IDA
Myanmar,MM,MMR,2010,,2026-07-13,3893.79030665874,63.479,49024382,East Asia & Pacific,Naypyidaw,95.9562,21.914,Lower middle income,IDA
Myanmar,MM,MMR,2011,,2026-07-13,4078.61220919965,63.859,49419820,East Asia & Pacific,Naypyidaw,95.9562,21.914,Lower middle income,IDA
Myanmar,MM,MMR,2012,,2026-07-13,4340.99945069174,64.251,49837446,East Asia & Pacific,Naypyidaw,95.9562,21.914,Lower middle income,IDA
Myanmar,MM,MMR,2016,,2026-07-13,5580.98977273232,65.64,51495696,East Asia & Pacific,Naypyidaw,95.9562,21.914,Lower middle income,IDA
Myanmar,MM,MMR,2017,,2026-07-13,5877.87465558175,65.909,51894938,East Asia & Pacific,Naypyidaw,95.9562,21.914,Lower middle income,IDA
Myanmar,MM,MMR,2018,,2026-07-13,6201.26341429803,66.232,52272247,East Asia & Pacific,Naypyidaw,95.9562,21.914,Lower middle income,IDA
Myanmar,MM,MMR,2004,,2026-07-13,2110.23728495831,61.443,47068772,East Asia & Pacific,Naypyidaw,95.9562,21.914,Lower middle income,IDA
Myanmar,MM,MMR,2005,,2026-07-13,2377.90258162976,61.72,47438365,East Asia & Pacific,Naypyidaw,95.9562,21.914,Lower middle income,IDA
Myanmar,MM,MMR,2006,,2026-07-13,2669.32700379999,62.026,47785135,East Asia & Pacific,Naypyidaw,95.9562,21.914,Lower middle income,IDA
Myanmar,MM,MMR,2021,,2026-07-13,5178.44718217164,65.553,53387102,East Asia & Pacific,Naypyidaw,95.9562,21.914,Lower middle income,IDA
Myanmar,MM,MMR,2022,,2026-07-13,5350.47666899931,66.506,53756787,East Asia & Pacific,Naypyidaw,95.9562,21.914,Lower middle income,IDA
Myanmar,MM,MMR,2023,,2026-07-13,5364.13797034429,66.889,54133798,East Asia & Pacific,Naypyidaw,95.9562,21.914,Lower middle income,IDA
Myanmar,MM,MMR,2000,,2026-07-13,1359.93038778036,60.357,45290841,East Asia & Pacific,Naypyidaw,95.9562,21.914,Lower middle income,IDA
Myanmar,MM,MMR,2020,,2026-07-13,5926.83450206681,66.612,53016522,East Asia & Pacific,Naypyidaw,95.9562,21.914,Lower middle income,IDA
Myanmar,MM,MMR,2014,,2026-07-13,5006.50667149767,64.994,50681634,East Asia & Pacific,Naypyidaw,95.9562,21.914,Lower middle income,IDA
Myanmar,MM,MMR,2015,,2026-07-13,5313.88615901476,65.288,51089056,East Asia & Pacific,Naypyidaw,95.9562,21.914,Lower middle income,IDA
Myanmar,MM,MMR,2019,,2026-07-13,6562.98898478625,66.457,52640713,East Asia & Pacific,Naypyidaw,95.9562,21.914,Lower middle income,IDA
Namibia,NA,NAM,2001,,2026-07-13,7786.54169496761,51.98,1857048,Sub-Saharan Africa,Windhoek,17.0931,-22.5648,Lower middle income,IBRD
Namibia,NA,NAM,2020,,2026-07-13,9652.24827219463,64.071,2728762,Sub-Saharan Africa,Windhoek,17.0931,-22.5648,Lower middle income,IBRD
Namibia,NA,NAM,2021,,2026-07-13,9709.09930646771,60.85,2810548,Sub-Saharan Africa,Windhoek,17.0931,-22.5648,Lower middle income,IBRD
Namibia,NA,NAM,2000,,2026-07-13,7858.38789521253,52.946,1818647,Sub-Saharan Africa,Windhoek,17.0931,-22.5648,Lower middle income,IBRD
Namibia,NA,NAM,2019,,2026-07-13,10813.3044681944,63.546,2650494,Sub-Saharan Africa,Windhoek,17.0931,-22.5648,Lower middle income,IBRD
Namibia,NA,NAM,2009,,2026-07-13,10166.2899453939,55.347,2077394,Sub-Saharan Africa,Windhoek,17.0931,-22.5648,Lower middle income,IBRD
Namibia,NA,NAM,2010,,2026-07-13,10614.6201576671,56.093,2109811,Sub-Saharan Africa,Windhoek,17.0931,-22.5648,Lower middle income,IBRD
Namibia,NA,NAM,2011,,2026-07-13,10965.2729759535,56.647,2146325,Sub-Saharan Africa,Windhoek,17.0931,-22.5648,Lower middle income,IBRD
Namibia,NA,NAM,2012,,2026-07-13,11266.6089486464,57.733,2194654,Sub-Saharan Africa,Windhoek,17.0931,-22.5648,Lower middle income,IBRD
Namibia,NA,NAM,2013,,2026-07-13,11593.5753768689,58.468,2252508,Sub-Saharan Africa,Windhoek,17.0931,-22.5648,Lower middle income,IBRD
Namibia,NA,NAM,2002,,2026-07-13,8017.28134128559,51.988,1889970,Sub-Saharan Africa,Windhoek,17.0931,-22.5648,Lower middle income,IBRD
Namibia,NA,NAM,2003,,2026-07-13,8237.36597245597,51.918,1917464,Sub-Saharan Africa,Windhoek,17.0931,-22.5648,Lower middle income,IBRD
Namibia,NA,NAM,2004,,2026-07-13,9130.82442337694,52.175,1942082,Sub-Saharan Africa,Windhoek,17.0931,-22.5648,Lower middle income,IBRD
Namibia,NA,NAM,2018,,2026-07-13,11214.38604306,62.579,2577327,Sub-Saharan Africa,Windhoek,17.0931,-22.5648,Lower middle income,IBRD
Namibia,NA,NAM,2005,,2026-07-13,9245.1365329555,52.557,1966582,Sub-Saharan Africa,Windhoek,17.0931,-22.5648,Lower middle income,IBRD
Namibia,NA,NAM,2006,,2026-07-13,9773.29833199798,53.183,1991888,Sub-Saharan Africa,Windhoek,17.0931,-22.5648,Lower middle income,IBRD
Namibia,NA,NAM,2022,,2026-07-13,9953.09752403491,64.19,2889662,Sub-Saharan Africa,Windhoek,17.0931,-22.5648,Lower middle income,IBRD
Namibia,NA,NAM,2023,,2026-07-13,10126.2359555611,67.385,2963095,Sub-Saharan Africa,Windhoek,17.0931,-22.5648,Lower middle income,IBRD
Namibia,NA,NAM,2017,,2026-07-13,11408.7253099967,61.661,2506853,Sub-Saharan Africa,Windhoek,17.0931,-22.5648,Lower middle income,IBRD
Namibia,NA,NAM,2014,,2026-07-13,11982.6963648348,59.311,2312139,Sub-Saharan Africa,Windhoek,17.0931,-22.5648,Lower middle income,IBRD
Namibia,NA,NAM,2015,,2026-07-13,12166.5658392058,60.008,2374300,Sub-Saharan Africa,Windhoek,17.0931,-22.5648,Lower middle income,IBRD
Namibia,NA,NAM,2016,,2026-07-13,11846.7880832757,60.81,2439213,Sub-Saharan Africa,Windhoek,17.0931,-22.5648,Lower middle income,IBRD
Namibia,NA,NAM,2008,,2026-07-13,10286.5124067605,54.74,2047056,Sub-Saharan Africa,Windhoek,17.0931,-22.5648,Lower middle income,IBRD
Namibia,NA,NAM,2007,,2026-07-13,10162.2400708746,54.026,2018600,Sub-Saharan Africa,Windhoek,17.0931,-22.5648,Lower middle income,IBRD
Naoero,NR,NRU,2002,,2026-07-13,7488.89152702519,59.427,10082,East Asia & Pacific,Yaren District,166.920867,-0.5477,High income,IBRD
Naoero,NR,NRU,2003,,2026-07-13,7527.37549326971,59.359,10059,East Asia & Pacific,Yaren District,166.920867,-0.5477,High income,IBRD
Naoero,NR,NRU,2001,,2026-07-13,8278.92548134223,59.482,10130,East Asia & Pacific,Yaren District,166.920867,-0.5477,High income,IBRD
Naoero,NR,NRU,2009,,2026-07-13,6927.86734285808,59.852,10016,East Asia & Pacific,Yaren District,166.920867,-0.5477,High income,IBRD
Naoero,NR,NRU,2010,,2026-07-13,6909.24218919312,60.074,10043,East Asia & Pacific,Yaren District,166.920867,-0.5477,High income,IBRD
Naoero,NR,NRU,2004,,2026-07-13,7201.87093721601,59.346,10060,East Asia & Pacific,Yaren District,166.920867,-0.5477,High income,IBRD
Naoero,NR,NRU,2005,,2026-07-13,7209.75436644373,59.361,10049,East Asia & Pacific,Yaren District,166.920867,-0.5477,High income,IBRD
Naoero,NR,NRU,2000,,2026-07-13,8846.08124781221,59.574,10168,East Asia & Pacific,Yaren District,166.920867,-0.5477,High income,IBRD
Naoero,NR,NRU,2013,,2026-07-13,9799.7380290632,60.701,10517,East Asia & Pacific,Yaren District,166.920867,-0.5477,High income,IBRD
Naoero,NR,NRU,2014,,2026-07-13,11114.3912279587,60.834,10742,East Asia & Pacific,Yaren District,166.920867,-0.5477,High income,IBRD
Naoero,NR,NRU,2015,,2026-07-13,11271.9122695363,60.897,10954,East Asia & Pacific,Yaren District,166.920867,-0.5477,High income,IBRD
Naoero,NR,NRU,2016,,2026-07-13,11531.3630078665,60.996,11150,East Asia & Pacific,Yaren District,166.920867,-0.5477,High income,IBRD
Naoero,NR,NRU,2017,,2026-07-13,10633.2766406018,61.101,11324,East Asia & Pacific,Yaren District,166.920867,-0.5477,High income,IBRD
Naoero,NR,NRU,2006,,2026-07-13,7830.71818547398,59.409,10034,East Asia & Pacific,Yaren District,166.920867,-0.5477,High income,IBRD
Naoero,NR,NRU,2007,,2026-07-13,6110.38387689914,59.49,10020,East Asia & Pacific,Yaren District,166.920867,-0.5477,High income,IBRD
Naoero,NR,NRU,2008,,2026-07-13,7340.51910638777,59.675,10009,East Asia & Pacific,Yaren District,166.920867,-0.5477,High income,IBRD
Naoero,NR,NRU,2012,,2026-07-13,9640.80144364362,60.533,10267,East Asia & Pacific,Yaren District,166.920867,-0.5477,High income,IBRD
Naoero,NR,NRU,2021,,2026-07-13,12113.787764494,61.331,11709,East Asia & Pacific,Yaren District,166.920867,-0.5477,High income,IBRD
Naoero,NR,NRU,2022,,2026-07-13,12019.3492868791,61.93,11801,East Asia & Pacific,Yaren District,166.920867,-0.5477,High income,IBRD
Naoero,NR,NRU,2011,,2026-07-13,7882.14105570292,60.287,10098,East Asia & Pacific,Yaren District,166.920867,-0.5477,High income,IBRD
Naoero,NR,NRU,2020,,2026-07-13,11306.0207729999,61.527,11643,East Asia & Pacific,Yaren District,166.920867,-0.5477,High income,IBRD
Naoero,NR,NRU,2018,,2026-07-13,10402.6131019197,61.238,11477,East Asia & Pacific,Yaren District,166.920867,-0.5477,High income,IBRD
Naoero,NR,NRU,2019,,2026-07-13,11184.5284927206,61.393,11587,East Asia & Pacific,Yaren District,166.920867,-0.5477,High income,IBRD
Naoero,NR,NRU,2023,,2026-07-13,11858.5184696436,62.109,11875,East Asia & Pacific,Yaren District,166.920867,-0.5477,High income,IBRD
Nepal,NP,NPL,2017,,2026-07-13,4071.70431755798,68.74,28011258,South Asia,Kathmandu,85.3157,27.6939,Lower middle income,IDA
Nepal,NP,NPL,2021,,2026-07-13,4546.22970006289,68.385,29475010,South Asia,Kathmandu,85.3157,27.6939,Lower middle income,IDA
Nepal,NP,NPL,2018,,2026-07-13,4371.38571771897,69.036,28079689,South Asia,Kathmandu,85.3157,27.6939,Lower middle income,IDA
Nepal,NP,NPL,2019,,2026-07-13,4607.52454717112,69.299,28414064,South Asia,Kathmandu,85.3157,27.6939,Lower middle income,IDA
Nepal,NP,NPL,2011,,2026-07-13,3176.65040602417,67.123,27464494,South Asia,Kathmandu,85.3157,27.6939,Lower middle income,IDA
Nepal,NP,NPL,2023,,2026-07-13,4861.230303797,70.354,29694614,South Asia,Kathmandu,85.3157,27.6939,Lower middle income,IDA
Nepal,NP,NPL,2012,,2026-07-13,3316.50073452021,67.364,27534915,South Asia,Kathmandu,85.3157,27.6939,Lower middle income,IDA
Nepal,NP,NPL,2013,,2026-07-13,3426.5579593796,67.598,27589996,South Asia,Kathmandu,85.3157,27.6939,Lower middle income,IDA
Nepal,NP,NPL,2020,,2026-07-13,4412.5420439395,69.106,28966574,South Asia,Kathmandu,85.3157,27.6939,Lower middle income,IDA
Nepal,NP,NPL,2015,,2026-07-13,3745.26182249477,67.374,27823629,South Asia,Kathmandu,85.3157,27.6939,Lower middle income,IDA
Nepal,NP,NPL,2016,,2026-07-13,3743.7445783578,68.444,27955462,South Asia,Kathmandu,85.3157,27.6939,Lower middle income,IDA
Nepal,NP,NPL,2002,,2026-07-13,2380.24424587571,63.507,25328981,South Asia,Kathmandu,85.3157,27.6939,Lower middle income,IDA
Nepal,NP,NPL,2003,,2026-07-13,2439.49479601556,64.229,25688758,South Asia,Kathmandu,85.3157,27.6939,Lower middle income,IDA
Nepal,NP,NPL,2004,,2026-07-13,2521.54105171428,64.744,26016656,South Asia,Kathmandu,85.3157,27.6939,Lower middle income,IDA
Nepal,NP,NPL,2005,,2026-07-13,2580.23106308364,65.275,26309458,South Asia,Kathmandu,85.3157,27.6939,Lower middle income,IDA
Nepal,NP,NPL,2006,,2026-07-13,2641.34799494749,65.891,26565425,South Asia,Kathmandu,85.3157,27.6939,Lower middle income,IDA
Nepal,NP,NPL,2007,,2026-07-13,2708.7143922589,66.169,26788492,South Asia,Kathmandu,85.3157,27.6939,Lower middle income,IDA
Nepal,NP,NPL,2022,,2026-07-13,4763.38751073946,70.087,29715436,South Asia,Kathmandu,85.3157,27.6939,Lower middle income,IDA
Nepal,NP,NPL,2010,,2026-07-13,3085.31407004502,66.772,27341952,South Asia,Kathmandu,85.3157,27.6939,Lower middle income,IDA
Nepal,NP,NPL,2001,,2026-07-13,2413.8142127556,63.288,24946748,South Asia,Kathmandu,85.3157,27.6939,Lower middle income,IDA
Nepal,NP,NPL,2014,,2026-07-13,3621.73168937112,67.812,27672370,South Asia,Kathmandu,85.3157,27.6939,Lower middle income,IDA
Nepal,NP,NPL,2000,,2026-07-13,2340.81563141298,62.642,24546509,South Asia,Kathmandu,85.3157,27.6939,Lower middle income,IDA
Nepal,NP,NPL,2009,,2026-07-13,2961.83900365912,66.6,27173035,South Asia,Kathmandu,85.3157,27.6939,Lower middle income,IDA
Nepal,NP,NPL,2008,,2026-07-13,2852.60983167965,66.442,26990037,South Asia,Kathmandu,85.3157,27.6939,Lower middle income,IDA
Netherlands,NL,NLD,2001,,2026-07-13,56887.3976406444,78.190243902439,16046180,Europe & Central Asia,Amsterdam,4.89095,52.3738,High income,Not classified
Netherlands,NL,NLD,2003,,2026-07-13,56452.8695506734,78.4926829268293,16225302,Europe & Central Asia,Amsterdam,4.89095,52.3738,High income,Not classified
Netherlands,NL,NLD,2004,,2026-07-13,57391.3516342059,79.0951219512195,16281779,Europe & Central Asia,Amsterdam,4.89095,52.3738,High income,Not classified
Netherlands,NL,NLD,2000,,2026-07-13,56016.8327946434,77.9878048780488,15925513,Europe & Central Asia,Amsterdam,4.89095,52.3738,High income,Not classified
Netherlands,NL,NLD,2007,,2026-07-13,62601.6612832425,80.0975609756098,16381696,Europe & Central Asia,Amsterdam,4.89095,52.3738,High income,Not classified
Netherlands,NL,NLD,2008,,2026-07-13,63678.4005491428,80.2512195121951,16445593,Europe & Central Asia,Amsterdam,4.89095,52.3738,High income,Not classified
Netherlands,NL,NLD,2005,,2026-07-13,58422.0304069674,79.3463414634146,16319868,Europe & Central Asia,Amsterdam,4.89095,52.3738,High income,Not classified
Netherlands,NL,NLD,2006,,2026-07-13,60391.5155033324,79.6975609756098,16346101,Europe & Central Asia,Amsterdam,4.89095,52.3738,High income,Not classified
Netherlands,NL,NLD,2023,,2026-07-13,70198.9546022361,81.8634146341464,17877117,Europe & Central Asia,Amsterdam,4.89095,52.3738,High income,Not classified
Netherlands,NL,NLD,2014,,2026-07-13,62045.849197561,81.7073170731707,16865008,Europe & Central Asia,Amsterdam,4.89095,52.3738,High income,Not classified
Netherlands,NL,NLD,2011,,2026-07-13,62318.1391154389,81.2048780487805,16693074,Europe & Central Asia,Amsterdam,4.89095,52.3738,High income,Not classified
Netherlands,NL,NLD,2012,,2026-07-13,61480.8416416324,81.1048780487805,16754962,Europe & Central Asia,Amsterdam,4.89095,52.3738,High income,Not classified
Netherlands,NL,NLD,2002,,2026-07-13,56664.4027354437,78.2926829268293,16148929,Europe & Central Asia,Amsterdam,4.89095,52.3738,High income,Not classified
Netherlands,NL,NLD,2018,,2026-07-13,66758.2454283317,81.8121951219512,17231624,Europe & Central Asia,Amsterdam,4.89095,52.3738,High income,Not classified
Netherlands,NL,NLD,2015,,2026-07-13,63081.4083495966,81.509756097561,16939923,Europe & Central Asia,Amsterdam,4.89095,52.3738,High income,Not classified
Netherlands,NL,NLD,2016,,2026-07-13,64267.7476553623,81.5609756097561,17030314,Europe & Central Asia,Amsterdam,4.89095,52.3738,High income,Not classified
Netherlands,NL,NLD,2017,,2026-07-13,65665.9910229578,81.7609756097561,17131296,Europe & Central Asia,Amsterdam,4.89095,52.3738,High income,Not classified
Netherlands,NL,NLD,2022,,2026-07-13,71324.0360229425,81.6146341463415,17700982,Europe & Central Asia,Amsterdam,4.89095,52.3738,High income,Not classified
Netherlands,NL,NLD,2019,,2026-07-13,67847.8818461095,82.1121951219512,17344874,Europe & Central Asia,Amsterdam,4.89095,52.3738,High income,Not classified
Netherlands,NL,NLD,2009,,2026-07-13,61029.7329801783,80.5487804878049,16530388,Europe & Central Asia,Amsterdam,4.89095,52.3738,High income,Not classified
Netherlands,NL,NLD,2010,,2026-07-13,61518.5768954231,80.7024390243902,16615394,Europe & Central Asia,Amsterdam,4.89095,52.3738,High income,Not classified
Netherlands,NL,NLD,2013,,2026-07-13,61281.3125686741,81.3048780487805,16804432,Europe & Central Asia,Amsterdam,4.89095,52.3738,High income,Not classified
Netherlands,NL,NLD,2020,,2026-07-13,64862.1890353474,81.3585365853659,17441500,Europe & Central Asia,Amsterdam,4.89095,52.3738,High income,Not classified
Netherlands,NL,NLD,2021,,2026-07-13,68573.5648786447,81.309756097561,17533044,Europe & Central Asia,Amsterdam,4.89095,52.3738,High income,Not classified
New Caledonia,NC,NCL,2017,,2026-07-13,,77.504,283546,East Asia & Pacific,Noum'ea,166.464,-22.2677,High income,Not classified
New Caledonia,NC,NCL,2004,,2026-07-13,,74.713,240852,East Asia & Pacific,Noum'ea,166.464,-22.2677,High income,Not classified
New Caledonia,NC,NCL,2009,,2026-07-13,,75.676,257250,East Asia & Pacific,Noum'ea,166.464,-22.2677,High income,Not classified
New Caledonia,NC,NCL,2010,,2026-07-13,,75.992,261582,East Asia & Pacific,Noum'ea,166.464,-22.2677,High income,Not classified
New Caledonia,NC,NCL,2005,,2026-07-13,,74.867,244381,East Asia & Pacific,Noum'ea,166.464,-22.2677,High income,Not classified
New Caledonia,NC,NCL,2003,,2026-07-13,,74.5,236678,East Asia & Pacific,Noum'ea,166.464,-22.2677,High income,Not classified
New Caledonia,NC,NCL,2013,,2026-07-13,,76.867,276822,East Asia & Pacific,Noum'ea,166.464,-22.2677,High income,Not classified
New Caledonia,NC,NCL,2014,,2026-07-13,,77.053,281224,East Asia & Pacific,Noum'ea,166.464,-22.2677,High income,Not classified
New Caledonia,NC,NCL,2011,,2026-07-13,,76.315,266543,East Asia & Pacific,Noum'ea,166.464,-22.2677,High income,Not classified
New Caledonia,NC,NCL,2012,,2026-07-13,,76.615,271633,East Asia & Pacific,Noum'ea,166.464,-22.2677,High income,Not classified
New Caledonia,NC,NCL,2002,,2026-07-13,,74.278,232236,East Asia & Pacific,Noum'ea,166.464,-22.2677,High income,Not classified
New Caledonia,NC,NCL,2001,,2026-07-13,,73.958,227707,East Asia & Pacific,Noum'ea,166.464,-22.2677,High income,Not classified
New Caledonia,NC,NCL,2018,,2026-07-13,,77.557,283541,East Asia & Pacific,Noum'ea,166.464,-22.2677,High income,Not classified
New Caledonia,NC,NCL,2019,,2026-07-13,,77.262,283606,East Asia & Pacific,Noum'ea,166.464,-22.2677,High income,Not classified
New Caledonia,NC,NCL,2006,,2026-07-13,,75.016,247547,East Asia & Pacific,Noum'ea,166.464,-22.2677,High income,Not classified
New Caledonia,NC,NCL,2007,,2026-07-13,,75.181,250725,East Asia & Pacific,Noum'ea,166.464,-22.2677,High income,Not classified
New Caledonia,NC,NCL,2008,,2026-07-13,,75.398,253825,East Asia & Pacific,Noum'ea,166.464,-22.2677,High income,Not classified
New Caledonia,NC,NCL,2022,,2026-07-13,,77.698,287123,East Asia & Pacific,Noum'ea,166.464,-22.2677,High income,Not classified
New Caledonia,NC,NCL,2023,,2026-07-13,,78.766,289870,East Asia & Pacific,Noum'ea,166.464,-22.2677,High income,Not classified
New Caledonia,NC,NCL,2016,,2026-07-13,,77.359,283423,East Asia & Pacific,Noum'ea,166.464,-22.2677,High income,Not classified
New Caledonia,NC,NCL,2000,,2026-07-13,,73.574,223098,East Asia & Pacific,Noum'ea,166.464,-22.2677,High income,Not classified
New Caledonia,NC,NCL,2021,,2026-07-13,,77.113,285214,East Asia & Pacific,Noum'ea,166.464,-22.2677,High income,Not classified
New Caledonia,NC,NCL,2015,,2026-07-13,,77.206,283168,East Asia & Pacific,Noum'ea,166.464,-22.2677,High income,Not classified
New Caledonia,NC,NCL,2020,,2026-07-13,,77.049,284176,East Asia & Pacific,Noum'ea,166.464,-22.2677,High income,Not classified
New Zealand,NZ,NZL,2000,,2026-07-13,35984.6288016116,78.6365853658537,3857700,East Asia & Pacific,Wellington,174.776,-41.2865,High income,Not classified
New Zealand,NZ,NZL,2002,,2026-07-13,38072.2713835052,78.8463414634146,3948500,East Asia & Pacific,Wellington,174.776,-41.2865,High income,Not classified
New Zealand,NZ,NZL,2021,,2026-07-13,48202.0913368233,82.2073170731707,5084600,East Asia & Pacific,Wellington,174.776,-41.2865,High income,Not classified
New Zealand,NZ,NZL,2022,,2026-07-13,49842.9845334162,81.9585365853658,5081700,East Asia & Pacific,Wellington,174.776,-41.2865,High income,Not classified
New Zealand,NZ,NZL,2001,,2026-07-13,36995.0603198774,78.6926829268293,3880500,East Asia & Pacific,Wellington,174.776,-41.2865,High income,Not classified
New Zealand,NZ,NZL,2020,,2026-07-13,46326.3804672976,82.2560975609756,5072400,East Asia & Pacific,Wellington,174.776,-41.2865,High income,Not classified
New Zealand,NZ,NZL,2010,,2026-07-13,41395.370375582,80.9048780487805,4350700,East Asia & Pacific,Wellington,174.776,-41.2865,High income,Not classified
New Zealand,NZ,NZL,2011,,2026-07-13,41961.9202263641,81.1560975609756,4384000,East Asia & Pacific,Wellington,174.776,-41.2865,High income,Not classified
New Zealand,NZ,NZL,2012,,2026-07-13,42693.4234516571,81.4073170731707,4408100,East Asia & Pacific,Wellington,174.776,-41.2865,High income,Not classified
New Zealand,NZ,NZL,2013,,2026-07-13,43453.2814172317,81.4048780487805,4442100,East Asia & Pacific,Wellington,174.776,-41.2865,High income,Not classified
New Zealand,NZ,NZL,2014,,2026-07-13,44369.7664241859,81.4568292682927,4516500,East Asia & Pacific,Wellington,174.776,-41.2865,High income,Not classified
New Zealand,NZ,NZL,2003,,2026-07-13,39092.3455202712,79.1463414634146,4027200,East Asia & Pacific,Wellington,174.776,-41.2865,High income,Not classified
New Zealand,NZ,NZL,2004,,2026-07-13,40091.1399487332,79.5487804878049,4087500,East Asia & Pacific,Wellington,174.776,-41.2865,High income,Not classified
New Zealand,NZ,NZL,2005,,2026-07-13,40970.295838255,79.8512195121951,4133900,East Asia & Pacific,Wellington,174.776,-41.2865,High income,Not classified
New Zealand,NZ,NZL,2019,,2026-07-13,47392.1933135172,82.0560975609756,4970300,East Asia & Pacific,Wellington,174.776,-41.2865,High income,Not classified
New Zealand,NZ,NZL,2006,,2026-07-13,41596.8311289998,80.0487804878049,4184600,East Asia & Pacific,Wellington,174.776,-41.2865,High income,Not classified
New Zealand,NZ,NZL,2007,,2026-07-13,42473.1182614499,80.1512195121951,4223800,East Asia & Pacific,Wellington,174.776,-41.2865,High income,Not classified
New Zealand,NZ,NZL,2023,,2026-07-13,49592.5875512098,81.7585365853659,5200000,East Asia & Pacific,Wellington,174.776,-41.2865,High income,Not classified
New Zealand,NZ,NZL,2009,,2026-07-13,41250.9985717425,80.7024390243902,4302600,East Asia & Pacific,Wellington,174.776,-41.2865,High income,Not classified
New Zealand,NZ,NZL,2018,,2026-07-13,46974.6818400482,81.7073170731707,4900600,East Asia & Pacific,Wellington,174.776,-41.2865,High income,Not classified
New Zealand,NZ,NZL,2015,,2026-07-13,45097.016468387,81.6124390243903,4609400,East Asia & Pacific,Wellington,174.776,-41.2865,High income,Not classified
New Zealand,NZ,NZL,2016,,2026-07-13,45746.135981069,81.6585365853659,4714100,East Asia & Pacific,Wellington,174.776,-41.2865,High income,Not classified
New Zealand,NZ,NZL,2017,,2026-07-13,46285.9810980642,81.8585365853659,4813600,East Asia & Pacific,Wellington,174.776,-41.2865,High income,Not classified
New Zealand,NZ,NZL,2008,,2026-07-13,41682.2459069155,80.3512195121951,4259800,East Asia & Pacific,Wellington,174.776,-41.2865,High income,Not classified
Nicaragua,NI,NIC,2002,,2026-07-13,4935.48508468148,67.95,5149909,Latin America & Caribbean,Managua,-86.2734,12.1475,Lower middle income,IDA
Nicaragua,NI,NIC,2003,,2026-07-13,5000.61145616409,68.749,5210963,Latin America & Caribbean,Managua,-86.2734,12.1475,Lower middle income,IDA
Nicaragua,NI,NIC,2004,,2026-07-13,5204.38170601052,69.51,5272912,Latin America & Caribbean,Managua,-86.2734,12.1475,Lower middle income,IDA
Nicaragua,NI,NIC,2006,,2026-07-13,5500.40543544526,70.958,5418855,Latin America & Caribbean,Managua,-86.2734,12.1475,Lower middle income,IDA
Nicaragua,NI,NIC,2010,,2026-07-13,5701.12754906379,71.761,5737450,Latin America & Caribbean,Managua,-86.2734,12.1475,Lower middle income,IDA
Nicaragua,NI,NIC,2011,,2026-07-13,5976.25247519395,72.033,5819051,Latin America & Caribbean,Managua,-86.2734,12.1475,Lower middle income,IDA
Nicaragua,NI,NIC,2005,,2026-07-13,5356.95817825808,70.374,5342105,Latin America & Caribbean,Managua,-86.2734,12.1475,Lower middle income,IDA
Nicaragua,NI,NIC,2000,,2026-07-13,4878.2474679883,66.36,5022633,Latin America & Caribbean,Managua,-86.2734,12.1475,Lower middle income,IDA
Nicaragua,NI,NIC,2001,,2026-07-13,4958.32740448527,67.028,5087825,Latin America & Caribbean,Managua,-86.2734,12.1475,Lower middle income,IDA
Nicaragua,NI,NIC,2014,,2026-07-13,6712.21708286288,72.792,6066492,Latin America & Caribbean,Managua,-86.2734,12.1475,Lower middle income,IDA
Nicaragua,NI,NIC,2015,,2026-07-13,6939.03243274344,72.899,6149417,Latin America & Caribbean,Managua,-86.2734,12.1475,Lower middle income,IDA
Nicaragua,NI,NIC,2016,,2026-07-13,7158.75755467501,73.18,6232666,Latin America & Caribbean,Managua,-86.2734,12.1475,Lower middle income,IDA
Nicaragua,NI,NIC,2017,,2026-07-13,7391.19638215265,73.389,6316231,Latin America & Caribbean,Managua,-86.2734,12.1475,Lower middle income,IDA
Nicaragua,NI,NIC,2018,,2026-07-13,7049.02709828403,73.879,6400080,Latin America & Caribbean,Managua,-86.2734,12.1475,Lower middle income,IDA
Nicaragua,NI,NIC,2007,,2026-07-13,5697.2107429964,71.197,5497243,Latin America & Caribbean,Managua,-86.2734,12.1475,Lower middle income,IDA
Nicaragua,NI,NIC,2008,,2026-07-13,5809.09928522386,71.404,5576593,Latin America & Caribbean,Managua,-86.2734,12.1475,Lower middle income,IDA
Nicaragua,NI,NIC,2009,,2026-07-13,5538.36555049931,71.499,5656601,Latin America & Caribbean,Managua,-86.2734,12.1475,Lower middle income,IDA
Nicaragua,NI,NIC,2013,,2026-07-13,6494.14920922407,72.551,5983845,Latin America & Caribbean,Managua,-86.2734,12.1475,Lower middle income,IDA
Nicaragua,NI,NIC,2022,,2026-07-13,7277.82041652584,74.463,6730654,Latin America & Caribbean,Managua,-86.2734,12.1475,Lower middle income,IDA
Nicaragua,NI,NIC,2023,,2026-07-13,7496.53056557505,74.947,6823613,Latin America & Caribbean,Managua,-86.2734,12.1475,Lower middle income,IDA
Nicaragua,NI,NIC,2012,,2026-07-13,6275.78730248003,72.435,5901287,Latin America & Caribbean,Managua,-86.2734,12.1475,Lower middle income,IDA
Nicaragua,NI,NIC,2021,,2026-07-13,7119.16874782601,70.478,6644741,Latin America & Caribbean,Managua,-86.2734,12.1475,Lower middle income,IDA
Nicaragua,NI,NIC,2019,,2026-07-13,6756.59334024487,73.764,6483657,Latin America & Caribbean,Managua,-86.2734,12.1475,Lower middle income,IDA
Nicaragua,NI,NIC,2020,,2026-07-13,6523.36944661195,70.766,6565267,Latin America & Caribbean,Managua,-86.2734,12.1475,Lower middle income,IDA
Niger,NE,NER,2018,,2026-07-13,1565.01970005142,59.765,22188069,Sub-Saharan Africa,Niamey,2.1073,13.514,Low income,IDA
Niger,NE,NER,2012,,2026-07-13,1411.52001409831,57.987,17836769,Sub-Saharan Africa,Niamey,2.1073,13.514,Low income,IDA
Niger,NE,NER,2022,,2026-07-13,1724.89699425215,60.398,25311973,Sub-Saharan Africa,Niamey,2.1073,13.514,Low income,IDA
Niger,NE,NER,2019,,2026-07-13,1605.19476569029,60.031,22947757,Sub-Saharan Africa,Niamey,2.1073,13.514,Low income,IDA
Niger,NE,NER,2020,,2026-07-13,1622.27873602911,59.89,23717613,Sub-Saharan Africa,Niamey,2.1073,13.514,Low income,IDA
Niger,NE,NER,2021,,2026-07-13,1587.84784907329,59.542,24502140,Sub-Saharan Africa,Niamey,2.1073,13.514,Low income,IDA
Niger,NE,NER,2011,,2026-07-13,1325.92646987416,57.6,17176283,Sub-Saharan Africa,Niamey,2.1073,13.514,Low income,IDA
Niger,NE,NER,2013,,2026-07-13,1431.71115490341,58.364,18519898,Sub-Saharan Africa,Niamey,2.1073,13.514,Low income,IDA
Niger,NE,NER,2014,,2026-07-13,1471.50554729559,58.693,19215909,Sub-Saharan Africa,Niamey,2.1073,13.514,Low income,IDA
Niger,NE,NER,2015,,2026-07-13,1480.39815168147,58.85,19939498,Sub-Saharan Africa,Niamey,2.1073,13.514,Low income,IDA
Niger,NE,NER,2016,,2026-07-13,1488.08648074655,59.228,20685753,Sub-Saharan Africa,Niamey,2.1073,13.514,Low income,IDA
Niger,NE,NER,2017,,2026-07-13,1515.48307317618,59.524,21435446,Sub-Saharan Africa,Niamey,2.1073,13.514,Low income,IDA
Niger,NE,NER,2003,,2026-07-13,1238.58780880353,51.545,12796984,Sub-Saharan Africa,Niamey,2.1073,13.514,Low income,IDA
Niger,NE,NER,2004,,2026-07-13,1199.15937505794,52.402,13265836,Sub-Saharan Africa,Niamey,2.1073,13.514,Low income,IDA
Niger,NE,NER,2005,,2026-07-13,1241.20064789059,53.32,13756192,Sub-Saharan Africa,Niamey,2.1073,13.514,Low income,IDA
Niger,NE,NER,2006,,2026-07-13,1267.601412271,54.223,14268581,Sub-Saharan Africa,Niamey,2.1073,13.514,Low income,IDA
Niger,NE,NER,2007,,2026-07-13,1260.18545165015,55.063,14803610,Sub-Saharan Africa,Niamey,2.1073,13.514,Low income,IDA
Niger,NE,NER,2008,,2026-07-13,1308.2751730424,55.852,15361915,Sub-Saharan Africa,Niamey,2.1073,13.514,Low income,IDA
Niger,NE,NER,2023,,2026-07-13,1712.97031726521,61.183,26159867,Sub-Saharan Africa,Niamey,2.1073,13.514,Low income,IDA
Niger,NE,NER,2010,,2026-07-13,1344.4988701596,57.08,16548835,Sub-Saharan Africa,Niamey,2.1073,13.514,Low income,IDA
Niger,NE,NER,2002,,2026-07-13,1256.23701340852,50.645,12349144,Sub-Saharan Africa,Niamey,2.1073,13.514,Low income,IDA
Niger,NE,NER,2000,,2026-07-13,1197.63477205432,49.172,11509630,Sub-Saharan Africa,Niamey,2.1073,13.514,Low income,IDA
Niger,NE,NER,2001,,2026-07-13,1240.385444402,49.872,11920647,Sub-Saharan Africa,Niamey,2.1073,13.514,Low income,IDA
Niger,NE,NER,2009,,2026-07-13,1285.27757373191,56.487,15943675,Sub-Saharan Africa,Niamey,2.1073,13.514,Low income,IDA
Nigeria,NG,NGA,2002,,2026-07-13,5654.89706044216,48.02,133471989,Sub-Saharan Africa,Abuja,7.48906,9.05804,Lower middle income,Blend
Nigeria,NG,NGA,2001,,2026-07-13,5039.54869754112,47.549,129862595,Sub-Saharan Africa,Abuja,7.48906,9.05804,Lower middle income,Blend
Nigeria,NG,NGA,2003,,2026-07-13,5905.31482781101,48.618,137202644,Sub-Saharan Africa,Abuja,7.48906,9.05804,Lower middle income,Blend
Nigeria,NG,NGA,2004,,2026-07-13,6275.29894506434,49.148,141057045,Sub-Saharan Africa,Abuja,7.48906,9.05804,Lower middle income,Blend
Nigeria,NG,NGA,2006,,2026-07-13,6702.94533333874,49.876,149077334,Sub-Saharan Africa,Abuja,7.48906,9.05804,Lower middle income,Blend
Nigeria,NG,NGA,2007,,2026-07-13,6949.42650711567,50.381,153267261,Sub-Saharan Africa,Abuja,7.48906,9.05804,Lower middle income,Blend
Nigeria,NG,NGA,2008,,2026-07-13,7215.76946195762,50.748,157595014,Sub-Saharan Africa,Abuja,7.48906,9.05804,Lower middle income,Blend
Nigeria,NG,NGA,2005,,2026-07-13,6496.93228175977,49.538,145017253,Sub-Saharan Africa,Abuja,7.48906,9.05804,Lower middle income,Blend
Nigeria,NG,NGA,2000,,2026-07-13,4889.00321921229,47.143,126382494,Sub-Saharan Africa,Abuja,7.48906,9.05804,Lower middle income,Blend
Nigeria,NG,NGA,2023,,2026-07-13,7843.00399007675,54.462,227882945,Sub-Saharan Africa,Abuja,7.48906,9.05804,Lower middle income,Blend
Nigeria,NG,NGA,2014,,2026-07-13,8884.77428628672,51.94,185896915,Sub-Saharan Africa,Abuja,7.48906,9.05804,Lower middle income,Blend
Nigeria,NG,NGA,2011,,2026-07-13,8153.53178650271,51.49,171379598,Sub-Saharan Africa,Abuja,7.48906,9.05804,Lower middle income,Blend
Nigeria,NG,NGA,2012,,2026-07-13,8265.90551181051,51.688,176200625,Sub-Saharan Africa,Abuja,7.48906,9.05804,Lower middle income,Blend
Nigeria,NG,NGA,2013,,2026-07-13,8581.20782264031,51.827,181049443,Sub-Saharan Africa,Abuja,7.48906,9.05804,Lower middle income,Blend
Nigeria,NG,NGA,2018,,2026-07-13,8362.62330860296,52.669,204938755,Sub-Saharan Africa,Abuja,7.48906,9.05804,Lower middle income,Blend
Nigeria,NG,NGA,2015,,2026-07-13,8892.05798673631,51.939,190671878,Sub-Saharan Africa,Abuja,7.48906,9.05804,Lower middle income,Blend
Nigeria,NG,NGA,2016,,2026-07-13,8534.69281482375,52.189,195443700,Sub-Saharan Africa,Abuja,7.48906,9.05804,Lower middle income,Blend
Nigeria,NG,NGA,2017,,2026-07-13,8396.78452243227,52.397,200254579,Sub-Saharan Africa,Abuja,7.48906,9.05804,Lower middle income,Blend
Nigeria,NG,NGA,2022,,2026-07-13,7752.26206495247,54.079,223150896,Sub-Saharan Africa,Abuja,7.48906,9.05804,Lower middle income,Blend
Nigeria,NG,NGA,2019,,2026-07-13,8361.78664836,53.009,209485641,Sub-Saharan Africa,Abuja,7.48906,9.05804,Lower middle income,Blend
Nigeria,NG,NGA,2009,,2026-07-13,7581.40572089092,51.08,162049464,Sub-Saharan Africa,Abuja,7.48906,9.05804,Lower middle income,Blend
Nigeria,NG,NGA,2010,,2026-07-13,7962.63957281031,51.315,166642886,Sub-Saharan Africa,Abuja,7.48906,9.05804,Lower middle income,Blend
Nigeria,NG,NGA,2021,,2026-07-13,7588.47885587002,53.455,218529286,Sub-Saharan Africa,Abuja,7.48906,9.05804,Lower middle income,Blend
Nigeria,NG,NGA,2020,,2026-07-13,7664.21099575168,53.072,213996181,Sub-Saharan Africa,Abuja,7.48906,9.05804,Lower middle income,Blend
North America,XU,NAC,2018,,2026-07-13,66679.8386372116,78.960276789842,365666028,Aggregates,,,,Aggregates,Aggregates
North America,XU,NAC,2005,,2026-07-13,58908.2584676373,77.7462382909607,327822042,Aggregates,,,,Aggregates,Aggregates
North America,XU,NAC,2004,,2026-07-13,57467.3638694953,77.7343375427686,324806660,Aggregates,,,,Aggregates,Aggregates
North America,XU,NAC,2010,,2026-07-13,59088.9185210479,78.8169547045614,343447854,Aggregates,,,,Aggregates,Aggregates
North America,XU,NAC,2011,,2026-07-13,59609.0873919323,78.9234323511493,346242415,Aggregates,,,,Aggregates,Aggregates
North America,XU,NAC,2006,,2026-07-13,59957.8206045602,77.9690402937581,331013939,Aggregates,,,,Aggregates,Aggregates
North America,XU,NAC,2007,,2026-07-13,60581.9753282087,78.2395331531403,334183103,Aggregates,,,,Aggregates,Aggregates
North America,XU,NAC,2014,,2026-07-13,62302.7654278932,79.135655352291,354755155,Aggregates,,,,Aggregates,Aggregates
North America,XU,NAC,2015,,2026-07-13,63503.57678579,79.0036254654542,357583083,Aggregates,,,,Aggregates,Aggregates
North America,XU,NAC,2012,,2026-07-13,60442.1261871716,79.0322253270364,349116140,Aggregates,,,,Aggregates,Aggregates
North America,XU,NAC,2013,,2026-07-13,61249.6479379237,79.0411295925553,351870848,Aggregates,,,,Aggregates,Aggregates
North America,XU,NAC,2003,,2026-07-13,55889.0635834998,77.3002796759891,321812780,Aggregates,,,,Aggregates,Aggregates
North America,XU,NAC,2001,,2026-07-13,54420.5866049262,77.0883485337654,316051677,Aggregates,,,,Aggregates,Aggregates
North America,XU,NAC,2019,,2026-07-13,67946.3411183071,79.1328897249464,367908829,Aggregates,,,,Aggregates,Aggregates
North America,XU,NAC,2020,,2026-07-13,66040.8731205658,77.4492825889982,369671124,Aggregates,,,,Aggregates,Aggregates
North America,XU,NAC,2021,,2026-07-13,69953.4846892959,76.8590190564362,370404678,Aggregates,,,,Aggregates,Aggregates
North America,XU,NAC,2008,,2026-07-13,60117.4818737471,78.3038592516027,337404564,Aggregates,,,,Aggregates,Aggregates
North America,XU,NAC,2009,,2026-07-13,58023.6383008921,78.6547128363776,340465163,Aggregates,,,,Aggregates,Aggregates
North America,XU,NAC,2023,,2026-07-13,72628.1971323768,78.7304513464606,376868838,Aggregates,,,,Aggregates,Aggregates
North America,XU,NAC,2016,,2026-07-13,64087.4542421837,78.8800103845064,360527592,Aggregates,,,,Aggregates,Aggregates
North America,XU,NAC,2017,,2026-07-13,65208.2856615564,78.868288279967,363217262,Aggregates,,,,Aggregates,Aggregates
North America,XU,NAC,2000,,2026-07-13,54402.3453045356,76.8850332429286,312909691,Aggregates,,,,Aggregates,Aggregates
North America,XU,NAC,2002,,2026-07-13,54887.4019899778,77.1919358768587,319046534,Aggregates,,,,Aggregates,Aggregates
North America,XU,NAC,2022,,2026-07-13,71345.564015877,77.817206254568,373011185,Aggregates,,,,Aggregates,Aggregates
North Macedonia,MK,MKD,2000,,2026-07-13,11988.2448826829,72.9463414634147,2026350,Europe & Central Asia,Skopje,21.4361,42.0024,Upper middle income,IBRD
North Macedonia,MK,MKD,2001,,2026-07-13,11571.8112316434,73.4365853658537,2034882,Europe & Central Asia,Skopje,21.4361,42.0024,Upper middle income,IBRD
North Macedonia,MK,MKD,2002,,2026-07-13,11830.2626132426,73.0390243902439,2020157,Europe & Central Asia,Skopje,21.4361,42.0024,Upper middle income,IBRD
North Macedonia,MK,MKD,2022,,2026-07-13,22822.2333994259,74.4248780487805,1831712,Europe & Central Asia,Skopje,21.4361,42.0024,Upper middle income,IBRD
North Macedonia,MK,MKD,2023,,2026-07-13,23455.2221318176,75.3160975609756,1827816,Europe & Central Asia,Skopje,21.4361,42.0024,Upper middle income,IBRD
North Macedonia,MK,MKD,2009,,2026-07-13,16084.2279730567,74.4463414634146,1958782,Europe & Central Asia,Skopje,21.4361,42.0024,Upper middle income,IBRD
North Macedonia,MK,MKD,2003,,2026-07-13,12077.849005462,73.2414634146342,2022725,Europe & Central Asia,Skopje,21.4361,42.0024,Upper middle income,IBRD
North Macedonia,MK,MKD,2011,,2026-07-13,17201.236162644,75.1,1937398,Europe & Central Asia,Skopje,21.4361,42.0024,Upper middle income,IBRD
North Macedonia,MK,MKD,2012,,2026-07-13,17189.9956305456,74.9024390243903,1929821,Europe & Central Asia,Skopje,21.4361,42.0024,Upper middle income,IBRD
North Macedonia,MK,MKD,2013,,2026-07-13,17758.2275594412,75.4,1922716,Europe & Central Asia,Skopje,21.4361,42.0024,Upper middle income,IBRD
North Macedonia,MK,MKD,2014,,2026-07-13,18452.2062280148,75.4512195121951,1917557,Europe & Central Asia,Skopje,21.4361,42.0024,Upper middle income,IBRD
North Macedonia,MK,MKD,2015,,2026-07-13,19215.0740381192,75.4024390243902,1912430,Europe & Central Asia,Skopje,21.4361,42.0024,Upper middle income,IBRD
North Macedonia,MK,MKD,2004,,2026-07-13,12683.3809111151,73.5975609756098,2016186,Europe & Central Asia,Skopje,21.4361,42.0024,Upper middle income,IBRD
North Macedonia,MK,MKD,2005,,2026-07-13,13354.4611473701,73.6975609756098,2005330,Europe & Central Asia,Skopje,21.4361,42.0024,Upper middle income,IBRD
North Macedonia,MK,MKD,2006,,2026-07-13,14118.2297877525,73.8951219512195,1994287,Europe & Central Asia,Skopje,21.4361,42.0024,Upper middle income,IBRD
North Macedonia,MK,MKD,2020,,2026-07-13,20971.4421033593,74.3951219512195,1856124,Europe & Central Asia,Skopje,21.4361,42.0024,Upper middle income,IBRD
North Macedonia,MK,MKD,2021,,2026-07-13,22144.1924252732,73.2463414634146,1837114,Europe & Central Asia,Skopje,21.4361,42.0024,Upper middle income,IBRD
North Macedonia,MK,MKD,2008,,2026-07-13,16038.0413530579,74.4,1971493,Europe & Central Asia,Skopje,21.4361,42.0024,Upper middle income,IBRD
North Macedonia,MK,MKD,2017,,2026-07-13,20121.0510180726,75.9536585365854,1898657,Europe & Central Asia,Skopje,21.4361,42.0024,Upper middle income,IBRD
North Macedonia,MK,MKD,2010,,2026-07-13,16731.0901838425,74.9975609756098,1946298,Europe & Central Asia,Skopje,21.4361,42.0024,Upper middle income,IBRD
North Macedonia,MK,MKD,2019,,2026-07-13,21766.8842062487,76.6024390243903,1876262,Europe & Central Asia,Skopje,21.4361,42.0024,Upper middle income,IBRD
North Macedonia,MK,MKD,2016,,2026-07-13,19825.7724685057,75.4,1906313,Europe & Central Asia,Skopje,21.4361,42.0024,Upper middle income,IBRD
North Macedonia,MK,MKD,2018,,2026-07-13,20805.9221192555,76.6487804878049,1889051,Europe & Central Asia,Skopje,21.4361,42.0024,Upper middle income,IBRD
North Macedonia,MK,MKD,2007,,2026-07-13,15118.2436719552,73.8,1982933,Europe & Central Asia,Skopje,21.4361,42.0024,Upper middle income,IBRD
Northern Mariana Islands,MP,MNP,2000,,2026-07-13,,74.9,68356,East Asia & Pacific,Saipan,145.765,15.1935,High income,Not classified
Northern Mariana Islands,MP,MNP,2003,,2026-07-13,,76.505,65421,East Asia & Pacific,Saipan,145.765,15.1935,High income,Not classified
Northern Mariana Islands,MP,MNP,2005,,2026-07-13,,77.307,62354,East Asia & Pacific,Saipan,145.765,15.1935,High income,Not classified
Northern Mariana Islands,MP,MNP,2006,,2026-07-13,,77.688,60682,East Asia & Pacific,Saipan,145.765,15.1935,High income,Not classified
Northern Mariana Islands,MP,MNP,2007,,2026-07-13,,77.863,58941,East Asia & Pacific,Saipan,145.765,15.1935,High income,Not classified
Northern Mariana Islands,MP,MNP,2004,,2026-07-13,,76.789,63938,East Asia & Pacific,Saipan,145.765,15.1935,High income,Not classified
Northern Mariana Islands,MP,MNP,2012,,2026-07-13,,77.566,53234,East Asia & Pacific,Saipan,145.765,15.1935,High income,Not classified
Northern Mariana Islands,MP,MNP,2013,,2026-07-13,,77.452,52758,East Asia & Pacific,Saipan,145.765,15.1935,High income,Not classified
Northern Mariana Islands,MP,MNP,2001,,2026-07-13,,75.419,67984,East Asia & Pacific,Saipan,145.765,15.1935,High income,Not classified
Northern Mariana Islands,MP,MNP,2002,,2026-07-13,,75.934,66778,East Asia & Pacific,Saipan,145.765,15.1935,High income,Not classified
Northern Mariana Islands,MP,MNP,2015,,2026-07-13,,77.36,51514,East Asia & Pacific,Saipan,145.765,15.1935,High income,Not classified
Northern Mariana Islands,MP,MNP,2016,,2026-07-13,,77.392,50773,East Asia & Pacific,Saipan,145.765,15.1935,High income,Not classified
Northern Mariana Islands,MP,MNP,2017,,2026-07-13,,77.47,49959,East Asia & Pacific,Saipan,145.765,15.1935,High income,Not classified
Northern Mariana Islands,MP,MNP,2018,,2026-07-13,,77.51,49077,East Asia & Pacific,Saipan,145.765,15.1935,High income,Not classified
Northern Mariana Islands,MP,MNP,2019,,2026-07-13,,77.844,48129,East Asia & Pacific,Saipan,145.765,15.1935,High income,Not classified
Northern Mariana Islands,MP,MNP,2008,,2026-07-13,,77.938,57150,East Asia & Pacific,Saipan,145.765,15.1935,High income,Not classified
Northern Mariana Islands,MP,MNP,2009,,2026-07-13,,77.903,55325,East Asia & Pacific,Saipan,145.765,15.1935,High income,Not classified
Northern Mariana Islands,MP,MNP,2010,,2026-07-13,,77.8,54091,East Asia & Pacific,Saipan,145.765,15.1935,High income,Not classified
Northern Mariana Islands,MP,MNP,2011,,2026-07-13,,77.688,53608,East Asia & Pacific,Saipan,145.765,15.1935,High income,Not classified
Northern Mariana Islands,MP,MNP,2023,,2026-07-13,,78.808,45143,East Asia & Pacific,Saipan,145.765,15.1935,High income,Not classified
Northern Mariana Islands,MP,MNP,2020,,2026-07-13,,78.03,47528,East Asia & Pacific,Saipan,145.765,15.1935,High income,Not classified
Northern Mariana Islands,MP,MNP,2021,,2026-07-13,,78.16,46979,East Asia & Pacific,Saipan,145.765,15.1935,High income,Not classified
Northern Mariana Islands,MP,MNP,2014,,2026-07-13,,77.377,52178,East Asia & Pacific,Saipan,145.765,15.1935,High income,Not classified
Northern Mariana Islands,MP,MNP,2022,,2026-07-13,,78.531,46078,East Asia & Pacific,Saipan,145.765,15.1935,High income,Not classified
Norway,NO,NOR,2019,,2026-07-13,90772.9017041865,82.9585365853659,5347896,Europe & Central Asia,Oslo,10.7387,59.9138,High income,Not classified
Norway,NO,NOR,2015,,2026-07-13,87688.1196708993,82.3048780487805,5188607,Europe & Central Asia,Oslo,10.7387,59.9138,High income,Not classified
Norway,NO,NOR,2016,,2026-07-13,88041.6414808956,82.4073170731707,5234519,Europe & Central Asia,Oslo,10.7387,59.9138,High income,Not classified
Norway,NO,NOR,2023,,2026-07-13,94364.9641754336,83.0121951219512,5519601,Europe & Central Asia,Oslo,10.7387,59.9138,High income,Not classified
Norway,NO,NOR,2020,,2026-07-13,89012.2723804504,83.209756097561,5379475,Europe & Central Asia,Oslo,10.7387,59.9138,High income,Not classified
Norway,NO,NOR,2021,,2026-07-13,92205.7698636049,83.1634146341463,5408320,Europe & Central Asia,Oslo,10.7387,59.9138,High income,Not classified
Norway,NO,NOR,2022,,2026-07-13,95109.8201605729,82.509756097561,5457127,Europe & Central Asia,Oslo,10.7387,59.9138,High income,Not classified
Norway,NO,NOR,2012,,2026-07-13,85925.8723352057,81.4512195121951,5018573,Europe & Central Asia,Oslo,10.7387,59.9138,High income,Not classified
Norway,NO,NOR,2014,,2026-07-13,86790.7924625691,82.1,5137232,Europe & Central Asia,Oslo,10.7387,59.9138,High income,Not classified
Norway,NO,NOR,2000,,2026-07-13,76775.9420600924,78.6341463414634,4490967,Europe & Central Asia,Oslo,10.7387,59.9138,High income,Not classified
Norway,NO,NOR,2001,,2026-07-13,78041.0146260585,78.7853658536585,4513751,Europe & Central Asia,Oslo,10.7387,59.9138,High income,Not classified
Norway,NO,NOR,2017,,2026-07-13,89664.9086415829,82.609756097561,5276968,Europe & Central Asia,Oslo,10.7387,59.9138,High income,Not classified
Norway,NO,NOR,2018,,2026-07-13,90064.0687974358,82.7585365853659,5311916,Europe & Central Asia,Oslo,10.7387,59.9138,High income,Not classified
Norway,NO,NOR,2004,,2026-07-13,82091.1935035949,79.8414634146342,4591910,Europe & Central Asia,Oslo,10.7387,59.9138,High income,Not classified
Norway,NO,NOR,2005,,2026-07-13,83955.3365007578,80.0414634146342,4623291,Europe & Central Asia,Oslo,10.7387,59.9138,High income,Not classified
Norway,NO,NOR,2006,,2026-07-13,85653.1367825864,80.3439024390244,4660677,Europe & Central Asia,Oslo,10.7387,59.9138,High income,Not classified
Norway,NO,NOR,2007,,2026-07-13,87670.8617980792,80.3951219512195,4709153,Europe & Central Asia,Oslo,10.7387,59.9138,High income,Not classified
Norway,NO,NOR,2008,,2026-07-13,87297.3980291813,80.5926829268293,4768212,Europe & Central Asia,Oslo,10.7387,59.9138,High income,Not classified
Norway,NO,NOR,2009,,2026-07-13,84812.6851277638,80.7951219512195,4828726,Europe & Central Asia,Oslo,10.7387,59.9138,High income,Not classified
Norway,NO,NOR,2010,,2026-07-13,84604.5143891947,80.9975609756098,4889252,Europe & Central Asia,Oslo,10.7387,59.9138,High income,Not classified
Norway,NO,NOR,2011,,2026-07-13,84670.8344398355,81.2951219512195,4953088,Europe & Central Asia,Oslo,10.7387,59.9138,High income,Not classified
Norway,NO,NOR,2013,,2026-07-13,85973.7694976801,81.7512195121951,5079623,Europe & Central Asia,Oslo,10.7387,59.9138,High income,Not classified
Norway,NO,NOR,2002,,2026-07-13,78752.5931631095,78.9878048780488,4538159,Europe & Central Asia,Oslo,10.7387,59.9138,High income,Not classified
Norway,NO,NOR,2003,,2026-07-13,79150.3962863661,79.390243902439,4564855,Europe & Central Asia,Oslo,10.7387,59.9138,High income,Not classified
Not classified,XY,,2004,,2026-07-13,,,,,,,,,
Not classified,XY,,2005,,2026-07-13,,,,,,,,,
Not classified,XY,,2006,,2026-07-13,,,,,,,,,
Not classified,XY,,2007,,2026-07-13,,,,,,,,,
Not classified,XY,,2008,,2026-07-13,,,,,,,,,
Not classified,XY,,2009,,2026-07-13,,,,,,,,,
Not classified,XY,,2010,,2026-07-13,,,,,,,,,
Not classified,XY,,2011,,2026-07-13,,,,,,,,,
Not classified,XY,,2012,,2026-07-13,,,,,,,,,
Not classified,XY,,2013,,2026-07-13,,,,,,,,,
Not classified,XY,,2014,,2026-07-13,,,,,,,,,
Not classified,XY,,2015,,2026-07-13,,,,,,,,,
Not classified,XY,,2016,,2026-07-13,,,,,,,,,
Not classified,XY,,2017,,2026-07-13,,,,,,,,,
Not classified,XY,,2018,,2026-07-13,,,,,,,,,
Not classified,XY,,2019,,2026-07-13,,,,,,,,,
Not classified,XY,,2020,,2026-07-13,,,,,,,,,
Not classified,XY,,2021,,2026-07-13,,,,,,,,,
Not classified,XY,,2022,,2026-07-13,,,,,,,,,
Not classified,XY,,2023,,2026-07-13,,,,,,,,,
Not classified,XY,,2000,,2026-07-13,,,,,,,,,
Not classified,XY,,2001,,2026-07-13,,,,,,,,,
Not classified,XY,,2002,,2026-07-13,,,,,,,,,
Not classified,XY,,2003,,2026-07-13,,,,,,,,,
OECD members,OE,OED,2020,,2026-07-13,48279.8578743016,78.9578582698334,1369306579,Aggregates,,,,Aggregates,Aggregates
OECD members,OE,OED,2021,,2026-07-13,51208.8336430486,78.5867205183939,1371780402,Aggregates,,,,Aggregates,Aggregates
OECD members,OE,OED,2011,,2026-07-13,44960.672133865,79.2685938676768,1299644689,Aggregates,,,,Aggregates,Aggregates
OECD members,OE,OED,2012,,2026-07-13,45281.102496489,79.429885982955,1307733583,Aggregates,,,,Aggregates,Aggregates
OECD members,OE,OED,2013,,2026-07-13,45741.9859886325,79.6249265687692,1315426979,Aggregates,,,,Aggregates,Aggregates
OECD members,OE,OED,2014,,2026-07-13,46491.7899829914,79.876650819389,1323458714,Aggregates,,,,Aggregates,Aggregates
OECD members,OE,OED,2015,,2026-07-13,47398.5562028596,79.7619467978058,1331674197,Aggregates,,,,Aggregates,Aggregates
OECD members,OE,OED,2016,,2026-07-13,47990.2203158456,79.8914217482034,1340141055,Aggregates,,,,Aggregates,Aggregates
OECD members,OE,OED,2017,,2026-07-13,49000.2450341257,79.9309175598336,1348125258,Aggregates,,,,Aggregates,Aggregates
OECD members,OE,OED,2018,,2026-07-13,49885.2296815603,80.0273651713987,1356197538,Aggregates,,,,Aggregates,Aggregates
OECD members,OE,OED,2019,,2026-07-13,50499.1828634038,80.2449221878264,1364143219,Aggregates,,,,Aggregates,Aggregates
OECD members,OE,OED,2003,,2026-07-13,41333.2324314448,77.4260355491099,1229012217,Aggregates,,,,Aggregates,Aggregates
OECD members,OE,OED,2004,,2026-07-13,42397.8667348579,77.8261405899935,1237896576,Aggregates,,,,Aggregates,Aggregates
OECD members,OE,OED,2005,,2026-07-13,43314.4668519001,77.953987145508,1246656490,Aggregates,,,,Aggregates,Aggregates
OECD members,OE,OED,2006,,2026-07-13,44393.8812932118,78.2501352258837,1255746646,Aggregates,,,,Aggregates,Aggregates
OECD members,OE,OED,2007,,2026-07-13,45303.2152816216,78.4729454763552,1264728255,Aggregates,,,,Aggregates,Aggregates
OECD members,OE,OED,2008,,2026-07-13,45165.4822304847,78.6146332445559,1274711058,Aggregates,,,,Aggregates,Aggregates
OECD members,OE,OED,2009,,2026-07-13,43274.1924719738,78.8670589595977,1283973216,Aggregates,,,,Aggregates,Aggregates
OECD members,OE,OED,2010,,2026-07-13,44296.3842287079,79.0473008520596,1292701737,Aggregates,,,,Aggregates,Aggregates
OECD members,OE,OED,2000,,2026-07-13,40219.7068164739,76.8195165967813,1202226474,Aggregates,,,,Aggregates,Aggregates
OECD members,OE,OED,2001,,2026-07-13,40475.8813871568,77.1207466135963,1211109104,Aggregates,,,,Aggregates,Aggregates
OECD members,OE,OED,2002,,2026-07-13,40811.3471480594,77.2833606924084,1220101353,Aggregates,,,,Aggregates,Aggregates
OECD members,OE,OED,2022,,2026-07-13,52633.5158572918,79.5170877696899,1378591781,Aggregates,,,,Aggregates,Aggregates
OECD members,OE,OED,2023,,2026-07-13,53203.8203533137,80.1629734061989,1387846131,Aggregates,,,,Aggregates,Aggregates
Oman,OM,OMN,2006,,2026-07-13,42540.4398485334,75.354,2514795,"Middle East, North Africa, Afghanistan & Pakistan",Muscat,58.5874,23.6105,High income,Not classified
Oman,OM,OMN,2005,,2026-07-13,41551.1413844552,75.07,2459802,"Middle East, North Africa, Afghanistan & Pakistan",Muscat,58.5874,23.6105,High income,Not classified
Oman,OM,OMN,2023,,2026-07-13,37793.6163957515,80.031,5049269,"Middle East, North Africa, Afghanistan & Pakistan",Muscat,58.5874,23.6105,High income,Not classified
Oman,OM,OMN,2003,,2026-07-13,41247.5873733105,74.521,2363796,"Middle East, North Africa, Afghanistan & Pakistan",Muscat,58.5874,23.6105,High income,Not classified
Oman,OM,OMN,2004,,2026-07-13,41351.7687385072,74.82,2404821,"Middle East, North Africa, Afghanistan & Pakistan",Muscat,58.5874,23.6105,High income,Not classified
Oman,OM,OMN,2000,,2026-07-13,42086.0431536301,73.643,2282131,"Middle East, North Africa, Afghanistan & Pakistan",Muscat,58.5874,23.6105,High income,Not classified
Oman,OM,OMN,2001,,2026-07-13,43492.2863754557,73.979,2310217,"Middle East, North Africa, Afghanistan & Pakistan",Muscat,58.5874,23.6105,High income,Not classified
Oman,OM,OMN,2002,,2026-07-13,42654.1482671623,74.276,2337140,"Middle East, North Africa, Afghanistan & Pakistan",Muscat,58.5874,23.6105,High income,Not classified
Oman,OM,OMN,2015,,2026-07-13,39813.7887054675,79.346,4184895,"Middle East, North Africa, Afghanistan & Pakistan",Muscat,58.5874,23.6105,High income,Not classified
Oman,OM,OMN,2016,,2026-07-13,39860.9893909688,79.581,4390877,"Middle East, North Africa, Afghanistan & Pakistan",Muscat,58.5874,23.6105,High income,Not classified
Oman,OM,OMN,2017,,2026-07-13,38691.1077105097,79.748,4537396,"Middle East, North Africa, Afghanistan & Pakistan",Muscat,58.5874,23.6105,High income,Not classified
Oman,OM,OMN,2018,,2026-07-13,38673.6045360857,79.864,4597877,"Middle East, North Africa, Afghanistan & Pakistan",Muscat,58.5874,23.6105,High income,Not classified
Oman,OM,OMN,2019,,2026-07-13,38292.3859682752,79.946,4591241,"Middle East, North Africa, Afghanistan & Pakistan",Muscat,58.5874,23.6105,High income,Not classified
Oman,OM,OMN,2007,,2026-07-13,43696.9691440917,75.596,2570174,"Middle East, North Africa, Afghanistan & Pakistan",Muscat,58.5874,23.6105,High income,Not classified
Oman,OM,OMN,2008,,2026-07-13,46586.3955926767,76.124,2626529,"Middle East, North Africa, Afghanistan & Pakistan",Muscat,58.5874,23.6105,High income,Not classified
Oman,OM,OMN,2009,,2026-07-13,48304.1178923167,76.631,2684659,"Middle East, North Africa, Afghanistan & Pakistan",Muscat,58.5874,23.6105,High income,Not classified
Oman,OM,OMN,2010,,2026-07-13,48191.6145135737,77.184,2757446,"Middle East, North Africa, Afghanistan & Pakistan",Muscat,58.5874,23.6105,High income,Not classified
Oman,OM,OMN,2011,,2026-07-13,44440.3092616125,77.74,3076763,"Middle East, North Africa, Afghanistan & Pakistan",Muscat,58.5874,23.6105,High income,Not classified
Oman,OM,OMN,2012,,2026-07-13,41964.0828578552,78.187,3547106,"Middle East, North Africa, Afghanistan & Pakistan",Muscat,58.5874,23.6105,High income,Not classified
Oman,OM,OMN,2013,,2026-07-13,40854.4853548905,78.633,3833913,"Middle East, North Africa, Afghanistan & Pakistan",Muscat,58.5874,23.6105,High income,Not classified
Oman,OM,OMN,2014,,2026-07-13,39639.9870514802,79.03,4002439,"Middle East, North Africa, Afghanistan & Pakistan",Muscat,58.5874,23.6105,High income,Not classified
Oman,OM,OMN,2020,,2026-07-13,37560.5998714953,77.763,4522497,"Middle East, North Africa, Afghanistan & Pakistan",Muscat,58.5874,23.6105,High income,Not classified
Oman,OM,OMN,2021,,2026-07-13,38719.4587682049,75.969,4500424,"Middle East, North Africa, Afghanistan & Pakistan",Muscat,58.5874,23.6105,High income,Not classified
Oman,OM,OMN,2022,,2026-07-13,39780.2122774985,77.911,4730226,"Middle East, North Africa, Afghanistan & Pakistan",Muscat,58.5874,23.6105,High income,Not classified
Other small states,S4,OSS,2006,,2026-07-13,19972.170220709,67.8310957913256,10601352,Aggregates,,,,Aggregates,Aggregates
Other small states,S4,OSS,2010,,2026-07-13,19867.3807612748,69.566524844548,11112466,Aggregates,,,,Aggregates,Aggregates
Other small states,S4,OSS,2007,,2026-07-13,20725.0165004664,68.1699901591828,10730365,Aggregates,,,,Aggregates,Aggregates
Other small states,S4,OSS,2008,,2026-07-13,20642.7124569961,68.5798272966725,10862640,Aggregates,,,,Aggregates,Aggregates
Other small states,S4,OSS,2009,,2026-07-13,19493.3000281391,69.0687004196222,10989567,Aggregates,,,,Aggregates,Aggregates
Other small states,S4,OSS,2000,,2026-07-13,16811.3428576562,66.4385365444731,9788238,Aggregates,,,,Aggregates,Aggregates
Other small states,S4,OSS,2001,,2026-07-13,17039.3162165268,66.6129499326785,9961679,Aggregates,,,,Aggregates,Aggregates
Other small states,S4,OSS,2002,,2026-07-13,17362.7308684968,66.8105993387088,10136134,Aggregates,,,,Aggregates,Aggregates
Other small states,S4,OSS,2003,,2026-07-13,17897.0165687635,67.0073081269231,10269557,Aggregates,,,,Aggregates,Aggregates
Other small states,S4,OSS,2004,,2026-07-13,18438.7138473718,67.2249688020829,10371059,Aggregates,,,,Aggregates,Aggregates
Other small states,S4,OSS,2005,,2026-07-13,19025.7152123296,67.5574840535073,10479844,Aggregates,,,,Aggregates,Aggregates
Other small states,S4,OSS,2019,,2026-07-13,23776.9773929696,72.6570116424877,12281907,Aggregates,,,,Aggregates,Aggregates
Other small states,S4,OSS,2020,,2026-07-13,22204.358146968,72.5097097789427,12417333,Aggregates,,,,Aggregates,Aggregates
Other small states,S4,OSS,2021,,2026-07-13,23632.4052569572,71.7699719301416,12541889,Aggregates,,,,Aggregates,Aggregates
Other small states,S4,OSS,2022,,2026-07-13,24168.7876712146,72.9062214171014,12699005,Aggregates,,,,Aggregates,Aggregates
Other small states,S4,OSS,2011,,2026-07-13,20400.5925129711,69.9373436903887,11226214,Aggregates,,,,Aggregates,Aggregates
Other small states,S4,OSS,2012,,2026-07-13,20484.2211190429,70.3920318149408,11346082,Aggregates,,,,Aggregates,Aggregates
Other small states,S4,OSS,2013,,2026-07-13,20455.8345932464,70.8040790092001,11466589,Aggregates,,,,Aggregates,Aggregates
Other small states,S4,OSS,2017,,2026-07-13,22394.7899889508,72.1178742995091,11989367,Aggregates,,,,Aggregates,Aggregates
Other small states,S4,OSS,2014,,2026-07-13,20672.6945499764,71.0941610047193,11591200,Aggregates,,,,Aggregates,Aggregates
Other small states,S4,OSS,2015,,2026-07-13,21083.6921175309,71.4757935597765,11722398,Aggregates,,,,Aggregates,Aggregates
Other small states,S4,OSS,2016,,2026-07-13,21627.6861621069,71.7707341897413,11851918,Aggregates,,,,Aggregates,Aggregates
Other small states,S4,OSS,2018,,2026-07-13,23016.1225593731,72.4217850423792,12135267,Aggregates,,,,Aggregates,Aggregates
Other small states,S4,OSS,2023,,2026-07-13,24612.8870286862,73.5849815358082,12822134,Aggregates,,,,Aggregates,Aggregates
Pacific island small states,S2,PSS,2015,,2026-07-13,6896.50177083272,68.1166096033138,2445989,Aggregates,,,,Aggregates,Aggregates
Pacific island small states,S2,PSS,2022,,2026-07-13,6703.99054222771,69.1004348993561,2656049,Aggregates,,,,Aggregates,Aggregates
Pacific island small states,S2,PSS,2009,,2026-07-13,6128.78865472213,67.4527929020498,2262456,Aggregates,,,,Aggregates,Aggregates
Pacific island small states,S2,PSS,2010,,2026-07-13,6266.69938542944,67.9059171883101,2289399,Aggregates,,,,Aggregates,Aggregates
Pacific island small states,S2,PSS,2011,,2026-07-13,6402.09924410503,68.0222810195532,2320899,Aggregates,,,,Aggregates,Aggregates
Pacific island small states,S2,PSS,2023,,2026-07-13,7145.20419623831,69.2745949035856,2689224,Aggregates,,,,Aggregates,Aggregates
Pacific island small states,S2,PSS,2000,,2026-07-13,5881.81676747283,66.8914832838297,2042274,Aggregates,,,,Aggregates,Aggregates
Pacific island small states,S2,PSS,2001,,2026-07-13,5877.75118308161,67.0167243338519,2069097,Aggregates,,,,Aggregates,Aggregates
Pacific island small states,S2,PSS,2016,,2026-07-13,7044.71064474168,68.2856508563666,2477794,Aggregates,,,,Aggregates,Aggregates
Pacific island small states,S2,PSS,2017,,2026-07-13,7249.20252559116,68.519287500513,2509999,Aggregates,,,,Aggregates,Aggregates
Pacific island small states,S2,PSS,2018,,2026-07-13,7370.26163890891,68.5825887890247,2542009,Aggregates,,,,Aggregates,Aggregates
Pacific island small states,S2,PSS,2019,,2026-07-13,7345.58196205993,68.6421578303985,2568656,Aggregates,,,,Aggregates,Aggregates
Pacific island small states,S2,PSS,2020,,2026-07-13,6398.88980378789,68.3568108792759,2595522,Aggregates,,,,Aggregates,Aggregates
Pacific island small states,S2,PSS,2021,,2026-07-13,6133.27337662878,67.4810209240703,2625493,Aggregates,,,,Aggregates,Aggregates
Pacific island small states,S2,PSS,2008,,2026-07-13,6237.22081249056,67.5747311016589,2240739,Aggregates,,,,Aggregates,Aggregates
Pacific island small states,S2,PSS,2013,,2026-07-13,6531.90012102663,68.0054625635404,2382931,Aggregates,,,,Aggregates,Aggregates
Pacific island small states,S2,PSS,2014,,2026-07-13,6710.09392298631,68.0376132124002,2414338,Aggregates,,,,Aggregates,Aggregates
Pacific island small states,S2,PSS,2002,,2026-07-13,5941.54718486772,66.7584824574172,2095273,Aggregates,,,,Aggregates,Aggregates
Pacific island small states,S2,PSS,2012,,2026-07-13,6386.94052753522,67.6660532253593,2351924,Aggregates,,,,Aggregates,Aggregates
Pacific island small states,S2,PSS,2004,,2026-07-13,6151.76388674443,67.1038169577792,2145505,Aggregates,,,,Aggregates,Aggregates
Pacific island small states,S2,PSS,2005,,2026-07-13,6203.63940608642,67.2332794133166,2170029,Aggregates,,,,Aggregates,Aggregates
Pacific island small states,S2,PSS,2006,,2026-07-13,6270.20561026621,67.3577049121232,2194265,Aggregates,,,,Aggregates,Aggregates
Pacific island small states,S2,PSS,2003,,2026-07-13,5969.03144612377,66.9599297545214,2120592,Aggregates,,,,Aggregates,Aggregates
Pacific island small states,S2,PSS,2007,,2026-07-13,6191.93685021462,67.3668379536838,2218230,Aggregates,,,,Aggregates,Aggregates
Pakistan,PK,PAK,2000,,2026-07-13,3531.71291531612,61.903,154879127,"Middle East, North Africa, Afghanistan & Pakistan",Islamabad,72.8,30.5167,Lower middle income,Blend
Pakistan,PK,PAK,2001,,2026-07-13,3559.72784658715,62.241,159270907,"Middle East, North Africa, Afghanistan & Pakistan",Islamabad,72.8,30.5167,Lower middle income,Blend
Pakistan,PK,PAK,2002,,2026-07-13,3563.67846926558,62.556,163222549,"Middle East, North Africa, Afghanistan & Pakistan",Islamabad,72.8,30.5167,Lower middle income,Blend
Pakistan,PK,PAK,2010,,2026-07-13,4228.7817715945,64.378,199239047,"Middle East, North Africa, Afghanistan & Pakistan",Islamabad,72.8,30.5167,Lower middle income,Blend
Pakistan,PK,PAK,2011,,2026-07-13,4246.06710882497,64.659,203746065,"Middle East, North Africa, Afghanistan & Pakistan",Islamabad,72.8,30.5167,Lower middle income,Blend
Pakistan,PK,PAK,2012,,2026-07-13,4292.02110293486,64.883,207667125,"Middle East, North Africa, Afghanistan & Pakistan",Islamabad,72.8,30.5167,Lower middle income,Blend
Pakistan,PK,PAK,2013,,2026-07-13,4407.14705841377,65.129,211073978,"Middle East, North Africa, Afghanistan & Pakistan",Islamabad,72.8,30.5167,Lower middle income,Blend
Pakistan,PK,PAK,2003,,2026-07-13,3668.77938852508,62.834,167110248,"Middle East, North Africa, Afghanistan & Pakistan",Islamabad,72.8,30.5167,Lower middle income,Blend
Pakistan,PK,PAK,2004,,2026-07-13,3859.64601808903,63.097,171286000,"Middle East, North Africa, Afghanistan & Pakistan",Islamabad,72.8,30.5167,Lower middle income,Blend
Pakistan,PK,PAK,2005,,2026-07-13,4042.15457513378,62.416,175453212,"Middle East, North Africa, Afghanistan & Pakistan",Islamabad,72.8,30.5167,Lower middle income,Blend
Pakistan,PK,PAK,2015,,2026-07-13,4645.28631071145,65.641,217290883,"Middle East, North Africa, Afghanistan & Pakistan",Islamabad,72.8,30.5167,Lower middle income,Blend
Pakistan,PK,PAK,2016,,2026-07-13,4886.61212115378,65.943,220138869,"Middle East, North Africa, Afghanistan & Pakistan",Islamabad,72.8,30.5167,Lower middle income,Blend
Pakistan,PK,PAK,2006,,2026-07-13,4185.86655659206,63.624,179682690,"Middle East, North Africa, Afghanistan & Pakistan",Islamabad,72.8,30.5167,Lower middle income,Blend
Pakistan,PK,PAK,2007,,2026-07-13,4257.92556870432,63.807,184493231,"Middle East, North Africa, Afghanistan & Pakistan",Islamabad,72.8,30.5167,Lower middle income,Blend
Pakistan,PK,PAK,2008,,2026-07-13,4233.34830715497,64.002,189499113,"Middle East, North Africa, Afghanistan & Pakistan",Islamabad,72.8,30.5167,Lower middle income,Blend
Pakistan,PK,PAK,2009,,2026-07-13,4270.43882264229,64.206,194376534,"Middle East, North Africa, Afghanistan & Pakistan",Islamabad,72.8,30.5167,Lower middle income,Blend
Pakistan,PK,PAK,2021,,2026-07-13,5367.27364714762,65.773,239477801,"Middle East, North Africa, Afghanistan & Pakistan",Islamabad,72.8,30.5167,Lower middle income,Blend
Pakistan,PK,PAK,2022,,2026-07-13,5526.27928310213,67.417,243700667,"Middle East, North Africa, Afghanistan & Pakistan",Islamabad,72.8,30.5167,Lower middle income,Blend
Pakistan,PK,PAK,2023,,2026-07-13,5418.7693189297,67.649,247504495,"Middle East, North Africa, Afghanistan & Pakistan",Islamabad,72.8,30.5167,Lower middle income,Blend
Pakistan,PK,PAK,2019,,2026-07-13,5295.95295138203,66.729,230800899,"Middle East, North Africa, Afghanistan & Pakistan",Islamabad,72.8,30.5167,Lower middle income,Blend
Pakistan,PK,PAK,2020,,2026-07-13,5135.01459288839,65.701,235001746,"Middle East, North Africa, Afghanistan & Pakistan",Islamabad,72.8,30.5167,Lower middle income,Blend
Pakistan,PK,PAK,2017,,2026-07-13,5031.56060738433,66.223,223273967,"Middle East, North Africa, Afghanistan & Pakistan",Islamabad,72.8,30.5167,Lower middle income,Blend
Pakistan,PK,PAK,2014,,2026-07-13,4520.23463399286,65.374,214264647,"Middle East, North Africa, Afghanistan & Pakistan",Islamabad,72.8,30.5167,Lower middle income,Blend
Pakistan,PK,PAK,2018,,2026-07-13,5255.06350681272,66.481,226928892,"Middle East, North Africa, Afghanistan & Pakistan",Islamabad,72.8,30.5167,Lower middle income,Blend
Palau,PW,PLW,2017,,2026-07-13,19693.4082379382,69.019,17812,East Asia & Pacific,Koror,134.479,7.34194,High income,IBRD
Palau,PW,PLW,2018,,2026-07-13,19608.9617027822,68.989,17814,East Asia & Pacific,Koror,134.479,7.34194,High income,IBRD
Palau,PW,PLW,2019,,2026-07-13,19685.6037989273,68.982,17798,East Asia & Pacific,Koror,134.479,7.34194,High income,IBRD
Palau,PW,PLW,2021,,2026-07-13,16312.190220013,68.563,17783,East Asia & Pacific,Koror,134.479,7.34194,High income,IBRD
Palau,PW,PLW,2022,,2026-07-13,16258.6271292912,68.922,17759,East Asia & Pacific,Koror,134.479,7.34194,High income,IBRD
Palau,PW,PLW,2014,,2026-07-13,18574.7889489655,69.062,17715,East Asia & Pacific,Koror,134.479,7.34194,High income,IBRD
Palau,PW,PLW,2015,,2026-07-13,20104.2315379069,69.07,17770,East Asia & Pacific,Koror,134.479,7.34194,High income,IBRD
Palau,PW,PLW,2016,,2026-07-13,20408.2613269723,69.046,17797,East Asia & Pacific,Koror,134.479,7.34194,High income,IBRD
Palau,PW,PLW,2000,,2026-07-13,15410.1740281683,64.499,19178,East Asia & Pacific,Koror,134.479,7.34194,High income,IBRD
Palau,PW,PLW,2001,,2026-07-13,16393.4521014909,64.8,19352,East Asia & Pacific,Koror,134.479,7.34194,High income,IBRD
Palau,PW,PLW,2002,,2026-07-13,17033.490272996,65.076,19503,East Asia & Pacific,Koror,134.479,7.34194,High income,IBRD
Palau,PW,PLW,2020,,2026-07-13,18509.2491855913,68.689,17792,East Asia & Pacific,Koror,134.479,7.34194,High income,IBRD
Palau,PW,PLW,2006,,2026-07-13,17706.3673621904,66.633,19593,East Asia & Pacific,Koror,134.479,7.34194,High income,IBRD
Palau,PW,PLW,2007,,2026-07-13,18096.7989531775,67.113,19302,East Asia & Pacific,Koror,134.479,7.34194,High income,IBRD
Palau,PW,PLW,2008,,2026-07-13,17355.2423019079,67.562,19009,East Asia & Pacific,Koror,134.479,7.34194,High income,IBRD
Palau,PW,PLW,2009,,2026-07-13,16541.1206311875,67.99,18709,East Asia & Pacific,Koror,134.479,7.34194,High income,IBRD
Palau,PW,PLW,2010,,2026-07-13,16313.4287679398,68.347,18396,East Asia & Pacific,Koror,134.479,7.34194,High income,IBRD
Palau,PW,PLW,2011,,2026-07-13,17354.9336767951,68.638,18078,East Asia & Pacific,Koror,134.479,7.34194,High income,IBRD
Palau,PW,PLW,2012,,2026-07-13,18024.7540996872,68.863,17765,East Asia & Pacific,Koror,134.479,7.34194,High income,IBRD
Palau,PW,PLW,2013,,2026-07-13,17891.3784371353,68.981,17648,East Asia & Pacific,Koror,134.479,7.34194,High income,IBRD
Palau,PW,PLW,2003,,2026-07-13,16538.7688424505,65.446,19659,East Asia & Pacific,Koror,134.479,7.34194,High income,IBRD
Palau,PW,PLW,2004,,2026-07-13,16974.0682933412,65.816,19820,East Asia & Pacific,Koror,134.479,7.34194,High income,IBRD
Palau,PW,PLW,2005,,2026-07-13,17464.6208167636,66.219,19819,East Asia & Pacific,Koror,134.479,7.34194,High income,IBRD
Palau,PW,PLW,2023,,2026-07-13,16487.15375427,69.269,17727,East Asia & Pacific,Koror,134.479,7.34194,High income,IBRD
Panama,PA,PAN,2007,,2026-07-13,20208.8293911964,75.675,3437490,Latin America & Caribbean,Panama City,-79.5188,8.99427,High income,IBRD
Panama,PA,PAN,2005,,2026-07-13,16867.9674513124,75.16,3313026,Latin America & Caribbean,Panama City,-79.5188,8.99427,High income,IBRD
Panama,PA,PAN,2006,,2026-07-13,18190.281154717,75.429,3375024,Latin America & Caribbean,Panama City,-79.5188,8.99427,High income,IBRD
Panama,PA,PAN,2010,,2026-07-13,22739.1194141341,76.417,3628535,Latin America & Caribbean,Panama City,-79.5188,8.99427,High income,IBRD
Panama,PA,PAN,2004,,2026-07-13,15875.1188201453,74.845,3251155,Latin America & Caribbean,Panama City,-79.5188,8.99427,High income,IBRD
Panama,PA,PAN,2000,,2026-07-13,14572.9808700068,73.443,3010369,Latin America & Caribbean,Panama City,-79.5188,8.99427,High income,IBRD
Panama,PA,PAN,2001,,2026-07-13,14427.8355424862,73.82,3069537,Latin America & Caribbean,Panama City,-79.5188,8.99427,High income,IBRD
Panama,PA,PAN,2002,,2026-07-13,14507.1494232714,74.195,3129344,Latin America & Caribbean,Panama City,-79.5188,8.99427,High income,IBRD
Panama,PA,PAN,2003,,2026-07-13,14957.5590503323,74.567,3189807,Latin America & Caribbean,Panama City,-79.5188,8.99427,High income,IBRD
Panama,PA,PAN,2016,,2026-07-13,30765.2490653506,77.772,4029086,Latin America & Caribbean,Panama City,-79.5188,8.99427,High income,IBRD
Panama,PA,PAN,2017,,2026-07-13,31979.8246437748,77.901,4098707,Latin America & Caribbean,Panama City,-79.5188,8.99427,High income,IBRD
Panama,PA,PAN,2018,,2026-07-13,32681.4729886331,78.266,4167860,Latin America & Caribbean,Panama City,-79.5188,8.99427,High income,IBRD
Panama,PA,PAN,2019,,2026-07-13,33163.7172814857,78.514,4234700,Latin America & Caribbean,Panama City,-79.5188,8.99427,High income,IBRD
Panama,PA,PAN,2020,,2026-07-13,26881.8277221689,76.33,4293261,Latin America & Caribbean,Panama City,-79.5188,8.99427,High income,IBRD
Panama,PA,PAN,2008,,2026-07-13,21867.8272186787,75.937,3500648,Latin America & Caribbean,Panama City,-79.5188,8.99427,High income,IBRD
Panama,PA,PAN,2009,,2026-07-13,21822.996136155,76.228,3564381,Latin America & Caribbean,Panama City,-79.5188,8.99427,High income,IBRD
Panama,PA,PAN,2023,,2026-07-13,35872.9719200069,79.594,4458759,Latin America & Caribbean,Panama City,-79.5188,8.99427,High income,IBRD
Panama,PA,PAN,2011,,2026-07-13,24999.4702655482,76.659,3693505,Latin America & Caribbean,Panama City,-79.5188,8.99427,High income,IBRD
Panama,PA,PAN,2012,,2026-07-13,26926.8956928065,76.877,3759256,Latin America & Caribbean,Panama City,-79.5188,8.99427,High income,IBRD
Panama,PA,PAN,2013,,2026-07-13,28135.3387835383,77.129,3825329,Latin America & Caribbean,Panama City,-79.5188,8.99427,High income,IBRD
Panama,PA,PAN,2014,,2026-07-13,28931.8156401199,77.365,3892101,Latin America & Caribbean,Panama City,-79.5188,8.99427,High income,IBRD
Panama,PA,PAN,2015,,2026-07-13,29933.1671530011,77.583,3960035,Latin America & Caribbean,Panama City,-79.5188,8.99427,High income,IBRD
Panama,PA,PAN,2021,,2026-07-13,30932.7627780514,77.004,4345405,Latin America & Caribbean,Panama City,-79.5188,8.99427,High income,IBRD
Panama,PA,PAN,2022,,2026-07-13,33915.1693306309,79.324,4400773,Latin America & Caribbean,Panama City,-79.5188,8.99427,High income,IBRD
Papua New Guinea,PG,PNG,2007,,2026-07-13,3346.27900337124,62.211,6963345,East Asia & Pacific,Port Moresby,147.194,-9.47357,Lower middle income,Blend
Papua New Guinea,PG,PNG,2010,,2026-07-13,3579.63000710983,63.056,7633523,East Asia & Pacific,Port Moresby,147.194,-9.47357,Lower middle income,Blend
Papua New Guinea,PG,PNG,2011,,2026-07-13,3515.28312517363,63.382,7859346,East Asia & Pacific,Port Moresby,147.194,-9.47357,Lower middle income,Blend
Papua New Guinea,PG,PNG,2008,,2026-07-13,3234.33247673,62.511,7183002,East Asia & Pacific,Port Moresby,147.194,-9.47357,Lower middle income,Blend
Papua New Guinea,PG,PNG,2009,,2026-07-13,3350.07263964739,62.772,7406438,East Asia & Pacific,Port Moresby,147.194,-9.47357,Lower middle income,Blend
Papua New Guinea,PG,PNG,2014,,2026-07-13,3999.13038811865,64.198,8523441,East Asia & Pacific,Port Moresby,147.194,-9.47357,Lower middle income,Blend
Papua New Guinea,PG,PNG,2001,,2026-07-13,3212.17084845522,61.647,5728435,East Asia & Pacific,Port Moresby,147.194,-9.47357,Lower middle income,Blend
Papua New Guinea,PG,PNG,2002,,2026-07-13,3101.1924006365,61.643,5924003,East Asia & Pacific,Port Moresby,147.194,-9.47357,Lower middle income,Blend
Papua New Guinea,PG,PNG,2003,,2026-07-13,3064.83667344612,61.741,6123997,East Asia & Pacific,Port Moresby,147.194,-9.47357,Lower middle income,Blend
Papua New Guinea,PG,PNG,2004,,2026-07-13,3046.72321896172,61.795,6328041,East Asia & Pacific,Port Moresby,147.194,-9.47357,Lower middle income,Blend
Papua New Guinea,PG,PNG,2005,,2026-07-13,3136.98756942536,61.868,6535905,East Asia & Pacific,Port Moresby,147.194,-9.47357,Lower middle income,Blend
Papua New Guinea,PG,PNG,2006,,2026-07-13,3202.89763507367,62.018,6747720,East Asia & Pacific,Port Moresby,147.194,-9.47357,Lower middle income,Blend
Papua New Guinea,PG,PNG,2020,,2026-07-13,4078.15378358566,65.075,9815746,East Asia & Pacific,Port Moresby,147.194,-9.47357,Lower middle income,Blend
Papua New Guinea,PG,PNG,2021,,2026-07-13,3977.44297360749,64.358,10012896,East Asia & Pacific,Port Moresby,147.194,-9.47357,Lower middle income,Blend
Papua New Guinea,PG,PNG,2022,,2026-07-13,4126.03032145403,65.274,10203169,East Asia & Pacific,Port Moresby,147.194,-9.47357,Lower middle income,Blend
Papua New Guinea,PG,PNG,2023,,2026-07-13,4206.37834691367,66.134,10389635,East Asia & Pacific,Port Moresby,147.194,-9.47357,Lower middle income,Blend
Papua New Guinea,PG,PNG,2012,,2026-07-13,3577.91014722774,63.639,8081390,East Asia & Pacific,Port Moresby,147.194,-9.47357,Lower middle income,Blend
Papua New Guinea,PG,PNG,2013,,2026-07-13,3615.74646029074,63.927,8302698,East Asia & Pacific,Port Moresby,147.194,-9.47357,Lower middle income,Blend
Papua New Guinea,PG,PNG,2000,,2026-07-13,3327.22485837041,61.609,5537064,East Asia & Pacific,Port Moresby,147.194,-9.47357,Lower middle income,Blend
Papua New Guinea,PG,PNG,2018,,2026-07-13,4211.68504310327,65.114,9394513,East Asia & Pacific,Port Moresby,147.194,-9.47357,Lower middle income,Blend
Papua New Guinea,PG,PNG,2015,,2026-07-13,4155.05563962107,64.473,8743246,East Asia & Pacific,Port Moresby,147.194,-9.47357,Lower middle income,Blend
Papua New Guinea,PG,PNG,2016,,2026-07-13,4276.29643263164,64.7,8961718,East Asia & Pacific,Port Moresby,147.194,-9.47357,Lower middle income,Blend
Papua New Guinea,PG,PNG,2017,,2026-07-13,4322.77662200998,64.923,9178714,East Asia & Pacific,Port Moresby,147.194,-9.47357,Lower middle income,Blend
Papua New Guinea,PG,PNG,2019,,2026-07-13,4302.16255230002,65.331,9609010,East Asia & Pacific,Port Moresby,147.194,-9.47357,Lower middle income,Blend
Paraguay,PY,PRY,2016,,2026-07-13,14824.7906280812,73.487,6249126,Latin America & Caribbean,Asuncion,-57.6362,-25.3005,Upper middle income,IBRD
Paraguay,PY,PRY,2023,,2026-07-13,15831.5849831308,73.844,6844146,Latin America & Caribbean,Asuncion,-57.6362,-25.3005,Upper middle income,IBRD
Paraguay,PY,PRY,2009,,2026-07-13,11599.8198579092,72.282,5671236,Latin America & Caribbean,Asuncion,-57.6362,-25.3005,Upper middle income,IBRD
Paraguay,PY,PRY,2010,,2026-07-13,12736.9672867807,72.551,5737971,Latin America & Caribbean,Asuncion,-57.6362,-25.3005,Upper middle income,IBRD
Paraguay,PY,PRY,2011,,2026-07-13,13107.8104435989,72.787,5814626,Latin America & Caribbean,Asuncion,-57.6362,-25.3005,Upper middle income,IBRD
Paraguay,PY,PRY,2012,,2026-07-13,12833.1801619413,73.105,5897008,Latin America & Caribbean,Asuncion,-57.6362,-25.3005,Upper middle income,IBRD
Paraguay,PY,PRY,2000,,2026-07-13,9997.3297251405,70.026,5100868,Latin America & Caribbean,Asuncion,-57.6362,-25.3005,Upper middle income,IBRD
Paraguay,PY,PRY,2001,,2026-07-13,9748.02702767691,70.281,5187689,Latin America & Caribbean,Asuncion,-57.6362,-25.3005,Upper middle income,IBRD
Paraguay,PY,PRY,2002,,2026-07-13,9609.53364585336,70.539,5261328,Latin America & Caribbean,Asuncion,-57.6362,-25.3005,Upper middle income,IBRD
Paraguay,PY,PRY,2017,,2026-07-13,15318.4012187276,73.45,6338660,Latin America & Caribbean,Asuncion,-57.6362,-25.3005,Upper middle income,IBRD
Paraguay,PY,PRY,2018,,2026-07-13,15591.0142663085,73.627,6427382,Latin America & Caribbean,Asuncion,-57.6362,-25.3005,Upper middle income,IBRD
Paraguay,PY,PRY,2019,,2026-07-13,15319.3889991221,73.668,6515058,Latin America & Caribbean,Asuncion,-57.6362,-25.3005,Upper middle income,IBRD
Paraguay,PY,PRY,2020,,2026-07-13,14989.7667130162,72.72,6603739,Latin America & Caribbean,Asuncion,-57.6362,-25.3005,Upper middle income,IBRD
Paraguay,PY,PRY,2021,,2026-07-13,15400.9446332428,68.108,6684182,Latin America & Caribbean,Asuncion,-57.6362,-25.3005,Upper middle income,IBRD
Paraguay,PY,PRY,2022,,2026-07-13,15222.8920228598,72.319,6760464,Latin America & Caribbean,Asuncion,-57.6362,-25.3005,Upper middle income,IBRD
Paraguay,PY,PRY,2013,,2026-07-13,13698.9722320262,73.292,5982445,Latin America & Caribbean,Asuncion,-57.6362,-25.3005,Upper middle income,IBRD
Paraguay,PY,PRY,2014,,2026-07-13,14217.5580896983,73.415,6069811,Latin America & Caribbean,Asuncion,-57.6362,-25.3005,Upper middle income,IBRD
Paraguay,PY,PRY,2015,,2026-07-13,14425.777586033,73.454,6159103,Latin America & Caribbean,Asuncion,-57.6362,-25.3005,Upper middle income,IBRD
Paraguay,PY,PRY,2003,,2026-07-13,9902.19918003817,70.795,5326436,Latin America & Caribbean,Asuncion,-57.6362,-25.3005,Upper middle income,IBRD
Paraguay,PY,PRY,2004,,2026-07-13,10185.9074387779,71.054,5388175,Latin America & Caribbean,Asuncion,-57.6362,-25.3005,Upper middle income,IBRD
Paraguay,PY,PRY,2005,,2026-07-13,10288.800866577,71.317,5448097,Latin America & Caribbean,Asuncion,-57.6362,-25.3005,Upper middle income,IBRD
Paraguay,PY,PRY,2006,,2026-07-13,10671.6449984385,71.584,5505148,Latin America & Caribbean,Asuncion,-57.6362,-25.3005,Upper middle income,IBRD
Paraguay,PY,PRY,2007,,2026-07-13,11140.4629098064,71.817,5559386,Latin America & Caribbean,Asuncion,-57.6362,-25.3005,Upper middle income,IBRD
Paraguay,PY,PRY,2008,,2026-07-13,11749.6546354418,72.047,5613574,Latin America & Caribbean,Asuncion,-57.6362,-25.3005,Upper middle income,IBRD
Peru,PE,PER,2001,,2026-07-13,7610.63949294843,70.315,26964601,Latin America & Caribbean,Lima,-77.0465,-12.0931,Upper middle income,IBRD
Peru,PE,PER,2002,,2026-07-13,7930.50980631714,70.815,27288217,Latin America & Caribbean,Lima,-77.0465,-12.0931,Upper middle income,IBRD
Peru,PE,PER,2003,,2026-07-13,8173.27672987692,71.278,27580490,Latin America & Caribbean,Lima,-77.0465,-12.0931,Upper middle income,IBRD
Peru,PE,PER,2000,,2026-07-13,7668.06078201131,69.821,26598331,Latin America & Caribbean,Lima,-77.0465,-12.0931,Upper middle income,IBRD
Peru,PE,PER,2010,,2026-07-13,12057.3912963716,72.886,29086019,Latin America & Caribbean,Lima,-77.0465,-12.0931,Upper middle income,IBRD
Peru,PE,PER,2011,,2026-07-13,12724.8832049429,73.327,29304086,Latin America & Caribbean,Lima,-77.0465,-12.0931,Upper middle income,IBRD
Peru,PE,PER,2012,,2026-07-13,13393.5923851679,73.979,29550366,Latin America & Caribbean,Lima,-77.0465,-12.0931,Upper middle income,IBRD
Peru,PE,PER,2013,,2026-07-13,14050.2420319137,74.591,29817919,Latin America & Caribbean,Lima,-77.0465,-12.0931,Upper middle income,IBRD
Peru,PE,PER,2004,,2026-07-13,8494.84031217202,71.447,27852190,Latin America & Caribbean,Lima,-77.0465,-12.0931,Upper middle income,IBRD
Peru,PE,PER,2005,,2026-07-13,8948.74710742664,71.988,28101180,Latin America & Caribbean,Lima,-77.0465,-12.0931,Upper middle income,IBRD
Peru,PE,PER,2006,,2026-07-13,9546.62529545456,72.337,28324491,Latin America & Caribbean,Lima,-77.0465,-12.0931,Upper middle income,IBRD
Peru,PE,PER,2015,,2026-07-13,14540.8313160635,75.732,30457600,Latin America & Caribbean,Lima,-77.0465,-12.0931,Upper middle income,IBRD
Peru,PE,PER,2016,,2026-07-13,14915.4366324454,75.951,30866494,Latin America & Caribbean,Lima,-77.0465,-12.0931,Upper middle income,IBRD
Peru,PE,PER,2017,,2026-07-13,15067.489279382,75.958,31324637,Latin America & Caribbean,Lima,-77.0465,-12.0931,Upper middle income,IBRD
Peru,PE,PER,2007,,2026-07-13,10284.9672238506,72.746,28530699,Latin America & Caribbean,Lima,-77.0465,-12.0931,Upper middle income,IBRD
Peru,PE,PER,2008,,2026-07-13,11150.0262166889,72.743,28719041,Latin America & Caribbean,Lima,-77.0465,-12.0931,Upper middle income,IBRD
Peru,PE,PER,2009,,2026-07-13,11202.8654418496,72.631,28896811,Latin America & Caribbean,Lima,-77.0465,-12.0931,Upper middle income,IBRD
Peru,PE,PER,2021,,2026-07-13,15285.7706852395,71.596,33155882,Latin America & Caribbean,Lima,-77.0465,-12.0931,Upper middle income,IBRD
Peru,PE,PER,2022,,2026-07-13,15566.5242612563,76.834,33475438,Latin America & Caribbean,Lima,-77.0465,-12.0931,Upper middle income,IBRD
Peru,PE,PER,2023,,2026-07-13,15342.2741359642,77.74,33845617,Latin America & Caribbean,Lima,-77.0465,-12.0931,Upper middle income,IBRD
Peru,PE,PER,2019,,2026-07-13,15461.4572585466,76.275,32449303,Latin America & Caribbean,Lima,-77.0465,-12.0931,Upper middle income,IBRD
Peru,PE,PER,2020,,2026-07-13,13607.7640705828,73.832,32838579,Latin America & Caribbean,Lima,-77.0465,-12.0931,Upper middle income,IBRD
Peru,PE,PER,2014,,2026-07-13,14242.6444760801,75.26,30115826,Latin America & Caribbean,Lima,-77.0465,-12.0931,Upper middle income,IBRD
Peru,PE,PER,2018,,2026-07-13,15384.1846082423,76.018,31897584,Latin America & Caribbean,Lima,-77.0465,-12.0931,Upper middle income,IBRD
Philippines,PH,PHL,2020,,2026-07-13,8455.18457134106,70.097,112081264,East Asia & Pacific,Manila,121.035,14.5515,Upper middle income,IBRD
Philippines,PH,PHL,2018,,2026-07-13,9016.28659637608,69.761,109465287,East Asia & Pacific,Manila,121.035,14.5515,Upper middle income,IBRD
Philippines,PH,PHL,2019,,2026-07-13,9452.2939715981,69.68,110804683,East Asia & Pacific,Manila,121.035,14.5515,Upper middle income,IBRD
Philippines,PH,PHL,2009,,2026-07-13,5965.30730902221,68.631,94384250,East Asia & Pacific,Manila,121.035,14.5515,Upper middle income,IBRD
Philippines,PH,PHL,2022,,2026-07-13,9457.10395402883,69.472,113964338,East Asia & Pacific,Manila,121.035,14.5515,Upper middle income,IBRD
Philippines,PH,PHL,2023,,2026-07-13,9898.53294588106,69.833,114891199,East Asia & Pacific,Manila,121.035,14.5515,Upper middle income,IBRD
Philippines,PH,PHL,2015,,2026-07-13,7691.76308685047,69.45,105312992,East Asia & Pacific,Manila,121.035,14.5515,Upper middle income,IBRD
Philippines,PH,PHL,2016,,2026-07-13,8131.82537948653,69.49,106735719,East Asia & Pacific,Manila,121.035,14.5515,Upper middle income,IBRD
Philippines,PH,PHL,2017,,2026-07-13,8584.13622709699,69.966,108119693,East Asia & Pacific,Manila,121.035,14.5515,Upper middle income,IBRD
Philippines,PH,PHL,2000,,2026-07-13,4740.43891694569,67.789,79625397,East Asia & Pacific,Manila,121.035,14.5515,Upper middle income,IBRD
Philippines,PH,PHL,2001,,2026-07-13,4778.4008437474,67.829,81401488,East Asia & Pacific,Manila,121.035,14.5515,Upper middle income,IBRD
Philippines,PH,PHL,2002,,2026-07-13,4856.49948429567,67.886,83068889,East Asia & Pacific,Manila,121.035,14.5515,Upper middle income,IBRD
Philippines,PH,PHL,2021,,2026-07-13,8857.78995115514,66.675,113100950,East Asia & Pacific,Manila,121.035,14.5515,Upper middle income,IBRD
Philippines,PH,PHL,2007,,2026-07-13,5840.06810169965,68.549,91075184,East Asia & Pacific,Manila,121.035,14.5515,Upper middle income,IBRD
Philippines,PH,PHL,2008,,2026-07-13,5987.03757861835,68.643,92699095,East Asia & Pacific,Manila,121.035,14.5515,Upper middle income,IBRD
Philippines,PH,PHL,2006,,2026-07-13,5578.57225112139,68.172,89508986,East Asia & Pacific,Manila,121.035,14.5515,Upper middle income,IBRD
Philippines,PH,PHL,2010,,2026-07-13,6273.03927731515,68.883,96337125,East Asia & Pacific,Manila,121.035,14.5515,Upper middle income,IBRD
Philippines,PH,PHL,2011,,2026-07-13,6388.31296959977,69.096,98248614,East Asia & Pacific,Manila,121.035,14.5515,Upper middle income,IBRD
Philippines,PH,PHL,2012,,2026-07-13,6697.55620962768,69.237,100175512,East Asia & Pacific,Manila,121.035,14.5515,Upper middle income,IBRD
Philippines,PH,PHL,2013,,2026-07-13,7016.53846470436,69.283,102076336,East Asia & Pacific,Manila,121.035,14.5515,Upper middle income,IBRD
Philippines,PH,PHL,2014,,2026-07-13,7340.361585912,69.311,103767130,East Asia & Pacific,Manila,121.035,14.5515,Upper middle income,IBRD
Philippines,PH,PHL,2003,,2026-07-13,5003.38317718716,68.049,84731835,East Asia & Pacific,Manila,121.035,14.5515,Upper middle income,IBRD
Philippines,PH,PHL,2004,,2026-07-13,5229.45080700165,68.301,86394504,East Asia & Pacific,Manila,121.035,14.5515,Upper middle income,IBRD
Philippines,PH,PHL,2005,,2026-07-13,5386.81653712891,68.423,88015962,East Asia & Pacific,Manila,121.035,14.5515,Upper middle income,IBRD
Poland,PL,POL,2008,,2026-07-13,25553.9058406534,75.5439024390244,38125759,Europe & Central Asia,Warsaw,21.02,52.26,High income,IBRD
Poland,PL,POL,2005,,2026-07-13,21568.9476594356,74.9951219512195,38165445,Europe & Central Asia,Warsaw,21.02,52.26,High income,IBRD
Poland,PL,POL,2006,,2026-07-13,22921.1975887696,75.1439024390244,38141267,Europe & Central Asia,Warsaw,21.02,52.26,High income,IBRD
Poland,PL,POL,2007,,2026-07-13,24484.0656663756,75.2439024390244,38120560,Europe & Central Asia,Warsaw,21.02,52.26,High income,IBRD
Poland,PL,POL,2000,,2026-07-13,18566.3546288772,73.7487804878049,38258629,Europe & Central Asia,Warsaw,21.02,52.26,High income,IBRD
Poland,PL,POL,2012,,2026-07-13,28952.9157305301,76.7463414634146,38063164,Europe & Central Asia,Warsaw,21.02,52.26,High income,IBRD
Poland,PL,POL,2001,,2026-07-13,18800.6018648402,74.2,38248076,Europe & Central Asia,Warsaw,21.02,52.26,High income,IBRD
Poland,PL,POL,2002,,2026-07-13,19166.9137058143,74.4975609756098,38230364,Europe & Central Asia,Warsaw,21.02,52.26,High income,IBRD
Poland,PL,POL,2003,,2026-07-13,19855.6317989181,74.5975609756098,38204570,Europe & Central Asia,Warsaw,21.02,52.26,High income,IBRD
Poland,PL,POL,2004,,2026-07-13,20878.6545002534,74.8463414634146,38182222,Europe & Central Asia,Warsaw,21.02,52.26,High income,IBRD
Poland,PL,POL,2017,,2026-07-13,34354.5987616319,77.7536585365854,37974826,Europe & Central Asia,Warsaw,21.02,52.26,High income,IBRD
Poland,PL,POL,2018,,2026-07-13,36500.4114282584,77.6024390243903,37974750,Europe & Central Asia,Warsaw,21.02,52.26,High income,IBRD
Poland,PL,POL,2019,,2026-07-13,38181.6230334689,77.9048780487805,37965475,Europe & Central Asia,Warsaw,21.02,52.26,High income,IBRD
Poland,PL,POL,2020,,2026-07-13,37852.8021313639,76.4,37515748,Europe & Central Asia,Warsaw,21.02,52.26,High income,IBRD
Poland,PL,POL,2021,,2026-07-13,41059.5847829682,75.3512195121951,36981559,Europe & Central Asia,Warsaw,21.02,52.26,High income,IBRD
Poland,PL,POL,2009,,2026-07-13,26204.410367111,75.6951219512195,38151603,Europe & Central Asia,Warsaw,21.02,52.26,High income,IBRD
Poland,PL,POL,2010,,2026-07-13,27112.1333797381,76.2463414634146,38042794,Europe & Central Asia,Warsaw,21.02,52.26,High income,IBRD
Poland,PL,POL,2011,,2026-07-13,28521.6612623568,76.6951219512195,38063255,Europe & Central Asia,Warsaw,21.02,52.26,High income,IBRD
Poland,PL,POL,2016,,2026-07-13,32675.3052259954,77.8512195121951,37970087,Europe & Central Asia,Warsaw,21.02,52.26,High income,IBRD
Poland,PL,POL,2013,,2026-07-13,29168.624211075,77,38040196,Europe & Central Asia,Warsaw,21.02,52.26,High income,IBRD
Poland,PL,POL,2014,,2026-07-13,30334.8786569618,77.6024390243903,38011735,Europe & Central Asia,Warsaw,21.02,52.26,High income,IBRD
Poland,PL,POL,2015,,2026-07-13,31700.3682364154,77.4512195121951,37986412,Europe & Central Asia,Warsaw,21.02,52.26,High income,IBRD
Poland,PL,POL,2022,,2026-07-13,43405.0215797441,77.1560975609756,36821749,Europe & Central Asia,Warsaw,21.02,52.26,High income,IBRD
Poland,PL,POL,2023,,2026-07-13,43672.7668014946,78.2585365853659,36687353,Europe & Central Asia,Warsaw,21.02,52.26,High income,IBRD
Portugal,PT,PRT,2016,,2026-07-13,36636.2978441636,81.1243902439025,10325452,Europe & Central Asia,Lisbon,-9.13552,38.7072,High income,Not classified
Portugal,PT,PRT,2008,,2026-07-13,37291.5048969664,78.5243902439025,10558177,Europe & Central Asia,Lisbon,-9.13552,38.7072,High income,Not classified
Portugal,PT,PRT,2011,,2026-07-13,36127.2949766157,80.4707317073171,10557560,Europe & Central Asia,Lisbon,-9.13552,38.7072,High income,Not classified
Portugal,PT,PRT,2012,,2026-07-13,34804.6333340484,80.3731707317073,10514844,Europe & Central Asia,Lisbon,-9.13552,38.7072,High income,Not classified
Portugal,PT,PRT,2009,,2026-07-13,36092.8109314688,78.7268292682927,10568247,Europe & Central Asia,Lisbon,-9.13552,38.7072,High income,Not classified
Portugal,PT,PRT,2010,,2026-07-13,36703.1141882825,79.0268292682927,10573100,Europe & Central Asia,Lisbon,-9.13552,38.7072,High income,Not classified
Portugal,PT,PRT,2015,,2026-07-13,35803.3575649772,81.1243902439025,10358076,Europe & Central Asia,Lisbon,-9.13552,38.7072,High income,Not classified
Portugal,PT,PRT,2002,,2026-07-13,35578.5200309,77.0658536585366,10419631,Europe & Central Asia,Lisbon,-9.13552,38.7072,High income,Not classified
Portugal,PT,PRT,2003,,2026-07-13,35115.379514413,77.219512195122,10458821,Europe & Central Asia,Lisbon,-9.13552,38.7072,High income,Not classified
Portugal,PT,PRT,2004,,2026-07-13,35658.1298257507,77.6707317073171,10483861,Europe & Central Asia,Lisbon,-9.13552,38.7072,High income,Not classified
Portugal,PT,PRT,2005,,2026-07-13,35870.3092741502,78.0707317073171,10503330,Europe & Central Asia,Lisbon,-9.13552,38.7072,High income,Not classified
Portugal,PT,PRT,2006,,2026-07-13,36387.5367379523,78.419512195122,10522288,Europe & Central Asia,Lisbon,-9.13552,38.7072,High income,Not classified
Portugal,PT,PRT,2007,,2026-07-13,37226.4702626704,78.3219512195122,10542964,Europe & Central Asia,Lisbon,-9.13552,38.7072,High income,Not classified
Portugal,PT,PRT,2021,,2026-07-13,38657.6677223429,81.3780487804878,10361831,Europe & Central Asia,Lisbon,-9.13552,38.7072,High income,Not classified
Portugal,PT,PRT,2022,,2026-07-13,41070.8611529744,81.6317073170732,10434332,Europe & Central Asia,Lisbon,-9.13552,38.7072,High income,Not classified
Portugal,PT,PRT,2023,,2026-07-13,41768.2583096874,82.3292682926829,10578174,Europe & Central Asia,Lisbon,-9.13552,38.7072,High income,Not classified
Portugal,PT,PRT,2001,,2026-07-13,35500.2266804093,76.8146341463415,10362722,Europe & Central Asia,Lisbon,-9.13552,38.7072,High income,Not classified
Portugal,PT,PRT,2013,,2026-07-13,34651.7719455059,80.7219512195122,10457295,Europe & Central Asia,Lisbon,-9.13552,38.7072,High income,Not classified
Portugal,PT,PRT,2014,,2026-07-13,35097.4098263232,81.1219512195122,10401062,Europe & Central Asia,Lisbon,-9.13552,38.7072,High income,Not classified
Portugal,PT,PRT,2000,,2026-07-13,35069.8275705133,76.3146341463415,10289898,Europe & Central Asia,Lisbon,-9.13552,38.7072,High income,Not classified
Portugal,PT,PRT,2019,,2026-07-13,40188.2868799223,81.6756097560976,10286263,Europe & Central Asia,Lisbon,-9.13552,38.7072,High income,Not classified
Portugal,PT,PRT,2020,,2026-07-13,36852.2287338103,81.3292682926829,10297081,Europe & Central Asia,Lisbon,-9.13552,38.7072,High income,Not classified
Portugal,PT,PRT,2017,,2026-07-13,37943.1150505677,81.4243902439025,10300300,Europe & Central Asia,Lisbon,-9.13552,38.7072,High income,Not classified
Portugal,PT,PRT,2018,,2026-07-13,39123.6151282575,81.3243902439024,10283822,Europe & Central Asia,Lisbon,-9.13552,38.7072,High income,Not classified
Post-demographic dividend,V4,PST,2000,,2026-07-13,43905.492095485,77.3513756471438,1021150563,Aggregates,,,,Aggregates,Aggregates
Post-demographic dividend,V4,PST,2018,,2026-07-13,55143.3332401636,80.7434751770259,1111104033,Aggregates,,,,Aggregates,Aggregates
Post-demographic dividend,V4,PST,2023,,2026-07-13,58864.5073143586,80.8342678318764,1121263972,Aggregates,,,,Aggregates,Aggregates
Post-demographic dividend,V4,PST,2010,,2026-07-13,49202.4977605287,79.6785405516336,1076208648,Aggregates,,,,Aggregates,Aggregates
Post-demographic dividend,V4,PST,2011,,2026-07-13,49888.7882058408,79.9443824717695,1079468050,Aggregates,,,,Aggregates,Aggregates
Post-demographic dividend,V4,PST,2012,,2026-07-13,50202.3862277536,80.088710974095,1084193277,Aggregates,,,,Aggregates,Aggregates
Post-demographic dividend,V4,PST,2013,,2026-07-13,50706.4050971727,80.2734408942833,1088423167,Aggregates,,,,Aggregates,Aggregates
Post-demographic dividend,V4,PST,2001,,2026-07-13,44417.508802848,77.6340698596268,1026105872,Aggregates,,,,Aggregates,Aggregates
Post-demographic dividend,V4,PST,2002,,2026-07-13,44901.6600902881,77.771842585777,1031302538,Aggregates,,,,Aggregates,Aggregates
Post-demographic dividend,V4,PST,2003,,2026-07-13,45591.7759389496,77.8873480039422,1036498631,Aggregates,,,,Aggregates,Aggregates
Post-demographic dividend,V4,PST,2004,,2026-07-13,46849.019192799104,78.3070690267902,1041890752,Aggregates,,,,Aggregates,Aggregates
Post-demographic dividend,V4,PST,2019,,2026-07-13,55954.6056964726,80.9699107710013,1114895817,Aggregates,,,,Aggregates,Aggregates
Post-demographic dividend,V4,PST,2020,,2026-07-13,53484.386473395,80.0657027820539,1117003860,Aggregates,,,,Aggregates,Aggregates
Post-demographic dividend,V4,PST,2021,,2026-07-13,56629.4428654399,79.7932796702764,1116578102,Aggregates,,,,Aggregates,Aggregates
Post-demographic dividend,V4,PST,2022,,2026-07-13,58044.4953903551,80.1925594478523,1117420833,Aggregates,,,,Aggregates,Aggregates
Post-demographic dividend,V4,PST,2009,,2026-07-13,48022.2819554498,79.4684041481196,1071118156,Aggregates,,,,Aggregates,Aggregates
Post-demographic dividend,V4,PST,2014,,2026-07-13,51441.7405935107,80.5389847887351,1093024476,Aggregates,,,,Aggregates,Aggregates
Post-demographic dividend,V4,PST,2015,,2026-07-13,52274.7981957443,80.4400588000625,1097889139,Aggregates,,,,Aggregates,Aggregates
Post-demographic dividend,V4,PST,2016,,2026-07-13,52980.6671692557,80.611199448631,1102965925,Aggregates,,,,Aggregates,Aggregates
Post-demographic dividend,V4,PST,2017,,2026-07-13,54108.2407867178,80.6648214527058,1107159559,Aggregates,,,,Aggregates,Aggregates
Post-demographic dividend,V4,PST,2005,,2026-07-13,47910.7270616016,78.410884260835,1047140108,Aggregates,,,,Aggregates,Aggregates
Post-demographic dividend,V4,PST,2006,,2026-07-13,49124.6017545878,78.7291498117515,1052866351,Aggregates,,,,Aggregates,Aggregates
Post-demographic dividend,V4,PST,2007,,2026-07-13,50178.5292615153,78.9805173339684,1059147302,Aggregates,,,,Aggregates,Aggregates
Post-demographic dividend,V4,PST,2008,,2026-07-13,50097.1139120419,79.1456240590947,1065603711,Aggregates,,,,Aggregates,Aggregates
Pre-demographic dividend,V1,PRE,2001,,2026-07-13,3480.90890614231,52.2506407628639,578214152,Aggregates,,,,Aggregates,Aggregates
Pre-demographic dividend,V1,PRE,2002,,2026-07-13,3596.88399002625,52.7410145652031,595728391,Aggregates,,,,Aggregates,Aggregates
Pre-demographic dividend,V1,PRE,2003,,2026-07-13,3488.33290730793,53.2927125516406,613871091,Aggregates,,,,Aggregates,Aggregates
Pre-demographic dividend,V1,PRE,2004,,2026-07-13,3785.58312127129,53.7989567605991,632030219,Aggregates,,,,Aggregates,Aggregates
Pre-demographic dividend,V1,PRE,2000,,2026-07-13,3431.99058523226,51.7498417942543,562071710,Aggregates,,,,Aggregates,Aggregates
Pre-demographic dividend,V1,PRE,2012,,2026-07-13,4699.8157799984,58.015496924455,797555707,Aggregates,,,,Aggregates,Aggregates
Pre-demographic dividend,V1,PRE,2013,,2026-07-13,4836.16367046518,58.4505165351906,821651825,Aggregates,,,,Aggregates,Aggregates
Pre-demographic dividend,V1,PRE,2014,,2026-07-13,4943.93909593226,58.608641358086,845885930,Aggregates,,,,Aggregates,Aggregates
Pre-demographic dividend,V1,PRE,2015,,2026-07-13,4955.04368705216,58.9361548123525,869996107,Aggregates,,,,Aggregates,Aggregates
Pre-demographic dividend,V1,PRE,2005,,2026-07-13,3897.99424559981,54.3650816168261,650889143,Aggregates,,,,Aggregates,Aggregates
Pre-demographic dividend,V1,PRE,2006,,2026-07-13,4024.27616541647,54.9712541124866,669788208,Aggregates,,,,Aggregates,Aggregates
Pre-demographic dividend,V1,PRE,2007,,2026-07-13,4156.31275431464,55.550345439484,688282695,Aggregates,,,,Aggregates,Aggregates
Pre-demographic dividend,V1,PRE,2008,,2026-07-13,4296.51657824143,56.1355264401913,708363596,Aggregates,,,,Aggregates,Aggregates
Pre-demographic dividend,V1,PRE,2017,,2026-07-13,4883.51888202169,59.5398409028105,919835947,Aggregates,,,,Aggregates,Aggregates
Pre-demographic dividend,V1,PRE,2018,,2026-07-13,4877.52526198822,60.207194494983,945516605,Aggregates,,,,Aggregates,Aggregates
Pre-demographic dividend,V1,PRE,2009,,2026-07-13,4380.77455783827,56.509207413095,729873044,Aggregates,,,,Aggregates,Aggregates
Pre-demographic dividend,V1,PRE,2010,,2026-07-13,4542.96699291196,57.1220509386403,751639870,Aggregates,,,,Aggregates,Aggregates
Pre-demographic dividend,V1,PRE,2011,,2026-07-13,4601.80263323492,57.3117928365729,774151525,Aggregates,,,,Aggregates,Aggregates
Pre-demographic dividend,V1,PRE,2022,,2026-07-13,4622.84662154362,61.3824217457713,1050180429,Aggregates,,,,Aggregates,Aggregates
Pre-demographic dividend,V1,PRE,2023,,2026-07-13,4616.90450089091,62.1630603690952,1077143557,Aggregates,,,,Aggregates,Aggregates
Pre-demographic dividend,V1,PRE,2019,,2026-07-13,4894.86910665179,60.5564155644205,971459360,Aggregates,,,,Aggregates,Aggregates
Pre-demographic dividend,V1,PRE,2016,,2026-07-13,4937.98687866513,59.2361026971089,894582467,Aggregates,,,,Aggregates,Aggregates
Pre-demographic dividend,V1,PRE,2021,,2026-07-13,4534.67817255594,60.2743516231876,1024018110,Aggregates,,,,Aggregates,Aggregates
Pre-demographic dividend,V1,PRE,2020,,2026-07-13,4560.44774666763,60.5007902438254,997742595,Aggregates,,,,Aggregates,Aggregates
Puerto Rico (US),PR,PRI,2021,,2026-07-13,40559.226188957,79.77,3262731,Latin America & Caribbean,San Juan,-66,18.23,High income,Not classified
Puerto Rico (US),PR,PRI,2018,,2026-07-13,41119.3088051648,81.086,3290690,Latin America & Caribbean,San Juan,-66,18.23,High income,Not classified
Puerto Rico (US),PR,PRI,2020,,2026-07-13,40171.3744461738,80.009,3281591,Latin America & Caribbean,San Juan,-66,18.23,High income,Not classified
Puerto Rico (US),PR,PRI,2009,,2026-07-13,40772.3514249612,78.377,3740410,Latin America & Caribbean,San Juan,-66,18.23,High income,Not classified
Puerto Rico (US),PR,PRI,2022,,2026-07-13,42310.8139725719,79.427,3220148,Latin America & Caribbean,San Juan,-66,18.23,High income,Not classified
Puerto Rico (US),PR,PRI,2019,,2026-07-13,41656.3291581369,81.438,3302691,Latin America & Caribbean,San Juan,-66,18.23,High income,Not classified
Puerto Rico (US),PR,PRI,2008,,2026-07-13,41358.0689136668,78.111,3760866,Latin America & Caribbean,San Juan,-66,18.23,High income,Not classified
Puerto Rico (US),PR,PRI,2016,,2026-07-13,41858.2626698462,80.355,3480432,Latin America & Caribbean,San Juan,-66,18.23,High income,Not classified
Puerto Rico (US),PR,PRI,2017,,2026-07-13,41479.9977732034,79.07,3410837,Latin America & Caribbean,San Juan,-66,18.23,High income,Not classified
Puerto Rico (US),PR,PRI,2015,,2026-07-13,41737.6068571153,80.677,3535167,Latin America & Caribbean,San Juan,-66,18.23,High income,Not classified
Puerto Rico (US),PR,PRI,2001,,2026-07-13,39568.5528383032,75.972,3818774,Latin America & Caribbean,San Juan,-66,18.23,High income,Not classified
Puerto Rico (US),PR,PRI,2002,,2026-07-13,39879.7295566967,76.819,3823701,Latin America & Caribbean,San Juan,-66,18.23,High income,Not classified
Puerto Rico (US),PR,PRI,2003,,2026-07-13,39876.0670237773,76.941,3826095,Latin America & Caribbean,San Juan,-66,18.23,High income,Not classified
Puerto Rico (US),PR,PRI,2004,,2026-07-13,43355.8226365269,76.913,3826878,Latin America & Caribbean,San Juan,-66,18.23,High income,Not classified
Puerto Rico (US),PR,PRI,2023,,2026-07-13,42837.872737145,81.69,3203794,Latin America & Caribbean,San Juan,-66,18.23,High income,Not classified
Puerto Rico (US),PR,PRI,2006,,2026-07-13,42133.9682748773,77.561,3805214,Latin America & Caribbean,San Juan,-66,18.23,High income,Not classified
Puerto Rico (US),PR,PRI,2007,,2026-07-13,41888.6232716478,77.659,3782995,Latin America & Caribbean,San Juan,-66,18.23,High income,Not classified
Puerto Rico (US),PR,PRI,2010,,2026-07-13,40777.6892825687,78.717,3724465,Latin America & Caribbean,San Juan,-66,18.23,High income,Not classified
Puerto Rico (US),PR,PRI,2011,,2026-07-13,40972.5364074959,78.766,3693464,Latin America & Caribbean,San Juan,-66,18.23,High income,Not classified
Puerto Rico (US),PR,PRI,2012,,2026-07-13,41347.4542013586,79.258,3661045,Latin America & Caribbean,San Juan,-66,18.23,High income,Not classified
Puerto Rico (US),PR,PRI,2013,,2026-07-13,41556.7852350074,80.318,3631427,Latin America & Caribbean,San Juan,-66,18.23,High income,Not classified
Puerto Rico (US),PR,PRI,2014,,2026-07-13,41593.6798280708,80.039,3585017,Latin America & Caribbean,San Juan,-66,18.23,High income,Not classified
Puerto Rico (US),PR,PRI,2000,,2026-07-13,37298.5450447133,75.514,3810605,Latin America & Caribbean,San Juan,-66,18.23,High income,Not classified
Puerto Rico (US),PR,PRI,2005,,2026-07-13,42555.7081189669,76.703,3821362,Latin America & Caribbean,San Juan,-66,18.23,High income,Not classified
Qatar,QA,QAT,2008,,2026-07-13,114879.221727674,78.262,1426938,"Middle East, North Africa, Afghanistan & Pakistan",Doha,51.5082,25.2948,High income,Not classified
Qatar,QA,QAT,2009,,2026-07-13,114069.652335284,78.837,1608903,"Middle East, North Africa, Afghanistan & Pakistan",Doha,51.5082,25.2948,High income,Not classified
Qatar,QA,QAT,2010,,2026-07-13,132502.281828313,79.444,1616832,"Middle East, North Africa, Afghanistan & Pakistan",Doha,51.5082,25.2948,High income,Not classified
Qatar,QA,QAT,2007,,2026-07-13,115272.510003238,77.741,1208595,"Middle East, North Africa, Afghanistan & Pakistan",Doha,51.5082,25.2948,High income,Not classified
Qatar,QA,QAT,2000,,2026-07-13,98028.5232918526,75.25,644989,"Middle East, North Africa, Afghanistan & Pakistan",Doha,51.5082,25.2948,High income,Not classified
Qatar,QA,QAT,2001,,2026-07-13,96901.5943725606,75.486,677925,"Middle East, North Africa, Afghanistan & Pakistan",Doha,51.5082,25.2948,High income,Not classified
Qatar,QA,QAT,2013,,2026-07-13,138046.596315458,80.974,1916426,"Middle East, North Africa, Afghanistan & Pakistan",Doha,51.5082,25.2948,High income,Not classified
Qatar,QA,QAT,2002,,2026-07-13,99001.4939977461,75.766,711205,"Middle East, North Africa, Afghanistan & Pakistan",Doha,51.5082,25.2948,High income,Not classified
Qatar,QA,QAT,2003,,2026-07-13,98068.1232492499,76.097,744682,"Middle East, North Africa, Afghanistan & Pakistan",Doha,51.5082,25.2948,High income,Not classified
Qatar,QA,QAT,2004,,2026-07-13,112583.929924606,76.484,773332,"Middle East, North Africa, Afghanistan & Pakistan",Doha,51.5082,25.2948,High income,Not classified
Qatar,QA,QAT,2005,,2026-07-13,113384.267001706,76.909,825408,"Middle East, North Africa, Afghanistan & Pakistan",Doha,51.5082,25.2948,High income,Not classified
Qatar,QA,QAT,2006,,2026-07-13,121378.43895737,77.323,972831,"Middle East, North Africa, Afghanistan & Pakistan",Doha,51.5082,25.2948,High income,Not classified
Qatar,QA,QAT,2019,,2026-07-13,113160.973779334,82.945,2638657,"Middle East, North Africa, Afghanistan & Pakistan",Doha,51.5082,25.2948,High income,Not classified
Qatar,QA,QAT,2020,,2026-07-13,103061.913422502,80.409,2794148,"Middle East, North Africa, Afghanistan & Pakistan",Doha,51.5082,25.2948,High income,Not classified
Qatar,QA,QAT,2021,,2026-07-13,116832.570294098,81.083,2504910,"Middle East, North Africa, Afghanistan & Pakistan",Doha,51.5082,25.2948,High income,Not classified
Qatar,QA,QAT,2022,,2026-07-13,114740.12361423,81.857,2657333,"Middle East, North Africa, Afghanistan & Pakistan",Doha,51.5082,25.2948,High income,Not classified
Qatar,QA,QAT,2023,,2026-07-13,116159.142564088,82.368,2656032,"Middle East, North Africa, Afghanistan & Pakistan",Doha,51.5082,25.2948,High income,Not classified
Qatar,QA,QAT,2011,,2026-07-13,149025.116325024,79.994,1624761,"Middle East, North Africa, Afghanistan & Pakistan",Doha,51.5082,25.2948,High income,Not classified
Qatar,QA,QAT,2012,,2026-07-13,147077.406092637,80.499,1722438,"Middle East, North Africa, Afghanistan & Pakistan",Doha,51.5082,25.2948,High income,Not classified
Qatar,QA,QAT,2017,,2026-07-13,115064.943662853,82.458,2545820,"Middle East, North Africa, Afghanistan & Pakistan",Doha,51.5082,25.2948,High income,Not classified
Qatar,QA,QAT,2014,,2026-07-13,128013.987050891,81.395,2151745,"Middle East, North Africa, Afghanistan & Pakistan",Doha,51.5082,25.2948,High income,Not classified
Qatar,QA,QAT,2015,,2026-07-13,123070.887876565,81.785,2344557,"Middle East, North Africa, Afghanistan & Pakistan",Doha,51.5082,25.2948,High income,Not classified
Qatar,QA,QAT,2016,,2026-07-13,120054.408736518,82.147,2477113,"Middle East, North Africa, Afghanistan & Pakistan",Doha,51.5082,25.2948,High income,Not classified
Qatar,QA,QAT,2018,,2026-07-13,114909.945485127,82.714,2580734,"Middle East, North Africa, Afghanistan & Pakistan",Doha,51.5082,25.2948,High income,Not classified
Romania,RO,ROU,2017,,2026-07-13,32852.6355672255,75.209756097561,19588715,Europe & Central Asia,Bucharest,26.0979,44.4479,High income,IBRD
Romania,RO,ROU,2010,,2026-07-13,24902.9044891466,73.4585365853659,20246871,Europe & Central Asia,Bucharest,26.0979,44.4479,High income,IBRD
Romania,RO,ROU,2011,,2026-07-13,26150.7476231736,74.409756097561,20147528,Europe & Central Asia,Bucharest,26.0979,44.4479,High income,IBRD
Romania,RO,ROU,2012,,2026-07-13,26767.4556487181,74.4121951219512,20058035,Europe & Central Asia,Bucharest,26.0979,44.4479,High income,IBRD
Romania,RO,ROU,2013,,2026-07-13,26941.9318849595,75.0634146341463,19983693,Europe & Central Asia,Bucharest,26.0979,44.4479,High income,IBRD
Romania,RO,ROU,2014,,2026-07-13,28156.1307843293,74.909756097561,19908979,Europe & Central Asia,Bucharest,26.0979,44.4479,High income,IBRD
Romania,RO,ROU,2015,,2026-07-13,29181.8781722441,74.9121951219512,19815616,Europe & Central Asia,Bucharest,26.0979,44.4479,High income,IBRD
Romania,RO,ROU,2016,,2026-07-13,30189.147723024,75.209756097561,19702267,Europe & Central Asia,Bucharest,26.0979,44.4479,High income,IBRD
Romania,RO,ROU,2003,,2026-07-13,17587.462617764,71.309756097561,21574326,Europe & Central Asia,Bucharest,26.0979,44.4479,High income,IBRD
Romania,RO,ROU,2004,,2026-07-13,19532.4800205184,71.5609756097561,21451748,Europe & Central Asia,Bucharest,26.0979,44.4479,High income,IBRD
Romania,RO,ROU,2005,,2026-07-13,20570.925514681,71.9121951219512,21319685,Europe & Central Asia,Bucharest,26.0979,44.4479,High income,IBRD
Romania,RO,ROU,2006,,2026-07-13,22354.5637860053,72.1634146341463,21193760,Europe & Central Asia,Bucharest,26.0979,44.4479,High income,IBRD
Romania,RO,ROU,2007,,2026-07-13,24328.3931332788,72.5658536585366,20882982,Europe & Central Asia,Bucharest,26.0979,44.4479,High income,IBRD
Romania,RO,ROU,2008,,2026-07-13,27039.6000864291,72.5658536585366,20537875,Europe & Central Asia,Bucharest,26.0979,44.4479,High income,IBRD
Romania,RO,ROU,2009,,2026-07-13,25761.6305517205,73.309756097561,20367487,Europe & Central Asia,Bucharest,26.0979,44.4479,High income,IBRD
Romania,RO,ROU,2023,,2026-07-13,40116.689141690404,76.4048780487805,19061062,Europe & Central Asia,Bucharest,26.0979,44.4479,High income,IBRD
Romania,RO,ROU,2001,,2026-07-13,15848.3039143162,71.1609756097561,22131970,Europe & Central Asia,Bucharest,26.0979,44.4479,High income,IBRD
Romania,RO,ROU,2002,,2026-07-13,17061.6293695412,71.009756097561,21730496,Europe & Central Asia,Bucharest,26.0979,44.4479,High income,IBRD
Romania,RO,ROU,2021,,2026-07-13,37534.0002643549,72.809756097561,19122059,Europe & Central Asia,Bucharest,26.0979,44.4479,High income,IBRD
Romania,RO,ROU,2000,,2026-07-13,14853.6063681531,71.1634146341463,22442971,Europe & Central Asia,Bucharest,26.0979,44.4479,High income,IBRD
Romania,RO,ROU,2019,,2026-07-13,36399.4746080793,75.6073170731707,19371648,Europe & Central Asia,Bucharest,26.0979,44.4479,High income,IBRD
Romania,RO,ROU,2020,,2026-07-13,35283.6060358241,74.2536585365854,19265250,Europe & Central Asia,Bucharest,26.0979,44.4479,High income,IBRD
Romania,RO,ROU,2018,,2026-07-13,34828.8958637884,75.3585365853659,19473970,Europe & Central Asia,Bucharest,26.0979,44.4479,High income,IBRD
Romania,RO,ROU,2022,,2026-07-13,39256.8260854977,75.1536585365854,19048502,Europe & Central Asia,Bucharest,26.0979,44.4479,High income,IBRD
Russian Federation,RU,RUS,2002,,2026-07-13,22319.677734375,65.1287804878049,145306497,Europe & Central Asia,Moscow,37.6176,55.7558,High income,IBRD
Russian Federation,RU,RUS,2000,,2026-07-13,20104.75,65.4836585365854,146596869,Europe & Central Asia,Moscow,37.6176,55.7558,High income,IBRD
Russian Federation,RU,RUS,2001,,2026-07-13,21219.904296875,65.3834146341463,145976482,Europe & Central Asia,Moscow,37.6176,55.7558,High income,IBRD
Russian Federation,RU,RUS,2019,,2026-07-13,37319.3203125,73.0839024390244,145453291,Europe & Central Asia,Moscow,37.6176,55.7558,High income,IBRD
Russian Federation,RU,RUS,2011,,2026-07-13,34444.64453125,69.6839024390244,143018195,Europe & Central Asia,Moscow,37.6176,55.7558,High income,IBRD
Russian Federation,RU,RUS,2012,,2026-07-13,35740.69921875,70.0721951219512,143378447,Europe & Central Asia,Moscow,37.6176,55.7558,High income,IBRD
Russian Federation,RU,RUS,2013,,2026-07-13,36260.06640625,70.5787804878049,143805638,Europe & Central Asia,Moscow,37.6176,55.7558,High income,IBRD
Russian Federation,RU,RUS,2014,,2026-07-13,35853.24609375,70.7436585365854,144237223,Europe & Central Asia,Moscow,37.6176,55.7558,High income,IBRD
Russian Federation,RU,RUS,2015,,2026-07-13,35037.15234375,71.1834146341463,144640716,Europe & Central Asia,Moscow,37.6176,55.7558,High income,IBRD
Russian Federation,RU,RUS,2003,,2026-07-13,24057.927734375,65.0275609756098,144648618,Europe & Central Asia,Moscow,37.6176,55.7558,High income,IBRD
Russian Federation,RU,RUS,2004,,2026-07-13,25894.146484375,65.4709756097561,144067316,Europe & Central Asia,Moscow,37.6176,55.7558,High income,IBRD
Russian Federation,RU,RUS,2005,,2026-07-13,27656.658203125,65.529756097561,143518814,Europe & Central Asia,Moscow,37.6176,55.7558,High income,IBRD
Russian Federation,RU,RUS,2020,,2026-07-13,36376.3359375,71.3387804878049,145245148,Europe & Central Asia,Moscow,37.6176,55.7558,High income,IBRD
Russian Federation,RU,RUS,2021,,2026-07-13,38638.4296875,69.900243902439,144746762,Europe & Central Asia,Moscow,37.6176,55.7558,High income,IBRD
Russian Federation,RU,RUS,2022,,2026-07-13,38214.69140625,72.5456097560976,144236933,Europe & Central Asia,Moscow,37.6176,55.7558,High income,IBRD
Russian Federation,RU,RUS,2023,,2026-07-13,39881.44921875,73.2546341463415,143826130,Europe & Central Asia,Moscow,37.6176,55.7558,High income,IBRD
Russian Federation,RU,RUS,2010,,2026-07-13,33063.5859375,68.8412195121951,142849468,Europe & Central Asia,Moscow,37.6176,55.7558,High income,IBRD
Russian Federation,RU,RUS,2006,,2026-07-13,30022.671875,66.7275609756098,143049637,Europe & Central Asia,Moscow,37.6176,55.7558,High income,IBRD
Russian Federation,RU,RUS,2016,,2026-07-13,35005.4453125,71.6512195121951,145015460,Europe & Central Asia,Moscow,37.6176,55.7558,High income,IBRD
Russian Federation,RU,RUS,2017,,2026-07-13,35570.703125,72.4514634146342,145293260,Europe & Central Asia,Moscow,37.6176,55.7558,High income,IBRD
Russian Federation,RU,RUS,2018,,2026-07-13,36536.6953125,72.6621951219512,145398106,Europe & Central Asia,Moscow,37.6176,55.7558,High income,IBRD
Russian Federation,RU,RUS,2007,,2026-07-13,32630.369140625,67.5868292682927,142805114,Europe & Central Asia,Moscow,37.6176,55.7558,High income,IBRD
Russian Federation,RU,RUS,2008,,2026-07-13,34342.2265625,67.9492682926829,142742366,Europe & Central Asia,Moscow,37.6176,55.7558,High income,IBRD
Russian Federation,RU,RUS,2009,,2026-07-13,31654.00390625,68.6846341463415,142785348,Europe & Central Asia,Moscow,37.6176,55.7558,High income,IBRD
Rwanda,RW,RWA,2002,,2026-07-13,1267.19396540218,51.262,8400180,Sub-Saharan Africa,Kigali,30.0587,-1.95325,Low income,IDA
Rwanda,RW,RWA,2006,,2026-07-13,1501.7646218593,58.342,9299246,Sub-Saharan Africa,Kigali,30.0587,-1.95325,Low income,IDA
Rwanda,RW,RWA,2003,,2026-07-13,1266.94449487196,53.529,8586875,Sub-Saharan Africa,Kigali,30.0587,-1.95325,Low income,IDA
Rwanda,RW,RWA,2004,,2026-07-13,1325.79557312503,55.52,8816844,Sub-Saharan Africa,Kigali,30.0587,-1.95325,Low income,IDA
Rwanda,RW,RWA,2005,,2026-07-13,1412.06107949967,56.968,9054528,Sub-Saharan Africa,Kigali,30.0587,-1.95325,Low income,IDA
Rwanda,RW,RWA,2000,,2026-07-13,1055.35042339776,47.798,8213931,Sub-Saharan Africa,Kigali,30.0587,-1.95325,Low income,IDA
Rwanda,RW,RWA,2001,,2026-07-13,1134.78453153468,49.49,8287094,Sub-Saharan Africa,Kigali,30.0587,-1.95325,Low income,IDA
Rwanda,RW,RWA,2014,,2026-07-13,2176.09492014666,65.088,11364757,Sub-Saharan Africa,Kigali,30.0587,-1.95325,Low income,IDA
Rwanda,RW,RWA,2015,,2026-07-13,2313.09716940962,65.419,11640022,Sub-Saharan Africa,Kigali,30.0587,-1.95325,Low income,IDA
Rwanda,RW,RWA,2016,,2026-07-13,2386.74841002826,65.733,11919183,Sub-Saharan Africa,Kigali,30.0587,-1.95325,Low income,IDA
Rwanda,RW,RWA,2017,,2026-07-13,2441.08540816509,66.14,12202060,Sub-Saharan Africa,Kigali,30.0587,-1.95325,Low income,IDA
Rwanda,RW,RWA,2007,,2026-07-13,1573.96811218011,59.504,9549933,Sub-Saharan Africa,Kigali,30.0587,-1.95325,Low income,IDA
Rwanda,RW,RWA,2008,,2026-07-13,1704.25449057727,60.641,9804269,Sub-Saharan Africa,Kigali,30.0587,-1.95325,Low income,IDA
Rwanda,RW,RWA,2009,,2026-07-13,1764.63484961094,61.813,10060432,Sub-Saharan Africa,Kigali,30.0587,-1.95325,Low income,IDA
Rwanda,RW,RWA,2019,,2026-07-13,2753.53959810856,66.691,12776103,Sub-Saharan Africa,Kigali,30.0587,-1.95325,Low income,IDA
Rwanda,RW,RWA,2020,,2026-07-13,2617.70706034364,66.953,13065837,Sub-Saharan Africa,Kigali,30.0587,-1.95325,Low income,IDA
Rwanda,RW,RWA,2010,,2026-07-13,1846.86326840066,62.804,10317553,Sub-Saharan Africa,Kigali,30.0587,-1.95325,Low income,IDA
Rwanda,RW,RWA,2011,,2026-07-13,1945.53705383878,63.476,10573733,Sub-Saharan Africa,Kigali,30.0587,-1.95325,Low income,IDA
Rwanda,RW,RWA,2012,,2026-07-13,2063.66474823031,64.189,10829901,Sub-Saharan Africa,Kigali,30.0587,-1.95325,Low income,IDA
Rwanda,RW,RWA,2013,,2026-07-13,2109.74668811567,64.651,11093340,Sub-Saharan Africa,Kigali,30.0587,-1.95325,Low income,IDA
Rwanda,RW,RWA,2021,,2026-07-13,2776.39276387923,66.85,13355260,Sub-Saharan Africa,Kigali,30.0587,-1.95325,Low income,IDA
Rwanda,RW,RWA,2018,,2026-07-13,2577.69730366075,66.354,12487996,Sub-Saharan Africa,Kigali,30.0587,-1.95325,Low income,IDA
Rwanda,RW,RWA,2023,,2026-07-13,3168.03075281515,67.785,13954471,Sub-Saharan Africa,Kigali,30.0587,-1.95325,Low income,IDA
Rwanda,RW,RWA,2022,,2026-07-13,2983.10774007304,67.528,13651030,Sub-Saharan Africa,Kigali,30.0587,-1.95325,Low income,IDA
Samoa,WS,WSM,2018,,2026-07-13,6805.91709392797,71.052,207582,East Asia & Pacific,Apia,-171.752,-13.8314,Upper middle income,IDA
Samoa,WS,WSM,2022,,2026-07-13,6450.19151677842,71.55,215261,East Asia & Pacific,Apia,-171.752,-13.8314,Upper middle income,IDA
Samoa,WS,WSM,2019,,2026-07-13,7034.42233036815,70.269,209780,East Asia & Pacific,Apia,-171.752,-13.8314,Upper middle income,IDA
Samoa,WS,WSM,2021,,2026-07-13,6350.92787033711,71.096,213779,East Asia & Pacific,Apia,-171.752,-13.8314,Upper middle income,IDA
Samoa,WS,WSM,2011,,2026-07-13,6617.61889509588,71.393,194713,East Asia & Pacific,Apia,-171.752,-13.8314,Upper middle income,IDA
Samoa,WS,WSM,2023,,2026-07-13,7384.69163688613,71.698,216663,East Asia & Pacific,Apia,-171.752,-13.8314,Upper middle income,IDA
Samoa,WS,WSM,2020,,2026-07-13,6746.15667963109,70.727,211944,East Asia & Pacific,Apia,-171.752,-13.8314,Upper middle income,IDA
Samoa,WS,WSM,2010,,2026-07-13,6428.13508590333,71.451,193023,East Asia & Pacific,Apia,-171.752,-13.8314,Upper middle income,IDA
Samoa,WS,WSM,2015,,2026-07-13,6433.1839621351,71.06,201782,East Asia & Pacific,Apia,-171.752,-13.8314,Upper middle income,IDA
Samoa,WS,WSM,2016,,2026-07-13,6888.18769751001,71.003,203499,East Asia & Pacific,Apia,-171.752,-13.8314,Upper middle income,IDA
Samoa,WS,WSM,2017,,2026-07-13,6919.90225366914,70.991,205415,East Asia & Pacific,Apia,-171.752,-13.8314,Upper middle income,IDA
Samoa,WS,WSM,2003,,2026-07-13,5426.13899111084,71.441,185430,East Asia & Pacific,Apia,-171.752,-13.8314,Upper middle income,IDA
Samoa,WS,WSM,2004,,2026-07-13,5569.06081180669,71.508,186249,East Asia & Pacific,Apia,-171.752,-13.8314,Upper middle income,IDA
Samoa,WS,WSM,2005,,2026-07-13,5915.6475736791,71.487,186978,East Asia & Pacific,Apia,-171.752,-13.8314,Upper middle income,IDA
Samoa,WS,WSM,2006,,2026-07-13,6018.2480546697,71.62,187709,East Asia & Pacific,Apia,-171.752,-13.8314,Upper middle income,IDA
Samoa,WS,WSM,2007,,2026-07-13,6014.046762066,71.605,188753,East Asia & Pacific,Apia,-171.752,-13.8314,Upper middle income,IDA
Samoa,WS,WSM,2008,,2026-07-13,6183.55546849942,71.531,190107,East Asia & Pacific,Apia,-171.752,-13.8314,Upper middle income,IDA
Samoa,WS,WSM,2009,,2026-07-13,6104.90962936041,69.486,191513,East Asia & Pacific,Apia,-171.752,-13.8314,Upper middle income,IDA
Samoa,WS,WSM,2012,,2026-07-13,6312.76944621145,71.159,196498,East Asia & Pacific,Apia,-171.752,-13.8314,Upper middle income,IDA
Samoa,WS,WSM,2013,,2026-07-13,6263.12610411359,71.229,198268,East Asia & Pacific,Apia,-171.752,-13.8314,Upper middle income,IDA
Samoa,WS,WSM,2014,,2026-07-13,6248.70534550413,71.142,200037,East Asia & Pacific,Apia,-171.752,-13.8314,Upper middle income,IDA
Samoa,WS,WSM,2000,,2026-07-13,4639.18880250252,70.791,181685,East Asia & Pacific,Apia,-171.752,-13.8314,Upper middle income,IDA
Samoa,WS,WSM,2001,,2026-07-13,4941.74832450316,71.028,183166,East Asia & Pacific,Apia,-171.752,-13.8314,Upper middle income,IDA
Samoa,WS,WSM,2002,,2026-07-13,5184.11871218152,71.233,184471,East Asia & Pacific,Apia,-171.752,-13.8314,Upper middle income,IDA
San Marino,SM,SMR,2008,,2026-07-13,85120.2897275883,82.894,31662,Europe & Central Asia,San Marino,12.4486,43.9322,High income,Not classified
San Marino,SM,SMR,2009,,2026-07-13,73093.8341489444,83.224,33066,Europe & Central Asia,San Marino,12.4486,43.9322,High income,Not classified
San Marino,SM,SMR,2010,,2026-07-13,68669.2549485757,83.464,33270,Europe & Central Asia,San Marino,12.4486,43.9322,High income,Not classified
San Marino,SM,SMR,2011,,2026-07-13,64214.120906595,83.713,32620,Europe & Central Asia,San Marino,12.4486,43.9322,High income,Not classified
San Marino,SM,SMR,2000,,2026-07-13,77149.4185798293,80.504,26799,Europe & Central Asia,San Marino,12.4486,43.9322,High income,Not classified
San Marino,SM,SMR,2001,,2026-07-13,80420.7725451516,80.803,27143,Europe & Central Asia,San Marino,12.4486,43.9322,High income,Not classified
San Marino,SM,SMR,2002,,2026-07-13,79649.5350498753,81.061,27491,Europe & Central Asia,San Marino,12.4486,43.9322,High income,Not classified
San Marino,SM,SMR,2014,,2026-07-13,58743.5863890151,84.394,32655,Europe & Central Asia,San Marino,12.4486,43.9322,High income,Not classified
San Marino,SM,SMR,2003,,2026-07-13,81688.3814188309,81.33,27843,Europe & Central Asia,San Marino,12.4486,43.9322,High income,Not classified
San Marino,SM,SMR,2004,,2026-07-13,80724.8114711728,81.592,29457,Europe & Central Asia,San Marino,12.4486,43.9322,High income,Not classified
San Marino,SM,SMR,2005,,2026-07-13,81632.1776324722,81.926,29836,Europe & Central Asia,San Marino,12.4486,43.9322,High income,Not classified
San Marino,SM,SMR,2006,,2026-07-13,83781.550199101,82.258,30184,Europe & Central Asia,San Marino,12.4486,43.9322,High income,Not classified
San Marino,SM,SMR,2007,,2026-07-13,86785.0210208274,82.605,31211,Europe & Central Asia,San Marino,12.4486,43.9322,High income,Not classified
San Marino,SM,SMR,2020,,2026-07-13,55998.0734625278,82.65,34770,Europe & Central Asia,San Marino,12.4486,43.9322,High income,Not classified
San Marino,SM,SMR,2021,,2026-07-13,64745.1322795901,83.539,34252,Europe & Central Asia,San Marino,12.4486,43.9322,High income,Not classified
San Marino,SM,SMR,2022,,2026-07-13,70887.5780565982,85.708,33755,Europe & Central Asia,San Marino,12.4486,43.9322,High income,Not classified
San Marino,SM,SMR,2023,,2026-07-13,70951.7919690715,85.706,33860,Europe & Central Asia,San Marino,12.4486,43.9322,High income,Not classified
San Marino,SM,SMR,2015,,2026-07-13,59647.6600146934,84.596,32897,Europe & Central Asia,San Marino,12.4486,43.9322,High income,Not classified
San Marino,SM,SMR,2012,,2026-07-13,58176.3797454761,83.943,33469,Europe & Central Asia,San Marino,12.4486,43.9322,High income,Not classified
San Marino,SM,SMR,2013,,2026-07-13,58467.9789128485,84.175,33041,Europe & Central Asia,San Marino,12.4486,43.9322,High income,Not classified
San Marino,SM,SMR,2018,,2026-07-13,59194.04440794,85.095,34522,Europe & Central Asia,San Marino,12.4486,43.9322,High income,Not classified
San Marino,SM,SMR,2019,,2026-07-13,60171.0506033928,85.257,34663,Europe & Central Asia,San Marino,12.4486,43.9322,High income,Not classified
San Marino,SM,SMR,2016,,2026-07-13,60669.8228947966,84.775,33101,Europe & Central Asia,San Marino,12.4486,43.9322,High income,Not classified
San Marino,SM,SMR,2017,,2026-07-13,59524.5606827202,84.933,33825,Europe & Central Asia,San Marino,12.4486,43.9322,High income,Not classified
Sao Tome and Principe,ST,STP,2018,,2026-07-13,5674.72379094011,67.602,210187,Sub-Saharan Africa,Sao Tome,6.6071,0.20618,Lower middle income,IDA
Sao Tome and Principe,ST,STP,2015,,2026-07-13,5210.2037755431,66.023,200291,Sub-Saharan Africa,Sao Tome,6.6071,0.20618,Lower middle income,IDA
Sao Tome and Principe,ST,STP,2011,,2026-07-13,4876.47315792145,64.122,185649,Sub-Saharan Africa,Sao Tome,6.6071,0.20618,Lower middle income,IDA
Sao Tome and Principe,ST,STP,2012,,2026-07-13,4919.55294386577,64.505,189439,Sub-Saharan Africa,Sao Tome,6.6071,0.20618,Lower middle income,IDA
Sao Tome and Principe,ST,STP,2013,,2026-07-13,5072.11200195866,64.93,193148,Sub-Saharan Africa,Sao Tome,6.6071,0.20618,Lower middle income,IDA
Sao Tome and Principe,ST,STP,2014,,2026-07-13,5223.09572886388,65.478,196767,Sub-Saharan Africa,Sao Tome,6.6071,0.20618,Lower middle income,IDA
Sao Tome and Principe,ST,STP,2000,,2026-07-13,3852.89042721453,61.207,144018,Sub-Saharan Africa,Sao Tome,6.6071,0.20618,Lower middle income,IDA
Sao Tome and Principe,ST,STP,2016,,2026-07-13,5388.5091334891,66.563,203689,Sub-Saharan Africa,Sao Tome,6.6071,0.20618,Lower middle income,IDA
Sao Tome and Principe,ST,STP,2017,,2026-07-13,5521.20249597413,67.074,206970,Sub-Saharan Africa,Sao Tome,6.6071,0.20618,Lower middle income,IDA
Sao Tome and Principe,ST,STP,2004,,2026-07-13,4202.56186898775,62.56,157705,Sub-Saharan Africa,Sao Tome,6.6071,0.20618,Lower middle income,IDA
Sao Tome and Principe,ST,STP,2005,,2026-07-13,4371.49721644128,62.434,161639,Sub-Saharan Africa,Sao Tome,6.6071,0.20618,Lower middle income,IDA
Sao Tome and Principe,ST,STP,2006,,2026-07-13,4644.18044669991,63.041,165638,Sub-Saharan Africa,Sao Tome,6.6071,0.20618,Lower middle income,IDA
Sao Tome and Principe,ST,STP,2007,,2026-07-13,4698.08416961839,63.336,169700,Sub-Saharan Africa,Sao Tome,6.6071,0.20618,Lower middle income,IDA
Sao Tome and Principe,ST,STP,2008,,2026-07-13,4873.1813112046,63.448,173793,Sub-Saharan Africa,Sao Tome,6.6071,0.20618,Lower middle income,IDA
Sao Tome and Principe,ST,STP,2009,,2026-07-13,4919.19529822865,63.669,177853,Sub-Saharan Africa,Sao Tome,6.6071,0.20618,Lower middle income,IDA
Sao Tome and Principe,ST,STP,2010,,2026-07-13,4882.04796466341,63.867,181802,Sub-Saharan Africa,Sao Tome,6.6071,0.20618,Lower middle income,IDA
Sao Tome and Principe,ST,STP,2001,,2026-07-13,3907.0192818698,61.5,146375,Sub-Saharan Africa,Sao Tome,6.6071,0.20618,Lower middle income,IDA
Sao Tome and Principe,ST,STP,2002,,2026-07-13,3942.76040695115,61.826,149922,Sub-Saharan Africa,Sao Tome,6.6071,0.20618,Lower middle income,IDA
Sao Tome and Principe,ST,STP,2003,,2026-07-13,4161.63833167542,62.158,153814,Sub-Saharan Africa,Sao Tome,6.6071,0.20618,Lower middle income,IDA
Sao Tome and Principe,ST,STP,2022,,2026-07-13,5632.13890715047,69.237,226305,Sub-Saharan Africa,Sao Tome,6.6071,0.20618,Lower middle income,IDA
Sao Tome and Principe,ST,STP,2019,,2026-07-13,5702.08347071236,68.043,213392,Sub-Saharan Africa,Sao Tome,6.6071,0.20618,Lower middle income,IDA
Sao Tome and Principe,ST,STP,2020,,2026-07-13,5742.94724858826,67.979,217435,Sub-Saharan Africa,Sao Tome,6.6071,0.20618,Lower middle income,IDA
Sao Tome and Principe,ST,STP,2021,,2026-07-13,5732.69456061536,68.026,221961,Sub-Saharan Africa,Sao Tome,6.6071,0.20618,Lower middle income,IDA
Sao Tome and Principe,ST,STP,2023,,2026-07-13,5541.3016760535,69.718,230871,Sub-Saharan Africa,Sao Tome,6.6071,0.20618,Lower middle income,IDA
Saudi Arabia,SA,SAU,2003,,2026-07-13,52234.649280791,73.657,18786767,"Middle East, North Africa, Afghanistan & Pakistan",Riyadh,46.6977,24.6748,High income,Not classified
Saudi Arabia,SA,SAU,2001,,2026-07-13,53309.111388544,72.951,17041397,"Middle East, North Africa, Afghanistan & Pakistan",Riyadh,46.6977,24.6748,High income,Not classified
Saudi Arabia,SA,SAU,2002,,2026-07-13,50371.9783079834,73.296,17910910,"Middle East, North Africa, Afghanistan & Pakistan",Riyadh,46.6977,24.6748,High income,Not classified
Saudi Arabia,SA,SAU,2020,,2026-07-13,57420.7335736424,77.596,31552510,"Middle East, North Africa, Afghanistan & Pakistan",Riyadh,46.6977,24.6748,High income,Not classified
Saudi Arabia,SA,SAU,2000,,2026-07-13,55962.2661342789,72.607,16177722,"Middle East, North Africa, Afghanistan & Pakistan",Riyadh,46.6977,24.6748,High income,Not classified
Saudi Arabia,SA,SAU,2012,,2026-07-13,59471.7001909394,76.09,26168861,"Middle East, North Africa, Afghanistan & Pakistan",Riyadh,46.6977,24.6748,High income,Not classified
Saudi Arabia,SA,SAU,2013,,2026-07-13,57998.4644619155,76.517,27624004,"Middle East, North Africa, Afghanistan & Pakistan",Riyadh,46.6977,24.6748,High income,Not classified
Saudi Arabia,SA,SAU,2014,,2026-07-13,58872.2671400126,77.116,28309273,"Middle East, North Africa, Afghanistan & Pakistan",Riyadh,46.6977,24.6748,High income,Not classified
Saudi Arabia,SA,SAU,2015,,2026-07-13,58498.5399040699,77.776,29816382,"Middle East, North Africa, Afghanistan & Pakistan",Riyadh,46.6977,24.6748,High income,Not classified
Saudi Arabia,SA,SAU,2016,,2026-07-13,57308.4484127497,78.354,30954198,"Middle East, North Africa, Afghanistan & Pakistan",Riyadh,46.6977,24.6748,High income,Not classified
Saudi Arabia,SA,SAU,2004,,2026-07-13,54196.5514152953,74.027,19669480,"Middle East, North Africa, Afghanistan & Pakistan",Riyadh,46.6977,24.6748,High income,Not classified
Saudi Arabia,SA,SAU,2005,,2026-07-13,54931.7942450845,74.4,20559890,"Middle East, North Africa, Afghanistan & Pakistan",Riyadh,46.6977,24.6748,High income,Not classified
Saudi Arabia,SA,SAU,2006,,2026-07-13,54373.737695386,74.762,21459144,"Middle East, North Africa, Afghanistan & Pakistan",Riyadh,46.6977,24.6748,High income,Not classified
Saudi Arabia,SA,SAU,2021,,2026-07-13,62690.4966645929,77.089,30784383,"Middle East, North Africa, Afghanistan & Pakistan",Riyadh,46.6977,24.6748,High income,Not classified
Saudi Arabia,SA,SAU,2022,,2026-07-13,67178.5902274906,77.31,32175224,"Middle East, North Africa, Afghanistan & Pakistan",Riyadh,46.6977,24.6748,High income,Not classified
Saudi Arabia,SA,SAU,2023,,2026-07-13,64481.8441927288,78.732,33702731,"Middle East, North Africa, Afghanistan & Pakistan",Riyadh,46.6977,24.6748,High income,Not classified
Saudi Arabia,SA,SAU,2010,,2026-07-13,54911.547517012,75.616,23978487,"Middle East, North Africa, Afghanistan & Pakistan",Riyadh,46.6977,24.6748,High income,Not classified
Saudi Arabia,SA,SAU,2011,,2026-07-13,58645.4459416531,75.808,25091867,"Middle East, North Africa, Afghanistan & Pakistan",Riyadh,46.6977,24.6748,High income,Not classified
Saudi Arabia,SA,SAU,2007,,2026-07-13,53318.4191601834,75.066,22368313,"Middle East, North Africa, Afghanistan & Pakistan",Riyadh,46.6977,24.6748,High income,Not classified
Saudi Arabia,SA,SAU,2017,,2026-07-13,57942.5484983044,78.721,30977355,"Middle East, North Africa, Afghanistan & Pakistan",Riyadh,46.6977,24.6748,High income,Not classified
Saudi Arabia,SA,SAU,2018,,2026-07-13,61359.4653740388,78.75,30196281,"Middle East, North Africa, Afghanistan & Pakistan",Riyadh,46.6977,24.6748,High income,Not classified
Saudi Arabia,SA,SAU,2019,,2026-07-13,62647.7299487842,78.313,30063799,"Middle East, North Africa, Afghanistan & Pakistan",Riyadh,46.6977,24.6748,High income,Not classified
Saudi Arabia,SA,SAU,2008,,2026-07-13,54407.7081673247,75.301,23287877,"Middle East, North Africa, Afghanistan & Pakistan",Riyadh,46.6977,24.6748,High income,Not classified
Saudi Arabia,SA,SAU,2009,,2026-07-13,51760.7643987566,75.447,24217654,"Middle East, North Africa, Afghanistan & Pakistan",Riyadh,46.6977,24.6748,High income,Not classified
Senegal,SN,SEN,2003,,2026-07-13,3170.03494689265,59.474,10721176,Sub-Saharan Africa,Dakar,-17.4734,14.7247,Lower middle income,IDA
Senegal,SN,SEN,2006,,2026-07-13,3301.03152415011,61.801,11500094,Sub-Saharan Africa,Dakar,-17.4734,14.7247,Lower middle income,IDA
Senegal,SN,SEN,2007,,2026-07-13,3316.42037835596,62.653,11770344,Sub-Saharan Africa,Dakar,-17.4734,14.7247,Lower middle income,IDA
Senegal,SN,SEN,2004,,2026-07-13,3240.30201670643,60.308,10975704,Sub-Saharan Africa,Dakar,-17.4734,14.7247,Lower middle income,IDA
Senegal,SN,SEN,2005,,2026-07-13,3301.82076161633,60.98,11235472,Sub-Saharan Africa,Dakar,-17.4734,14.7247,Lower middle income,IDA
Senegal,SN,SEN,2000,,2026-07-13,3093.28791603382,57.615,9968260,Sub-Saharan Africa,Dakar,-17.4734,14.7247,Lower middle income,IDA
Senegal,SN,SEN,2001,,2026-07-13,3149.33113704283,58.158,10212942,Sub-Saharan Africa,Dakar,-17.4734,14.7247,Lower middle income,IDA
Senegal,SN,SEN,2002,,2026-07-13,3075.23157503874,58.912,10466214,Sub-Saharan Africa,Dakar,-17.4734,14.7247,Lower middle income,IDA
Senegal,SN,SEN,2013,,2026-07-13,3385.425906874,65.638,13710849,Sub-Saharan Africa,Dakar,-17.4734,14.7247,Lower middle income,IDA
Senegal,SN,SEN,2014,,2026-07-13,3484.01219750661,66.001,14152102,Sub-Saharan Africa,Dakar,-17.4734,14.7247,Lower middle income,IDA
Senegal,SN,SEN,2015,,2026-07-13,3593.79477121279,66.451,14593331,Sub-Saharan Africa,Dakar,-17.4734,14.7247,Lower middle income,IDA
Senegal,SN,SEN,2016,,2026-07-13,3710.05531591559,66.724,15034521,Sub-Saharan Africa,Dakar,-17.4734,14.7247,Lower middle income,IDA
Senegal,SN,SEN,2008,,2026-07-13,3359.70567091144,63.201,12048959,Sub-Saharan Africa,Dakar,-17.4734,14.7247,Lower middle income,IDA
Senegal,SN,SEN,2009,,2026-07-13,3371.46166689451,63.751,12337389,Sub-Saharan Africa,Dakar,-17.4734,14.7247,Lower middle income,IDA
Senegal,SN,SEN,2010,,2026-07-13,3403.56707166762,64.221,12635413,Sub-Saharan Africa,Dakar,-17.4734,14.7247,Lower middle income,IDA
Senegal,SN,SEN,2018,,2026-07-13,3998.28635303867,67.379,15914498,Sub-Saharan Africa,Dakar,-17.4734,14.7247,Lower middle income,IDA
Senegal,SN,SEN,2019,,2026-07-13,4070.6122705955,67.668,16352922,Sub-Saharan Africa,Dakar,-17.4734,14.7247,Lower middle income,IDA
Senegal,SN,SEN,2020,,2026-07-13,4018.04129279044,67.496,16789219,Sub-Saharan Africa,Dakar,-17.4734,14.7247,Lower middle income,IDA
Senegal,SN,SEN,2021,,2026-07-13,4173.67741399617,66.868,17220867,Sub-Saharan Africa,Dakar,-17.4734,14.7247,Lower middle income,IDA
Senegal,SN,SEN,2011,,2026-07-13,3362.87940538165,64.799,12958897,Sub-Saharan Africa,Dakar,-17.4734,14.7247,Lower middle income,IDA
Senegal,SN,SEN,2012,,2026-07-13,3405.10864461668,65.229,13310495,Sub-Saharan Africa,Dakar,-17.4734,14.7247,Lower middle income,IDA
Senegal,SN,SEN,2023,,2026-07-13,4304.76148721773,68.683,18077573,Sub-Saharan Africa,Dakar,-17.4734,14.7247,Lower middle income,IDA
Senegal,SN,SEN,2017,,2026-07-13,3871.45146786374,67.059,15475002,Sub-Saharan Africa,Dakar,-17.4734,14.7247,Lower middle income,IDA
Senegal,SN,SEN,2022,,2026-07-13,4228.73382643662,67.788,17651103,Sub-Saharan Africa,Dakar,-17.4734,14.7247,Lower middle income,IDA
Serbia,RS,SRB,2020,,2026-07-13,21479.0788553347,74.4780487804878,6899126,Europe & Central Asia,Belgrade,20.4656,44.8024,Upper middle income,IBRD
Serbia,RS,SRB,2019,,2026-07-13,21541.1264037184,75.9365853658537,6945235,Europe & Central Asia,Belgrade,20.4656,44.8024,Upper middle income,IBRD
Serbia,RS,SRB,2005,,2026-07-13,15077.5586462578,72.8341463414634,7440769,Europe & Central Asia,Belgrade,20.4656,44.8024,Upper middle income,IBRD
Serbia,RS,SRB,2021,,2026-07-13,23406.3065657117,72.780487804878,6834326,Europe & Central Asia,Belgrade,20.4656,44.8024,Upper middle income,IBRD
Serbia,RS,SRB,2022,,2026-07-13,24651.8478183529,75.2365853658537,6664449,Europe & Central Asia,Belgrade,20.4656,44.8024,Upper middle income,IBRD
Serbia,RS,SRB,2023,,2026-07-13,25735.1334774195,76.1414634146341,6623183,Europe & Central Asia,Belgrade,20.4656,44.8024,Upper middle income,IBRD
Serbia,RS,SRB,2013,,2026-07-13,18163.2047330246,75.1853658536585,7166553,Europe & Central Asia,Belgrade,20.4656,44.8024,Upper middle income,IBRD
Serbia,RS,SRB,2014,,2026-07-13,17922.4357685757,75.3365853658537,7131787,Europe & Central Asia,Belgrade,20.4656,44.8024,Upper middle income,IBRD
Serbia,RS,SRB,2011,,2026-07-13,17986.5840283539,74.5365853658537,7236519,Europe & Central Asia,Belgrade,20.4656,44.8024,Upper middle income,IBRD
Serbia,RS,SRB,2012,,2026-07-13,17993.8147169993,74.8365853658537,7201497,Europe & Central Asia,Belgrade,20.4656,44.8024,Upper middle income,IBRD
Serbia,RS,SRB,2017,,2026-07-13,19438.9917129776,75.5390243902439,7020858,Europe & Central Asia,Belgrade,20.4656,44.8024,Upper middle income,IBRD
Serbia,RS,SRB,2018,,2026-07-13,20454.225884367,75.890243902439,6982604,Europe & Central Asia,Belgrade,20.4656,44.8024,Upper middle income,IBRD
Serbia,RS,SRB,2002,,2026-07-13,12661.9396115325,72.2853658536585,7500031,Europe & Central Asia,Belgrade,20.4656,44.8024,Upper middle income,IBRD
Serbia,RS,SRB,2003,,2026-07-13,13273.6900656327,72.4365853658537,7480591,Europe & Central Asia,Belgrade,20.4656,44.8024,Upper middle income,IBRD
Serbia,RS,SRB,2004,,2026-07-13,14194.3651317933,72.6829268292683,7463157,Europe & Central Asia,Belgrade,20.4656,44.8024,Upper middle income,IBRD
Serbia,RS,SRB,2009,,2026-07-13,17488.1227241581,73.9853658536585,7320807,Europe & Central Asia,Belgrade,20.4656,44.8024,Upper middle income,IBRD
Serbia,RS,SRB,2006,,2026-07-13,15727.4033683685,73.3853658536585,7411569,Europe & Central Asia,Belgrade,20.4656,44.8024,Upper middle income,IBRD
Serbia,RS,SRB,2007,,2026-07-13,17028.0866985832,73.6317073170732,7381579,Europe & Central Asia,Belgrade,20.4656,44.8024,Upper middle income,IBRD
Serbia,RS,SRB,2008,,2026-07-13,17983.2811855695,73.8853658536585,7350222,Europe & Central Asia,Belgrade,20.4656,44.8024,Upper middle income,IBRD
Serbia,RS,SRB,2000,,2026-07-13,11105.9488237331,71.5829268292683,7516346,Europe & Central Asia,Belgrade,20.4656,44.8024,Upper middle income,IBRD
Serbia,RS,SRB,2010,,2026-07-13,17841.4312599018,74.3365853658537,7291436,Europe & Central Asia,Belgrade,20.4656,44.8024,Upper middle income,IBRD
Serbia,RS,SRB,2015,,2026-07-13,18247.8091057968,75.2878048780488,7095383,Europe & Central Asia,Belgrade,20.4656,44.8024,Upper middle income,IBRD
Serbia,RS,SRB,2016,,2026-07-13,18889.3816415548,75.6878048780488,7058322,Europe & Central Asia,Belgrade,20.4656,44.8024,Upper middle income,IBRD
Serbia,RS,SRB,2001,,2026-07-13,11879.1763909711,72.2341463414634,7503433,Europe & Central Asia,Belgrade,20.4656,44.8024,Upper middle income,IBRD
Seychelles,SC,SYC,2000,,2026-07-13,20633.6746950761,72.7780487804878,81131,Sub-Saharan Africa,Victoria,55.4466,-4.6309,High income,IBRD
Seychelles,SC,SYC,2009,,2026-07-13,21361.1307875284,73.0829268292683,87298,Sub-Saharan Africa,Victoria,55.4466,-4.6309,High income,IBRD
Seychelles,SC,SYC,2010,,2026-07-13,21708.7554506566,73.1975609756098,89770,Sub-Saharan Africa,Victoria,55.4466,-4.6309,High income,IBRD
Seychelles,SC,SYC,2011,,2026-07-13,24406.4129764105,72.7243902439024,87441,Sub-Saharan Africa,Victoria,55.4466,-4.6309,High income,IBRD
Seychelles,SC,SYC,2012,,2026-07-13,24919.955210328,74.2756097560976,88303,Sub-Saharan Africa,Victoria,55.4466,-4.6309,High income,IBRD
Seychelles,SC,SYC,2001,,2026-07-13,20147.4187656167,73.2536585365854,81202,Sub-Saharan Africa,Victoria,55.4466,-4.6309,High income,IBRD
Seychelles,SC,SYC,2002,,2026-07-13,19777.7525249721,71.0878048780488,83723,Sub-Saharan Africa,Victoria,55.4466,-4.6309,High income,IBRD
Seychelles,SC,SYC,2003,,2026-07-13,18825.2206936189,71.0292682926829,82781,Sub-Saharan Africa,Victoria,55.4466,-4.6309,High income,IBRD
Seychelles,SC,SYC,2004,,2026-07-13,18356.4711447212,72.6609756097561,82475,Sub-Saharan Africa,Victoria,55.4466,-4.6309,High income,IBRD
Seychelles,SC,SYC,2005,,2026-07-13,19917.1194534221,72.1317073170732,82858,Sub-Saharan Africa,Victoria,55.4466,-4.6309,High income,IBRD
Seychelles,SC,SYC,2017,,2026-07-13,31595.6680570505,74.3,95843,Sub-Saharan Africa,Victoria,55.4466,-4.6309,High income,IBRD
Seychelles,SC,SYC,2006,,2026-07-13,21341.8597526003,72.2170731707317,84600,Sub-Saharan Africa,Victoria,55.4466,-4.6309,High income,IBRD
Seychelles,SC,SYC,2007,,2026-07-13,23117.8555224771,73.1439024390244,85033,Sub-Saharan Africa,Victoria,55.4466,-4.6309,High income,IBRD
Seychelles,SC,SYC,2008,,2026-07-13,21990.3685269705,73.1634146341463,86956,Sub-Saharan Africa,Victoria,55.4466,-4.6309,High income,IBRD
Seychelles,SC,SYC,2021,,2026-07-13,29979.8272686091,73.3975609756097,99258,Sub-Saharan Africa,Victoria,55.4466,-4.6309,High income,IBRD
Seychelles,SC,SYC,2022,,2026-07-13,27275.6883819803,74.509756097561,119878,Sub-Saharan Africa,Victoria,55.4466,-4.6309,High income,IBRD
Seychelles,SC,SYC,2023,,2026-07-13,28713.6672353088,75.419512195122,119773,Sub-Saharan Africa,Victoria,55.4466,-4.6309,High income,IBRD
Seychelles,SC,SYC,2015,,2026-07-13,27032.2083880002,74.2951219512195,93419,Sub-Saharan Africa,Victoria,55.4466,-4.6309,High income,IBRD
Seychelles,SC,SYC,2016,,2026-07-13,29905.1347389952,74.309756097561,94677,Sub-Saharan Africa,Victoria,55.4466,-4.6309,High income,IBRD
Seychelles,SC,SYC,2013,,2026-07-13,24770.6514591794,73.119512195122,89949,Sub-Saharan Africa,Victoria,55.4466,-4.6309,High income,IBRD
Seychelles,SC,SYC,2014,,2026-07-13,25379.4180707013,73.2292682926829,91359,Sub-Saharan Africa,Victoria,55.4466,-4.6309,High income,IBRD
Seychelles,SC,SYC,2019,,2026-07-13,34346.0708923483,74.0463414634146,97625,Sub-Saharan Africa,Victoria,55.4466,-4.6309,High income,IBRD
Seychelles,SC,SYC,2020,,2026-07-13,30056.1994300968,77.2365853658537,98462,Sub-Saharan Africa,Victoria,55.4466,-4.6309,High income,IBRD
Seychelles,SC,SYC,2018,,2026-07-13,32841.4242467381,72.8414634146341,96762,Sub-Saharan Africa,Victoria,55.4466,-4.6309,High income,IBRD
Sierra Leone,SL,SLE,2021,,2026-07-13,2849.38865839009,60.26,8094602,Sub-Saharan Africa,Freetown,-13.2134,8.4821,Low income,IDA
Sierra Leone,SL,SLE,2015,,2026-07-13,2628.17058065746,55.454,7037655,Sub-Saharan Africa,Freetown,-13.2134,8.4821,Low income,IDA
Sierra Leone,SL,SLE,2016,,2026-07-13,2732.26093913215,56.937,7205328,Sub-Saharan Africa,Freetown,-13.2134,8.4821,Low income,IDA
Sierra Leone,SL,SLE,2012,,2026-07-13,2792.92626459232,53.159,6551080,Sub-Saharan Africa,Freetown,-13.2134,8.4821,Low income,IDA
Sierra Leone,SL,SLE,2013,,2026-07-13,3124.72832355066,54.051,6714051,Sub-Saharan Africa,Freetown,-13.2134,8.4821,Low income,IDA
Sierra Leone,SL,SLE,2014,,2026-07-13,2812.5283210882,54.281,6876385,Sub-Saharan Africa,Freetown,-13.2134,8.4821,Low income,IDA
Sierra Leone,SL,SLE,2000,,2026-07-13,1981.5060863596,44.834,4423611,Sub-Saharan Africa,Freetown,-13.2134,8.4821,Low income,IDA
Sierra Leone,SL,SLE,2001,,2026-07-13,1749.35086270429,45.448,4692716,Sub-Saharan Africa,Freetown,-13.2134,8.4821,Low income,IDA
Sierra Leone,SL,SLE,2017,,2026-07-13,2753.42719762222,57.761,7379299,Sub-Saharan Africa,Freetown,-13.2134,8.4821,Low income,IDA
Sierra Leone,SL,SLE,2018,,2026-07-13,2767.38003296688,59.059,7554563,Sub-Saharan Africa,Freetown,-13.2134,8.4821,Low income,IDA
Sierra Leone,SL,SLE,2019,,2026-07-13,2852.66269829967,59.593,7731991,Sub-Saharan Africa,Freetown,-13.2134,8.4821,Low income,IDA
Sierra Leone,SL,SLE,2020,,2026-07-13,2752.62615355663,59.694,7912558,Sub-Saharan Africa,Freetown,-13.2134,8.4821,Low income,IDA
Sierra Leone,SL,SLE,2007,,2026-07-13,2377.80530040404,50.024,5749352,Sub-Saharan Africa,Freetown,-13.2134,8.4821,Low income,IDA
Sierra Leone,SL,SLE,2008,,2026-07-13,2404.65198710572,50.693,5894722,Sub-Saharan Africa,Freetown,-13.2134,8.4821,Low income,IDA
Sierra Leone,SL,SLE,2009,,2026-07-13,2376.58254446039,51.312,6055646,Sub-Saharan Africa,Freetown,-13.2134,8.4821,Low income,IDA
Sierra Leone,SL,SLE,2010,,2026-07-13,2459.76814343236,51.927,6222714,Sub-Saharan Africa,Freetown,-13.2134,8.4821,Low income,IDA
Sierra Leone,SL,SLE,2011,,2026-07-13,2590.52839404167,52.594,6387251,Sub-Saharan Africa,Freetown,-13.2134,8.4821,Low income,IDA
Sierra Leone,SL,SLE,2002,,2026-07-13,2089.26152672652,46.174,4971435,Sub-Saharan Africa,Freetown,-13.2134,8.4821,Low income,IDA
Sierra Leone,SL,SLE,2003,,2026-07-13,2196.28134480717,46.784,5177687,Sub-Saharan Africa,Freetown,-13.2134,8.4821,Low income,IDA
Sierra Leone,SL,SLE,2004,,2026-07-13,2260.83818892177,47.485,5355717,Sub-Saharan Africa,Freetown,-13.2134,8.4821,Low income,IDA
Sierra Leone,SL,SLE,2005,,2026-07-13,2296.65767816581,48.306,5501712,Sub-Saharan Africa,Freetown,-13.2134,8.4821,Low income,IDA
Sierra Leone,SL,SLE,2006,,2026-07-13,2342.75461064658,49.547,5624466,Sub-Saharan Africa,Freetown,-13.2134,8.4821,Low income,IDA
Sierra Leone,SL,SLE,2022,,2026-07-13,2934.7332634039,61.275,8276807,Sub-Saharan Africa,Freetown,-13.2134,8.4821,Low income,IDA
Sierra Leone,SL,SLE,2023,,2026-07-13,3034.94608192505,61.786,8460512,Sub-Saharan Africa,Freetown,-13.2134,8.4821,Low income,IDA
Singapore,SG,SGP,2002,,2026-07-13,68328.932172058,78.5512195121951,4175950,East Asia & Pacific,Singapore,103.85,1.28941,High income,Not classified
Singapore,SG,SGP,2001,,2026-07-13,66352.1492865891,78.2512195121951,4138012,East Asia & Pacific,Singapore,103.85,1.28941,High income,Not classified
Singapore,SG,SGP,2023,,2026-07-13,130296.843789261,83.0975609756098,5917648,East Asia & Pacific,Singapore,103.85,1.28941,High income,Not classified
Singapore,SG,SGP,2003,,2026-07-13,72497.86860121,79.0390243902439,4114826,East Asia & Pacific,Singapore,103.85,1.28941,High income,Not classified
Singapore,SG,SGP,2004,,2026-07-13,78712.5347297388,79.490243902439,4166664,East Asia & Pacific,Singapore,103.85,1.28941,High income,Not classified
Singapore,SG,SGP,2000,,2026-07-13,68904.1280154511,77.9512195121951,4027887,East Asia & Pacific,Singapore,103.85,1.28941,High income,Not classified
Singapore,SG,SGP,2013,,2026-07-13,105259.693561054,82.2463414634147,5399162,East Asia & Pacific,Singapore,103.85,1.28941,High income,Not classified
Singapore,SG,SGP,2014,,2026-07-13,107990.891202625,82.4951219512195,5469724,East Asia & Pacific,Singapore,103.85,1.28941,High income,Not classified
Singapore,SG,SGP,2015,,2026-07-13,109894.041337341,82.7439024390244,5535002,East Asia & Pacific,Singapore,103.85,1.28941,High income,Not classified
Singapore,SG,SGP,2016,,2026-07-13,112719.947951111,82.8463414634146,5607283,East Asia & Pacific,Singapore,103.85,1.28941,High income,Not classified
Singapore,SG,SGP,2017,,2026-07-13,117492.967994526,83.0951219512195,5612253,East Asia & Pacific,Singapore,103.85,1.28941,High income,Not classified
Singapore,SG,SGP,2005,,2026-07-13,82547.482835778,79.990243902439,4265762,East Asia & Pacific,Singapore,103.85,1.28941,High income,Not classified
Singapore,SG,SGP,2006,,2026-07-13,87210.0480467646,80.1414634146341,4401365,East Asia & Pacific,Singapore,103.85,1.28941,High income,Not classified
Singapore,SG,SGP,2007,,2026-07-13,91198.1515708456,80.4414634146342,4588599,East Asia & Pacific,Singapore,103.85,1.28941,High income,Not classified
Singapore,SG,SGP,2008,,2026-07-13,88083.2853664583,80.790243902439,4839396,East Asia & Pacific,Singapore,103.85,1.28941,High income,Not classified
Singapore,SG,SGP,2009,,2026-07-13,85575.755106675,81.2414634146342,4987573,East Asia & Pacific,Singapore,103.85,1.28941,High income,Not classified
Singapore,SG,SGP,2010,,2026-07-13,96280.0168756448,81.5414634146342,5076732,East Asia & Pacific,Singapore,103.85,1.28941,High income,Not classified
Singapore,SG,SGP,2011,,2026-07-13,100153.729405945,81.7439024390244,5183688,East Asia & Pacific,Singapore,103.85,1.28941,High income,Not classified
Singapore,SG,SGP,2012,,2026-07-13,102061.11936105,81.9951219512195,5312437,East Asia & Pacific,Singapore,103.85,1.28941,High income,Not classified
Singapore,SG,SGP,2021,,2026-07-13,133990.186782104,83.0926829268293,5453566,East Asia & Pacific,Singapore,103.85,1.28941,High income,Not classified
Singapore,SG,SGP,2018,,2026-07-13,120668.888726158,83.2975609756098,5638676,East Asia & Pacific,Singapore,103.85,1.28941,High income,Not classified
Singapore,SG,SGP,2019,,2026-07-13,120678.341978557,83.5951219512195,5703569,East Asia & Pacific,Singapore,103.85,1.28941,High income,Not classified
Singapore,SG,SGP,2020,,2026-07-13,116684.213596572,83.5439024390244,5685807,East Asia & Pacific,Singapore,103.85,1.28941,High income,Not classified
Singapore,SG,SGP,2022,,2026-07-13,134828.001392614,82.8951219512195,5637022,East Asia & Pacific,Singapore,103.85,1.28941,High income,Not classified
Sint Maarten (Dutch part),SX,SXM,2004,,2026-07-13,,74.618,31690,Latin America & Caribbean,Philipsburg,,,High income,Not classified
Sint Maarten (Dutch part),SX,SXM,2006,,2026-07-13,,74.779,32428,Latin America & Caribbean,Philipsburg,,,High income,Not classified
Sint Maarten (Dutch part),SX,SXM,2007,,2026-07-13,,74.812,32791,Latin America & Caribbean,Philipsburg,,,High income,Not classified
Sint Maarten (Dutch part),SX,SXM,2008,,2026-07-13,,74.852,33145,Latin America & Caribbean,Philipsburg,,,High income,Not classified
Sint Maarten (Dutch part),SX,SXM,2005,,2026-07-13,,74.681,32057,Latin America & Caribbean,Philipsburg,,,High income,Not classified
Sint Maarten (Dutch part),SX,SXM,2000,,2026-07-13,,74.409,30773,Latin America & Caribbean,Philipsburg,,,High income,Not classified
Sint Maarten (Dutch part),SX,SXM,2001,,2026-07-13,,74.525,30726,Latin America & Caribbean,Philipsburg,,,High income,Not classified
Sint Maarten (Dutch part),SX,SXM,2002,,2026-07-13,,74.585,30960,Latin America & Caribbean,Philipsburg,,,High income,Not classified
Sint Maarten (Dutch part),SX,SXM,2003,,2026-07-13,,74.588,31327,Latin America & Caribbean,Philipsburg,,,High income,Not classified
Sint Maarten (Dutch part),SX,SXM,2016,,2026-07-13,50817.6814942681,75.952,38249,Latin America & Caribbean,Philipsburg,,,High income,Not classified
Sint Maarten (Dutch part),SX,SXM,2017,,2026-07-13,46088.3583839152,75.455,38996,Latin America & Caribbean,Philipsburg,,,High income,Not classified
Sint Maarten (Dutch part),SX,SXM,2018,,2026-07-13,42154.1020267504,75.693,39712,Latin America & Caribbean,Philipsburg,,,High income,Not classified
Sint Maarten (Dutch part),SX,SXM,2019,,2026-07-13,45996.7912346922,75.68,40385,Latin America & Caribbean,Philipsburg,,,High income,Not classified
Sint Maarten (Dutch part),SX,SXM,2009,,2026-07-13,50980.9400838983,74.796,33491,Latin America & Caribbean,Philipsburg,,,High income,Not classified
Sint Maarten (Dutch part),SX,SXM,2010,,2026-07-13,52140.59965779,74.821,33794,Latin America & Caribbean,Philipsburg,,,High income,Not classified
Sint Maarten (Dutch part),SX,SXM,2011,,2026-07-13,53786.2462000327,74.868,34267,Latin America & Caribbean,Philipsburg,,,High income,Not classified
Sint Maarten (Dutch part),SX,SXM,2012,,2026-07-13,53357.003462797,75.125,35023,Latin America & Caribbean,Philipsburg,,,High income,Not classified
Sint Maarten (Dutch part),SX,SXM,2013,,2026-07-13,52801.4031054792,75.391,35854,Latin America & Caribbean,Philipsburg,,,High income,Not classified
Sint Maarten (Dutch part),SX,SXM,2022,,2026-07-13,45515.6528430026,76.18,42139,Latin America & Caribbean,Philipsburg,,,High income,Not classified
Sint Maarten (Dutch part),SX,SXM,2023,,2026-07-13,46571.08813424,76.371,42749,Latin America & Caribbean,Philipsburg,,,High income,Not classified
Sint Maarten (Dutch part),SX,SXM,2014,,2026-07-13,52439.4736756048,75.735,36672,Latin America & Caribbean,Philipsburg,,,High income,Not classified
Sint Maarten (Dutch part),SX,SXM,2015,,2026-07-13,51375.6032503737,75.899,37471,Latin America & Caribbean,Philipsburg,,,High income,Not classified
Sint Maarten (Dutch part),SX,SXM,2021,,2026-07-13,40507.0672411717,74.505,41571,Latin America & Caribbean,Philipsburg,,,High income,Not classified
Sint Maarten (Dutch part),SX,SXM,2020,,2026-07-13,39265.7616790568,75.002,41008,Latin America & Caribbean,Philipsburg,,,High income,Not classified
Slovak Republic,SK,SVK,2021,,2026-07-13,38330.302743447,74.6146341463415,5447247,Europe & Central Asia,Bratislava,17.1073,48.1484,High income,Not classified
Slovak Republic,SK,SVK,2022,,2026-07-13,38648.9855746919,76.9658536585366,5431752,Europe & Central Asia,Bratislava,17.1073,48.1484,High income,Not classified
Slovak Republic,SK,SVK,2020,,2026-07-13,36201.4863805533,76.8658536585366,5458827,Europe & Central Asia,Bratislava,17.1073,48.1484,High income,Not classified
Slovak Republic,SK,SVK,2007,,2026-07-13,28064.2457264668,74.2073170731707,5374622,Europe & Central Asia,Bratislava,17.1073,48.1484,High income,Not classified
Slovak Republic,SK,SVK,2008,,2026-07-13,29544.090596762,74.7048780487805,5379233,Europe & Central Asia,Bratislava,17.1073,48.1484,High income,Not classified
Slovak Republic,SK,SVK,2023,,2026-07-13,39501.9474231962,78.119512195122,5426740,Europe & Central Asia,Bratislava,17.1073,48.1484,High income,Not classified
Slovak Republic,SK,SVK,2006,,2026-07-13,25331.8740217421,74.2048780487805,5373054,Europe & Central Asia,Bratislava,17.1073,48.1484,High income,Not classified
Slovak Republic,SK,SVK,2013,,2026-07-13,31078.1848215695,76.4121951219512,5413393,Europe & Central Asia,Bratislava,17.1073,48.1484,High income,Not classified
Slovak Republic,SK,SVK,2014,,2026-07-13,31888.805351531,76.8121951219512,5418649,Europe & Central Asia,Bratislava,17.1073,48.1484,High income,Not classified
Slovak Republic,SK,SVK,2015,,2026-07-13,33507.7913603774,76.5634146341463,5423801,Europe & Central Asia,Bratislava,17.1073,48.1484,High income,Not classified
Slovak Republic,SK,SVK,2016,,2026-07-13,34116.4502039273,77.1658536585366,5430798,Europe & Central Asia,Bratislava,17.1073,48.1484,High income,Not classified
Slovak Republic,SK,SVK,2017,,2026-07-13,35042.7858925618,77.1658536585366,5439232,Europe & Central Asia,Bratislava,17.1073,48.1484,High income,Not classified
Slovak Republic,SK,SVK,2018,,2026-07-13,36415.7920529507,77.2658536585366,5446771,Europe & Central Asia,Bratislava,17.1073,48.1484,High income,Not classified
Slovak Republic,SK,SVK,2019,,2026-07-13,37194.2104548698,77.6658536585366,5454147,Europe & Central Asia,Bratislava,17.1073,48.1484,High income,Not classified
Slovak Republic,SK,SVK,2005,,2026-07-13,23257.1758521642,73.9048780487805,5372807,Europe & Central Asia,Bratislava,17.1073,48.1484,High income,Not classified
Slovak Republic,SK,SVK,2010,,2026-07-13,29745.9196662166,75.1121951219512,5391428,Europe & Central Asia,Bratislava,17.1073,48.1484,High income,Not classified
Slovak Republic,SK,SVK,2011,,2026-07-13,30468.8257049455,75.9585365853659,5398384,Europe & Central Asia,Bratislava,17.1073,48.1484,High income,Not classified
Slovak Republic,SK,SVK,2012,,2026-07-13,30894.3118010926,76.109756097561,5407579,Europe & Central Asia,Bratislava,17.1073,48.1484,High income,Not classified
Slovak Republic,SK,SVK,2009,,2026-07-13,27880.4111227638,74.909756097561,5386406,Europe & Central Asia,Bratislava,17.1073,48.1484,High income,Not classified
Slovak Republic,SK,SVK,2001,,2026-07-13,18906.6014279038,73.4024390243903,5378867,Europe & Central Asia,Bratislava,17.1073,48.1484,High income,Not classified
Slovak Republic,SK,SVK,2002,,2026-07-13,19748.9318737056,73.6048780487805,5376912,Europe & Central Asia,Bratislava,17.1073,48.1484,High income,Not classified
Slovak Republic,SK,SVK,2003,,2026-07-13,20721.7128107535,73.6048780487805,5373374,Europe & Central Asia,Bratislava,17.1073,48.1484,High income,Not classified
Slovak Republic,SK,SVK,2000,,2026-07-13,18335.6834506937,73.0512195121951,5388720,Europe & Central Asia,Bratislava,17.1073,48.1484,High income,Not classified
Slovak Republic,SK,SVK,2004,,2026-07-13,21842.9563752621,73.9585365853659,5372280,Europe & Central Asia,Bratislava,17.1073,48.1484,High income,Not classified
Slovenia,SI,SVN,2000,,2026-07-13,30061.2061910089,75.4121951219512,1988925,Europe & Central Asia,Ljubljana,14.5044,46.0546,High income,Not classified
Slovenia,SI,SVN,2001,,2026-07-13,30862.8959874504,75.7585365853659,1992060,Europe & Central Asia,Ljubljana,14.5044,46.0546,High income,Not classified
Slovenia,SI,SVN,2002,,2026-07-13,31836.5215656188,76.0073170731707,1994530,Europe & Central Asia,Ljubljana,14.5044,46.0546,High income,Not classified
Slovenia,SI,SVN,2011,,2026-07-13,38233.2905622851,79.9707317073171,2052843,Europe & Central Asia,Ljubljana,14.5044,46.0546,High income,Not classified
Slovenia,SI,SVN,2012,,2026-07-13,37040.7082746106,80.1243902439024,2057159,Europe & Central Asia,Ljubljana,14.5044,46.0546,High income,Not classified
Slovenia,SI,SVN,2013,,2026-07-13,36685.7496645094,80.3219512195122,2059953,Europe & Central Asia,Ljubljana,14.5044,46.0546,High income,Not classified
Slovenia,SI,SVN,2014,,2026-07-13,37662.2559898098,81.0780487804878,2061980,Europe & Central Asia,Ljubljana,14.5044,46.0546,High income,Not classified
Slovenia,SI,SVN,2003,,2026-07-13,32833.9045969454,76.8585365853659,1995733,Europe & Central Asia,Ljubljana,14.5044,46.0546,High income,Not classified
Slovenia,SI,SVN,2004,,2026-07-13,34304.5565023331,77.2073170731707,1997012,Europe & Central Asia,Ljubljana,14.5044,46.0546,High income,Not classified
Slovenia,SI,SVN,2005,,2026-07-13,35565.0427189638,77.6121951219512,2000474,Europe & Central Asia,Ljubljana,14.5044,46.0546,High income,Not classified
Slovenia,SI,SVN,2006,,2026-07-13,37546.4956078863,78.0865853658537,2006868,Europe & Central Asia,Ljubljana,14.5044,46.0546,High income,Not classified
Slovenia,SI,SVN,2018,,2026-07-13,43369.221946981,81.3780487804878,2073894,Europe & Central Asia,Ljubljana,14.5044,46.0546,High income,Not classified
Slovenia,SI,SVN,2007,,2026-07-13,40002.7018991991,78.5609756097561,2018122,Europe & Central Asia,Ljubljana,14.5044,46.0546,High income,Not classified
Slovenia,SI,SVN,2008,,2026-07-13,41286.3462491223,78.7658536585366,2021316,Europe & Central Asia,Ljubljana,14.5044,46.0546,High income,Not classified
Slovenia,SI,SVN,2009,,2026-07-13,37809.1735513927,78.9707317073171,2039669,Europe & Central Asia,Ljubljana,14.5044,46.0546,High income,Not classified
Slovenia,SI,SVN,2010,,2026-07-13,38063.314683572,79.4219512195122,2048583,Europe & Central Asia,Ljubljana,14.5044,46.0546,High income,Not classified
Slovenia,SI,SVN,2023,,2026-07-13,47986.4195855821,81.9292682926829,2120461,Europe & Central Asia,Ljubljana,14.5044,46.0546,High income,Not classified
Slovenia,SI,SVN,2015,,2026-07-13,38534.6437425951,80.7756097560976,2063531,Europe & Central Asia,Ljubljana,14.5044,46.0546,High income,Not classified
Slovenia,SI,SVN,2016,,2026-07-13,39674.8931561968,81.1756097560976,2065042,Europe & Central Asia,Ljubljana,14.5044,46.0546,High income,Not classified
Slovenia,SI,SVN,2017,,2026-07-13,41700.651085028,81.0292682926829,2066388,Europe & Central Asia,Ljubljana,14.5044,46.0546,High income,Not classified
Slovenia,SI,SVN,2022,,2026-07-13,47058.8865960028,81.2829268292683,2112076,Europe & Central Asia,Ljubljana,14.5044,46.0546,High income,Not classified
Slovenia,SI,SVN,2019,,2026-07-13,44577.9418583069,81.5292682926829,2088385,Europe & Central Asia,Ljubljana,14.5044,46.0546,High income,Not classified
Slovenia,SI,SVN,2020,,2026-07-13,42471.5228031277,80.5317073170732,2102419,Europe & Central Asia,Ljubljana,14.5044,46.0546,High income,Not classified
Slovenia,SI,SVN,2021,,2026-07-13,45922.6632600134,80.6756097560976,2108079,Europe & Central Asia,Ljubljana,14.5044,46.0546,High income,Not classified
Small states,S1,SST,2018,,2026-07-13,21165.1370912777,71.8640735615265,19084934,Aggregates,,,,Aggregates,Aggregates
Small states,S1,SST,2015,,2026-07-13,20214.6306771707,71.1218770493238,18482578,Aggregates,,,,Aggregates,Aggregates
Small states,S1,SST,2016,,2026-07-13,20323.0292175365,71.3735507555474,18671045,Aggregates,,,,Aggregates,Aggregates
Small states,S1,SST,2017,,2026-07-13,20732.8384950461,71.6518752446228,18865506,Aggregates,,,,Aggregates,Aggregates
Small states,S1,SST,2022,,2026-07-13,22478.8845331697,72.380297225352,19852364,Aggregates,,,,Aggregates,Aggregates
Small states,S1,SST,2014,,2026-07-13,19992.2837971004,70.850031877117,18292084,Aggregates,,,,Aggregates,Aggregates
Small states,S1,SST,2000,,2026-07-13,15514.5363818178,66.9881018420458,15786741,Aggregates,,,,Aggregates,Aggregates
Small states,S1,SST,2001,,2026-07-13,15729.0854144625,67.1751397089871,16017863,Aggregates,,,,Aggregates,Aggregates
Small states,S1,SST,2002,,2026-07-13,16095.2953198447,67.320533039585,16250203,Aggregates,,,,Aggregates,Aggregates
Small states,S1,SST,2003,,2026-07-13,16725.5980095054,67.5137796957376,16441139,Aggregates,,,,Aggregates,Aggregates
Small states,S1,SST,2019,,2026-07-13,21662.7739795661,72.0009607335469,19293697,Aggregates,,,,Aggregates,Aggregates
Small states,S1,SST,2020,,2026-07-13,20101.6503085454,71.8255552822673,19472157,Aggregates,,,,Aggregates,Aggregates
Small states,S1,SST,2021,,2026-07-13,21262.5948218682,70.7756825891382,19646549,Aggregates,,,,Aggregates,Aggregates
Small states,S1,SST,2008,,2026-07-13,19636.9550115867,68.9208192339965,17228345,Aggregates,,,,Aggregates,Aggregates
Small states,S1,SST,2009,,2026-07-13,18696.6740492489,69.2706797451225,17398922,Aggregates,,,,Aggregates,Aggregates
Small states,S1,SST,2010,,2026-07-13,19016.7659318866,69.6933118913694,17575200,Aggregates,,,,Aggregates,Aggregates
Small states,S1,SST,2011,,2026-07-13,19390.3808189536,70.0014375655617,17748220,Aggregates,,,,Aggregates,Aggregates
Small states,S1,SST,2012,,2026-07-13,19647.9643191463,70.2725959153837,17926451,Aggregates,,,,Aggregates,Aggregates
Small states,S1,SST,2013,,2026-07-13,19725.1292380478,70.6156980246326,18107202,Aggregates,,,,Aggregates,Aggregates
Small states,S1,SST,2004,,2026-07-13,17308.1619537788,67.7344645790668,16597133,Aggregates,,,,Aggregates,Aggregates
Small states,S1,SST,2005,,2026-07-13,17926.7361863699,68.0184220231352,16699341,Aggregates,,,,Aggregates,Aggregates
Small states,S1,SST,2006,,2026-07-13,18934.0339750992,68.2773677005452,16868546,Aggregates,,,,Aggregates,Aggregates
Small states,S1,SST,2007,,2026-07-13,19592.5639538724,68.5761118394504,17047450,Aggregates,,,,Aggregates,Aggregates
Small states,S1,SST,2023,,2026-07-13,23393.3466796632,72.9130400157843,20031262,Aggregates,,,,Aggregates,Aggregates
Solomon Islands,SB,SLB,2003,,2026-07-13,2050.57140389822,67.479,466154,East Asia & Pacific,Honiara,159.949,-9.42676,Lower middle income,IDA
Solomon Islands,SB,SLB,2005,,2026-07-13,2287.56668822715,67.79,483080,East Asia & Pacific,Honiara,159.949,-9.42676,Lower middle income,IDA
Solomon Islands,SB,SLB,2006,,2026-07-13,2340.95143662493,67.968,491594,East Asia & Pacific,Honiara,159.949,-9.42676,Lower middle income,IDA
Solomon Islands,SB,SLB,2010,,2026-07-13,2682.62900140516,68.669,532968,East Asia & Pacific,Honiara,159.949,-9.42676,Lower middle income,IDA
Solomon Islands,SB,SLB,2004,,2026-07-13,2168.78371648018,67.628,474611,East Asia & Pacific,Honiara,159.949,-9.42676,Lower middle income,IDA
Solomon Islands,SB,SLB,2000,,2026-07-13,2277.11363831224,67.116,440469,East Asia & Pacific,Honiara,159.949,-9.42676,Lower middle income,IDA
Solomon Islands,SB,SLB,2001,,2026-07-13,2055.53771375159,67.237,449125,East Asia & Pacific,Honiara,159.949,-9.42676,Lower middle income,IDA
Solomon Islands,SB,SLB,2002,,2026-07-13,1960.67504793326,67.35,457671,East Asia & Pacific,Honiara,159.949,-9.42676,Lower middle income,IDA
Solomon Islands,SB,SLB,2015,,2026-07-13,2665.06620679799,69.323,639415,East Asia & Pacific,Honiara,159.949,-9.42676,Lower middle income,IDA
Solomon Islands,SB,SLB,2016,,2026-07-13,2715.58152252659,69.501,662379,East Asia & Pacific,Honiara,159.949,-9.42676,Lower middle income,IDA
Solomon Islands,SB,SLB,2017,,2026-07-13,2704.00988015555,69.652,685672,East Asia & Pacific,Honiara,159.949,-9.42676,Lower middle income,IDA
Solomon Islands,SB,SLB,2018,,2026-07-13,2686.46317027984,69.806,709101,East Asia & Pacific,Honiara,159.949,-9.42676,Lower middle income,IDA
Solomon Islands,SB,SLB,2019,,2026-07-13,2661.95770893588,69.981,728147,East Asia & Pacific,Honiara,159.949,-9.42676,Lower middle income,IDA
Solomon Islands,SB,SLB,2007,,2026-07-13,2384.62333040945,67.845,500156,East Asia & Pacific,Honiara,159.949,-9.42676,Lower middle income,IDA
Solomon Islands,SB,SLB,2008,,2026-07-13,2490.10207495758,68.336,508790,East Asia & Pacific,Honiara,159.949,-9.42676,Lower middle income,IDA
Solomon Islands,SB,SLB,2009,,2026-07-13,2515.21324036507,68.397,518141,East Asia & Pacific,Honiara,159.949,-9.42676,Lower middle income,IDA
Solomon Islands,SB,SLB,2023,,2026-07-13,2339.87469992347,70.528,800005,East Asia & Pacific,Honiara,159.949,-9.42676,Lower middle income,IDA
Solomon Islands,SB,SLB,2011,,2026-07-13,2777.83439007893,68.824,552945,East Asia & Pacific,Honiara,159.949,-9.42676,Lower middle income,IDA
Solomon Islands,SB,SLB,2012,,2026-07-13,2743.8100151451,68.961,573606,East Asia & Pacific,Honiara,159.949,-9.42676,Lower middle income,IDA
Solomon Islands,SB,SLB,2013,,2026-07-13,2783.94856666363,69.007,594945,East Asia & Pacific,Honiara,159.949,-9.42676,Lower middle income,IDA
Solomon Islands,SB,SLB,2014,,2026-07-13,2716.77005403122,68.984,616908,East Asia & Pacific,Honiara,159.949,-9.42676,Lower middle income,IDA
Solomon Islands,SB,SLB,2020,,2026-07-13,2515.46369413305,69.258,744498,East Asia & Pacific,Honiara,159.949,-9.42676,Lower middle income,IDA
Solomon Islands,SB,SLB,2021,,2026-07-13,2450.18399709553,68.89,762591,East Asia & Pacific,Honiara,159.949,-9.42676,Lower middle income,IDA
Solomon Islands,SB,SLB,2022,,2026-07-13,2330.40164523401,70.409,781066,East Asia & Pacific,Honiara,159.949,-9.42676,Lower middle income,IDA
"Somalia, Fed. Rep.",SO,SOM,2006,,2026-07-13,857.993655902122,50.915,10975502,Sub-Saharan Africa,Mogadishu,45.3254,2.07515,Low income,IDA
"Somalia, Fed. Rep.",SO,SOM,2010,,2026-07-13,995.225555512017,48.9,12261756,Sub-Saharan Africa,Mogadishu,45.3254,2.07515,Low income,IDA
"Somalia, Fed. Rep.",SO,SOM,2007,,2026-07-13,887.369352235607,50.885,11322582,Sub-Saharan Africa,Mogadishu,45.3254,2.07515,Low income,IDA
"Somalia, Fed. Rep.",SO,SOM,2008,,2026-07-13,919.132083453107,51.456,11663084,Sub-Saharan Africa,Mogadishu,45.3254,2.07515,Low income,IDA
"Somalia, Fed. Rep.",SO,SOM,2009,,2026-07-13,956.220325392593,52.101,11961201,Sub-Saharan Africa,Mogadishu,45.3254,2.07515,Low income,IDA
"Somalia, Fed. Rep.",SO,SOM,2014,,2026-07-13,1259.27432882605,54.442,13339491,Sub-Saharan Africa,Mogadishu,45.3254,2.07515,Low income,IDA
"Somalia, Fed. Rep.",SO,SOM,2001,,2026-07-13,723.37973295059,50.829,9198493,Sub-Saharan Africa,Mogadishu,45.3254,2.07515,Low income,IDA
"Somalia, Fed. Rep.",SO,SOM,2002,,2026-07-13,749.913550912524,50.82,9550063,Sub-Saharan Africa,Mogadishu,45.3254,2.07515,Low income,IDA
"Somalia, Fed. Rep.",SO,SOM,2003,,2026-07-13,777.884552733128,50.721,9909157,Sub-Saharan Africa,Mogadishu,45.3254,2.07515,Low income,IDA
"Somalia, Fed. Rep.",SO,SOM,2004,,2026-07-13,803.059780580226,50.685,10280998,Sub-Saharan Africa,Mogadishu,45.3254,2.07515,Low income,IDA
"Somalia, Fed. Rep.",SO,SOM,2005,,2026-07-13,830.807245939502,50.894,10644228,Sub-Saharan Africa,Mogadishu,45.3254,2.07515,Low income,IDA
"Somalia, Fed. Rep.",SO,SOM,2018,,2026-07-13,1504.97908203481,54.767,15452487,Sub-Saharan Africa,Mogadishu,45.3254,2.07515,Low income,IDA
"Somalia, Fed. Rep.",SO,SOM,2019,,2026-07-13,1491.29493918405,57.249,16030971,Sub-Saharan Africa,Mogadishu,45.3254,2.07515,Low income,IDA
"Somalia, Fed. Rep.",SO,SOM,2020,,2026-07-13,1396.05544674978,57.095,16651191,Sub-Saharan Africa,Mogadishu,45.3254,2.07515,Low income,IDA
"Somalia, Fed. Rep.",SO,SOM,2021,,2026-07-13,1392.31782053371,55.703,17271431,Sub-Saharan Africa,Mogadishu,45.3254,2.07515,Low income,IDA
"Somalia, Fed. Rep.",SO,SOM,2011,,2026-07-13,1054.36214979093,32.453,12348830,Sub-Saharan Africa,Mogadishu,45.3254,2.07515,Low income,IDA
"Somalia, Fed. Rep.",SO,SOM,2012,,2026-07-13,1114.8041489283,49.138,12461160,Sub-Saharan Africa,Mogadishu,45.3254,2.07515,Low income,IDA
"Somalia, Fed. Rep.",SO,SOM,2013,,2026-07-13,1197.72166459722,54.016,12869594,Sub-Saharan Africa,Mogadishu,45.3254,2.07515,Low income,IDA
"Somalia, Fed. Rep.",SO,SOM,2000,,2026-07-13,702.850071117661,50.747,8838713,Sub-Saharan Africa,Mogadishu,45.3254,2.07515,Low income,IDA
"Somalia, Fed. Rep.",SO,SOM,2017,,2026-07-13,1527.66029071648,52.19,14916629,Sub-Saharan Africa,Mogadishu,45.3254,2.07515,Low income,IDA
"Somalia, Fed. Rep.",SO,SOM,2015,,2026-07-13,1343.92517439594,55.056,13806963,Sub-Saharan Africa,Mogadishu,45.3254,2.07515,Low income,IDA
"Somalia, Fed. Rep.",SO,SOM,2016,,2026-07-13,1384.15517410124,55.283,14348740,Sub-Saharan Africa,Mogadishu,45.3254,2.07515,Low income,IDA
"Somalia, Fed. Rep.",SO,SOM,2023,,2026-07-13,1401.64735228455,58.816,18358615,Sub-Saharan Africa,Mogadishu,45.3254,2.07515,Low income,IDA
"Somalia, Fed. Rep.",SO,SOM,2022,,2026-07-13,1387.54753732191,53.931,17801897,Sub-Saharan Africa,Mogadishu,45.3254,2.07515,Low income,IDA
South Africa,ZA,ZAF,2016,,2026-07-13,14501.2807823402,64.749,57259551,Sub-Saharan Africa,Pretoria,28.1871,-25.746,Upper middle income,IBRD
South Africa,ZA,ZAF,2022,,2026-07-13,13767.4967589936,65.454,62378410,Sub-Saharan Africa,Pretoria,28.1871,-25.746,Upper middle income,IBRD
South Africa,ZA,ZAF,2023,,2026-07-13,13695.3755694076,66.139,63212384,Sub-Saharan Africa,Pretoria,28.1871,-25.746,Upper middle income,IBRD
South Africa,ZA,ZAF,2015,,2026-07-13,14541.6748613669,64.053,56723537,Sub-Saharan Africa,Pretoria,28.1871,-25.746,Upper middle income,IBRD
South Africa,ZA,ZAF,2009,,2026-07-13,13910.7017093394,57.413,51728516,Sub-Saharan Africa,Pretoria,28.1871,-25.746,Upper middle income,IBRD
South Africa,ZA,ZAF,2010,,2026-07-13,14164.9958363115,58.886,52344051,Sub-Saharan Africa,Pretoria,28.1871,-25.746,Upper middle income,IBRD
South Africa,ZA,ZAF,2007,,2026-07-13,14016.2444716386,54.948,50528584,Sub-Saharan Africa,Pretoria,28.1871,-25.746,Upper middle income,IBRD
South Africa,ZA,ZAF,2008,,2026-07-13,14297.6887802632,55.982,51114599,Sub-Saharan Africa,Pretoria,28.1871,-25.746,Upper middle income,IBRD
South Africa,ZA,ZAF,2000,,2026-07-13,11183.825503143,58.368,47159719,Sub-Saharan Africa,Pretoria,28.1871,-25.746,Upper middle income,IBRD
South Africa,ZA,ZAF,2001,,2026-07-13,11387.492366782,57.161,47566800,Sub-Saharan Africa,Pretoria,28.1871,-25.746,Upper middle income,IBRD
South Africa,ZA,ZAF,2017,,2026-07-13,14573.5980840004,65.422,57635162,Sub-Saharan Africa,Pretoria,28.1871,-25.746,Upper middle income,IBRD
South Africa,ZA,ZAF,2018,,2026-07-13,14553.5615668957,65.726,58613001,Sub-Saharan Africa,Pretoria,28.1871,-25.746,Upper middle income,IBRD
South Africa,ZA,ZAF,2019,,2026-07-13,14352.6698709871,66.071,59587885,Sub-Saharan Africa,Pretoria,28.1871,-25.746,Upper middle income,IBRD
South Africa,ZA,ZAF,2020,,2026-07-13,13250.5666594456,65.15,60562381,Sub-Saharan Africa,Pretoria,28.1871,-25.746,Upper middle income,IBRD
South Africa,ZA,ZAF,2021,,2026-07-13,13681.9548144813,62.01,61502603,Sub-Saharan Africa,Pretoria,28.1871,-25.746,Upper middle income,IBRD
South Africa,ZA,ZAF,2011,,2026-07-13,14434.2611456048,60.602,52995205,Sub-Saharan Africa,Pretoria,28.1871,-25.746,Upper middle income,IBRD
South Africa,ZA,ZAF,2012,,2026-07-13,14563.7624041032,61.737,53782567,Sub-Saharan Africa,Pretoria,28.1871,-25.746,Upper middle income,IBRD
South Africa,ZA,ZAF,2013,,2026-07-13,14681.096638957,62.388,54678791,Sub-Saharan Africa,Pretoria,28.1871,-25.746,Upper middle income,IBRD
South Africa,ZA,ZAF,2014,,2026-07-13,14643.3384782936,63.184,55594838,Sub-Saharan Africa,Pretoria,28.1871,-25.746,Upper middle income,IBRD
South Africa,ZA,ZAF,2002,,2026-07-13,11697.5657261687,55.58,48019415,Sub-Saharan Africa,Pretoria,28.1871,-25.746,Upper middle income,IBRD
South Africa,ZA,ZAF,2003,,2026-07-13,11923.1211013633,54.245,48500348,Sub-Saharan Africa,Pretoria,28.1871,-25.746,Upper middle income,IBRD
South Africa,ZA,ZAF,2004,,2026-07-13,12341.2102655828,53.963,48991421,Sub-Saharan Africa,Pretoria,28.1871,-25.746,Upper middle income,IBRD
South Africa,ZA,ZAF,2005,,2026-07-13,12861.5633089114,53.914,49490033,Sub-Saharan Africa,Pretoria,28.1871,-25.746,Upper middle income,IBRD
South Africa,ZA,ZAF,2006,,2026-07-13,13444.2332126058,54.22,49998277,Sub-Saharan Africa,Pretoria,28.1871,-25.746,Upper middle income,IBRD
South Asia,8S,SAS,2001,,2026-07-13,3103.92321367445,63.2621106390743,1260149056,Aggregates,,,,Aggregates,Aggregates
South Asia,8S,SAS,2002,,2026-07-13,3164.42111189042,63.7751981046195,1282584796,Aggregates,,,,Aggregates,Aggregates
South Asia,8S,SAS,2003,,2026-07-13,3343.17936577198,64.2408303344517,1304347790,Aggregates,,,,Aggregates,Aggregates
South Asia,8S,SAS,2000,,2026-07-13,3021.63279439044,62.8036305165364,1237185482,Aggregates,,,,Aggregates,Aggregates
South Asia,8S,SAS,2012,,2026-07-13,5285.90684170559,68.2629615309516,1483553073,Aggregates,,,,Aggregates,Aggregates
South Asia,8S,SAS,2013,,2026-07-13,5548.16105526486,68.6853288301062,1501661991,Aggregates,,,,Aggregates,Aggregates
South Asia,8S,SAS,2014,,2026-07-13,5878.67479791218,69.1208563538772,1519839246,Aggregates,,,,Aggregates,Aggregates
South Asia,8S,SAS,2015,,2026-07-13,6259.31717310526,69.5110334122263,1537370078,Aggregates,,,,Aggregates,Aggregates
South Asia,8S,SAS,2004,,2026-07-13,3536.63492979436,64.5911610689622,1325950587,Aggregates,,,,Aggregates,Aggregates
South Asia,8S,SAS,2005,,2026-07-13,3748.35844477212,65.131596636791,1346886384,Aggregates,,,,Aggregates,Aggregates
South Asia,8S,SAS,2006,,2026-07-13,3983.25023893144,65.5691020177667,1367187349,Aggregates,,,,Aggregates,Aggregates
South Asia,8S,SAS,2007,,2026-07-13,4222.24103901725,65.9890229742237,1386949456,Aggregates,,,,Aggregates,Aggregates
South Asia,8S,SAS,2019,,2026-07-13,7660.41899011306,70.9975623145981,1605412986,Aggregates,,,,Aggregates,Aggregates
South Asia,8S,SAS,2008,,2026-07-13,4309.94806835076,66.4314116387286,1406047164,Aggregates,,,,Aggregates,Aggregates
South Asia,8S,SAS,2009,,2026-07-13,4566.50695762565,66.84109704634,1425370200,Aggregates,,,,Aggregates,Aggregates
South Asia,8S,SAS,2010,,2026-07-13,4872.71064899734,67.3525068406787,1444967010,Aggregates,,,,Aggregates,Aggregates
South Asia,8S,SAS,2011,,2026-07-13,5069.45396503048,67.8108394834024,1464372623,Aggregates,,,,Aggregates,Aggregates
South Asia,8S,SAS,2023,,2026-07-13,8796.72942063676,72.3247648783903,1662580579,Aggregates,,,,Aggregates,Aggregates
South Asia,8S,SAS,2016,,2026-07-13,6681.44601575684,69.9184707063298,1555111864,Aggregates,,,,Aggregates,Aggregates
South Asia,8S,SAS,2017,,2026-07-13,7055.83469512198,70.2904723380061,1572520427,Aggregates,,,,Aggregates,Aggregates
South Asia,8S,SAS,2018,,2026-07-13,7430.46384287571,70.6523573971364,1589164714,Aggregates,,,,Aggregates,Aggregates
South Asia,8S,SAS,2020,,2026-07-13,7215.20736191888,70.3622206982499,1621073417,Aggregates,,,,Aggregates,Aggregates
South Asia,8S,SAS,2021,,2026-07-13,7815.21278442871,67.8215299767513,1634785356,Aggregates,,,,Aggregates,Aggregates
South Asia,8S,SAS,2022,,2026-07-13,8308.38014181846,72.0115731308447,1648009565,Aggregates,,,,Aggregates,Aggregates
South Asia (IDA & IBRD),T5,TSA,2015,,2026-07-13,6259.31717310526,69.5110334122263,1537370078,Aggregates,,,,Aggregates,Aggregates
South Asia (IDA & IBRD),T5,TSA,2019,,2026-07-13,7660.41899011306,70.9975623145981,1605412986,Aggregates,,,,Aggregates,Aggregates
South Asia (IDA & IBRD),T5,TSA,2016,,2026-07-13,6681.44601575684,69.9184707063298,1555111864,Aggregates,,,,Aggregates,Aggregates
South Asia (IDA & IBRD),T5,TSA,2017,,2026-07-13,7055.83469512198,70.2904723380061,1572520427,Aggregates,,,,Aggregates,Aggregates
South Asia (IDA & IBRD),T5,TSA,2018,,2026-07-13,7430.46384287571,70.6523573971364,1589164714,Aggregates,,,,Aggregates,Aggregates
South Asia (IDA & IBRD),T5,TSA,2023,,2026-07-13,8796.72942063676,72.3247648783903,1662580579,Aggregates,,,,Aggregates,Aggregates
South Asia (IDA & IBRD),T5,TSA,2014,,2026-07-13,5878.67479791218,69.1208563538772,1519839246,Aggregates,,,,Aggregates,Aggregates
South Asia (IDA & IBRD),T5,TSA,2001,,2026-07-13,3103.92321367445,63.2621106390743,1260149056,Aggregates,,,,Aggregates,Aggregates
South Asia (IDA & IBRD),T5,TSA,2002,,2026-07-13,3164.42111189042,63.7751981046195,1282584796,Aggregates,,,,Aggregates,Aggregates
South Asia (IDA & IBRD),T5,TSA,2003,,2026-07-13,3343.17936577198,64.2408303344517,1304347790,Aggregates,,,,Aggregates,Aggregates
South Asia (IDA & IBRD),T5,TSA,2004,,2026-07-13,3536.63492979436,64.5911610689622,1325950587,Aggregates,,,,Aggregates,Aggregates
South Asia (IDA & IBRD),T5,TSA,2020,,2026-07-13,7215.20736191888,70.3622206982499,1621073417,Aggregates,,,,Aggregates,Aggregates
South Asia (IDA & IBRD),T5,TSA,2021,,2026-07-13,7815.21278442871,67.8215299767513,1634785356,Aggregates,,,,Aggregates,Aggregates
South Asia (IDA & IBRD),T5,TSA,2022,,2026-07-13,8308.38014181846,72.0115731308447,1648009565,Aggregates,,,,Aggregates,Aggregates
South Asia (IDA & IBRD),T5,TSA,2009,,2026-07-13,4566.50695762565,66.84109704634,1425370200,Aggregates,,,,Aggregates,Aggregates
South Asia (IDA & IBRD),T5,TSA,2010,,2026-07-13,4872.71064899734,67.3525068406787,1444967010,Aggregates,,,,Aggregates,Aggregates
South Asia (IDA & IBRD),T5,TSA,2011,,2026-07-13,5069.45396503048,67.8108394834024,1464372623,Aggregates,,,,Aggregates,Aggregates
South Asia (IDA & IBRD),T5,TSA,2012,,2026-07-13,5285.90684170559,68.2629615309516,1483553073,Aggregates,,,,Aggregates,Aggregates
South Asia (IDA & IBRD),T5,TSA,2013,,2026-07-13,5548.16105526486,68.6853288301062,1501661991,Aggregates,,,,Aggregates,Aggregates
South Asia (IDA & IBRD),T5,TSA,2000,,2026-07-13,3021.63279439044,62.8036305165364,1237185482,Aggregates,,,,Aggregates,Aggregates
South Asia (IDA & IBRD),T5,TSA,2005,,2026-07-13,3748.35844477212,65.131596636791,1346886384,Aggregates,,,,Aggregates,Aggregates
South Asia (IDA & IBRD),T5,TSA,2006,,2026-07-13,3983.25023893144,65.5691020177667,1367187349,Aggregates,,,,Aggregates,Aggregates
South Asia (IDA & IBRD),T5,TSA,2007,,2026-07-13,4222.24103901725,65.9890229742236,1386949456,Aggregates,,,,Aggregates,Aggregates
South Asia (IDA & IBRD),T5,TSA,2008,,2026-07-13,4309.94806835076,66.4314116387286,1406047164,Aggregates,,,,Aggregates,Aggregates
South Sudan,SS,SSD,2004,,2026-07-13,,53.052,7233041,Sub-Saharan Africa,Juba,31.6,4.85,Low income,IDA
South Sudan,SS,SSD,2005,,2026-07-13,,53.965,7590143,Sub-Saharan Africa,Juba,31.6,4.85,Low income,IDA
South Sudan,SS,SSD,2006,,2026-07-13,,54.653,7976526,Sub-Saharan Africa,Juba,31.6,4.85,Low income,IDA
South Sudan,SS,SSD,2007,,2026-07-13,,55.425,8388788,Sub-Saharan Africa,Juba,31.6,4.85,Low income,IDA
South Sudan,SS,SSD,2011,,2026-07-13,,57.674,10288109,Sub-Saharan Africa,Juba,31.6,4.85,Low income,IDA
South Sudan,SS,SSD,2000,,2026-07-13,,47.591,6032267,Sub-Saharan Africa,Juba,31.6,4.85,Low income,IDA
South Sudan,SS,SSD,2001,,2026-07-13,,48.55,6308391,Sub-Saharan Africa,Juba,31.6,4.85,Low income,IDA
South Sudan,SS,SSD,2002,,2026-07-13,,49.394,6596806,Sub-Saharan Africa,Juba,31.6,4.85,Low income,IDA
South Sudan,SS,SSD,2003,,2026-07-13,,52.324,6903127,Sub-Saharan Africa,Juba,31.6,4.85,Low income,IDA
South Sudan,SS,SSD,2016,,2026-07-13,,36.72,10830102,Sub-Saharan Africa,Juba,31.6,4.85,Low income,IDA
South Sudan,SS,SSD,2017,,2026-07-13,,35.351,10259154,Sub-Saharan Africa,Juba,31.6,4.85,Low income,IDA
South Sudan,SS,SSD,2018,,2026-07-13,,51.905,10122977,Sub-Saharan Africa,Juba,31.6,4.85,Low income,IDA
South Sudan,SS,SSD,2019,,2026-07-13,,58.129,10423384,Sub-Saharan Africa,Juba,31.6,4.85,Low income,IDA
South Sudan,SS,SSD,2020,,2026-07-13,,57.648,10698467,Sub-Saharan Africa,Juba,31.6,4.85,Low income,IDA
South Sudan,SS,SSD,2008,,2026-07-13,,56.28,8817647,Sub-Saharan Africa,Juba,31.6,4.85,Low income,IDA
South Sudan,SS,SSD,2009,,2026-07-13,,56.848,9243556,Sub-Saharan Africa,Juba,31.6,4.85,Low income,IDA
South Sudan,SS,SSD,2010,,2026-07-13,,57.485,9745953,Sub-Saharan Africa,Juba,31.6,4.85,Low income,IDA
South Sudan,SS,SSD,2015,,2026-07-13,,39.757,11107561,Sub-Saharan Africa,Juba,31.6,4.85,Low income,IDA
South Sudan,SS,SSD,2012,,2026-07-13,,58.241,10756240,Sub-Saharan Africa,Juba,31.6,4.85,Low income,IDA
South Sudan,SS,SSD,2013,,2026-07-13,,58.285,11166275,Sub-Saharan Africa,Juba,31.6,4.85,Low income,IDA
South Sudan,SS,SSD,2014,,2026-07-13,,45.625,11235073,Sub-Saharan Africa,Juba,31.6,4.85,Low income,IDA
South Sudan,SS,SSD,2023,,2026-07-13,,57.617,11483374,Sub-Saharan Africa,Juba,31.6,4.85,Low income,IDA
South Sudan,SS,SSD,2021,,2026-07-13,,57.047,10865780,Sub-Saharan Africa,Juba,31.6,4.85,Low income,IDA
South Sudan,SS,SSD,2022,,2026-07-13,,57.203,11021177,Sub-Saharan Africa,Juba,31.6,4.85,Low income,IDA
Spain,ES,ESP,2007,,2026-07-13,45301.2843416374,80.8731707317073,45226803,Europe & Central Asia,Madrid,-3.70327,40.4167,High income,Not classified
Spain,ES,ESP,2015,,2026-07-13,43053.761430314,82.8317073170732,46422303,Europe & Central Asia,Madrid,-3.70327,40.4167,High income,Not classified
Spain,ES,ESP,2011,,2026-07-13,42271.8346788238,82.4756097560976,46742697,Europe & Central Asia,Madrid,-3.70327,40.4167,High income,Not classified
Spain,ES,ESP,2008,,2026-07-13,44926.348951812,81.1756097560976,45954106,Europe & Central Asia,Madrid,-3.70327,40.4167,High income,Not classified
Spain,ES,ESP,2009,,2026-07-13,42852.220888454,81.4756097560976,46362946,Europe & Central Asia,Madrid,-3.70327,40.4167,High income,Not classified
Spain,ES,ESP,2010,,2026-07-13,42695.5274189933,81.6268292682927,46576897,Europe & Central Asia,Madrid,-3.70327,40.4167,High income,Not classified
Spain,ES,ESP,2001,,2026-07-13,41224.2924057393,79.3682926829268,40850412,Europe & Central Asia,Madrid,-3.70327,40.4167,High income,Not classified
Spain,ES,ESP,2002,,2026-07-13,41766.0378188791,79.5682926829268,41431558,Europe & Central Asia,Madrid,-3.70327,40.4167,High income,Not classified
Spain,ES,ESP,2003,,2026-07-13,42223.130174522,79.619512195122,42187645,Europe & Central Asia,Madrid,-3.70327,40.4167,High income,Not classified
Spain,ES,ESP,2004,,2026-07-13,42793.3902326006,79.8707317073171,42921895,Europe & Central Asia,Madrid,-3.70327,40.4167,High income,Not classified
Spain,ES,ESP,2005,,2026-07-13,43570.7652574033,80.1707317073171,43653155,Europe & Central Asia,Madrid,-3.70327,40.4167,High income,Not classified
Spain,ES,ESP,2006,,2026-07-13,44572.6815459931,80.8219512195122,44397319,Europe & Central Asia,Madrid,-3.70327,40.4167,High income,Not classified
Spain,ES,ESP,2018,,2026-07-13,46325.2099441141,83.4317073170732,46782011,Europe & Central Asia,Madrid,-3.70327,40.4167,High income,Not classified
Spain,ES,ESP,2019,,2026-07-13,46896.4171141424,83.8317073170732,47118501,Europe & Central Asia,Madrid,-3.70327,40.4167,High income,Not classified
Spain,ES,ESP,2020,,2026-07-13,41553.4477945675,82.2317073170732,47359424,Europe & Central Asia,Madrid,-3.70327,40.4167,High income,Not classified
Spain,ES,ESP,2021,,2026-07-13,44251.6658222621,83.1780487804878,47443821,Europe & Central Asia,Madrid,-3.70327,40.4167,High income,Not classified
Spain,ES,ESP,2012,,2026-07-13,41034.0481566356,82.4268292682927,46773055,Europe & Central Asia,Madrid,-3.70327,40.4167,High income,Not classified
Spain,ES,ESP,2013,,2026-07-13,40594.914008768,83.0780487804878,46604197,Europe & Central Asia,Madrid,-3.70327,40.4167,High income,Not classified
Spain,ES,ESP,2014,,2026-07-13,41339.4111169417,83.2292682926829,46460733,Europe & Central Asia,Madrid,-3.70327,40.4167,High income,Not classified
Spain,ES,ESP,2000,,2026-07-13,39945.8971298178,78.9658536585366,40567864,Europe & Central Asia,Madrid,-3.70327,40.4167,High income,Not classified
Spain,ES,ESP,2017,,2026-07-13,45446.2508575695,83.2829268292683,46571232,Europe & Central Asia,Madrid,-3.70327,40.4167,High income,Not classified
Spain,ES,ESP,2016,,2026-07-13,44274.6676149922,83.3292682926829,46458139,Europe & Central Asia,Madrid,-3.70327,40.4167,High income,Not classified
Spain,ES,ESP,2023,,2026-07-13,47322.5937004504,83.9341463414634,48352528,Europe & Central Asia,Madrid,-3.70327,40.4167,High income,Not classified
Spain,ES,ESP,2022,,2026-07-13,46733.4809780536,83.1341463414634,47786102,Europe & Central Asia,Madrid,-3.70327,40.4167,High income,Not classified
Sri Lanka,LK,LKA,2017,,2026-07-13,14572.4858214616,76.239,21453000,South Asia,Colombo,79.8528,6.92148,Upper middle income,IDA
Sri Lanka,LK,LKA,2018,,2026-07-13,14759.8248945226,76.485,21670000,South Asia,Colombo,79.8528,6.92148,Upper middle income,IDA
Sri Lanka,LK,LKA,2023,,2026-07-13,13065.0698305722,77.483,22037000,South Asia,Colombo,79.8528,6.92148,Upper middle income,IDA
Sri Lanka,LK,LKA,2022,,2026-07-13,13249.0650505201,77.3,22181000,South Asia,Colombo,79.8528,6.92148,Upper middle income,IDA
Sri Lanka,LK,LKA,2016,,2026-07-13,13845.6146782218,76.136,21209000,South Asia,Colombo,79.8528,6.92148,Upper middle income,IDA
Sri Lanka,LK,LKA,2009,,2026-07-13,9156.31906481264,70.298,20756435,South Asia,Colombo,79.8528,6.92148,Upper middle income,IDA
Sri Lanka,LK,LKA,2010,,2026-07-13,9832.18622335265,74.463,20879089,South Asia,Colombo,79.8528,6.92148,Upper middle income,IDA
Sri Lanka,LK,LKA,2007,,2026-07-13,8454.20675331505,72.983,20492545,South Asia,Colombo,79.8528,6.92148,Upper middle income,IDA
Sri Lanka,LK,LKA,2008,,2026-07-13,8897.82686005016,72.556,20629378,South Asia,Colombo,79.8528,6.92148,Upper middle income,IDA
Sri Lanka,LK,LKA,2000,,2026-07-13,6428.61341889128,71.179,19293054,South Asia,Colombo,79.8528,6.92148,Upper middle income,IDA
Sri Lanka,LK,LKA,2001,,2026-07-13,6230.03051863559,71.804,19600362,South Asia,Colombo,79.8528,6.92148,Upper middle income,IDA
Sri Lanka,LK,LKA,2002,,2026-07-13,6409.86278892115,72.271,19805752,South Asia,Colombo,79.8528,6.92148,Upper middle income,IDA
Sri Lanka,LK,LKA,2019,,2026-07-13,14637.4442912676,76.698,21803000,South Asia,Colombo,79.8528,6.92148,Upper middle income,IDA
Sri Lanka,LK,LKA,2020,,2026-07-13,13886.6513728689,76.928,21919000,South Asia,Colombo,79.8528,6.92148,Upper middle income,IDA
Sri Lanka,LK,LKA,2021,,2026-07-13,14316.1352225567,76.278,22156000,South Asia,Colombo,79.8528,6.92148,Upper middle income,IDA
Sri Lanka,LK,LKA,2006,,2026-07-13,7970.6649101939,72.825,20352411,South Asia,Colombo,79.8528,6.92148,Upper middle income,IDA
Sri Lanka,LK,LKA,2011,,2026-07-13,10618.4925999722,74.74,21009048,South Asia,Colombo,79.8528,6.92148,Upper middle income,IDA
Sri Lanka,LK,LKA,2012,,2026-07-13,11447.6937737782,75.187,21169458,South Asia,Colombo,79.8528,6.92148,Upper middle income,IDA
Sri Lanka,LK,LKA,2013,,2026-07-13,12249.7223347846,75.546,20585000,South Asia,Colombo,79.8528,6.92148,Upper middle income,IDA
Sri Lanka,LK,LKA,2014,,2026-07-13,12909.9663068113,75.757,20778000,South Asia,Colombo,79.8528,6.92148,Upper middle income,IDA
Sri Lanka,LK,LKA,2015,,2026-07-13,13329.779343882,75.99,20970000,South Asia,Colombo,79.8528,6.92148,Upper middle income,IDA
Sri Lanka,LK,LKA,2003,,2026-07-13,6741.01248848024,72.442,19951521,South Asia,Colombo,79.8528,6.92148,Upper middle income,IDA
Sri Lanka,LK,LKA,2004,,2026-07-13,7059.91098067102,68.022,20087605,South Asia,Colombo,79.8528,6.92148,Upper middle income,IDA
Sri Lanka,LK,LKA,2005,,2026-07-13,7452.7423412297,73.073,20216524,South Asia,Colombo,79.8528,6.92148,Upper middle income,IDA
St. Kitts and Nevis,KN,KNA,2001,,2026-07-13,20648.7889741472,69.767,45761,Latin America & Caribbean,Basseterre,-62.7309,17.3,High income,IBRD
St. Kitts and Nevis,KN,KNA,2002,,2026-07-13,20813.4050029806,70.194,46020,Latin America & Caribbean,Basseterre,-62.7309,17.3,High income,IBRD
St. Kitts and Nevis,KN,KNA,2003,,2026-07-13,19927.1818314137,70.614,46176,Latin America & Caribbean,Basseterre,-62.7309,17.3,High income,IBRD
St. Kitts and Nevis,KN,KNA,2004,,2026-07-13,20661.3458642993,70.92,46315,Latin America & Caribbean,Basseterre,-62.7309,17.3,High income,IBRD
St. Kitts and Nevis,KN,KNA,2000,,2026-07-13,19840.5800645267,69.249,45248,Latin America & Caribbean,Basseterre,-62.7309,17.3,High income,IBRD
St. Kitts and Nevis,KN,KNA,2013,,2026-07-13,26532.1016561725,71.29,47069,Latin America & Caribbean,Basseterre,-62.7309,17.3,High income,IBRD
St. Kitts and Nevis,KN,KNA,2014,,2026-07-13,28530.3072249013,71.228,47089,Latin America & Caribbean,Basseterre,-62.7309,17.3,High income,IBRD
St. Kitts and Nevis,KN,KNA,2015,,2026-07-13,28729.566447667,71.211,47087,Latin America & Caribbean,Basseterre,-62.7309,17.3,High income,IBRD
St. Kitts and Nevis,KN,KNA,2016,,2026-07-13,29867.0265589791,71.227,47075,Latin America & Caribbean,Basseterre,-62.7309,17.3,High income,IBRD
St. Kitts and Nevis,KN,KNA,2005,,2026-07-13,22612.7126559455,71.151,46437,Latin America & Caribbean,Basseterre,-62.7309,17.3,High income,IBRD
St. Kitts and Nevis,KN,KNA,2006,,2026-07-13,23258.9842253211,71.356,46569,Latin America & Caribbean,Basseterre,-62.7309,17.3,High income,IBRD
St. Kitts and Nevis,KN,KNA,2007,,2026-07-13,23330.0442404195,71.437,46706,Latin America & Caribbean,Basseterre,-62.7309,17.3,High income,IBRD
St. Kitts and Nevis,KN,KNA,2008,,2026-07-13,25898.7823620981,71.479,46835,Latin America & Caribbean,Basseterre,-62.7309,17.3,High income,IBRD
St. Kitts and Nevis,KN,KNA,2009,,2026-07-13,24973.8045286303,71.488,46916,Latin America & Caribbean,Basseterre,-62.7309,17.3,High income,IBRD
St. Kitts and Nevis,KN,KNA,2021,,2026-07-13,26896.6177065978,69.271,46763,Latin America & Caribbean,Basseterre,-62.7309,17.3,High income,IBRD
St. Kitts and Nevis,KN,KNA,2010,,2026-07-13,24997.5672513428,71.452,46846,Latin America & Caribbean,Basseterre,-62.7309,17.3,High income,IBRD
St. Kitts and Nevis,KN,KNA,2011,,2026-07-13,25380.0087348215,71.4,46886,Latin America & Caribbean,Basseterre,-62.7309,17.3,High income,IBRD
St. Kitts and Nevis,KN,KNA,2012,,2026-07-13,25114.0572603244,71.362,47033,Latin America & Caribbean,Basseterre,-62.7309,17.3,High income,IBRD
St. Kitts and Nevis,KN,KNA,2020,,2026-07-13,26736.9283563771,71.181,46870,Latin America & Caribbean,Basseterre,-62.7309,17.3,High income,IBRD
St. Kitts and Nevis,KN,KNA,2017,,2026-07-13,29948.9200065682,71.284,47050,Latin America & Caribbean,Basseterre,-62.7309,17.3,High income,IBRD
St. Kitts and Nevis,KN,KNA,2018,,2026-07-13,30576.2486749244,71.336,47008,Latin America & Caribbean,Basseterre,-62.7309,17.3,High income,IBRD
St. Kitts and Nevis,KN,KNA,2019,,2026-07-13,31512.1943105684,71.54,46952,Latin America & Caribbean,Basseterre,-62.7309,17.3,High income,IBRD
St. Kitts and Nevis,KN,KNA,2022,,2026-07-13,29749.8700864823,70.313,46709,Latin America & Caribbean,Basseterre,-62.7309,17.3,High income,IBRD
St. Kitts and Nevis,KN,KNA,2023,,2026-07-13,30616.577281386,72.145,46758,Latin America & Caribbean,Basseterre,-62.7309,17.3,High income,IBRD
St. Lucia,LC,LCA,2016,,2026-07-13,21566.3058799575,72.552,175646,Latin America & Caribbean,Castries,-60.9832,14,Upper middle income,Blend
St. Lucia,LC,LCA,2017,,2026-07-13,22207.2131041263,72.522,176342,Latin America & Caribbean,Castries,-60.9832,14,Upper middle income,Blend
St. Lucia,LC,LCA,2020,,2026-07-13,17247.9578674753,72.308,178250,Latin America & Caribbean,Castries,-60.9832,14,Upper middle income,Blend
St. Lucia,LC,LCA,2011,,2026-07-13,21430.0225948015,72.962,171801,Latin America & Caribbean,Castries,-60.9832,14,Upper middle income,Blend
St. Lucia,LC,LCA,2018,,2026-07-13,22761.1613461447,72.655,177017,Latin America & Caribbean,Castries,-60.9832,14,Upper middle income,Blend
St. Lucia,LC,LCA,2019,,2026-07-13,22445.2080507874,72.249,177661,Latin America & Caribbean,Castries,-60.9832,14,Upper middle income,Blend
St. Lucia,LC,LCA,2014,,2026-07-13,21010.6981919895,72.676,174138,Latin America & Caribbean,Castries,-60.9832,14,Upper middle income,Blend
St. Lucia,LC,LCA,2015,,2026-07-13,20939.8810312364,72.932,174905,Latin America & Caribbean,Castries,-60.9832,14,Upper middle income,Blend
St. Lucia,LC,LCA,2002,,2026-07-13,17739.5766779723,71.707,161641,Latin America & Caribbean,Castries,-60.9832,14,Upper middle income,Blend
St. Lucia,LC,LCA,2003,,2026-07-13,18344.5919258071,72.188,162976,Latin America & Caribbean,Castries,-60.9832,14,Upper middle income,Blend
St. Lucia,LC,LCA,2004,,2026-07-13,19526.4461369718,72.453,164239,Latin America & Caribbean,Castries,-60.9832,14,Upper middle income,Blend
St. Lucia,LC,LCA,2005,,2026-07-13,19303.9921315127,72.544,165450,Latin America & Caribbean,Castries,-60.9832,14,Upper middle income,Blend
St. Lucia,LC,LCA,2021,,2026-07-13,19141.3272253168,69.119,178522,Latin America & Caribbean,Castries,-60.9832,14,Upper middle income,Blend
St. Lucia,LC,LCA,2022,,2026-07-13,22811.2524480383,72.67,178781,Latin America & Caribbean,Castries,-60.9832,14,Upper middle income,Blend
St. Lucia,LC,LCA,2023,,2026-07-13,23636.0265940253,72.697,179285,Latin America & Caribbean,Castries,-60.9832,14,Upper middle income,Blend
St. Lucia,LC,LCA,2009,,2026-07-13,20706.505527623,72.946,169869,Latin America & Caribbean,Castries,-60.9832,14,Upper middle income,Blend
St. Lucia,LC,LCA,2010,,2026-07-13,20648.7861045765,72.768,170906,Latin America & Caribbean,Castries,-60.9832,14,Upper middle income,Blend
St. Lucia,LC,LCA,2012,,2026-07-13,21309.2251296295,72.86,172587,Latin America & Caribbean,Castries,-60.9832,14,Upper middle income,Blend
St. Lucia,LC,LCA,2013,,2026-07-13,20827.2886025849,72.687,173369,Latin America & Caribbean,Castries,-60.9832,14,Upper middle income,Blend
St. Lucia,LC,LCA,2000,,2026-07-13,18638.117705755,70.779,158616,Latin America & Caribbean,Castries,-60.9832,14,Upper middle income,Blend
St. Lucia,LC,LCA,2001,,2026-07-13,17820.7964312951,71.367,160237,Latin America & Caribbean,Castries,-60.9832,14,Upper middle income,Blend
St. Lucia,LC,LCA,2006,,2026-07-13,20353.6533720188,72.794,166639,Latin America & Caribbean,Castries,-60.9832,14,Upper middle income,Blend
St. Lucia,LC,LCA,2007,,2026-07-13,20559.8974830119,72.86,167758,Latin America & Caribbean,Castries,-60.9832,14,Upper middle income,Blend
St. Lucia,LC,LCA,2008,,2026-07-13,21443.2592977841,72.963,168808,Latin America & Caribbean,Castries,-60.9832,14,Upper middle income,Blend
St. Martin (French part),MF,MAF,2008,,2026-07-13,,78.326,35958,Latin America & Caribbean,Marigot,,,High income,Not classified
St. Martin (French part),MF,MAF,2005,,2026-07-13,,77.802,33928,Latin America & Caribbean,Marigot,,,High income,Not classified
St. Martin (French part),MF,MAF,2006,,2026-07-13,,77.989,34658,Latin America & Caribbean,Marigot,,,High income,Not classified
St. Martin (French part),MF,MAF,2007,,2026-07-13,,78.16,35337,Latin America & Caribbean,Marigot,,,High income,Not classified
St. Martin (French part),MF,MAF,2000,,2026-07-13,,76.793,29996,Latin America & Caribbean,Marigot,,,High income,Not classified
St. Martin (French part),MF,MAF,2001,,2026-07-13,,77.009,30803,Latin America & Caribbean,Marigot,,,High income,Not classified
St. Martin (French part),MF,MAF,2013,,2026-07-13,,79.528,37419,Latin America & Caribbean,Marigot,,,High income,Not classified
St. Martin (French part),MF,MAF,2002,,2026-07-13,,77.219,31604,Latin America & Caribbean,Marigot,,,High income,Not classified
St. Martin (French part),MF,MAF,2003,,2026-07-13,,77.419,32395,Latin America & Caribbean,Marigot,,,High income,Not classified
St. Martin (French part),MF,MAF,2004,,2026-07-13,,77.612,33171,Latin America & Caribbean,Marigot,,,High income,Not classified
St. Martin (French part),MF,MAF,2017,,2026-07-13,,78.762,36837,Latin America & Caribbean,Marigot,,,High income,Not classified
St. Martin (French part),MF,MAF,2018,,2026-07-13,,80.029,36012,Latin America & Caribbean,Marigot,,,High income,Not classified
St. Martin (French part),MF,MAF,2019,,2026-07-13,,80.078,34267,Latin America & Caribbean,Marigot,,,High income,Not classified
St. Martin (French part),MF,MAF,2020,,2026-07-13,,80.085,31786,Latin America & Caribbean,Marigot,,,High income,Not classified
St. Martin (French part),MF,MAF,2021,,2026-07-13,,80.206,29961,Latin America & Caribbean,Marigot,,,High income,Not classified
St. Martin (French part),MF,MAF,2009,,2026-07-13,,78.513,36502,Latin America & Caribbean,Marigot,,,High income,Not classified
St. Martin (French part),MF,MAF,2010,,2026-07-13,,78.752,36856,Latin America & Caribbean,Marigot,,,High income,Not classified
St. Martin (French part),MF,MAF,2011,,2026-07-13,,79.016,37069,Latin America & Caribbean,Marigot,,,High income,Not classified
St. Martin (French part),MF,MAF,2012,,2026-07-13,,79.302,37276,Latin America & Caribbean,Marigot,,,High income,Not classified
St. Martin (French part),MF,MAF,2014,,2026-07-13,,79.727,37450,Latin America & Caribbean,Marigot,,,High income,Not classified
St. Martin (French part),MF,MAF,2015,,2026-07-13,,79.829,37369,Latin America & Caribbean,Marigot,,,High income,Not classified
St. Martin (French part),MF,MAF,2016,,2026-07-13,,79.885,37175,Latin America & Caribbean,Marigot,,,High income,Not classified
St. Martin (French part),MF,MAF,2022,,2026-07-13,,80.236,28870,Latin America & Caribbean,Marigot,,,High income,Not classified
St. Martin (French part),MF,MAF,2023,,2026-07-13,,80.224,27515,Latin America & Caribbean,Marigot,,,High income,Not classified
St. Vincent and the Grenadines,VC,VCT,2017,,2026-07-13,15533.2212821544,71.013,105663,Latin America & Caribbean,Kingstown,-61.2653,13.2035,Upper middle income,Blend
St. Vincent and the Grenadines,VC,VCT,2008,,2026-07-13,13850.3936790063,70.611,111028,Latin America & Caribbean,Kingstown,-61.2653,13.2035,Upper middle income,Blend
St. Vincent and the Grenadines,VC,VCT,2011,,2026-07-13,13168.8964291743,70.609,109349,Latin America & Caribbean,Kingstown,-61.2653,13.2035,Upper middle income,Blend
St. Vincent and the Grenadines,VC,VCT,2012,,2026-07-13,13397.9632982701,70.539,108736,Latin America & Caribbean,Kingstown,-61.2653,13.2035,Upper middle income,Blend
St. Vincent and the Grenadines,VC,VCT,2009,,2026-07-13,13723.7838252622,70.712,110508,Latin America & Caribbean,Kingstown,-61.2653,13.2035,Upper middle income,Blend
St. Vincent and the Grenadines,VC,VCT,2010,,2026-07-13,13175.7230154228,70.66,109959,Latin America & Caribbean,Kingstown,-61.2653,13.2035,Upper middle income,Blend
St. Vincent and the Grenadines,VC,VCT,2015,,2026-07-13,14508.8609465459,70.463,106960,Latin America & Caribbean,Kingstown,-61.2653,13.2035,Upper middle income,Blend
St. Vincent and the Grenadines,VC,VCT,2016,,2026-07-13,15197.7482513352,70.7,106349,Latin America & Caribbean,Kingstown,-61.2653,13.2035,Upper middle income,Blend
St. Vincent and the Grenadines,VC,VCT,2003,,2026-07-13,11475.3312414531,70.43,113141,Latin America & Caribbean,Kingstown,-61.2653,13.2035,Upper middle income,Blend
St. Vincent and the Grenadines,VC,VCT,2004,,2026-07-13,11979.907294501,70.445,112835,Latin America & Caribbean,Kingstown,-61.2653,13.2035,Upper middle income,Blend
St. Vincent and the Grenadines,VC,VCT,2005,,2026-07-13,12320.0710011077,70.454,112450,Latin America & Caribbean,Kingstown,-61.2653,13.2035,Upper middle income,Blend
St. Vincent and the Grenadines,VC,VCT,2006,,2026-07-13,13233.4068930431,70.434,112014,Latin America & Caribbean,Kingstown,-61.2653,13.2035,Upper middle income,Blend
St. Vincent and the Grenadines,VC,VCT,2007,,2026-07-13,13732.3622591495,70.446,111531,Latin America & Caribbean,Kingstown,-61.2653,13.2035,Upper middle income,Blend
St. Vincent and the Grenadines,VC,VCT,2020,,2026-07-13,15763.7054382539,69.605,103526,Latin America & Caribbean,Kingstown,-61.2653,13.2035,Upper middle income,Blend
St. Vincent and the Grenadines,VC,VCT,2021,,2026-07-13,16200.8994597845,69.132,102841,Latin America & Caribbean,Kingstown,-61.2653,13.2035,Upper middle income,Blend
St. Vincent and the Grenadines,VC,VCT,2022,,2026-07-13,16835.023514541,71.191,102046,Latin America & Caribbean,Kingstown,-61.2653,13.2035,Upper middle income,Blend
St. Vincent and the Grenadines,VC,VCT,2023,,2026-07-13,17858.2446468702,71.23,101323,Latin America & Caribbean,Kingstown,-61.2653,13.2035,Upper middle income,Blend
St. Vincent and the Grenadines,VC,VCT,2013,,2026-07-13,13804.1837951887,70.091,108135,Latin America & Caribbean,Kingstown,-61.2653,13.2035,Upper middle income,Blend
St. Vincent and the Grenadines,VC,VCT,2014,,2026-07-13,14040.2460690452,70.355,107535,Latin America & Caribbean,Kingstown,-61.2653,13.2035,Upper middle income,Blend
St. Vincent and the Grenadines,VC,VCT,2000,,2026-07-13,9999.05879203685,70.35,113545,Latin America & Caribbean,Kingstown,-61.2653,13.2035,Upper middle income,Blend
St. Vincent and the Grenadines,VC,VCT,2001,,2026-07-13,10177.8094583896,70.382,113501,Latin America & Caribbean,Kingstown,-61.2653,13.2035,Upper middle income,Blend
St. Vincent and the Grenadines,VC,VCT,2002,,2026-07-13,10736.0878714164,70.658,113347,Latin America & Caribbean,Kingstown,-61.2653,13.2035,Upper middle income,Blend
St. Vincent and the Grenadines,VC,VCT,2018,,2026-07-13,16139.0661084965,71.017,104926,Latin America & Caribbean,Kingstown,-61.2653,13.2035,Upper middle income,Blend
St. Vincent and the Grenadines,VC,VCT,2019,,2026-07-13,16365.3255785124,70.994,104167,Latin America & Caribbean,Kingstown,-61.2653,13.2035,Upper middle income,Blend
Sub-Saharan Africa,ZG,SSF,2013,,2026-07-13,4896.32543067071,58.7182244214244,970746312,,,,,,
Sub-Saharan Africa,ZG,SSF,2014,,2026-07-13,5002.96695140382,58.985759679416,997426231,,,,,,
Sub-Saharan Africa,ZG,SSF,2015,,2026-07-13,5019.95019038994,59.3988936826923,1024659421,,,,,,
Sub-Saharan Africa,ZG,SSF,2016,,2026-07-13,4956.58486807326,59.8122443592399,1052166739,,,,,,
Sub-Saharan Africa,ZG,SSF,2017,,2026-07-13,4953.2648572016,60.1584852136877,1080208893,,,,,,
Sub-Saharan Africa,ZG,SSF,2018,,2026-07-13,4963.20882492551,60.7668941967258,1109196428,,,,,,
Sub-Saharan Africa,ZG,SSF,2019,,2026-07-13,4962.55290682237,61.129417043288,1138472475,,,,,,
Sub-Saharan Africa,ZG,SSF,2020,,2026-07-13,4677.92219768928,61.1676740309985,1168133785,,,,,,
Sub-Saharan Africa,ZG,SSF,2021,,2026-07-13,4720.48407808675,60.7030048050853,1198069722,,,,,,
Sub-Saharan Africa,ZG,SSF,2022,,2026-07-13,4795.24715624599,61.8569116778883,1228187451,,,,,,
Sub-Saharan Africa,ZG,SSF,2023,,2026-07-13,4809.48422824725,62.6027406477464,1258809472,,,,,,
Sub-Saharan Africa,ZG,SSF,2000,,2026-07-13,3536.74164552249,51.6437803457957,680768792,,,,,,
Sub-Saharan Africa,ZG,SSF,2001,,2026-07-13,3594.49268935584,51.9857897497051,699215347,,,,,,
Sub-Saharan Africa,ZG,SSF,2002,,2026-07-13,3734.54815647759,52.3560404373729,718276009,,,,,,
Sub-Saharan Africa,ZG,SSF,2003,,2026-07-13,3789.70221048341,52.8261333445824,737918076,,,,,,
Sub-Saharan Africa,ZG,SSF,2004,,2026-07-13,3941.14291024738,53.3453281368772,758237956,,,,,,
Sub-Saharan Africa,ZG,SSF,2005,,2026-07-13,4067.54686495063,53.8922539208949,779233636,,,,,,
Sub-Saharan Africa,ZG,SSF,2006,,2026-07-13,4198.85922825456,54.589354695264,800828364,,,,,,
Sub-Saharan Africa,ZG,SSF,2010,,2026-07-13,4632.84408191438,57.107097844285,894259855,,,,,,
Sub-Saharan Africa,ZG,SSF,2009,,2026-07-13,4479.1406301998,56.367784162949,869926373,,,,,,
Sub-Saharan Africa,ZG,SSF,2007,,2026-07-13,4337.79844704611,55.2628174960913,823124982,,,,,,
Sub-Saharan Africa,ZG,SSF,2008,,2026-07-13,4445.5273501557,55.8870079518376,846224198,,,,,,
Sub-Saharan Africa,ZG,SSF,2011,,2026-07-13,4713.42233131106,57.4734640185534,919112234,,,,,,
Sub-Saharan Africa,ZG,SSF,2012,,2026-07-13,4775.8739329678,58.2283469511484,944523292,,,,,,
Sub-Saharan Africa (excluding high income),ZF,SSA,2009,,2026-07-13,4477.4566945111,56.3661066129672,869839075,Aggregates,,,,Aggregates,Aggregates
Sub-Saharan Africa (excluding high income),ZF,SSA,2010,,2026-07-13,4631.14077014951,57.1054824459401,894170085,Aggregates,,,,Aggregates,Aggregates
Sub-Saharan Africa (excluding high income),ZF,SSA,2000,,2026-07-13,3534.70587189064,51.6412613573806,680687661,Aggregates,,,,Aggregates,Aggregates
Sub-Saharan Africa (excluding high income),ZF,SSA,2001,,2026-07-13,3592.57344712939,51.9833195606955,699134145,Aggregates,,,,Aggregates,Aggregates
Sub-Saharan Africa (excluding high income),ZF,SSA,2002,,2026-07-13,3732.68238996596,52.3538567888642,718192286,Aggregates,,,,Aggregates,Aggregates
Sub-Saharan Africa (excluding high income),ZF,SSA,2003,,2026-07-13,3788.02167205614,52.8240910544882,737835295,Aggregates,,,,Aggregates,Aggregates
Sub-Saharan Africa (excluding high income),ZF,SSA,2004,,2026-07-13,3939.58298141437,53.3432269082173,758155481,Aggregates,,,,Aggregates,Aggregates
Sub-Saharan Africa (excluding high income),ZF,SSA,2005,,2026-07-13,4065.86938644099,53.8903142647049,779150778,Aggregates,,,,Aggregates,Aggregates
Sub-Saharan Africa (excluding high income),ZF,SSA,2006,,2026-07-13,4197.05577656382,54.5874922955175,800743764,Aggregates,,,,Aggregates,Aggregates
Sub-Saharan Africa (excluding high income),ZF,SSA,2007,,2026-07-13,4335.8656884027,55.2609700981639,823039949,Aggregates,,,,Aggregates,Aggregates
Sub-Saharan Africa (excluding high income),ZF,SSA,2008,,2026-07-13,4443.73351543474,55.8852324866472,846137242,Aggregates,,,,Aggregates,Aggregates
Sub-Saharan Africa (excluding high income),ZF,SSA,2021,,2026-07-13,4718.40031939935,60.701952995968,1197970464,Aggregates,,,,Aggregates,Aggregates
Sub-Saharan Africa (excluding high income),ZF,SSA,2022,,2026-07-13,4793.06085560333,61.855676568586,1228067573,Aggregates,,,,Aggregates,Aggregates
Sub-Saharan Africa (excluding high income),ZF,SSA,2023,,2026-07-13,4807.21723713092,62.6015210435979,1258689699,Aggregates,,,,Aggregates,Aggregates
Sub-Saharan Africa (excluding high income),ZF,SSA,2011,,2026-07-13,4711.55900120705,57.472012962771,919024793,Aggregates,,,,Aggregates,Aggregates
Sub-Saharan Africa (excluding high income),ZF,SSA,2012,,2026-07-13,4774.00118699953,58.2268465604768,944434989,Aggregates,,,,Aggregates,Aggregates
Sub-Saharan Africa (excluding high income),ZF,SSA,2013,,2026-07-13,4894.49542314043,58.716889879682,970656363,Aggregates,,,,Aggregates,Aggregates
Sub-Saharan Africa (excluding high income),ZF,SSA,2014,,2026-07-13,5001.112536621,58.9844549293868,997334872,Aggregates,,,,Aggregates,Aggregates
Sub-Saharan Africa (excluding high income),ZF,SSA,2015,,2026-07-13,5017.95424219798,59.3975354580919,1024566002,Aggregates,,,,Aggregates,Aggregates
Sub-Saharan Africa (excluding high income),ZF,SSA,2016,,2026-07-13,4954.34861846369,59.8109397138943,1052072062,Aggregates,,,,Aggregates,Aggregates
Sub-Saharan Africa (excluding high income),ZF,SSA,2017,,2026-07-13,4950.9087329327,60.1572303772595,1080113050,Aggregates,,,,Aggregates,Aggregates
Sub-Saharan Africa (excluding high income),ZF,SSA,2018,,2026-07-13,4960.78415927401,60.7658407661798,1109099666,Aggregates,,,,Aggregates,Aggregates
Sub-Saharan Africa (excluding high income),ZF,SSA,2019,,2026-07-13,4960.03991221743,61.1283093108513,1138374850,Aggregates,,,,Aggregates,Aggregates
Sub-Saharan Africa (excluding high income),ZF,SSA,2020,,2026-07-13,4675.79132727431,61.1663194682411,1168035323,Aggregates,,,,Aggregates,Aggregates
Sub-Saharan Africa (IDA & IBRD countries),T6,TSS,2011,,2026-07-13,4713.42233131106,57.4734640185534,919112234,Aggregates,,,,Aggregates,Aggregates
Sub-Saharan Africa (IDA & IBRD countries),T6,TSS,2012,,2026-07-13,4775.8739329678,58.2283469511484,944523292,Aggregates,,,,Aggregates,Aggregates
Sub-Saharan Africa (IDA & IBRD countries),T6,TSS,2013,,2026-07-13,4896.32543067071,58.7182244214244,970746312,Aggregates,,,,Aggregates,Aggregates
Sub-Saharan Africa (IDA & IBRD countries),T6,TSS,2014,,2026-07-13,5002.96695140382,58.985759679416,997426231,Aggregates,,,,Aggregates,Aggregates
Sub-Saharan Africa (IDA & IBRD countries),T6,TSS,2015,,2026-07-13,5019.95019038994,59.3988936826923,1024659421,Aggregates,,,,Aggregates,Aggregates
Sub-Saharan Africa (IDA & IBRD countries),T6,TSS,2016,,2026-07-13,4956.58486807326,59.8122443592399,1052166739,Aggregates,,,,Aggregates,Aggregates
Sub-Saharan Africa (IDA & IBRD countries),T6,TSS,2017,,2026-07-13,4953.2648572016,60.1584852136877,1080208893,Aggregates,,,,Aggregates,Aggregates
Sub-Saharan Africa (IDA & IBRD countries),T6,TSS,2018,,2026-07-13,4963.20882492551,60.7668941967258,1109196428,Aggregates,,,,Aggregates,Aggregates
Sub-Saharan Africa (IDA & IBRD countries),T6,TSS,2019,,2026-07-13,4962.55290682237,61.129417043288,1138472475,Aggregates,,,,Aggregates,Aggregates
Sub-Saharan Africa (IDA & IBRD countries),T6,TSS,2020,,2026-07-13,4677.92219768928,61.1676740309985,1168133785,Aggregates,,,,Aggregates,Aggregates
Sub-Saharan Africa (IDA & IBRD countries),T6,TSS,2021,,2026-07-13,4720.48407808675,60.7030048050853,1198069722,Aggregates,,,,Aggregates,Aggregates
Sub-Saharan Africa (IDA & IBRD countries),T6,TSS,2022,,2026-07-13,4795.24715624599,61.8569116778883,1228187451,Aggregates,,,,Aggregates,Aggregates
Sub-Saharan Africa (IDA & IBRD countries),T6,TSS,2023,,2026-07-13,4809.48422824725,62.6027406477464,1258809472,Aggregates,,,,Aggregates,Aggregates
Sub-Saharan Africa (IDA & IBRD countries),T6,TSS,2010,,2026-07-13,4632.84408191438,57.107097844285,894259855,Aggregates,,,,Aggregates,Aggregates
Sub-Saharan Africa (IDA & IBRD countries),T6,TSS,2002,,2026-07-13,3734.54815647759,52.3560404373729,718276009,Aggregates,,,,Aggregates,Aggregates
Sub-Saharan Africa (IDA & IBRD countries),T6,TSS,2003,,2026-07-13,3789.70221048341,52.8261333445824,737918076,Aggregates,,,,Aggregates,Aggregates
Sub-Saharan Africa (IDA & IBRD countries),T6,TSS,2000,,2026-07-13,3536.74164552249,51.6437803457957,680768792,Aggregates,,,,Aggregates,Aggregates
Sub-Saharan Africa (IDA & IBRD countries),T6,TSS,2001,,2026-07-13,3594.49268935584,51.9857897497051,699215347,Aggregates,,,,Aggregates,Aggregates
Sub-Saharan Africa (IDA & IBRD countries),T6,TSS,2006,,2026-07-13,4198.85922825456,54.589354695264,800828364,Aggregates,,,,Aggregates,Aggregates
Sub-Saharan Africa (IDA & IBRD countries),T6,TSS,2007,,2026-07-13,4337.79844704611,55.2628174960913,823124982,Aggregates,,,,Aggregates,Aggregates
Sub-Saharan Africa (IDA & IBRD countries),T6,TSS,2004,,2026-07-13,3941.14291024738,53.3453281368772,758237956,Aggregates,,,,Aggregates,Aggregates
Sub-Saharan Africa (IDA & IBRD countries),T6,TSS,2005,,2026-07-13,4067.54686495063,53.8922539208949,779233636,Aggregates,,,,Aggregates,Aggregates
Sub-Saharan Africa (IDA & IBRD countries),T6,TSS,2008,,2026-07-13,4445.5273501557,55.8870079518376,846224198,Aggregates,,,,Aggregates,Aggregates
Sub-Saharan Africa (IDA & IBRD countries),T6,TSS,2009,,2026-07-13,4479.1406301998,56.367784162949,869926373,Aggregates,,,,Aggregates,Aggregates
Sudan,SD,SDN,2001,,2026-07-13,3701.548828125,59.264,28516770,Sub-Saharan Africa,Khartoum,32.5363,15.5932,Low income,IDA
Sudan,SD,SDN,2002,,2026-07-13,3814.31323242188,59.308,29228727,Sub-Saharan Africa,Khartoum,32.5363,15.5932,Low income,IDA
Sudan,SD,SDN,2000,,2026-07-13,3575.85205078125,58.946,27816745,Sub-Saharan Africa,Khartoum,32.5363,15.5932,Low income,IDA
Sudan,SD,SDN,2013,,2026-07-13,4130.48583984375,63.443,37785849,Sub-Saharan Africa,Khartoum,32.5363,15.5932,Low income,IDA
Sudan,SD,SDN,2014,,2026-07-13,4207.50048828125,63.99,38823318,Sub-Saharan Africa,Khartoum,32.5363,15.5932,Low income,IDA
Sudan,SD,SDN,2015,,2026-07-13,4159.1943359375,64.375,40024431,Sub-Saharan Africa,Khartoum,32.5363,15.5932,Low income,IDA
Sudan,SD,SDN,2003,,2026-07-13,3946.92260742188,58.319,29896035,Sub-Saharan Africa,Khartoum,32.5363,15.5932,Low income,IDA
Sudan,SD,SDN,2004,,2026-07-13,4041.05712890625,56.773,30556637,Sub-Saharan Africa,Khartoum,32.5363,15.5932,Low income,IDA
Sudan,SD,SDN,2005,,2026-07-13,4152.32275390625,57.226,31262444,Sub-Saharan Africa,Khartoum,32.5363,15.5932,Low income,IDA
Sudan,SD,SDN,2006,,2026-07-13,4299.97412109375,60.4,31992435,Sub-Saharan Africa,Khartoum,32.5363,15.5932,Low income,IDA
Sudan,SD,SDN,2007,,2026-07-13,4415.78515625,61.442,32764135,Sub-Saharan Africa,Khartoum,32.5363,15.5932,Low income,IDA
Sudan,SD,SDN,2008,,2026-07-13,4446.40966796875,61.261,33623980,Sub-Saharan Africa,Khartoum,32.5363,15.5932,Low income,IDA
Sudan,SD,SDN,2009,,2026-07-13,4188.0546875,62.676,34569113,Sub-Saharan Africa,Khartoum,32.5363,15.5932,Low income,IDA
Sudan,SD,SDN,2010,,2026-07-13,4219.8369140625,62.979,35414399,Sub-Saharan Africa,Khartoum,32.5363,15.5932,Low income,IDA
Sudan,SD,SDN,2011,,2026-07-13,4467.6259765625,63.181,36140806,Sub-Saharan Africa,Khartoum,32.5363,15.5932,Low income,IDA
Sudan,SD,SDN,2012,,2026-07-13,4145.931640625,63.427,36923178,Sub-Saharan Africa,Khartoum,32.5363,15.5932,Low income,IDA
Sudan,SD,SDN,2017,,2026-07-13,4061.01831054688,65.146,42714306,Sub-Saharan Africa,Khartoum,32.5363,15.5932,Low income,IDA
Sudan,SD,SDN,2018,,2026-07-13,3816.65991210938,65.501,44230596,Sub-Saharan Africa,Khartoum,32.5363,15.5932,Low income,IDA
Sudan,SD,SDN,2019,,2026-07-13,3625.52319335938,65.803,45548175,Sub-Saharan Africa,Khartoum,32.5363,15.5932,Low income,IDA
Sudan,SD,SDN,2016,,2026-07-13,4174.56103515625,64.677,41259892,Sub-Saharan Africa,Khartoum,32.5363,15.5932,Low income,IDA
Sudan,SD,SDN,2021,,2026-07-13,3248.9755859375,64.46,48066924,Sub-Saharan Africa,Khartoum,32.5363,15.5932,Low income,IDA
Sudan,SD,SDN,2022,,2026-07-13,3132.0771484375,65.695,49383346,Sub-Saharan Africa,Khartoum,32.5363,15.5932,Low income,IDA
Sudan,SD,SDN,2023,,2026-07-13,2181.0791015625,66.331,50042791,Sub-Saharan Africa,Khartoum,32.5363,15.5932,Low income,IDA
Sudan,SD,SDN,2020,,2026-07-13,3401.24975585938,65.124,46789231,Sub-Saharan Africa,Khartoum,32.5363,15.5932,Low income,IDA
Suriname,SR,SUR,2003,,2026-07-13,17383.5015505612,65.778,506414,Latin America & Caribbean,Paramaribo,-55.1679,5.8232,Upper middle income,Blend
Suriname,SR,SUR,2004,,2026-07-13,18585.5170864176,66.362,513923,Latin America & Caribbean,Paramaribo,-55.1679,5.8232,Upper middle income,Blend
Suriname,SR,SUR,2005,,2026-07-13,19220.2839696605,66.997,519313,Latin America & Caribbean,Paramaribo,-55.1679,5.8232,Upper middle income,Blend
Suriname,SR,SUR,2014,,2026-07-13,24414.3554759734,70.33,575373,Latin America & Caribbean,Paramaribo,-55.1679,5.8232,Upper middle income,Blend
Suriname,SR,SUR,2015,,2026-07-13,23327.5252497447,70.567,581627,Latin America & Caribbean,Paramaribo,-55.1679,5.8232,Upper middle income,Blend
Suriname,SR,SUR,2016,,2026-07-13,21950.4122148625,70.979,587757,Latin America & Caribbean,Paramaribo,-55.1679,5.8232,Upper middle income,Blend
Suriname,SR,SUR,2017,,2026-07-13,22070.5137570835,71.247,593713,Latin America & Caribbean,Paramaribo,-55.1679,5.8232,Upper middle income,Blend
Suriname,SR,SUR,2018,,2026-07-13,22938.5353715545,71.468,599513,Latin America & Caribbean,Paramaribo,-55.1679,5.8232,Upper middle income,Blend
Suriname,SR,SUR,2006,,2026-07-13,20113.6707547695,67.643,524997,Latin America & Caribbean,Paramaribo,-55.1679,5.8232,Upper middle income,Blend
Suriname,SR,SUR,2007,,2026-07-13,20902.1391589279,68.307,531016,Latin America & Caribbean,Paramaribo,-55.1679,5.8232,Upper middle income,Blend
Suriname,SR,SUR,2008,,2026-07-13,21515.8119551093,68.873,537245,Latin America & Caribbean,Paramaribo,-55.1679,5.8232,Upper middle income,Blend
Suriname,SR,SUR,2009,,2026-07-13,21906.4105447498,69.323,543568,Latin America & Caribbean,Paramaribo,-55.1679,5.8232,Upper middle income,Blend
Suriname,SR,SUR,2010,,2026-07-13,22772.4754543689,69.626,549923,Latin America & Caribbean,Paramaribo,-55.1679,5.8232,Upper middle income,Blend
Suriname,SR,SUR,2011,,2026-07-13,23829.5332856393,69.82,556269,Latin America & Caribbean,Paramaribo,-55.1679,5.8232,Upper middle income,Blend
Suriname,SR,SUR,2012,,2026-07-13,24193.8412373922,69.957,562633,Latin America & Caribbean,Paramaribo,-55.1679,5.8232,Upper middle income,Blend
Suriname,SR,SUR,2013,,2026-07-13,24624.0219854601,70.11,569020,Latin America & Caribbean,Paramaribo,-55.1679,5.8232,Upper middle income,Blend
Suriname,SR,SUR,2000,,2026-07-13,16220.1790603262,64.409,476643,Latin America & Caribbean,Paramaribo,-55.1679,5.8232,Upper middle income,Blend
Suriname,SR,SUR,2001,,2026-07-13,16556.9440609927,64.82,486560,Latin America & Caribbean,Paramaribo,-55.1679,5.8232,Upper middle income,Blend
Suriname,SR,SUR,2002,,2026-07-13,16678.0718706582,65.274,496551,Latin America & Caribbean,Paramaribo,-55.1679,5.8232,Upper middle income,Blend
Suriname,SR,SUR,2019,,2026-07-13,22966.7405999124,71.773,605768,Latin America & Caribbean,Paramaribo,-55.1679,5.8232,Upper middle income,Blend
Suriname,SR,SUR,2020,,2026-07-13,19091.3617184226,72.321,612317,Latin America & Caribbean,Paramaribo,-55.1679,5.8232,Upper middle income,Blend
Suriname,SR,SUR,2021,,2026-07-13,18458.234999681,68.943,617896,Latin America & Caribbean,Paramaribo,-55.1679,5.8232,Upper middle income,Blend
Suriname,SR,SUR,2022,,2026-07-13,18742.5873760369,73.254,623164,Latin America & Caribbean,Paramaribo,-55.1679,5.8232,Upper middle income,Blend
Suriname,SR,SUR,2023,,2026-07-13,19020.8663751009,73.631,628886,Latin America & Caribbean,Paramaribo,-55.1679,5.8232,Upper middle income,Blend
Sweden,SE,SWE,2020,,2026-07-13,59458.2805291969,82.3560975609756,10353442,Europe & Central Asia,Stockholm,18.0645,59.3327,High income,Not classified
Sweden,SE,SWE,2021,,2026-07-13,62190.8526983825,83.0560975609756,10415811,Europe & Central Asia,Stockholm,18.0645,59.3327,High income,Not classified
Sweden,SE,SWE,2022,,2026-07-13,62544.5002248644,83.0585365853659,10486941,Europe & Central Asia,Stockholm,18.0645,59.3327,High income,Not classified
Sweden,SE,SWE,2019,,2026-07-13,61070.5243445838,83.109756097561,10278887,Europe & Central Asia,Stockholm,18.0645,59.3327,High income,Not classified
Sweden,SE,SWE,2000,,2026-07-13,47868.5077292571,79.6439024390244,8872109,Europe & Central Asia,Stockholm,18.0645,59.3327,High income,Not classified
Sweden,SE,SWE,2001,,2026-07-13,48389.8185132591,79.7951219512195,8895960,Europe & Central Asia,Stockholm,18.0645,59.3327,High income,Not classified
Sweden,SE,SWE,2002,,2026-07-13,49331.2032555738,79.8463414634146,8924958,Europe & Central Asia,Stockholm,18.0645,59.3327,High income,Not classified
Sweden,SE,SWE,2003,,2026-07-13,50072.4736462925,80.0951219512195,8958229,Europe & Central Asia,Stockholm,18.0645,59.3327,High income,Not classified
Sweden,SE,SWE,2004,,2026-07-13,51960.5321902953,80.4975609756098,8993531,Europe & Central Asia,Stockholm,18.0645,59.3327,High income,Not classified
Sweden,SE,SWE,2005,,2026-07-13,53198.67120001,80.5463414634146,9029572,Europe & Central Asia,Stockholm,18.0645,59.3327,High income,Not classified
Sweden,SE,SWE,2006,,2026-07-13,55373.9338115393,80.7487804878049,9080505,Europe & Central Asia,Stockholm,18.0645,59.3327,High income,Not classified
Sweden,SE,SWE,2007,,2026-07-13,56737.3689179302,80.9,9148092,Europe & Central Asia,Stockholm,18.0645,59.3327,High income,Not classified
Sweden,SE,SWE,2023,,2026-07-13,62122.5116950792,83.309756097561,10536632,Europe & Central Asia,Stockholm,18.0645,59.3327,High income,Not classified
Sweden,SE,SWE,2009,,2026-07-13,52950.7103332467,81.3512195121951,9298515,Europe & Central Asia,Stockholm,18.0645,59.3327,High income,Not classified
Sweden,SE,SWE,2010,,2026-07-13,55520.4324178534,81.4512195121951,9378126,Europe & Central Asia,Stockholm,18.0645,59.3327,High income,Not classified
Sweden,SE,SWE,2011,,2026-07-13,56846.1368290625,81.8024390243903,9449213,Europe & Central Asia,Stockholm,18.0645,59.3327,High income,Not classified
Sweden,SE,SWE,2012,,2026-07-13,56193.3287488246,81.7048780487805,9519374,Europe & Central Asia,Stockholm,18.0645,59.3327,High income,Not classified
Sweden,SE,SWE,2013,,2026-07-13,56353.0856347897,81.9560975609756,9600379,Europe & Central Asia,Stockholm,18.0645,59.3327,High income,Not classified
Sweden,SE,SWE,2014,,2026-07-13,57077.6693544196,82.2536585365854,9696110,Europe & Central Asia,Stockholm,18.0645,59.3327,High income,Not classified
Sweden,SE,SWE,2015,,2026-07-13,58955.6412361461,82.2048780487805,9799186,Europe & Central Asia,Stockholm,18.0645,59.3327,High income,Not classified
Sweden,SE,SWE,2016,,2026-07-13,59460.2872722689,82.3073170731707,9923085,Europe & Central Asia,Stockholm,18.0645,59.3327,High income,Not classified
Sweden,SE,SWE,2017,,2026-07-13,59769.0136237,82.409756097561,10057698,Europe & Central Asia,Stockholm,18.0645,59.3327,High income,Not classified
Sweden,SE,SWE,2018,,2026-07-13,60124.5711994179,82.5585365853659,10175214,Europe & Central Asia,Stockholm,18.0645,59.3327,High income,Not classified
Sweden,SE,SWE,2008,,2026-07-13,55777.3973050094,81.1,9219637,Europe & Central Asia,Stockholm,18.0645,59.3327,High income,Not classified
Switzerland,CH,CHE,2010,,2026-07-13,76308.8064520802,82.2463414634147,7824909,Europe & Central Asia,Bern,7.44821,46.948,High income,Not classified
Switzerland,CH,CHE,2011,,2026-07-13,76527.3361539945,82.6951219512195,7912398,Europe & Central Asia,Bern,7.44821,46.948,High income,Not classified
Switzerland,CH,CHE,2000,,2026-07-13,68834.8179906591,79.6804878048781,7184250,Europe & Central Asia,Bern,7.44821,46.948,High income,Not classified
Switzerland,CH,CHE,2001,,2026-07-13,69489.6995050103,80.1804878048781,7229854,Europe & Central Asia,Bern,7.44821,46.948,High income,Not classified
Switzerland,CH,CHE,2002,,2026-07-13,69228.3683320733,80.3853658536585,7284753,Europe & Central Asia,Bern,7.44821,46.948,High income,Not classified
Switzerland,CH,CHE,2003,,2026-07-13,68521.3420292943,80.5365853658537,7339001,Europe & Central Asia,Bern,7.44821,46.948,High income,Not classified
Switzerland,CH,CHE,2004,,2026-07-13,69812.378758031,81.0878048780488,7389625,Europe & Central Asia,Bern,7.44821,46.948,High income,Not classified
Switzerland,CH,CHE,2005,,2026-07-13,71414.3495582368,81.2365853658537,7437115,Europe & Central Asia,Bern,7.44821,46.948,High income,Not classified
Switzerland,CH,CHE,2006,,2026-07-13,73901.6149628577,81.490243902439,7483934,Europe & Central Asia,Bern,7.44821,46.948,High income,Not classified
Switzerland,CH,CHE,2007,,2026-07-13,76161.5600232116,81.7414634146342,7551117,Europe & Central Asia,Bern,7.44821,46.948,High income,Not classified
Switzerland,CH,CHE,2008,,2026-07-13,77103.7188320632,81.9926829268293,7647675,Europe & Central Asia,Bern,7.44821,46.948,High income,Not classified
Switzerland,CH,CHE,2009,,2026-07-13,74672.9512725807,82.0439024390244,7743831,Europe & Central Asia,Bern,7.44821,46.948,High income,Not classified
Switzerland,CH,CHE,2022,,2026-07-13,85762.2829174304,83.6048780487805,8777088,Europe & Central Asia,Bern,7.44821,46.948,High income,Not classified
Switzerland,CH,CHE,2023,,2026-07-13,85383.3564504008,84.1560975609756,8888822,Europe & Central Asia,Bern,7.44821,46.948,High income,Not classified
Switzerland,CH,CHE,2015,,2026-07-13,78325.7487417695,82.8975609756098,8282396,Europe & Central Asia,Bern,7.44821,46.948,High income,Not classified
Switzerland,CH,CHE,2012,,2026-07-13,76570.2378987121,82.6975609756098,7996861,Europe & Central Asia,Bern,7.44821,46.948,High income,Not classified
Switzerland,CH,CHE,2013,,2026-07-13,77084.6656456739,82.7975609756098,8089346,Europe & Central Asia,Bern,7.44821,46.948,High income,Not classified
Switzerland,CH,CHE,2014,,2026-07-13,78086.6805249841,83.1975609756098,8188649,Europe & Central Asia,Bern,7.44821,46.948,High income,Not classified
Switzerland,CH,CHE,2019,,2026-07-13,81694.630652314,83.9048780487805,8575280,Europe & Central Asia,Bern,7.44821,46.948,High income,Not classified
Switzerland,CH,CHE,2016,,2026-07-13,78956.0667315042,83.6024390243903,8373338,Europe & Central Asia,Bern,7.44821,46.948,High income,Not classified
Switzerland,CH,CHE,2017,,2026-07-13,79333.7437810881,83.5512195121951,8451840,Europe & Central Asia,Bern,7.44821,46.948,High income,Not classified
Switzerland,CH,CHE,2018,,2026-07-13,81371.8944120855,83.7536585365854,8514329,Europe & Central Asia,Bern,7.44821,46.948,High income,Not classified
Switzerland,CH,CHE,2020,,2026-07-13,79270.8713687141,83,8638167,Europe & Central Asia,Bern,7.44821,46.948,High income,Not classified
Switzerland,CH,CHE,2021,,2026-07-13,83524.9832880195,83.7512195121951,8704546,Europe & Central Asia,Bern,7.44821,46.948,High income,Not classified
Syrian Arab Republic,SY,SYR,2014,,2026-07-13,5414.37509688242,65.492,20273659,"Middle East, North Africa, Afghanistan & Pakistan",Damascus,36.3119,33.5146,Low income,IDA
Syrian Arab Republic,SY,SYR,2012,,2026-07-13,7296.32886794228,66.206,22759763,"Middle East, North Africa, Afghanistan & Pakistan",Damascus,36.3119,33.5146,Low income,IDA
Syrian Arab Republic,SY,SYR,2013,,2026-07-13,5648.60213025874,65.146,21666917,"Middle East, North Africa, Afghanistan & Pakistan",Damascus,36.3119,33.5146,Low income,IDA
Syrian Arab Republic,SY,SYR,2000,,2026-07-13,7973.98131632478,70.856,16637888,"Middle East, North Africa, Afghanistan & Pakistan",Damascus,36.3119,33.5146,Low income,IDA
Syrian Arab Republic,SY,SYR,2015,,2026-07-13,5414.83905242808,63.265,19424618,"Middle East, North Africa, Afghanistan & Pakistan",Damascus,36.3119,33.5146,Low income,IDA
Syrian Arab Republic,SY,SYR,2016,,2026-07-13,5128.91822862296,65.19,19193834,"Middle East, North Africa, Afghanistan & Pakistan",Damascus,36.3119,33.5146,Low income,IDA
Syrian Arab Republic,SY,SYR,2017,,2026-07-13,5083.65173888422,65.651,19224668,"Middle East, North Africa, Afghanistan & Pakistan",Damascus,36.3119,33.5146,Low income,IDA
Syrian Arab Republic,SY,SYR,2018,,2026-07-13,5061.49399424562,67.371,19577845,"Middle East, North Africa, Afghanistan & Pakistan",Damascus,36.3119,33.5146,Low income,IDA
Syrian Arab Republic,SY,SYR,2019,,2026-07-13,4928.02885412028,70.97,20353534,"Middle East, North Africa, Afghanistan & Pakistan",Damascus,36.3119,33.5146,Low income,IDA
Syrian Arab Republic,SY,SYR,2020,,2026-07-13,4810.61072632598,71.944,21049429,"Middle East, North Africa, Afghanistan & Pakistan",Damascus,36.3119,33.5146,Low income,IDA
Syrian Arab Republic,SY,SYR,2021,,2026-07-13,4765.52911357702,72.418,21628839,"Middle East, North Africa, Afghanistan & Pakistan",Damascus,36.3119,33.5146,Low income,IDA
Syrian Arab Republic,SY,SYR,2022,,2026-07-13,4579.43973633341,72.79,22462173,"Middle East, North Africa, Afghanistan & Pakistan",Damascus,36.3119,33.5146,Low income,IDA
Syrian Arab Republic,SY,SYR,2023,,2026-07-13,,72.12,23594623,"Middle East, North Africa, Afghanistan & Pakistan",Damascus,36.3119,33.5146,Low income,IDA
Syrian Arab Republic,SY,SYR,2010,,2026-07-13,9749.57445219825,73.542,22482421,"Middle East, North Africa, Afghanistan & Pakistan",Damascus,36.3119,33.5146,Low income,IDA
Syrian Arab Republic,SY,SYR,2011,,2026-07-13,9854.03380162757,72.259,22878098,"Middle East, North Africa, Afghanistan & Pakistan",Damascus,36.3119,33.5146,Low income,IDA
Syrian Arab Republic,SY,SYR,2003,,2026-07-13,8351.46523749691,72.188,17889296,"Middle East, North Africa, Afghanistan & Pakistan",Damascus,36.3119,33.5146,Low income,IDA
Syrian Arab Republic,SY,SYR,2004,,2026-07-13,8710.00892967907,72.494,18336875,"Middle East, North Africa, Afghanistan & Pakistan",Damascus,36.3119,33.5146,Low income,IDA
Syrian Arab Republic,SY,SYR,2001,,2026-07-13,8075.78409924022,71.296,17051338,"Middle East, North Africa, Afghanistan & Pakistan",Damascus,36.3119,33.5146,Low income,IDA
Syrian Arab Republic,SY,SYR,2002,,2026-07-13,8502.49347216329,71.742,17468332,"Middle East, North Africa, Afghanistan & Pakistan",Damascus,36.3119,33.5146,Low income,IDA
Syrian Arab Republic,SY,SYR,2007,,2026-07-13,9017.08718303559,73.256,20884125,"Middle East, North Africa, Afghanistan & Pakistan",Damascus,36.3119,33.5146,Low income,IDA
Syrian Arab Republic,SY,SYR,2008,,2026-07-13,9093.12956891463,73.368,21636564,"Middle East, North Africa, Afghanistan & Pakistan",Damascus,36.3119,33.5146,Low income,IDA
Syrian Arab Republic,SY,SYR,2005,,2026-07-13,9016.72035122178,72.797,18814091,"Middle East, North Africa, Afghanistan & Pakistan",Damascus,36.3119,33.5146,Low income,IDA
Syrian Arab Republic,SY,SYR,2006,,2026-07-13,9074.77248149943,73.04,19637022,"Middle East, North Africa, Afghanistan & Pakistan",Damascus,36.3119,33.5146,Low income,IDA
Syrian Arab Republic,SY,SYR,2009,,2026-07-13,9481.56997895749,73.496,21976969,"Middle East, North Africa, Afghanistan & Pakistan",Damascus,36.3119,33.5146,Low income,IDA
Tajikistan,TJ,TJK,2002,,2026-07-13,1594.93890470219,64.898,6531669,Europe & Central Asia,Dushanbe,68.7864,38.5878,Lower middle income,IDA
Tajikistan,TJ,TJK,2003,,2026-07-13,1736.64039749855,65.874,6658575,Europe & Central Asia,Dushanbe,68.7864,38.5878,Lower middle income,IDA
Tajikistan,TJ,TJK,2000,,2026-07-13,1365.23327447129,63.542,6284735,Europe & Central Asia,Dushanbe,68.7864,38.5878,Lower middle income,IDA
Tajikistan,TJ,TJK,2001,,2026-07-13,1467.39882474638,64.197,6407377,Europe & Central Asia,Dushanbe,68.7864,38.5878,Lower middle income,IDA
Tajikistan,TJ,TJK,2014,,2026-07-13,2943.08867917317,69.697,8425552,Europe & Central Asia,Dushanbe,68.7864,38.5878,Lower middle income,IDA
Tajikistan,TJ,TJK,2015,,2026-07-13,3041.44479553257,69.665,8643840,Europe & Central Asia,Dushanbe,68.7864,38.5878,Lower middle income,IDA
Tajikistan,TJ,TJK,2016,,2026-07-13,3169.9667820524,69.982,8865631,Europe & Central Asia,Dushanbe,68.7864,38.5878,Lower middle income,IDA
Tajikistan,TJ,TJK,2004,,2026-07-13,1878.28696227255,66.604,6790547,Europe & Central Asia,Dushanbe,68.7864,38.5878,Lower middle income,IDA
Tajikistan,TJ,TJK,2005,,2026-07-13,1965.30020458256,66.531,6924720,Europe & Central Asia,Dushanbe,68.7864,38.5878,Lower middle income,IDA
Tajikistan,TJ,TJK,2006,,2026-07-13,2063.288508243,66.997,7057566,Europe & Central Asia,Dushanbe,68.7864,38.5878,Lower middle income,IDA
Tajikistan,TJ,TJK,2007,,2026-07-13,2181.89798056536,67.405,7194477,Europe & Central Asia,Dushanbe,68.7864,38.5878,Lower middle income,IDA
Tajikistan,TJ,TJK,2008,,2026-07-13,2308.09430040334,67.924,7338403,Europe & Central Asia,Dushanbe,68.7864,38.5878,Lower middle income,IDA
Tajikistan,TJ,TJK,2009,,2026-07-13,2349.50030269416,68.248,7490230,Europe & Central Asia,Dushanbe,68.7864,38.5878,Lower middle income,IDA
Tajikistan,TJ,TJK,2010,,2026-07-13,2449.27358745359,68.37,7652141,Europe & Central Asia,Dushanbe,68.7864,38.5878,Lower middle income,IDA
Tajikistan,TJ,TJK,2011,,2026-07-13,2572.48074895498,68.698,7824785,Europe & Central Asia,Dushanbe,68.7864,38.5878,Lower middle income,IDA
Tajikistan,TJ,TJK,2012,,2026-07-13,2700.09546037358,69.13,8014084,Europe & Central Asia,Dushanbe,68.7864,38.5878,Lower middle income,IDA
Tajikistan,TJ,TJK,2013,,2026-07-13,2828.38542075147,69.579,8216724,Europe & Central Asia,Dushanbe,68.7864,38.5878,Lower middle income,IDA
Tajikistan,TJ,TJK,2018,,2026-07-13,3479.69235966041,70.737,9307333,Europe & Central Asia,Dushanbe,68.7864,38.5878,Lower middle income,IDA
Tajikistan,TJ,TJK,2019,,2026-07-13,3649.88375518646,70.962,9529966,Europe & Central Asia,Dushanbe,68.7864,38.5878,Lower middle income,IDA
Tajikistan,TJ,TJK,2020,,2026-07-13,3724.7489591466,68.605,9749310,Europe & Central Asia,Dushanbe,68.7864,38.5878,Lower middle income,IDA
Tajikistan,TJ,TJK,2017,,2026-07-13,3312.71202243506,70.524,9085946,Europe & Central Asia,Dushanbe,68.7864,38.5878,Lower middle income,IDA
Tajikistan,TJ,TJK,2022,,2026-07-13,4213.75618362687,71.562,10182222,Europe & Central Asia,Dushanbe,68.7864,38.5878,Lower middle income,IDA
Tajikistan,TJ,TJK,2023,,2026-07-13,4472.3241378777,71.79,10389799,Europe & Central Asia,Dushanbe,68.7864,38.5878,Lower middle income,IDA
Tajikistan,TJ,TJK,2021,,2026-07-13,3985.91247611219,69.594,9966908,Europe & Central Asia,Dushanbe,68.7864,38.5878,Lower middle income,IDA
Tanzania,TZ,TZA,2006,,2026-07-13,2334.1044921875,58.512,40294902,Sub-Saharan Africa,Dodoma,35.7382,-6.17486,Lower middle income,IDA
Tanzania,TZ,TZA,2004,,2026-07-13,2155.24145507813,56.836,38109668,Sub-Saharan Africa,Dodoma,35.7382,-6.17486,Lower middle income,IDA
Tanzania,TZ,TZA,2005,,2026-07-13,2253.09326171875,57.675,39182076,Sub-Saharan Africa,Dodoma,35.7382,-6.17486,Lower middle income,IDA
Tanzania,TZ,TZA,2014,,2026-07-13,3027.56909179688,63.364,50351512,Sub-Saharan Africa,Dodoma,35.7382,-6.17486,Lower middle income,IDA
Tanzania,TZ,TZA,2015,,2026-07-13,3111.44458007813,63.928,52020962,Sub-Saharan Africa,Dodoma,35.7382,-6.17486,Lower middle income,IDA
Tanzania,TZ,TZA,2016,,2026-07-13,3214.24682617188,64.404,53824013,Sub-Saharan Africa,Dodoma,35.7382,-6.17486,Lower middle income,IDA
Tanzania,TZ,TZA,2017,,2026-07-13,3318.28833007813,64.963,55652890,Sub-Saharan Africa,Dodoma,35.7382,-6.17486,Lower middle income,IDA
Tanzania,TZ,TZA,2018,,2026-07-13,3392.68872070313,65.488,57437145,Sub-Saharan Africa,Dodoma,35.7382,-6.17486,Lower middle income,IDA
Tanzania,TZ,TZA,2019,,2026-07-13,3484.63256835938,66.007,59174891,Sub-Saharan Africa,Dodoma,35.7382,-6.17486,Lower middle income,IDA
Tanzania,TZ,TZA,2007,,2026-07-13,2423.61596679688,59.26,41435512,Sub-Saharan Africa,Dodoma,35.7382,-6.17486,Lower middle income,IDA
Tanzania,TZ,TZA,2008,,2026-07-13,2493.25927734375,59.896,42570728,Sub-Saharan Africa,Dodoma,35.7382,-6.17486,Lower middle income,IDA
Tanzania,TZ,TZA,2009,,2026-07-13,2560.81103515625,60.494,43633982,Sub-Saharan Africa,Dodoma,35.7382,-6.17486,Lower middle income,IDA
Tanzania,TZ,TZA,2010,,2026-07-13,2654.80346679688,61.127,44758488,Sub-Saharan Africa,Dodoma,35.7382,-6.17486,Lower middle income,IDA
Tanzania,TZ,TZA,2011,,2026-07-13,2779.70776367188,61.618,46029367,Sub-Saharan Africa,Dodoma,35.7382,-6.17486,Lower middle income,IDA
Tanzania,TZ,TZA,2012,,2026-07-13,2822.4853515625,62.286,47374260,Sub-Saharan Africa,Dodoma,35.7382,-6.17486,Lower middle income,IDA
Tanzania,TZ,TZA,2013,,2026-07-13,2924.86328125,62.788,48824128,Sub-Saharan Africa,Dodoma,35.7382,-6.17486,Lower middle income,IDA
Tanzania,TZ,TZA,2000,,2026-07-13,1839.93664550781,53.244,34260139,Sub-Saharan Africa,Dodoma,35.7382,-6.17486,Lower middle income,IDA
Tanzania,TZ,TZA,2001,,2026-07-13,1899.74536132813,54.124,35198299,Sub-Saharan Africa,Dodoma,35.7382,-6.17486,Lower middle income,IDA
Tanzania,TZ,TZA,2002,,2026-07-13,1982.64428710938,54.94,36121304,Sub-Saharan Africa,Dodoma,35.7382,-6.17486,Lower middle income,IDA
Tanzania,TZ,TZA,2003,,2026-07-13,2059.83740234375,55.929,37089555,Sub-Saharan Africa,Dodoma,35.7382,-6.17486,Lower middle income,IDA
Tanzania,TZ,TZA,2023,,2026-07-13,3620.79345703125,66.995,66617606,Sub-Saharan Africa,Dodoma,35.7382,-6.17486,Lower middle income,IDA
Tanzania,TZ,TZA,2020,,2026-07-13,3449.82153320313,66.771,60972798,Sub-Saharan Africa,Dodoma,35.7382,-6.17486,Lower middle income,IDA
Tanzania,TZ,TZA,2021,,2026-07-13,3493.0830078125,66.131,62830412,Sub-Saharan Africa,Dodoma,35.7382,-6.17486,Lower middle income,IDA
Tanzania,TZ,TZA,2022,,2026-07-13,3546.98095703125,66.879,64711821,Sub-Saharan Africa,Dodoma,35.7382,-6.17486,Lower middle income,IDA
Thailand,TH,THA,2020,,2026-07-13,19950.2844063147,77.331,71641484,East Asia & Pacific,Bangkok,100.521,13.7308,Upper middle income,IBRD
Thailand,TH,THA,2021,,2026-07-13,20236.9760408784,77.606,71727332,East Asia & Pacific,Bangkok,100.521,13.7308,Upper middle income,IBRD
Thailand,TH,THA,2022,,2026-07-13,20768.4800093577,75.291,71735329,East Asia & Pacific,Bangkok,100.521,13.7308,Upper middle income,IBRD
Thailand,TH,THA,2023,,2026-07-13,21245.2706771879,76.412,71702435,East Asia & Pacific,Bangkok,100.521,13.7308,Upper middle income,IBRD
Thailand,TH,THA,2008,,2026-07-13,15893.5084947968,74.221,67619830,East Asia & Pacific,Bangkok,100.521,13.7308,Upper middle income,IBRD
Thailand,TH,THA,2000,,2026-07-13,11623.7874580461,71.205,63007815,East Asia & Pacific,Bangkok,100.521,13.7308,Upper middle income,IBRD
Thailand,TH,THA,2001,,2026-07-13,11902.6109229705,71.52,63651141,East Asia & Pacific,Bangkok,100.521,13.7308,Upper middle income,IBRD
Thailand,TH,THA,2002,,2026-07-13,12513.5421967032,71.775,64266437,East Asia & Pacific,Bangkok,100.521,13.7308,Upper middle income,IBRD
Thailand,TH,THA,2003,,2026-07-13,13288.7481561137,72.101,64868166,East Asia & Pacific,Bangkok,100.521,13.7308,Upper middle income,IBRD
Thailand,TH,THA,2004,,2026-07-13,13998.521730812,72.1,65452047,East Asia & Pacific,Bangkok,100.521,13.7308,Upper middle income,IBRD
Thailand,TH,THA,2005,,2026-07-13,14459.825626203,72.894,66017420,East Asia & Pacific,Bangkok,100.521,13.7308,Upper middle income,IBRD
Thailand,TH,THA,2006,,2026-07-13,15052.6955101059,73.341,66567687,East Asia & Pacific,Bangkok,100.521,13.7308,Upper middle income,IBRD
Thailand,TH,THA,2007,,2026-07-13,15744.3652449147,73.779,67102394,East Asia & Pacific,Bangkok,100.521,13.7308,Upper middle income,IBRD
Thailand,TH,THA,2012,,2026-07-13,17871.5786477565,75.59,69436098,East Asia & Pacific,Bangkok,100.521,13.7308,Upper middle income,IBRD
Thailand,TH,THA,2009,,2026-07-13,15667.6047343164,74.669,68121080,East Asia & Pacific,Bangkok,100.521,13.7308,Upper middle income,IBRD
Thailand,TH,THA,2010,,2026-07-13,16732.187029014,75.012,68579447,East Asia & Pacific,Bangkok,100.521,13.7308,Upper middle income,IBRD
Thailand,TH,THA,2011,,2026-07-13,16768.1688542486,75.302,69007208,East Asia & Pacific,Bangkok,100.521,13.7308,Upper middle income,IBRD
Thailand,TH,THA,2016,,2026-07-13,19372.7128024107,76.769,70859841,East Asia & Pacific,Bangkok,100.521,13.7308,Upper middle income,IBRD
Thailand,TH,THA,2013,,2026-07-13,18244.4071505088,75.96,69845114,East Asia & Pacific,Bangkok,100.521,13.7308,Upper middle income,IBRD
Thailand,TH,THA,2014,,2026-07-13,18326.604873747,76.279,70216367,East Asia & Pacific,Bangkok,100.521,13.7308,Upper middle income,IBRD
Thailand,TH,THA,2015,,2026-07-13,18814.0408554566,76.563,70540795,East Asia & Pacific,Bangkok,100.521,13.7308,Upper middle income,IBRD
Thailand,TH,THA,2017,,2026-07-13,20096.8605455164,76.989,71160187,East Asia & Pacific,Bangkok,100.521,13.7308,Upper middle income,IBRD
Thailand,TH,THA,2018,,2026-07-13,20882.1707419576,77.19,71376079,East Asia & Pacific,Bangkok,100.521,13.7308,Upper middle income,IBRD
Thailand,TH,THA,2019,,2026-07-13,21280.1504518601,77.197,71522271,East Asia & Pacific,Bangkok,100.521,13.7308,Upper middle income,IBRD
Timor-Leste,TL,TLS,2000,,2026-07-13,3783.78329545739,58.097,745088,East Asia & Pacific,Dili,125.567,-8.56667,Lower middle income,Blend
Timor-Leste,TL,TLS,2012,,2026-07-13,4297.91482449132,64.384,1134885,East Asia & Pacific,Dili,125.567,-8.56667,Lower middle income,Blend
Timor-Leste,TL,TLS,2013,,2026-07-13,4340.27839503511,64.719,1158695,East Asia & Pacific,Dili,125.567,-8.56667,Lower middle income,Blend
Timor-Leste,TL,TLS,2001,,2026-07-13,4038.33571017769,58.772,812249,East Asia & Pacific,Dili,125.567,-8.56667,Lower middle income,Blend
Timor-Leste,TL,TLS,2002,,2026-07-13,3480.9884722922,59.477,879159,East Asia & Pacific,Dili,125.567,-8.56667,Lower middle income,Blend
Timor-Leste,TL,TLS,2003,,2026-07-13,3264.94647161828,60.13,916878,East Asia & Pacific,Dili,125.567,-8.56667,Lower middle income,Blend
Timor-Leste,TL,TLS,2004,,2026-07-13,3234.97583674338,60.743,929074,East Asia & Pacific,Dili,125.567,-8.56667,Lower middle income,Blend
Timor-Leste,TL,TLS,2005,,2026-07-13,3263.94446005573,61.272,948311,East Asia & Pacific,Dili,125.567,-8.56667,Lower middle income,Blend
Timor-Leste,TL,TLS,2006,,2026-07-13,3038.9523176563,61.881,976597,East Asia & Pacific,Dili,125.567,-8.56667,Lower middle income,Blend
Timor-Leste,TL,TLS,2007,,2026-07-13,3256.56980118129,62.396,1004889,East Asia & Pacific,Dili,125.567,-8.56667,Lower middle income,Blend
Timor-Leste,TL,TLS,2008,,2026-07-13,3530.88217479074,62.858,1032429,East Asia & Pacific,Dili,125.567,-8.56667,Lower middle income,Blend
Timor-Leste,TL,TLS,2009,,2026-07-13,3792.35831612987,63.265,1058782,East Asia & Pacific,Dili,125.567,-8.56667,Lower middle income,Blend
Timor-Leste,TL,TLS,2010,,2026-07-13,4047.24940614314,63.66,1084679,East Asia & Pacific,Dili,125.567,-8.56667,Lower middle income,Blend
Timor-Leste,TL,TLS,2011,,2026-07-13,4189.79978481015,64.022,1110207,East Asia & Pacific,Dili,125.567,-8.56667,Lower middle income,Blend
Timor-Leste,TL,TLS,2015,,2026-07-13,4467.80007184896,65.326,1205131,East Asia & Pacific,Dili,125.567,-8.56667,Lower middle income,Blend
Timor-Leste,TL,TLS,2016,,2026-07-13,4515.422459894,65.61,1228312,East Asia & Pacific,Dili,125.567,-8.56667,Lower middle income,Blend
Timor-Leste,TL,TLS,2017,,2026-07-13,4290.02709296562,65.898,1251703,East Asia & Pacific,Dili,125.567,-8.56667,Lower middle income,Blend
Timor-Leste,TL,TLS,2014,,2026-07-13,4445.35926887033,65.027,1181903,East Asia & Pacific,Dili,125.567,-8.56667,Lower middle income,Blend
Timor-Leste,TL,TLS,2019,,2026-07-13,5103.14964292207,66.496,1300945,East Asia & Pacific,Dili,125.567,-8.56667,Lower middle income,Blend
Timor-Leste,TL,TLS,2020,,2026-07-13,6594.8817078452,66.919,1326053,East Asia & Pacific,Dili,125.567,-8.56667,Lower middle income,Blend
Timor-Leste,TL,TLS,2021,,2026-07-13,6825.0458085995,66.199,1350139,East Asia & Pacific,Dili,125.567,-8.56667,Lower middle income,Blend
Timor-Leste,TL,TLS,2018,,2026-07-13,4188.84099191337,66.204,1275959,East Asia & Pacific,Dili,125.567,-8.56667,Lower middle income,Blend
Timor-Leste,TL,TLS,2023,,2026-07-13,4331.07792560386,67.689,1384286,East Asia & Pacific,Dili,125.567,-8.56667,Lower middle income,Blend
Timor-Leste,TL,TLS,2022,,2026-07-13,5348.49182701353,67.368,1369295,East Asia & Pacific,Dili,125.567,-8.56667,Lower middle income,Blend
Togo,TG,TGO,2015,,2026-07-13,2588.27260980499,59.23,7071502,Sub-Saharan Africa,Lome,1.2255,6.1228,Lower middle income,IDA
Togo,TG,TGO,2016,,2026-07-13,2648.90084835076,59.677,7200884,Sub-Saharan Africa,Lome,1.2255,6.1228,Lower middle income,IDA
Togo,TG,TGO,2014,,2026-07-13,2501.43253092917,58.776,6937644,Sub-Saharan Africa,Lome,1.2255,6.1228,Lower middle income,IDA
Togo,TG,TGO,2000,,2026-07-13,2321.9504188468,54.587,4783722,Sub-Saharan Africa,Lome,1.2255,6.1228,Lower middle income,IDA
Togo,TG,TGO,2001,,2026-07-13,2283.5849230071,54.757,4904144,Sub-Saharan Africa,Lome,1.2255,6.1228,Lower middle income,IDA
Togo,TG,TGO,2002,,2026-07-13,2312.96463035074,55.044,5027130,Sub-Saharan Africa,Lome,1.2255,6.1228,Lower middle income,IDA
Togo,TG,TGO,2017,,2026-07-13,2708.61122396846,60.145,7324386,Sub-Saharan Africa,Lome,1.2255,6.1228,Lower middle income,IDA
Togo,TG,TGO,2018,,2026-07-13,2787.56398409759,60.608,7458206,Sub-Saharan Africa,Lome,1.2255,6.1228,Lower middle income,IDA
Togo,TG,TGO,2019,,2026-07-13,2862.62661160331,61.061,7619925,Sub-Saharan Africa,Lome,1.2255,6.1228,Lower middle income,IDA
Togo,TG,TGO,2020,,2026-07-13,2861.29796240513,61.14,7788054,Sub-Saharan Africa,Lome,1.2255,6.1228,Lower middle income,IDA
Togo,TG,TGO,2021,,2026-07-13,2952.09730066985,61.337,7936176,Sub-Saharan Africa,Lome,1.2255,6.1228,Lower middle income,IDA
Togo,TG,TGO,2022,,2026-07-13,3086.40878742334,62.292,8068616,Sub-Saharan Africa,Lome,1.2255,6.1228,Lower middle income,IDA
Togo,TG,TGO,2023,,2026-07-13,3215.82300022488,62.74,8223850,Sub-Saharan Africa,Lome,1.2255,6.1228,Lower middle income,IDA
Togo,TG,TGO,2010,,2026-07-13,2181.59889262038,57.24,6325788,Sub-Saharan Africa,Lome,1.2255,6.1228,Lower middle income,IDA
Togo,TG,TGO,2011,,2026-07-13,2246.56204522679,57.624,6500582,Sub-Saharan Africa,Lome,1.2255,6.1228,Lower middle income,IDA
Togo,TG,TGO,2012,,2026-07-13,2333.19276737886,57.953,6653718,Sub-Saharan Africa,Lome,1.2255,6.1228,Lower middle income,IDA
Togo,TG,TGO,2013,,2026-07-13,2416.37805101152,58.356,6798848,Sub-Saharan Africa,Lome,1.2255,6.1228,Lower middle income,IDA
Togo,TG,TGO,2005,,2026-07-13,2164.01599552728,55.931,5413154,Sub-Saharan Africa,Lome,1.2255,6.1228,Lower middle income,IDA
Togo,TG,TGO,2006,,2026-07-13,2158.94393995769,56.154,5569664,Sub-Saharan Africa,Lome,1.2255,6.1228,Lower middle income,IDA
Togo,TG,TGO,2003,,2026-07-13,2407.5857838237,55.312,5154112,Sub-Saharan Africa,Lome,1.2255,6.1228,Lower middle income,IDA
Togo,TG,TGO,2004,,2026-07-13,2326.60102463281,55.608,5281320,Sub-Saharan Africa,Lome,1.2255,6.1228,Lower middle income,IDA
Togo,TG,TGO,2009,,2026-07-13,2126.4413192509,56.94,6130946,Sub-Saharan Africa,Lome,1.2255,6.1228,Lower middle income,IDA
Togo,TG,TGO,2007,,2026-07-13,2067.21836135015,56.395,5748443,Sub-Saharan Africa,Lome,1.2255,6.1228,Lower middle income,IDA
Togo,TG,TGO,2008,,2026-07-13,2082.64201553182,56.663,5936138,Sub-Saharan Africa,Lome,1.2255,6.1228,Lower middle income,IDA
Tonga,TO,TON,2005,,2026-07-13,5829.1173260211,70.56,105671,East Asia & Pacific,Nuku'alofa,-175.216,-21.136,Upper middle income,IDA
Tonga,TO,TON,2004,,2026-07-13,5901.21343135785,70.433,105071,East Asia & Pacific,Nuku'alofa,-175.216,-21.136,Upper middle income,IDA
Tonga,TO,TON,2000,,2026-07-13,5809.00929738723,69.635,102677,East Asia & Pacific,Nuku'alofa,-175.216,-21.136,Upper middle income,IDA
Tonga,TO,TON,2001,,2026-07-13,5860.83162290404,69.8,103288,East Asia & Pacific,Nuku'alofa,-175.216,-21.136,Upper middle income,IDA
Tonga,TO,TON,2002,,2026-07-13,6085.89291010605,70.03,103874,East Asia & Pacific,Nuku'alofa,-175.216,-21.136,Upper middle income,IDA
Tonga,TO,TON,2003,,2026-07-13,6054.65554234045,70.228,104464,East Asia & Pacific,Nuku'alofa,-175.216,-21.136,Upper middle income,IDA
Tonga,TO,TON,2016,,2026-07-13,6639.98719699561,71.951,105524,East Asia & Pacific,Nuku'alofa,-175.216,-21.136,Upper middle income,IDA
Tonga,TO,TON,2017,,2026-07-13,6863.54796430087,72.066,105356,East Asia & Pacific,Nuku'alofa,-175.216,-21.136,Upper middle income,IDA
Tonga,TO,TON,2018,,2026-07-13,6885.98490469718,72.169,105567,East Asia & Pacific,Nuku'alofa,-175.216,-21.136,Upper middle income,IDA
Tonga,TO,TON,2006,,2026-07-13,5671.64079163565,70.71,106253,East Asia & Pacific,Nuku'alofa,-175.216,-21.136,Upper middle income,IDA
Tonga,TO,TON,2007,,2026-07-13,5507.35733894364,70.887,106726,East Asia & Pacific,Nuku'alofa,-175.216,-21.136,Upper middle income,IDA
Tonga,TO,TON,2008,,2026-07-13,5759.30612501464,71.041,107020,East Asia & Pacific,Nuku'alofa,-175.216,-21.136,Upper middle income,IDA
Tonga,TO,TON,2009,,2026-07-13,5454.57394388907,70.949,107203,East Asia & Pacific,Nuku'alofa,-175.216,-21.136,Upper middle income,IDA
Tonga,TO,TON,2010,,2026-07-13,5489.45367019062,71.319,107400,East Asia & Pacific,Nuku'alofa,-175.216,-21.136,Upper middle income,IDA
Tonga,TO,TON,2011,,2026-07-13,5848.19312009382,71.437,107570,East Asia & Pacific,Nuku'alofa,-175.216,-21.136,Upper middle income,IDA
Tonga,TO,TON,2012,,2026-07-13,5908.02400699798,71.546,107460,East Asia & Pacific,Nuku'alofa,-175.216,-21.136,Upper middle income,IDA
Tonga,TO,TON,2013,,2026-07-13,5952.45690447913,71.65,107078,East Asia & Pacific,Nuku'alofa,-175.216,-21.136,Upper middle income,IDA
Tonga,TO,TON,2014,,2026-07-13,6097.65041861635,71.721,106609,East Asia & Pacific,Nuku'alofa,-175.216,-21.136,Upper middle income,IDA
Tonga,TO,TON,2015,,2026-07-13,6195.43302733786,71.851,106095,East Asia & Pacific,Nuku'alofa,-175.216,-21.136,Upper middle income,IDA
Tonga,TO,TON,2020,,2026-07-13,6981.30436453629,72.379,105704,East Asia & Pacific,Nuku'alofa,-175.216,-21.136,Upper middle income,IDA
Tonga,TO,TON,2021,,2026-07-13,6930.06482518663,72.13,105490,East Asia & Pacific,Nuku'alofa,-175.216,-21.136,Upper middle income,IDA
Tonga,TO,TON,2022,,2026-07-13,6811.48234641523,72.635,105042,East Asia & Pacific,Nuku'alofa,-175.216,-21.136,Upper middle income,IDA
Tonga,TO,TON,2019,,2026-07-13,6859.71739851786,72.292,105669,East Asia & Pacific,Nuku'alofa,-175.216,-21.136,Upper middle income,IDA
Tonga,TO,TON,2023,,2026-07-13,7031.32021704688,72.895,104597,East Asia & Pacific,Nuku'alofa,-175.216,-21.136,Upper middle income,IDA
Trinidad and Tobago,TT,TTO,2006,,2026-07-13,33348.7507470886,70.437,1297944,Latin America & Caribbean,Port-of-Spain,-61.4789,10.6596,High income,IBRD
Trinidad and Tobago,TT,TTO,2007,,2026-07-13,34793.6457521105,70.797,1303188,Latin America & Caribbean,Port-of-Spain,-61.4789,10.6596,High income,IBRD
Trinidad and Tobago,TT,TTO,2008,,2026-07-13,35825.3333456362,71.117,1308587,Latin America & Caribbean,Port-of-Spain,-61.4789,10.6596,High income,IBRD
Trinidad and Tobago,TT,TTO,2014,,2026-07-13,39248.6570516023,72.898,1345343,Latin America & Caribbean,Port-of-Spain,-61.4789,10.6596,High income,IBRD
Trinidad and Tobago,TT,TTO,2015,,2026-07-13,38963.9641783011,72.882,1349667,Latin America & Caribbean,Port-of-Spain,-61.4789,10.6596,High income,IBRD
Trinidad and Tobago,TT,TTO,2016,,2026-07-13,35914.9901970983,72.935,1353895,Latin America & Caribbean,Port-of-Spain,-61.4789,10.6596,High income,IBRD
Trinidad and Tobago,TT,TTO,2017,,2026-07-13,34095.9899256152,72.984,1356633,Latin America & Caribbean,Port-of-Spain,-61.4789,10.6596,High income,IBRD
Trinidad and Tobago,TT,TTO,2018,,2026-07-13,33710.0178540008,72.658,1359193,Latin America & Caribbean,Port-of-Spain,-61.4789,10.6596,High income,IBRD
Trinidad and Tobago,TT,TTO,2019,,2026-07-13,33748.7060849924,72.836,1363985,Latin America & Caribbean,Port-of-Spain,-61.4789,10.6596,High income,IBRD
Trinidad and Tobago,TT,TTO,2020,,2026-07-13,30720.8876936042,72.645,1366725,Latin America & Caribbean,Port-of-Spain,-61.4789,10.6596,High income,IBRD
Trinidad and Tobago,TT,TTO,2021,,2026-07-13,30482.1201798631,71.111,1367558,Latin America & Caribbean,Port-of-Spain,-61.4789,10.6596,High income,IBRD
Trinidad and Tobago,TT,TTO,2009,,2026-07-13,34212.2683057008,71.404,1310106,Latin America & Caribbean,Port-of-Spain,-61.4789,10.6596,High income,IBRD
Trinidad and Tobago,TT,TTO,2010,,2026-07-13,35145.1253639062,71.809,1317714,Latin America & Caribbean,Port-of-Spain,-61.4789,10.6596,High income,IBRD
Trinidad and Tobago,TT,TTO,2011,,2026-07-13,34769.7620251376,72.232,1328019,Latin America & Caribbean,Port-of-Spain,-61.4789,10.6596,High income,IBRD
Trinidad and Tobago,TT,TTO,2012,,2026-07-13,36903.6898574094,72.513,1335194,Latin America & Caribbean,Port-of-Spain,-61.4789,10.6596,High income,IBRD
Trinidad and Tobago,TT,TTO,2013,,2026-07-13,37994.0686480473,72.785,1340557,Latin America & Caribbean,Port-of-Spain,-61.4789,10.6596,High income,IBRD
Trinidad and Tobago,TT,TTO,2000,,2026-07-13,19637.5545410721,68.629,1319774,Latin America & Caribbean,Port-of-Spain,-61.4789,10.6596,High income,IBRD
Trinidad and Tobago,TT,TTO,2001,,2026-07-13,20366.753132212,68.874,1325567,Latin America & Caribbean,Port-of-Spain,-61.4789,10.6596,High income,IBRD
Trinidad and Tobago,TT,TTO,2002,,2026-07-13,21876.8529070403,69.232,1332011,Latin America & Caribbean,Port-of-Spain,-61.4789,10.6596,High income,IBRD
Trinidad and Tobago,TT,TTO,2003,,2026-07-13,24910.823196152,69.454,1338709,Latin America & Caribbean,Port-of-Spain,-61.4789,10.6596,High income,IBRD
Trinidad and Tobago,TT,TTO,2004,,2026-07-13,26757.9075601429,69.879,1345380,Latin America & Caribbean,Port-of-Spain,-61.4789,10.6596,High income,IBRD
Trinidad and Tobago,TT,TTO,2005,,2026-07-13,29536.4394101096,70.185,1294494,Latin America & Caribbean,Port-of-Spain,-61.4789,10.6596,High income,IBRD
Trinidad and Tobago,TT,TTO,2022,,2026-07-13,30784.1112580356,73.331,1365805,Latin America & Caribbean,Port-of-Spain,-61.4789,10.6596,High income,IBRD
Trinidad and Tobago,TT,TTO,2023,,2026-07-13,31196.603554718,73.49,1367510,Latin America & Caribbean,Port-of-Spain,-61.4789,10.6596,High income,IBRD
Tunisia,TN,TUN,2009,,2026-07-13,12229.7752536693,74.32,10650681,"Middle East, North Africa, Afghanistan & Pakistan",Tunis,10.21,36.7899,Lower middle income,IBRD
Tunisia,TN,TUN,2010,,2026-07-13,12458.2710366551,74.438,10765980,"Middle East, North Africa, Afghanistan & Pakistan",Tunis,10.21,36.7899,Lower middle income,IBRD
Tunisia,TN,TUN,2022,,2026-07-13,12712.22345453,76.05,12119334,"Middle East, North Africa, Afghanistan & Pakistan",Tunis,10.21,36.7899,Lower middle income,IBRD
Tunisia,TN,TUN,2023,,2026-07-13,12650.9615158166,76.508,12200431,"Middle East, North Africa, Afghanistan & Pakistan",Tunis,10.21,36.7899,Lower middle income,IBRD
Tunisia,TN,TUN,2000,,2026-07-13,9134.41506327005,72.604,9764935,"Middle East, North Africa, Afghanistan & Pakistan",Tunis,10.21,36.7899,Lower middle income,IBRD
Tunisia,TN,TUN,2001,,2026-07-13,9380.56317617024,72.822,9869677,"Middle East, North Africa, Afghanistan & Pakistan",Tunis,10.21,36.7899,Lower middle income,IBRD
Tunisia,TN,TUN,2002,,2026-07-13,9407.55676671593,73.07,9971515,"Middle East, North Africa, Afghanistan & Pakistan",Tunis,10.21,36.7899,Lower middle income,IBRD
Tunisia,TN,TUN,2003,,2026-07-13,9752.02442335824,73.304,10071632,"Middle East, North Africa, Afghanistan & Pakistan",Tunis,10.21,36.7899,Lower middle income,IBRD
Tunisia,TN,TUN,2004,,2026-07-13,10263.8055422408,73.519,10166163,"Middle East, North Africa, Afghanistan & Pakistan",Tunis,10.21,36.7899,Lower middle income,IBRD
Tunisia,TN,TUN,2005,,2026-07-13,10529.1598956845,73.712,10255472,"Middle East, North Africa, Afghanistan & Pakistan",Tunis,10.21,36.7899,Lower middle income,IBRD
Tunisia,TN,TUN,2006,,2026-07-13,10983.9221903991,73.888,10346410,"Middle East, North Africa, Afghanistan & Pakistan",Tunis,10.21,36.7899,Lower middle income,IBRD
Tunisia,TN,TUN,2007,,2026-07-13,11613.9247511428,74.039,10441702,"Middle East, North Africa, Afghanistan & Pakistan",Tunis,10.21,36.7899,Lower middle income,IBRD
Tunisia,TN,TUN,2008,,2026-07-13,11990.1962371716,74.192,10542635,"Middle East, North Africa, Afghanistan & Pakistan",Tunis,10.21,36.7899,Lower middle income,IBRD
Tunisia,TN,TUN,2013,,2026-07-13,12587.9950645596,74.674,11141361,"Middle East, North Africa, Afghanistan & Pakistan",Tunis,10.21,36.7899,Lower middle income,IBRD
Tunisia,TN,TUN,2014,,2026-07-13,12824.0028914441,74.784,11274288,"Middle East, North Africa, Afghanistan & Pakistan",Tunis,10.21,36.7899,Lower middle income,IBRD
Tunisia,TN,TUN,2011,,2026-07-13,12068.7136257667,74.471,10886035,"Middle East, North Africa, Afghanistan & Pakistan",Tunis,10.21,36.7899,Lower middle income,IBRD
Tunisia,TN,TUN,2012,,2026-07-13,12436.3958115735,74.599,11009647,"Middle East, North Africa, Afghanistan & Pakistan",Tunis,10.21,36.7899,Lower middle income,IBRD
Tunisia,TN,TUN,2017,,2026-07-13,12955.4014814241,75.177,11650498,"Middle East, North Africa, Afghanistan & Pakistan",Tunis,10.21,36.7899,Lower middle income,IBRD
Tunisia,TN,TUN,2018,,2026-07-13,13163.1952230357,75.37,11765514,"Middle East, North Africa, Afghanistan & Pakistan",Tunis,10.21,36.7899,Lower middle income,IBRD
Tunisia,TN,TUN,2015,,2026-07-13,12802.7917211433,74.875,11402264,"Middle East, North Africa, Afghanistan & Pakistan",Tunis,10.21,36.7899,Lower middle income,IBRD
Tunisia,TN,TUN,2016,,2026-07-13,12803.8797371543,75.007,11528674,"Middle East, North Africa, Afghanistan & Pakistan",Tunis,10.21,36.7899,Lower middle income,IBRD
Tunisia,TN,TUN,2021,,2026-07-13,12444.326402688701,72.893,12048622,"Middle East, North Africa, Afghanistan & Pakistan",Tunis,10.21,36.7899,Lower middle income,IBRD
Tunisia,TN,TUN,2019,,2026-07-13,13243.9024233246,75.599,11875081,"Middle East, North Africa, Afghanistan & Pakistan",Tunis,10.21,36.7899,Lower middle income,IBRD
Tunisia,TN,TUN,2020,,2026-07-13,11955.5983698479,75.004,11974057,"Middle East, North Africa, Afghanistan & Pakistan",Tunis,10.21,36.7899,Lower middle income,IBRD
Turkiye,TR,TUR,2001,,2026-07-13,13872.1287284566,72.271,66245128,Europe & Central Asia,Ankara,32.3606,39.7153,Upper middle income,IBRD
Turkiye,TR,TUR,2000,,2026-07-13,14856.914625257,71.931,65425961,Europe & Central Asia,Ankara,32.3606,39.7153,Upper middle income,IBRD
Turkiye,TR,TUR,2013,,2026-07-13,24117.3121099839,76.171,76147624,Europe & Central Asia,Ankara,32.3606,39.7153,Upper middle income,IBRD
Turkiye,TR,TUR,2014,,2026-07-13,24888.8521742576,76.452,77181884,Europe & Central Asia,Ankara,32.3606,39.7153,Upper middle income,IBRD
Turkiye,TR,TUR,2002,,2026-07-13,14587.894621656,72.605,67048795,Europe & Central Asia,Ankara,32.3606,39.7153,Upper middle income,IBRD
Turkiye,TR,TUR,2003,,2026-07-13,15255.7177960689,72.906,67831730,Europe & Central Asia,Ankara,32.3606,39.7153,Upper middle income,IBRD
Turkiye,TR,TUR,2004,,2026-07-13,16583.8837094062,73.223,68592617,Europe & Central Asia,Ankara,32.3606,39.7153,Upper middle income,IBRD
Turkiye,TR,TUR,2005,,2026-07-13,17902.5966004487,73.51,69329557,Europe & Central Asia,Ankara,32.3606,39.7153,Upper middle income,IBRD
Turkiye,TR,TUR,2006,,2026-07-13,18972.0089563632,73.804,70045349,Europe & Central Asia,Ankara,32.3606,39.7153,Upper middle income,IBRD
Turkiye,TR,TUR,2007,,2026-07-13,19909.083519675,74.129,70158112,Europe & Central Asia,Ankara,32.3606,39.7153,Upper middle income,IBRD
Turkiye,TR,TUR,2008,,2026-07-13,19839.5845462269,74.38,71051678,Europe & Central Asia,Ankara,32.3606,39.7153,Upper middle income,IBRD
Turkiye,TR,TUR,2009,,2026-07-13,18612.1925231905,74.679,72039206,Europe & Central Asia,Ankara,32.3606,39.7153,Upper middle income,IBRD
Turkiye,TR,TUR,2010,,2026-07-13,19897.4464836887,74.964,73142150,Europe & Central Asia,Ankara,32.3606,39.7153,Upper middle income,IBRD
Turkiye,TR,TUR,2011,,2026-07-13,21760.4291923634,74.823,74223629,Europe & Central Asia,Ankara,32.3606,39.7153,Upper middle income,IBRD
Turkiye,TR,TUR,2012,,2026-07-13,22517.7148287875,75.552,75175827,Europe & Central Asia,Ankara,32.3606,39.7153,Upper middle income,IBRD
Turkiye,TR,TUR,2016,,2026-07-13,26489.6436816046,76.595,79277962,Europe & Central Asia,Ankara,32.3606,39.7153,Upper middle income,IBRD
Turkiye,TR,TUR,2017,,2026-07-13,28194.688309381,77.037,80312698,Europe & Central Asia,Ankara,32.3606,39.7153,Upper middle income,IBRD
Turkiye,TR,TUR,2018,,2026-07-13,28780.3036458151,77.454,81407204,Europe & Central Asia,Ankara,32.3606,39.7153,Upper middle income,IBRD
Turkiye,TR,TUR,2015,,2026-07-13,25984.8027306177,76.539,78218479,Europe & Central Asia,Ankara,32.3606,39.7153,Upper middle income,IBRD
Turkiye,TR,TUR,2020,,2026-07-13,28976.7179161611,76.525,83384680,Europe & Central Asia,Ankara,32.3606,39.7153,Upper middle income,IBRD
Turkiye,TR,TUR,2021,,2026-07-13,32105.5474400506,75.722,84147318,Europe & Central Asia,Ankara,32.3606,39.7153,Upper middle income,IBRD
Turkiye,TR,TUR,2022,,2026-07-13,33520.8111384208,77.591,84979913,Europe & Central Asia,Ankara,32.3606,39.7153,Upper middle income,IBRD
Turkiye,TR,TUR,2019,,2026-07-13,28741.0535082701,77.737,82579440,Europe & Central Asia,Ankara,32.3606,39.7153,Upper middle income,IBRD
Turkiye,TR,TUR,2023,,2026-07-13,35069.1701714685,77.156,85325965,Europe & Central Asia,Ankara,32.3606,39.7153,Upper middle income,IBRD
Turkmenistan,TM,TKM,2015,,2026-07-13,12926.6637306966,69.061,6215770,Europe & Central Asia,Ashgabat,58.3794,37.9509,Upper middle income,IBRD
Turkmenistan,TM,TKM,2016,,2026-07-13,13420.3849717471,69.142,6360041,Europe & Central Asia,Ashgabat,58.3794,37.9509,Upper middle income,IBRD
Turkmenistan,TM,TKM,2017,,2026-07-13,13963.4045877295,69.19,6507061,Europe & Central Asia,Ashgabat,58.3794,37.9509,Upper middle income,IBRD
Turkmenistan,TM,TKM,2000,,2026-07-13,5064.28782418685,64.931,4582677,Europe & Central Asia,Ashgabat,58.3794,37.9509,Upper middle income,IBRD
Turkmenistan,TM,TKM,2001,,2026-07-13,5179.46446676106,65.325,4675409,Europe & Central Asia,Ashgabat,58.3794,37.9509,Upper middle income,IBRD
Turkmenistan,TM,TKM,2002,,2026-07-13,5090.38095183744,65.593,4769465,Europe & Central Asia,Ashgabat,58.3794,37.9509,Upper middle income,IBRD
Turkmenistan,TM,TKM,2003,,2026-07-13,5154.7509814614,65.854,4863865,Europe & Central Asia,Ashgabat,58.3794,37.9509,Upper middle income,IBRD
Turkmenistan,TM,TKM,2018,,2026-07-13,14499.1684377606,69.272,6655524,Europe & Central Asia,Ashgabat,58.3794,37.9509,Upper middle income,IBRD
Turkmenistan,TM,TKM,2019,,2026-07-13,15080.9034007693,69.405,6803944,Europe & Central Asia,Ashgabat,58.3794,37.9509,Upper middle income,IBRD
Turkmenistan,TM,TKM,2020,,2026-07-13,15630.9145192529,68.846,6949912,Europe & Central Asia,Ashgabat,58.3794,37.9509,Upper middle income,IBRD
Turkmenistan,TM,TKM,2021,,2026-07-13,16259.8700051884,69.353,7092043,Europe & Central Asia,Ashgabat,58.3794,37.9509,Upper middle income,IBRD
Turkmenistan,TM,TKM,2022,,2026-07-13,16943.6046037141,69.913,7230193,Europe & Central Asia,Ashgabat,58.3794,37.9509,Upper middle income,IBRD
Turkmenistan,TM,TKM,2023,,2026-07-13,17685.8585929282,70.073,7364438,Europe & Central Asia,Ashgabat,58.3794,37.9509,Upper middle income,IBRD
Turkmenistan,TM,TKM,2010,,2026-07-13,8758.89686680508,68.608,5564356,Europe & Central Asia,Ashgabat,58.3794,37.9509,Upper middle income,IBRD
Turkmenistan,TM,TKM,2011,,2026-07-13,9837.56345513458,68.87,5683417,Europe & Central Asia,Ashgabat,58.3794,37.9509,Upper middle income,IBRD
Turkmenistan,TM,TKM,2012,,2026-07-13,10689.3537347285,68.961,5808546,Europe & Central Asia,Ashgabat,58.3794,37.9509,Upper middle income,IBRD
Turkmenistan,TM,TKM,2013,,2026-07-13,11516.3741234527,68.968,5939341,Europe & Central Asia,Ashgabat,58.3794,37.9509,Upper middle income,IBRD
Turkmenistan,TM,TKM,2014,,2026-07-13,12423.9246417745,69.001,6075283,Europe & Central Asia,Ashgabat,58.3794,37.9509,Upper middle income,IBRD
Turkmenistan,TM,TKM,2006,,2026-07-13,6415.71290854977,66.574,5147105,Europe & Central Asia,Ashgabat,58.3794,37.9509,Upper middle income,IBRD
Turkmenistan,TM,TKM,2007,,2026-07-13,6993.52911567076,67.02,5244046,Europe & Central Asia,Ashgabat,58.3794,37.9509,Upper middle income,IBRD
Turkmenistan,TM,TKM,2004,,2026-07-13,5309.64539382487,66.055,4958093,Europe & Central Asia,Ashgabat,58.3794,37.9509,Upper middle income,IBRD
Turkmenistan,TM,TKM,2005,,2026-07-13,5889.84657742616,66.275,5052257,Europe & Central Asia,Ashgabat,58.3794,37.9509,Upper middle income,IBRD
Turkmenistan,TM,TKM,2008,,2026-07-13,7870.0271753063,67.584,5345029,Europe & Central Asia,Ashgabat,58.3794,37.9509,Upper middle income,IBRD
Turkmenistan,TM,TKM,2009,,2026-07-13,8186.87833253045,68.155,5451592,Europe & Central Asia,Ashgabat,58.3794,37.9509,Upper middle income,IBRD
Turks and Caicos Islands,TC,TCA,2005,,2026-07-13,,75.954,23988,Latin America & Caribbean,Grand Turk,-71.141389,21.4602778,High income,Not classified
Turks and Caicos Islands,TC,TCA,2006,,2026-07-13,,76.197,25123,Latin America & Caribbean,Grand Turk,-71.141389,21.4602778,High income,Not classified
Turks and Caicos Islands,TC,TCA,2000,,2026-07-13,,73.972,18730,Latin America & Caribbean,Grand Turk,-71.141389,21.4602778,High income,Not classified
Turks and Caicos Islands,TC,TCA,2001,,2026-07-13,,74.409,19576,Latin America & Caribbean,Grand Turk,-71.141389,21.4602778,High income,Not classified
Turks and Caicos Islands,TC,TCA,2002,,2026-07-13,,74.843,20597,Latin America & Caribbean,Grand Turk,-71.141389,21.4602778,High income,Not classified
Turks and Caicos Islands,TC,TCA,2003,,2026-07-13,,75.262,21727,Latin America & Caribbean,Grand Turk,-71.141389,21.4602778,High income,Not classified
Turks and Caicos Islands,TC,TCA,2004,,2026-07-13,,75.63,22856,Latin America & Caribbean,Grand Turk,-71.141389,21.4602778,High income,Not classified
Turks and Caicos Islands,TC,TCA,2017,,2026-07-13,29540.3537473151,77.505,39913,Latin America & Caribbean,Grand Turk,-71.141389,21.4602778,High income,Not classified
Turks and Caicos Islands,TC,TCA,2018,,2026-07-13,30286.1196112151,77.596,41559,Latin America & Caribbean,Grand Turk,-71.141389,21.4602778,High income,Not classified
Turks and Caicos Islands,TC,TCA,2019,,2026-07-13,30611.2130237381,77.691,43166,Latin America & Caribbean,Grand Turk,-71.141389,21.4602778,High income,Not classified
Turks and Caicos Islands,TC,TCA,2007,,2026-07-13,21878.8206013071,76.427,26270,Latin America & Caribbean,Grand Turk,-71.141389,21.4602778,High income,Not classified
Turks and Caicos Islands,TC,TCA,2008,,2026-07-13,22689.3160133769,76.084,27427,Latin America & Caribbean,Grand Turk,-71.141389,21.4602778,High income,Not classified
Turks and Caicos Islands,TC,TCA,2009,,2026-07-13,17512.1977777876,76.672,28588,Latin America & Caribbean,Grand Turk,-71.141389,21.4602778,High income,Not classified
Turks and Caicos Islands,TC,TCA,2010,,2026-07-13,17000.2227766463,76.784,29739,Latin America & Caribbean,Grand Turk,-71.141389,21.4602778,High income,Not classified
Turks and Caicos Islands,TC,TCA,2011,,2026-07-13,17147.424764127,76.87,30846,Latin America & Caribbean,Grand Turk,-71.141389,21.4602778,High income,Not classified
Turks and Caicos Islands,TC,TCA,2012,,2026-07-13,16024.6915652254,76.969,32127,Latin America & Caribbean,Grand Turk,-71.141389,21.4602778,High income,Not classified
Turks and Caicos Islands,TC,TCA,2013,,2026-07-13,15461.873511271,77.1,33653,Latin America & Caribbean,Grand Turk,-71.141389,21.4602778,High income,Not classified
Turks and Caicos Islands,TC,TCA,2014,,2026-07-13,16138.8487604249,77.212,35050,Latin America & Caribbean,Grand Turk,-71.141389,21.4602778,High income,Not classified
Turks and Caicos Islands,TC,TCA,2015,,2026-07-13,17201.7720345933,77.321,36605,Latin America & Caribbean,Grand Turk,-71.141389,21.4602778,High income,Not classified
Turks and Caicos Islands,TC,TCA,2016,,2026-07-13,17625.7202843515,77.437,38315,Latin America & Caribbean,Grand Turk,-71.141389,21.4602778,High income,Not classified
Turks and Caicos Islands,TC,TCA,2021,,2026-07-13,25056.4880515569,77.234,45243,Latin America & Caribbean,Grand Turk,-71.141389,21.4602778,High income,Not classified
Turks and Caicos Islands,TC,TCA,2022,,2026-07-13,28209.6242536079,77.918,45847,Latin America & Caribbean,Grand Turk,-71.141389,21.4602778,High income,Not classified
Turks and Caicos Islands,TC,TCA,2023,,2026-07-13,31839.3705381969,78.008,46198,Latin America & Caribbean,Grand Turk,-71.141389,21.4602778,High income,Not classified
Turks and Caicos Islands,TC,TCA,2020,,2026-07-13,19702.5368196855,77.499,44386,Latin America & Caribbean,Grand Turk,-71.141389,21.4602778,High income,Not classified
Tuvalu,TV,TUV,2007,,2026-07-13,3893.64259975408,64.402,10182,East Asia & Pacific,Funafuti,179.089567,-8.6314877,Upper middle income,IDA
Tuvalu,TV,TUV,2008,,2026-07-13,4093.92473951632,64.516,10321,East Asia & Pacific,Funafuti,179.089567,-8.6314877,Upper middle income,IDA
Tuvalu,TV,TUV,2009,,2026-07-13,3812.13929570827,64.693,10461,East Asia & Pacific,Funafuti,179.089567,-8.6314877,Upper middle income,IDA
Tuvalu,TV,TUV,2014,,2026-07-13,3903.4345149878,65.278,10984,East Asia & Pacific,Funafuti,179.089567,-8.6314877,Upper middle income,IDA
Tuvalu,TV,TUV,2015,,2026-07-13,4277.7146690273,65.365,10963,East Asia & Pacific,Funafuti,179.089567,-8.6314877,Upper middle income,IDA
Tuvalu,TV,TUV,2016,,2026-07-13,4495.57215692486,65.51,10930,East Asia & Pacific,Funafuti,179.089567,-8.6314877,Upper middle income,IDA
Tuvalu,TV,TUV,2017,,2026-07-13,4668.54376684727,65.683,10869,East Asia & Pacific,Funafuti,179.089567,-8.6314877,Upper middle income,IDA
Tuvalu,TV,TUV,2018,,2026-07-13,4785.23289965077,65.871,10751,East Asia & Pacific,Funafuti,179.089567,-8.6314877,Upper middle income,IDA
Tuvalu,TV,TUV,2019,,2026-07-13,5515.89953720794,66.109,10581,East Asia & Pacific,Funafuti,179.089567,-8.6314877,Upper middle income,IDA
Tuvalu,TV,TUV,2020,,2026-07-13,5442.36321121293,66.357,10399,East Asia & Pacific,Funafuti,179.089567,-8.6314877,Upper middle income,IDA
Tuvalu,TV,TUV,2021,,2026-07-13,5551.80841999248,65.824,10194,East Asia & Pacific,Funafuti,179.089567,-8.6314877,Upper middle income,IDA
Tuvalu,TV,TUV,2022,,2026-07-13,5044.53984578911,66.852,9992,East Asia & Pacific,Funafuti,179.089567,-8.6314877,Upper middle income,IDA
Tuvalu,TV,TUV,2010,,2026-07-13,3664.45034598789,64.834,10614,East Asia & Pacific,Funafuti,179.089567,-8.6314877,Upper middle income,IDA
Tuvalu,TV,TUV,2011,,2026-07-13,3879.3490996995,64.96,10780,East Asia & Pacific,Funafuti,179.089567,-8.6314877,Upper middle income,IDA
Tuvalu,TV,TUV,2012,,2026-07-13,3715.60046956613,65.079,10934,East Asia & Pacific,Funafuti,179.089567,-8.6314877,Upper middle income,IDA
Tuvalu,TV,TUV,2013,,2026-07-13,3833.48955456181,65.171,11001,East Asia & Pacific,Funafuti,179.089567,-8.6314877,Upper middle income,IDA
Tuvalu,TV,TUV,2000,,2026-07-13,3893.29676614411,63.536,9544,East Asia & Pacific,Funafuti,179.089567,-8.6314877,Upper middle income,IDA
Tuvalu,TV,TUV,2001,,2026-07-13,3903.20310133161,63.709,9586,East Asia & Pacific,Funafuti,179.089567,-8.6314877,Upper middle income,IDA
Tuvalu,TV,TUV,2002,,2026-07-13,4211.58993214321,63.825,9623,East Asia & Pacific,Funafuti,179.089567,-8.6314877,Upper middle income,IDA
Tuvalu,TV,TUV,2003,,2026-07-13,3998.4360743816,63.897,9695,East Asia & Pacific,Funafuti,179.089567,-8.6314877,Upper middle income,IDA
Tuvalu,TV,TUV,2004,,2026-07-13,3874.58266822844,63.989,9816,East Asia & Pacific,Funafuti,179.089567,-8.6314877,Upper middle income,IDA
Tuvalu,TV,TUV,2005,,2026-07-13,3682.89175926232,64.096,9940,East Asia & Pacific,Funafuti,179.089567,-8.6314877,Upper middle income,IDA
Tuvalu,TV,TUV,2006,,2026-07-13,3687.77123312778,64.247,10056,East Asia & Pacific,Funafuti,179.089567,-8.6314877,Upper middle income,IDA
Tuvalu,TV,TUV,2023,,2026-07-13,5315.16301028104,67.105,9816,East Asia & Pacific,Funafuti,179.089567,-8.6314877,Upper middle income,IDA
Uganda,UG,UGA,2009,,2026-07-13,2188.29916246327,59.157,31451151,Sub-Saharan Africa,Kampala,32.5729,0.314269,Low income,IDA
Uganda,UG,UGA,2010,,2026-07-13,2244.60595194584,59.959,32390802,Sub-Saharan Africa,Kampala,32.5729,0.314269,Low income,IDA
Uganda,UG,UGA,2011,,2026-07-13,2384.4653273154,60.791,33354543,Sub-Saharan Africa,Kampala,32.5729,0.314269,Low income,IDA
Uganda,UG,UGA,2023,,2026-07-13,2791.05576885861,68.252,48656601,Sub-Saharan Africa,Kampala,32.5729,0.314269,Low income,IDA
Uganda,UG,UGA,2000,,2026-07-13,1487.00498853512,49.64,24000150,Sub-Saharan Africa,Kampala,32.5729,0.314269,Low income,IDA
Uganda,UG,UGA,2001,,2026-07-13,1516.96423755695,50.576,24745676,Sub-Saharan Africa,Kampala,32.5729,0.314269,Low income,IDA
Uganda,UG,UGA,2002,,2026-07-13,1598.5828380849,51.443,25532870,Sub-Saharan Africa,Kampala,32.5729,0.314269,Low income,IDA
Uganda,UG,UGA,2003,,2026-07-13,1649.1482601448,52.414,26352124,Sub-Saharan Africa,Kampala,32.5729,0.314269,Low income,IDA
Uganda,UG,UGA,2004,,2026-07-13,1709.36159216857,53.699,27154515,Sub-Saharan Africa,Kampala,32.5729,0.314269,Low income,IDA
Uganda,UG,UGA,2005,,2026-07-13,1765.03788457066,54.926,27963289,Sub-Saharan Africa,Kampala,32.5729,0.314269,Low income,IDA
Uganda,UG,UGA,2006,,2026-07-13,1898.97915280479,56.118,28794003,Sub-Saharan Africa,Kampala,32.5729,0.314269,Low income,IDA
Uganda,UG,UGA,2007,,2026-07-13,1999.0624896434,57.248,29653430,Sub-Saharan Africa,Kampala,32.5729,0.314269,Low income,IDA
Uganda,UG,UGA,2008,,2026-07-13,2110.10049271503,58.253,30539553,Sub-Saharan Africa,Kampala,32.5729,0.314269,Low income,IDA
Uganda,UG,UGA,2022,,2026-07-13,2724.90609568409,67.675,47312719,Sub-Saharan Africa,Kampala,32.5729,0.314269,Low income,IDA
Uganda,UG,UGA,2014,,2026-07-13,2470.50380909598,63.057,36395539,Sub-Saharan Africa,Kampala,32.5729,0.314269,Low income,IDA
Uganda,UG,UGA,2015,,2026-07-13,2520.0201028843,63.831,37531446,Sub-Saharan Africa,Kampala,32.5729,0.314269,Low income,IDA
Uganda,UG,UGA,2012,,2026-07-13,2405.09455932767,61.579,34337438,Sub-Saharan Africa,Kampala,32.5729,0.314269,Low income,IDA
Uganda,UG,UGA,2013,,2026-07-13,2420.88808087266,62.353,35337042,Sub-Saharan Africa,Kampala,32.5729,0.314269,Low income,IDA
Uganda,UG,UGA,2018,,2026-07-13,2613.87976413963,65.775,41565831,Sub-Saharan Africa,Kampala,32.5729,0.314269,Low income,IDA
Uganda,UG,UGA,2019,,2026-07-13,2689.41009144919,66.354,42999637,Sub-Saharan Africa,Kampala,32.5729,0.314269,Low income,IDA
Uganda,UG,UGA,2016,,2026-07-13,2554.22769062073,64.494,38799152,Sub-Saharan Africa,Kampala,32.5729,0.314269,Low income,IDA
Uganda,UG,UGA,2017,,2026-07-13,2543.84754394956,65.174,40177388,Sub-Saharan Africa,Kampala,32.5729,0.314269,Low income,IDA
Uganda,UG,UGA,2020,,2026-07-13,2678.00907202293,66.41,44457152,Sub-Saharan Africa,Kampala,32.5729,0.314269,Low income,IDA
Uganda,UG,UGA,2021,,2026-07-13,2684.92035939744,66.45,45910930,Sub-Saharan Africa,Kampala,32.5729,0.314269,Low income,IDA
Ukraine,UA,UKR,2001,,2026-07-13,11379.3857421875,67.675,49106855,Europe & Central Asia,Kiev,30.5038,50.4536,Upper middle income,IBRD
Ukraine,UA,UKR,2002,,2026-07-13,12092.7890625,67.699,48677281,Europe & Central Asia,Kiev,30.5038,50.4536,Upper middle income,IBRD
Ukraine,UA,UKR,2000,,2026-07-13,10364.0625,67.786,49556660,Europe & Central Asia,Kiev,30.5038,50.4536,Upper middle income,IBRD
Ukraine,UA,UKR,2014,,2026-07-13,16978.8125,71.803,45972380,Europe & Central Asia,Kiev,30.5038,50.4536,Upper middle income,IBRD
Ukraine,UA,UKR,2015,,2026-07-13,15403.7099609375,72.686,45784896,Europe & Central Asia,Kiev,30.5038,50.4536,Upper middle income,IBRD
Ukraine,UA,UKR,2003,,2026-07-13,13342.8798828125,67.638,48315136,Europe & Central Asia,Kiev,30.5038,50.4536,Upper middle income,IBRD
Ukraine,UA,UKR,2004,,2026-07-13,15021.06640625,67.472,47979507,Europe & Central Asia,Kiev,30.5038,50.4536,Upper middle income,IBRD
Ukraine,UA,UKR,2005,,2026-07-13,15610.5732421875,67.517,47585556,Europe & Central Asia,Kiev,30.5038,50.4536,Upper middle income,IBRD
Ukraine,UA,UKR,2006,,2026-07-13,16901.5078125,67.49,47278694,Europe & Central Asia,Kiev,30.5038,50.4536,Upper middle income,IBRD
Ukraine,UA,UKR,2007,,2026-07-13,18374.013671875,67.715,47062798,Europe & Central Asia,Kiev,30.5038,50.4536,Upper middle income,IBRD
Ukraine,UA,UKR,2008,,2026-07-13,18883.986328125,68.262,46819175,Europe & Central Asia,Kiev,30.5038,50.4536,Upper middle income,IBRD
Ukraine,UA,UKR,2009,,2026-07-13,16092.7958984375,69.159,46623731,Europe & Central Asia,Kiev,30.5038,50.4536,Upper middle income,IBRD
Ukraine,UA,UKR,2010,,2026-07-13,16811.794921875,70.188,46456003,Europe & Central Asia,Kiev,30.5038,50.4536,Upper middle income,IBRD
Ukraine,UA,UKR,2011,,2026-07-13,17783.95703125,70.711,46307853,Europe & Central Asia,Kiev,30.5038,50.4536,Upper middle income,IBRD
Ukraine,UA,UKR,2012,,2026-07-13,17848.740234375,71.09,46210056,Europe & Central Asia,Kiev,30.5038,50.4536,Upper middle income,IBRD
Ukraine,UA,UKR,2013,,2026-07-13,17889.091796875,71.474,46126770,Europe & Central Asia,Kiev,30.5038,50.4536,Upper middle income,IBRD
Ukraine,UA,UKR,2017,,2026-07-13,16310.3603515625,73.993,45436041,Europe & Central Asia,Kiev,30.5038,50.4536,Upper middle income,IBRD
Ukraine,UA,UKR,2018,,2026-07-13,16978.984375,73.569,45208907,Europe & Central Asia,Kiev,30.5038,50.4536,Upper middle income,IBRD
Ukraine,UA,UKR,2019,,2026-07-13,17636.5546875,73.92,44957458,Europe & Central Asia,Kiev,30.5038,50.4536,Upper middle income,IBRD
Ukraine,UA,UKR,2016,,2026-07-13,15856.8125,73.389,45616832,Europe & Central Asia,Kiev,30.5038,50.4536,Upper middle income,IBRD
Ukraine,UA,UKR,2021,,2026-07-13,17846.408203125,71.631,44298640,Europe & Central Asia,Kiev,30.5038,50.4536,Upper middle income,IBRD
Ukraine,UA,UKR,2022,,2026-07-13,13787.12109375,72.658,41048766,Europe & Central Asia,Kiev,30.5038,50.4536,Upper middle income,IBRD
Ukraine,UA,UKR,2023,,2026-07-13,15916.9580078125,73.422,37732836,Europe & Central Asia,Kiev,30.5038,50.4536,Upper middle income,IBRD
Ukraine,UA,UKR,2020,,2026-07-13,17092.5390625,73.283,44680014,Europe & Central Asia,Kiev,30.5038,50.4536,Upper middle income,IBRD
United Arab Emirates,AE,ARE,2016,,2026-07-13,75671.036861385,82.195,8935095,"Middle East, North Africa, Afghanistan & Pakistan",Abu Dhabi,54.3705,24.4764,High income,Not classified
United Arab Emirates,AE,ARE,2017,,2026-07-13,72529.0423512365,82.388,9223225,"Middle East, North Africa, Afghanistan & Pakistan",Abu Dhabi,54.3705,24.4764,High income,Not classified
United Arab Emirates,AE,ARE,2018,,2026-07-13,72671.0787288764,82.449,9346701,"Middle East, North Africa, Afghanistan & Pakistan",Abu Dhabi,54.3705,24.4764,High income,Not classified
United Arab Emirates,AE,ARE,2000,,2026-07-13,95390.8328858321,76.347,3493575,"Middle East, North Africa, Afghanistan & Pakistan",Abu Dhabi,54.3705,24.4764,High income,Not classified
United Arab Emirates,AE,ARE,2001,,2026-07-13,90750.3257926454,77.621,3723590,"Middle East, North Africa, Afghanistan & Pakistan",Abu Dhabi,54.3705,24.4764,High income,Not classified
United Arab Emirates,AE,ARE,2002,,2026-07-13,87479.1545350862,78.721,3956826,"Middle East, North Africa, Afghanistan & Pakistan",Abu Dhabi,54.3705,24.4764,High income,Not classified
United Arab Emirates,AE,ARE,2003,,2026-07-13,89828.493399274,79.6,4192457,"Middle East, North Africa, Afghanistan & Pakistan",Abu Dhabi,54.3705,24.4764,High income,Not classified
United Arab Emirates,AE,ARE,2004,,2026-07-13,93166.1568863784,80.272,4428967,"Middle East, North Africa, Afghanistan & Pakistan",Abu Dhabi,54.3705,24.4764,High income,Not classified
United Arab Emirates,AE,ARE,2019,,2026-07-13,72822.9466438922,82.596,9445785,"Middle East, North Africa, Afghanistan & Pakistan",Abu Dhabi,54.3705,24.4764,High income,Not classified
United Arab Emirates,AE,ARE,2020,,2026-07-13,66808.6209256028,81.936,9401038,"Middle East, North Africa, Afghanistan & Pakistan",Abu Dhabi,54.3705,24.4764,High income,Not classified
United Arab Emirates,AE,ARE,2021,,2026-07-13,68580.1312912676,79.083,9575152,"Middle East, North Africa, Afghanistan & Pakistan",Abu Dhabi,54.3705,24.4764,High income,Not classified
United Arab Emirates,AE,ARE,2022,,2026-07-13,70075.63837395,80.487,10074977,"Middle East, North Africa, Afghanistan & Pakistan",Abu Dhabi,54.3705,24.4764,High income,Not classified
United Arab Emirates,AE,ARE,2023,,2026-07-13,70239.8328337228,82.909,10483751,"Middle East, North Africa, Afghanistan & Pakistan",Abu Dhabi,54.3705,24.4764,High income,Not classified
United Arab Emirates,AE,ARE,2010,,2026-07-13,70913.7569272495,81.886,6869838,"Middle East, North Africa, Afghanistan & Pakistan",Abu Dhabi,54.3705,24.4764,High income,Not classified
United Arab Emirates,AE,ARE,2011,,2026-07-13,73190.4056300014,81.898,7104538,"Middle East, North Africa, Afghanistan & Pakistan",Abu Dhabi,54.3705,24.4764,High income,Not classified
United Arab Emirates,AE,ARE,2012,,2026-07-13,73644.0549928884,81.913,7391448,"Middle East, North Africa, Afghanistan & Pakistan",Abu Dhabi,54.3705,24.4764,High income,Not classified
United Arab Emirates,AE,ARE,2013,,2026-07-13,74237.2038000319,81.95,7693031,"Middle East, North Africa, Afghanistan & Pakistan",Abu Dhabi,54.3705,24.4764,High income,Not classified
United Arab Emirates,AE,ARE,2014,,2026-07-13,74145.1175448951,81.99,8059440,"Middle East, North Africa, Afghanistan & Pakistan",Abu Dhabi,54.3705,24.4764,High income,Not classified
United Arab Emirates,AE,ARE,2015,,2026-07-13,75238.5571858454,82.076,8505237,"Middle East, North Africa, Afghanistan & Pakistan",Abu Dhabi,54.3705,24.4764,High income,Not classified
United Arab Emirates,AE,ARE,2007,,2026-07-13,87180.6001633546,81.438,5624635,"Middle East, North Africa, Afghanistan & Pakistan",Abu Dhabi,54.3705,24.4764,High income,Not classified
United Arab Emirates,AE,ARE,2008,,2026-07-13,80285.1613062103,81.591,6302664,"Middle East, North Africa, Afghanistan & Pakistan",Abu Dhabi,54.3705,24.4764,High income,Not classified
United Arab Emirates,AE,ARE,2005,,2026-07-13,92750.9226341994,80.779,4664790,"Middle East, North Africa, Afghanistan & Pakistan",Abu Dhabi,54.3705,24.4764,High income,Not classified
United Arab Emirates,AE,ARE,2006,,2026-07-13,94872.5121329578,81.155,5009100,"Middle East, North Africa, Afghanistan & Pakistan",Abu Dhabi,54.3705,24.4764,High income,Not classified
United Arab Emirates,AE,ARE,2009,,2026-07-13,71488.9696792101,81.679,6707058,"Middle East, North Africa, Afghanistan & Pakistan",Abu Dhabi,54.3705,24.4764,High income,Not classified
United Kingdom,GB,GBR,2006,,2026-07-13,49000.9535382241,79.2487804878049,60846820,Europe & Central Asia,London,-0.126236,51.5002,High income,Not classified
United Kingdom,GB,GBR,2007,,2026-07-13,50045.9163092519,79.4487804878049,61322463,Europe & Central Asia,London,-0.126236,51.5002,High income,Not classified
United Kingdom,GB,GBR,2000,,2026-07-13,43818.3463079443,77.7414634146342,58892514,Europe & Central Asia,London,-0.126236,51.5002,High income,Not classified
United Kingdom,GB,GBR,2001,,2026-07-13,44693.6612621755,77.9926829268293,59119673,Europe & Central Asia,London,-0.126236,51.5002,High income,Not classified
United Kingdom,GB,GBR,2002,,2026-07-13,45265.4565169944,78.1439024390244,59370479,Europe & Central Asia,London,-0.126236,51.5002,High income,Not classified
United Kingdom,GB,GBR,2003,,2026-07-13,46505.2798806788,78.4463414634146,59647577,Europe & Central Asia,London,-0.126236,51.5002,High income,Not classified
United Kingdom,GB,GBR,2004,,2026-07-13,47317.027070979,78.7463414634146,59987905,Europe & Central Asia,London,-0.126236,51.5002,High income,Not classified
United Kingdom,GB,GBR,2005,,2026-07-13,48304.6753205932,79.0487804878049,60401206,Europe & Central Asia,London,-0.126236,51.5002,High income,Not classified
United Kingdom,GB,GBR,2018,,2026-07-13,52983.039541197,81.2560975609756,66287000,Europe & Central Asia,London,-0.126236,51.5002,High income,Not classified
United Kingdom,GB,GBR,2019,,2026-07-13,53374.0927628482,81.3691219512195,66628000,Europe & Central Asia,London,-0.126236,51.5002,High income,Not classified
United Kingdom,GB,GBR,2020,,2026-07-13,47930.5490378931,80.331756097561,66740000,Europe & Central Asia,London,-0.126236,51.5002,High income,Not classified
United Kingdom,GB,GBR,2008,,2026-07-13,49629.0498697349,79.6,61806995,Europe & Central Asia,London,-0.126236,51.5002,High income,Not classified
United Kingdom,GB,GBR,2009,,2026-07-13,46995.5449961945,80.0512195121951,62276270,Europe & Central Asia,London,-0.126236,51.5002,High income,Not classified
United Kingdom,GB,GBR,2010,,2026-07-13,47682.6525150443,80.4024390243902,62766365,Europe & Central Asia,London,-0.126236,51.5002,High income,Not classified
United Kingdom,GB,GBR,2011,,2026-07-13,47714.2894262827,80.9512195121951,63258810,Europe & Central Asia,London,-0.126236,51.5002,High income,Not classified
United Kingdom,GB,GBR,2012,,2026-07-13,48099.6594401942,80.9048780487805,63711000,Europe & Central Asia,London,-0.126236,51.5002,High income,Not classified
United Kingdom,GB,GBR,2013,,2026-07-13,48600.5100807266,81.0048780487805,64138000,Europe & Central Asia,London,-0.126236,51.5002,High income,Not classified
United Kingdom,GB,GBR,2014,,2026-07-13,49763.17387988,81.3048780487805,64619000,Europe & Central Asia,London,-0.126236,51.5002,High income,Not classified
United Kingdom,GB,GBR,2015,,2026-07-13,50462.8329992477,80.9560975609756,65087000,Europe & Central Asia,London,-0.126236,51.5002,High income,Not classified
United Kingdom,GB,GBR,2016,,2026-07-13,51168.2925796814,81.1560975609756,65606000,Europe & Central Asia,London,-0.126236,51.5002,High income,Not classified
United Kingdom,GB,GBR,2017,,2026-07-13,52429.1275538988,81.2560975609756,65964000,Europe & Central Asia,London,-0.126236,51.5002,High income,Not classified
United Kingdom,GB,GBR,2022,,2026-07-13,53979.7679116234,81.0112195121951,67636000,Europe & Central Asia,London,-0.126236,51.5002,High income,Not classified
United Kingdom,GB,GBR,2023,,2026-07-13,53423.4226338292,81.2380975609756,68526000,Europe & Central Asia,London,-0.126236,51.5002,High income,Not classified
United Kingdom,GB,GBR,2021,,2026-07-13,51840.4424245515,80.6473170731707,66978000,Europe & Central Asia,London,-0.126236,51.5002,High income,Not classified
United States,US,USA,2010,,2026-07-13,59797.0736545937,78.5414634146342,309378227,North America,Washington D.C.,-77.032,38.8895,High income,Not classified
United States,US,USA,2008,,2026-07-13,60806.2238713713,78.0390243902439,304093966,North America,Washington D.C.,-77.032,38.8895,High income,Not classified
United States,US,USA,2009,,2026-07-13,58722.496767251,78.390243902439,306771529,North America,Washington D.C.,-77.032,38.8895,High income,Not classified
United States,US,USA,2014,,2026-07-13,63026.8779187814,78.8414634146341,319257560,North America,Washington D.C.,-77.032,38.8895,High income,Not classified
United States,US,USA,2015,,2026-07-13,64367.7188912582,78.690243902439,321815121,North America,Washington D.C.,-77.032,38.8895,High income,Not classified
United States,US,USA,2016,,2026-07-13,65025.9855980616,78.5390243902439,324353340,North America,Washington D.C.,-77.032,38.8895,High income,Not classified
United States,US,USA,2017,,2026-07-13,66164.0320014289,78.5390243902439,326608609,North America,Washington D.C.,-77.032,38.8895,High income,Not classified
United States,US,USA,2018,,2026-07-13,67728.4424921024,78.6390243902439,328529577,North America,Washington D.C.,-77.032,38.8895,High income,Not classified
United States,US,USA,2019,,2026-07-13,69121.4580016741,78.7878048780488,330226227,North America,Washington D.C.,-77.032,38.8895,High income,Not classified
United States,US,USA,2020,,2026-07-13,67406.8311325507,76.9804878048781,331578104,North America,Washington D.C.,-77.032,38.8895,High income,Not classified
United States,US,USA,2021,,2026-07-13,71441.231980595,76.3292682926829,332100166,North America,Washington D.C.,-77.032,38.8895,High income,Not classified
United States,US,USA,2022,,2026-07-13,72828.7430907189,77.4341463414634,333996304,North America,Washington D.C.,-77.032,38.8895,High income,Not classified
United States,US,USA,2023,,2026-07-13,74351.6718197429,78.3853658536585,336755052,North America,Washington D.C.,-77.032,38.8895,High income,Not classified
United States,US,USA,2011,,2026-07-13,60253.2035796719,78.6414634146341,311839461,North America,Washington D.C.,-77.032,38.8895,High income,Not classified
United States,US,USA,2012,,2026-07-13,61142.3637034265,78.7414634146342,314339099,North America,Washington D.C.,-77.032,38.8895,High income,Not classified
United States,US,USA,2013,,2026-07-13,61966.6621370894,78.7414634146342,316726282,North America,Washington D.C.,-77.032,38.8895,High income,Not classified
United States,US,USA,2000,,2026-07-13,55045.6745311559,76.6365853658537,282162411,North America,Washington D.C.,-77.032,38.8895,High income,Not classified
United States,US,USA,2001,,2026-07-13,55024.3542766281,76.8365853658537,284968955,North America,Washington D.C.,-77.032,38.8895,High income,Not classified
United States,US,USA,2002,,2026-07-13,55443.2199435683,76.9365853658537,287625193,North America,Washington D.C.,-77.032,38.8895,High income,Not classified
United States,US,USA,2003,,2026-07-13,56505.4468784112,77.0365853658537,290107933,North America,Washington D.C.,-77.032,38.8895,High income,Not classified
United States,US,USA,2004,,2026-07-13,58139.0820195229,77.4878048780488,292805298,North America,Washington D.C.,-77.032,38.8895,High income,Not classified
United States,US,USA,2005,,2026-07-13,59612.3907215559,77.4878048780488,295516599,North America,Washington D.C.,-77.032,38.8895,High income,Not classified
United States,US,USA,2006,,2026-07-13,60684.3399832539,77.6878048780488,298379912,North America,Washington D.C.,-77.032,38.8895,High income,Not classified
United States,US,USA,2007,,2026-07-13,61314.4520816367,77.9878048780488,301231207,North America,Washington D.C.,-77.032,38.8895,High income,Not classified
Upper middle income,XT,,2000,,2026-07-13,7534.46601304186,70.7453581446278,2546593734,,,,,,
Upper middle income,XT,,2001,,2026-07-13,7707.83336797882,71.0574540062592,2572390086,,,,,,
Upper middle income,XT,,2002,,2026-07-13,7995.26895874639,71.3497029374728,2596717081,,,,,,
Upper middle income,XT,,2003,,2026-07-13,8370.32235025016,71.5890770162384,2620475154,,,,,,
Upper middle income,XT,,2004,,2026-07-13,8939.4315710973,71.6980637522242,2644417001,,,,,,
Upper middle income,XT,,2005,,2026-07-13,9482.47316024402,72.2010061107617,2668324624,,,,,,
Upper middle income,XT,,2006,,2026-07-13,10156.8285798117,72.4525884801853,2691900432,,,,,,
Upper middle income,XT,,2007,,2026-07-13,10958.7142005081,72.7823708143533,2714303370,,,,,,
Upper middle income,XT,,2008,,2026-07-13,11494.8903381638,72.9550753875567,2737948611,,,,,,
Upper middle income,XT,,2009,,2026-07-13,11694.2221159018,73.3132971210626,2761866575,,,,,,
Upper middle income,XT,,2010,,2026-07-13,12531.0895213844,73.6577099377767,2785553248,,,,,,
Upper middle income,XT,,2011,,2026-07-13,13236.515304434,73.908118420453,2810067448,,,,,,
Upper middle income,XT,,2012,,2026-07-13,13822.3046874476,74.2134955628203,2836944313,,,,,,
Upper middle income,XT,,2013,,2026-07-13,14423.8295348435,74.4566962922526,2863821883,,,,,,
Upper middle income,XT,,2014,,2026-07-13,14947.2403476526,74.6951643017581,2890794270,,,,,,
Upper middle income,XT,,2015,,2026-07-13,15424.5615868064,74.934843438781,2916662642,,,,,,
Upper middle income,XT,,2016,,2026-07-13,15979.55362127,75.0906548982392,2941432440,,,,,,
Upper middle income,XT,,2017,,2026-07-13,16662.4284387368,75.2402306964393,2966243458,,,,,,
Upper middle income,XT,,2018,,2026-07-13,17308.0850217702,75.5511819443353,2989519673,,,,,,
Upper middle income,XT,,2019,,2026-07-13,17882.2048457814,75.7442027654668,3010528196,,,,,,
Upper middle income,XT,,2020,,2026-07-13,17611.7434455076,75.0593316548277,3027927471,,,,,,
Upper middle income,XT,,2021,,2026-07-13,18796.441497948,74.4180568484505,3041374322,,,,,,
Upper middle income,XT,,2022,,2026-07-13,19378.7095594057,75.7285192648647,3050300704,,,,,,
Upper middle income,XT,,2023,,2026-07-13,20194.4437195401,75.9179864449912,3057927413,,,,,,
Uruguay,UY,URY,2000,,2026-07-13,18752.0507121938,74.693,3266206,Latin America & Caribbean,Montevideo,-56.0675,-34.8941,High income,IBRD
Uruguay,UY,URY,2001,,2026-07-13,17986.8939502115,74.987,3274251,Latin America & Caribbean,Montevideo,-56.0675,-34.8941,High income,IBRD
Uruguay,UY,URY,2002,,2026-07-13,16572.7819019325,74.979,3278867,Latin America & Caribbean,Montevideo,-56.0675,-34.8941,High income,IBRD
Uruguay,UY,URY,2003,,2026-07-13,16694.4326030244,75.086,3281186,Latin America & Caribbean,Montevideo,-56.0675,-34.8941,High income,IBRD
Uruguay,UY,URY,2004,,2026-07-13,17519.3729926744,75.319,3283148,Latin America & Caribbean,Montevideo,-56.0675,-34.8941,High income,IBRD
Uruguay,UY,URY,2005,,2026-07-13,18811.3124755641,75.829,3285771,Latin America & Caribbean,Montevideo,-56.0675,-34.8941,High income,IBRD
Uruguay,UY,URY,2006,,2026-07-13,19560.0743506382,75.888,3289506,Latin America & Caribbean,Montevideo,-56.0675,-34.8941,High income,IBRD
Uruguay,UY,URY,2007,,2026-07-13,20803.885306175,76.15,3295153,Latin America & Caribbean,Montevideo,-56.0675,-34.8941,High income,IBRD
Uruguay,UY,URY,2008,,2026-07-13,22249.3750934425,76.275,3302177,Latin America & Caribbean,Montevideo,-56.0675,-34.8941,High income,IBRD
Uruguay,UY,URY,2009,,2026-07-13,23138.0733091496,76.67,3310091,Latin America & Caribbean,Montevideo,-56.0675,-34.8941,High income,IBRD
Uruguay,UY,URY,2010,,2026-07-13,24879.8256003219,76.691,3318580,Latin America & Caribbean,Montevideo,-56.0675,-34.8941,High income,IBRD
Uruguay,UY,URY,2011,,2026-07-13,26099.3116487704,76.614,3326825,Latin America & Caribbean,Montevideo,-56.0675,-34.8941,High income,IBRD
Uruguay,UY,URY,2012,,2026-07-13,26953.2709026389,76.691,3335401,Latin America & Caribbean,Montevideo,-56.0675,-34.8941,High income,IBRD
Uruguay,UY,URY,2013,,2026-07-13,28119.4726887432,76.953,3345337,Latin America & Caribbean,Montevideo,-56.0675,-34.8941,High income,IBRD
Uruguay,UY,URY,2014,,2026-07-13,28935.086486757,77.194,3356334,Latin America & Caribbean,Montevideo,-56.0675,-34.8941,High income,IBRD
Uruguay,UY,URY,2015,,2026-07-13,28941.6184540581,77.285,3368017,Latin America & Caribbean,Montevideo,-56.0675,-34.8941,High income,IBRD
Uruguay,UY,URY,2016,,2026-07-13,29332.5561568815,77.351,3379283,Latin America & Caribbean,Montevideo,-56.0675,-34.8941,High income,IBRD
Uruguay,UY,URY,2017,,2026-07-13,29762.4220666605,77.618,3388438,Latin America & Caribbean,Montevideo,-56.0675,-34.8941,High income,IBRD
Uruguay,UY,URY,2018,,2026-07-13,29757.9276055415,77.527,3394534,Latin America & Caribbean,Montevideo,-56.0675,-34.8941,High income,IBRD
Uruguay,UY,URY,2019,,2026-07-13,30010.5628834294,77.503,3397206,Latin America & Caribbean,Montevideo,-56.0675,-34.8941,High income,IBRD
Uruguay,UY,URY,2020,,2026-07-13,27788.1749600196,78.381,3398968,Latin America & Caribbean,Montevideo,-56.0675,-34.8941,High income,IBRD
Uruguay,UY,URY,2021,,2026-07-13,29431.8738833361,75.434,3396695,Latin America & Caribbean,Montevideo,-56.0675,-34.8941,High income,IBRD
Uruguay,UY,URY,2022,,2026-07-13,30840.0709827676,76.468,3390913,Latin America & Caribbean,Montevideo,-56.0675,-34.8941,High income,IBRD
Uruguay,UY,URY,2023,,2026-07-13,31100.9696889882,78.138,3388081,Latin America & Caribbean,Montevideo,-56.0675,-34.8941,High income,IBRD
Uzbekistan,UZ,UZB,2000,,2026-07-13,3430.88370808896,65.456,24787054,Europe & Central Asia,Tashkent,69.269,41.3052,Lower middle income,Blend
Uzbekistan,UZ,UZB,2001,,2026-07-13,3530.5496647712,65.853,25090283,Europe & Central Asia,Tashkent,69.269,41.3052,Lower middle income,Blend
Uzbekistan,UZ,UZB,2002,,2026-07-13,3626.07785614929,66.376,25399980,Europe & Central Asia,Tashkent,69.269,41.3052,Lower middle income,Blend
Uzbekistan,UZ,UZB,2003,,2026-07-13,3733.79819347394,66.852,25711259,Europe & Central Asia,Tashkent,69.269,41.3052,Lower middle income,Blend
Uzbekistan,UZ,UZB,2004,,2026-07-13,3962.90117061128,67.203,26029350,Europe & Central Asia,Tashkent,69.269,41.3052,Lower middle income,Blend
Uzbekistan,UZ,UZB,2005,,2026-07-13,4185.63947675734,67.481,26356975,Europe & Central Asia,Tashkent,69.269,41.3052,Lower middle income,Blend
Uzbekistan,UZ,UZB,2006,,2026-07-13,4439.90667205623,67.905,26699043,Europe & Central Asia,Tashkent,69.269,41.3052,Lower middle income,Blend
Uzbekistan,UZ,UZB,2007,,2026-07-13,4792.8290951141,68.483,27076008,Europe & Central Asia,Tashkent,69.269,41.3052,Lower middle income,Blend
Uzbekistan,UZ,UZB,2008,,2026-07-13,5145.99183378479,69.035,27494774,Europe & Central Asia,Tashkent,69.269,41.3052,Lower middle income,Blend
Uzbekistan,UZ,UZB,2009,,2026-07-13,5471.82013683888,69.517,27939328,Europe & Central Asia,Tashkent,69.269,41.3052,Lower middle income,Blend
Uzbekistan,UZ,UZB,2010,,2026-07-13,5794.98037704358,69.836,28385506,Europe & Central Asia,Tashkent,69.269,41.3052,Lower middle income,Blend
Uzbekistan,UZ,UZB,2011,,2026-07-13,6170.84149747534,70.143,28823196,Europe & Central Asia,Tashkent,69.269,41.3052,Lower middle income,Blend
Uzbekistan,UZ,UZB,2012,,2026-07-13,6525.4971525889,70.411,29261903,Europe & Central Asia,Tashkent,69.269,41.3052,Lower middle income,Blend
Uzbekistan,UZ,UZB,2013,,2026-07-13,6932.93371228586,70.692,29724065,Europe & Central Asia,Tashkent,69.269,41.3052,Lower middle income,Blend
Uzbekistan,UZ,UZB,2014,,2026-07-13,7344.44304405623,70.973,30222994,Europe & Central Asia,Tashkent,69.269,41.3052,Lower middle income,Blend
Uzbekistan,UZ,UZB,2015,,2026-07-13,7792.23605983713,71.33,30749346,Europe & Central Asia,Tashkent,69.269,41.3052,Lower middle income,Blend
Uzbekistan,UZ,UZB,2016,,2026-07-13,8172.9216949615,71.58,31284568,Europe & Central Asia,Tashkent,69.269,41.3052,Lower middle income,Blend
Uzbekistan,UZ,UZB,2017,,2026-07-13,8413.29975299494,71.737,31819178,Europe & Central Asia,Tashkent,69.269,41.3052,Lower middle income,Blend
Uzbekistan,UZ,UZB,2018,,2026-07-13,8742.5491991216,71.999,32373490,Europe & Central Asia,Tashkent,69.269,41.3052,Lower middle income,Blend
Uzbekistan,UZ,UZB,2019,,2026-07-13,9169.01147508351,72.093,32964701,Europe & Central Asia,Tashkent,69.269,41.3052,Lower middle income,Blend
Uzbekistan,UZ,UZB,2020,,2026-07-13,9145.23119844239,71.461,33586372,Europe & Central Asia,Tashkent,69.269,41.3052,Lower middle income,Blend
Uzbekistan,UZ,UZB,2021,,2026-07-13,9705.60054565692,71.681,34243696,Europe & Central Asia,Tashkent,69.269,41.3052,Lower middle income,Blend
Uzbekistan,UZ,UZB,2022,,2026-07-13,10091.3877869999,72.147,34938955,Europe & Central Asia,Tashkent,69.269,41.3052,Lower middle income,Blend
Uzbekistan,UZ,UZB,2023,,2026-07-13,10514.0955721447,72.388,35652307,Europe & Central Asia,Tashkent,69.269,41.3052,Lower middle income,Blend
Vanuatu,VU,VUT,2000,,2026-07-13,3805.62227309353,68.586,186281,East Asia & Pacific,Port-Vila,168.321,-17.7404,Lower middle income,IDA
Vanuatu,VU,VUT,2001,,2026-07-13,3584.91106983816,68.722,191031,East Asia & Pacific,Port-Vila,168.321,-17.7404,Lower middle income,IDA
Vanuatu,VU,VUT,2002,,2026-07-13,3314.71255206905,68.836,195863,East Asia & Pacific,Port-Vila,168.321,-17.7404,Lower middle income,IDA
Vanuatu,VU,VUT,2003,,2026-07-13,3372.77297249271,68.933,200746,East Asia & Pacific,Port-Vila,168.321,-17.7404,Lower middle income,IDA
Vanuatu,VU,VUT,2004,,2026-07-13,3422.60817759375,68.985,205711,East Asia & Pacific,Port-Vila,168.321,-17.7404,Lower middle income,IDA
Vanuatu,VU,VUT,2005,,2026-07-13,3517.84619857461,69.166,210760,East Asia & Pacific,Port-Vila,168.321,-17.7404,Lower middle income,IDA
Vanuatu,VU,VUT,2006,,2026-07-13,3724.24741699945,69.126,215923,East Asia & Pacific,Port-Vila,168.321,-17.7404,Lower middle income,IDA
Vanuatu,VU,VUT,2007,,2026-07-13,3738.66656241804,69.144,221276,East Asia & Pacific,Port-Vila,168.321,-17.7404,Lower middle income,IDA
Vanuatu,VU,VUT,2008,,2026-07-13,3850.27902468628,69.302,226896,East Asia & Pacific,Port-Vila,168.321,-17.7404,Lower middle income,IDA
Vanuatu,VU,VUT,2009,,2026-07-13,3867.75799280135,69.422,232731,East Asia & Pacific,Port-Vila,168.321,-17.7404,Lower middle income,IDA
Vanuatu,VU,VUT,2010,,2026-07-13,3825.75653571613,69.57,238248,East Asia & Pacific,Port-Vila,168.321,-17.7404,Lower middle income,IDA
Vanuatu,VU,VUT,2011,,2026-07-13,3861.18223002309,69.729,243474,East Asia & Pacific,Port-Vila,168.321,-17.7404,Lower middle income,IDA
Vanuatu,VU,VUT,2012,,2026-07-13,3815.41895246816,69.898,248883,East Asia & Pacific,Port-Vila,168.321,-17.7404,Lower middle income,IDA
Vanuatu,VU,VUT,2013,,2026-07-13,3748.76509025679,69.986,254482,East Asia & Pacific,Port-Vila,168.321,-17.7404,Lower middle income,IDA
Vanuatu,VU,VUT,2014,,2026-07-13,3779.64941165998,70.043,260240,East Asia & Pacific,Port-Vila,168.321,-17.7404,Lower middle income,IDA
Vanuatu,VU,VUT,2015,,2026-07-13,3825.81231400229,70.163,266101,East Asia & Pacific,Port-Vila,168.321,-17.7404,Lower middle income,IDA
Vanuatu,VU,VUT,2016,,2026-07-13,3877.08354643548,70.397,272087,East Asia & Pacific,Port-Vila,168.321,-17.7404,Lower middle income,IDA
Vanuatu,VU,VUT,2017,,2026-07-13,3947.67824193203,70.5,278507,East Asia & Pacific,Port-Vila,168.321,-17.7404,Lower middle income,IDA
Vanuatu,VU,VUT,2018,,2026-07-13,3951.18453122592,70.626,285259,East Asia & Pacific,Port-Vila,168.321,-17.7404,Lower middle income,IDA
Vanuatu,VU,VUT,2019,,2026-07-13,3986.65620021472,70.783,291985,East Asia & Pacific,Port-Vila,168.321,-17.7404,Lower middle income,IDA
Vanuatu,VU,VUT,2020,,2026-07-13,3671.97390565303,70.385,298858,East Asia & Pacific,Port-Vila,168.321,-17.7404,Lower middle income,IDA
Vanuatu,VU,VUT,2021,,2026-07-13,3546.08021896872,69.952,305868,East Asia & Pacific,Port-Vila,168.321,-17.7404,Lower middle income,IDA
Vanuatu,VU,VUT,2022,,2026-07-13,3658.51871182046,71.302,313046,East Asia & Pacific,Port-Vila,168.321,-17.7404,Lower middle income,IDA
Vanuatu,VU,VUT,2023,,2026-07-13,3782.82649029418,71.477,320409,East Asia & Pacific,Port-Vila,168.321,-17.7404,Lower middle income,IDA
"Venezuela, RB",VE,VEN,2000,,2026-07-13,,72.388,24526708,Latin America & Caribbean,Caracas,-69.8371,9.08165,Lower middle income,IBRD
"Venezuela, RB",VE,VEN,2001,,2026-07-13,,71.019,24979922,Latin America & Caribbean,Caracas,-69.8371,9.08165,Lower middle income,IBRD
"Venezuela, RB",VE,VEN,2002,,2026-07-13,,72.823,25435671,Latin America & Caribbean,Caracas,-69.8371,9.08165,Lower middle income,IBRD
"Venezuela, RB",VE,VEN,2003,,2026-07-13,,72.056,25892703,Latin America & Caribbean,Caracas,-69.8371,9.08165,Lower middle income,IBRD
"Venezuela, RB",VE,VEN,2004,,2026-07-13,,72.752,26340838,Latin America & Caribbean,Caracas,-69.8371,9.08165,Lower middle income,IBRD
"Venezuela, RB",VE,VEN,2005,,2026-07-13,,73.075,26785804,Latin America & Caribbean,Caracas,-69.8371,9.08165,Lower middle income,IBRD
"Venezuela, RB",VE,VEN,2006,,2026-07-13,,72.972,27224686,Latin America & Caribbean,Caracas,-69.8371,9.08165,Lower middle income,IBRD
"Venezuela, RB",VE,VEN,2007,,2026-07-13,,73.348,27649363,Latin America & Caribbean,Caracas,-69.8371,9.08165,Lower middle income,IBRD
"Venezuela, RB",VE,VEN,2008,,2026-07-13,,72.578,28053696,Latin America & Caribbean,Caracas,-69.8371,9.08165,Lower middle income,IBRD
"Venezuela, RB",VE,VEN,2009,,2026-07-13,,72.785,28438298,Latin America & Caribbean,Caracas,-69.8371,9.08165,Lower middle income,IBRD
"Venezuela, RB",VE,VEN,2010,,2026-07-13,,73.092,28813101,Latin America & Caribbean,Caracas,-69.8371,9.08165,Lower middle income,IBRD
"Venezuela, RB",VE,VEN,2011,,2026-07-13,,73.09,29185212,Latin America & Caribbean,Caracas,-69.8371,9.08165,Lower middle income,IBRD
"Venezuela, RB",VE,VEN,2012,,2026-07-13,,73.086,29553826,Latin America & Caribbean,Caracas,-69.8371,9.08165,Lower middle income,IBRD
"Venezuela, RB",VE,VEN,2013,,2026-07-13,,73.076,29912198,Latin America & Caribbean,Caracas,-69.8371,9.08165,Lower middle income,IBRD
"Venezuela, RB",VE,VEN,2014,,2026-07-13,,72.837,30254079,Latin America & Caribbean,Caracas,-69.8371,9.08165,Lower middle income,IBRD
"Venezuela, RB",VE,VEN,2015,,2026-07-13,,73.004,30573972,Latin America & Caribbean,Caracas,-69.8371,9.08165,Lower middle income,IBRD
"Venezuela, RB",VE,VEN,2016,,2026-07-13,,72.002,30765720,Latin America & Caribbean,Caracas,-69.8371,9.08165,Lower middle income,IBRD
"Venezuela, RB",VE,VEN,2017,,2026-07-13,,71.903,30565323,Latin America & Caribbean,Caracas,-69.8371,9.08165,Lower middle income,IBRD
"Venezuela, RB",VE,VEN,2018,,2026-07-13,,72.641,29807592,Latin America & Caribbean,Caracas,-69.8371,9.08165,Lower middle income,IBRD
"Venezuela, RB",VE,VEN,2019,,2026-07-13,,72.766,28938098,Latin America & Caribbean,Caracas,-69.8371,9.08165,Lower middle income,IBRD
"Venezuela, RB",VE,VEN,2020,,2026-07-13,,72.369,28444077,Latin America & Caribbean,Caracas,-69.8371,9.08165,Lower middle income,IBRD
"Venezuela, RB",VE,VEN,2021,,2026-07-13,,71.536,28237826,Latin America & Caribbean,Caracas,-69.8371,9.08165,Lower middle income,IBRD
"Venezuela, RB",VE,VEN,2022,,2026-07-13,,72.566,28213017,Latin America & Caribbean,Caracas,-69.8371,9.08165,Lower middle income,IBRD
"Venezuela, RB",VE,VEN,2023,,2026-07-13,,72.514,28300854,Latin America & Caribbean,Caracas,-69.8371,9.08165,Lower middle income,IBRD
Viet Nam,VN,VNM,2000,,2026-07-13,4349.22348751462,72.746,77154011,East Asia & Pacific,Hanoi,105.825,21.0069,Upper middle income,IBRD
Viet Nam,VN,VNM,2001,,2026-07-13,4570.26846577385,72.984,77969361,East Asia & Pacific,Hanoi,105.825,21.0069,Upper middle income,IBRD
Viet Nam,VN,VNM,2002,,2026-07-13,4809.62151118535,73.138,78772224,East Asia & Pacific,Hanoi,105.825,21.0069,Upper middle income,IBRD
Viet Nam,VN,VNM,2003,,2026-07-13,5090.28990869885,73.236,79563777,East Asia & Pacific,Hanoi,105.825,21.0069,Upper middle income,IBRD
Viet Nam,VN,VNM,2004,,2026-07-13,5421.09702829121,73.062,80338971,East Asia & Pacific,Hanoi,105.825,21.0069,Upper middle income,IBRD
Viet Nam,VN,VNM,2005,,2026-07-13,5776.36304451268,73.198,81088313,East Asia & Pacific,Hanoi,105.825,21.0069,Upper middle income,IBRD
Viet Nam,VN,VNM,2006,,2026-07-13,6098.24495436514,73.293,82167897,East Asia & Pacific,Hanoi,105.825,21.0069,Upper middle income,IBRD
Viet Nam,VN,VNM,2007,,2026-07-13,6418.54381402878,73.385,83633375,East Asia & Pacific,Hanoi,105.825,21.0069,Upper middle income,IBRD
Viet Nam,VN,VNM,2008,,2026-07-13,6659.13561432065,73.455,85175788,East Asia & Pacific,Hanoi,105.825,21.0069,Upper middle income,IBRD
Viet Nam,VN,VNM,2009,,2026-07-13,6914.33863589545,73.525,86460018,East Asia & Pacific,Hanoi,105.825,21.0069,Upper middle income,IBRD
Viet Nam,VN,VNM,2010,,2026-07-13,7274.73310698016,73.611,87455152,East Asia & Pacific,Hanoi,105.825,21.0069,Upper middle income,IBRD
Viet Nam,VN,VNM,2011,,2026-07-13,7652.61895672271,73.713,88468314,East Asia & Pacific,Hanoi,105.825,21.0069,Upper middle income,IBRD
Viet Nam,VN,VNM,2012,,2026-07-13,7979.86828926858,73.762,89510356,East Asia & Pacific,Hanoi,105.825,21.0069,Upper middle income,IBRD
Viet Nam,VN,VNM,2013,,2026-07-13,8324.19871250047,73.821,90573104,East Asia & Pacific,Hanoi,105.825,21.0069,Upper middle income,IBRD
Viet Nam,VN,VNM,2014,,2026-07-13,8751.88280634375,73.886,91679578,East Asia & Pacific,Hanoi,105.825,21.0069,Upper middle income,IBRD
Viet Nam,VN,VNM,2015,,2026-07-13,9248.02396069622,73.955,92823254,East Asia & Pacific,Hanoi,105.825,21.0069,Upper middle income,IBRD
Viet Nam,VN,VNM,2016,,2026-07-13,9743.1882231455,73.984,94000117,East Asia & Pacific,Hanoi,105.825,21.0069,Upper middle income,IBRD
Viet Nam,VN,VNM,2017,,2026-07-13,10290.5487142244,74.026,95176977,East Asia & Pacific,Hanoi,105.825,21.0069,Upper middle income,IBRD
Viet Nam,VN,VNM,2018,,2026-07-13,10936.8937859558,74.1,96237319,East Asia & Pacific,Hanoi,105.825,21.0069,Upper middle income,IBRD
Viet Nam,VN,VNM,2019,,2026-07-13,11628.6139147451,74.211,97173776,East Asia & Pacific,Hanoi,105.825,21.0069,Upper middle income,IBRD
Viet Nam,VN,VNM,2020,,2026-07-13,11851.3965685649,75.383,98079191,East Asia & Pacific,Hanoi,105.825,21.0069,Upper middle income,IBRD
Viet Nam,VN,VNM,2021,,2026-07-13,12048.9019935536,74.145,98935098,East Asia & Pacific,Hanoi,105.825,21.0069,Upper middle income,IBRD
Viet Nam,VN,VNM,2022,,2026-07-13,12979.7638983711,74.502,99680655,East Asia & Pacific,Hanoi,105.825,21.0069,Upper middle income,IBRD
Viet Nam,VN,VNM,2023,,2026-07-13,13534.7997843016,74.588,100352192,East Asia & Pacific,Hanoi,105.825,21.0069,Upper middle income,IBRD
Virgin Islands (U.S.),VI,VIR,2000,,2026-07-13,,76.619512195122,108642,Latin America & Caribbean,Charlotte Amalie,-64.8963,18.3358,High income,Not classified
Virgin Islands (U.S.),VI,VIR,2001,,2026-07-13,,77.6219512195122,108549,Latin America & Caribbean,Charlotte Amalie,-64.8963,18.3358,High income,Not classified
Virgin Islands (U.S.),VI,VIR,2002,,2026-07-13,54299.2298699394,77.5219512195122,108509,Latin America & Caribbean,Charlotte Amalie,-64.8963,18.3358,High income,Not classified
Virgin Islands (U.S.),VI,VIR,2003,,2026-07-13,54086.1547945673,77.5219512195122,108505,Latin America & Caribbean,Charlotte Amalie,-64.8963,18.3358,High income,Not classified
Virgin Islands (U.S.),VI,VIR,2004,,2026-07-13,55883.4545510864,77.7731707317073,108466,Latin America & Caribbean,Charlotte Amalie,-64.8963,18.3358,High income,Not classified
Virgin Islands (U.S.),VI,VIR,2005,,2026-07-13,57838.0977142823,77.4219512195122,108453,Latin America & Caribbean,Charlotte Amalie,-64.8963,18.3358,High income,Not classified
Virgin Islands (U.S.),VI,VIR,2006,,2026-07-13,59911.7224453162,78.3243902439024,108369,Latin America & Caribbean,Charlotte Amalie,-64.8963,18.3358,High income,Not classified
Virgin Islands (U.S.),VI,VIR,2007,,2026-07-13,62332.9445371347,76.8634146341463,108337,Latin America & Caribbean,Charlotte Amalie,-64.8963,18.3358,High income,Not classified
Virgin Islands (U.S.),VI,VIR,2008,,2026-07-13,63057.6263123638,77.1634146341463,108397,Latin America & Caribbean,Charlotte Amalie,-64.8963,18.3358,High income,Not classified
Virgin Islands (U.S.),VI,VIR,2009,,2026-07-13,58895.3056899496,77.5146341463415,108404,Latin America & Caribbean,Charlotte Amalie,-64.8963,18.3358,High income,Not classified
Virgin Islands (U.S.),VI,VIR,2010,,2026-07-13,59272.2456856343,77.8658536585366,108357,Latin America & Caribbean,Charlotte Amalie,-64.8963,18.3358,High income,Not classified
Virgin Islands (U.S.),VI,VIR,2011,,2026-07-13,54443.0686942498,78.3170731707317,108290,Latin America & Caribbean,Charlotte Amalie,-64.8963,18.3358,High income,Not classified
Virgin Islands (U.S.),VI,VIR,2012,,2026-07-13,46422.4151236223,78.5170731707317,108188,Latin America & Caribbean,Charlotte Amalie,-64.8963,18.3358,High income,Not classified
Virgin Islands (U.S.),VI,VIR,2013,,2026-07-13,43563.8864931407,78.7170731707317,108041,Latin America & Caribbean,Charlotte Amalie,-64.8963,18.3358,High income,Not classified
Virgin Islands (U.S.),VI,VIR,2014,,2026-07-13,42853.8986599185,78.8682926829268,107882,Latin America & Caribbean,Charlotte Amalie,-64.8963,18.3358,High income,Not classified
Virgin Islands (U.S.),VI,VIR,2015,,2026-07-13,42739.0835022993,79.0170731707317,107712,Latin America & Caribbean,Charlotte Amalie,-64.8963,18.3358,High income,Not classified
Virgin Islands (U.S.),VI,VIR,2016,,2026-07-13,43502.4336941564,79.1682926829268,107516,Latin America & Caribbean,Charlotte Amalie,-64.8963,18.3358,High income,Not classified
Virgin Islands (U.S.),VI,VIR,2017,,2026-07-13,43277.1546523522,79.3682926829268,107281,Latin America & Caribbean,Charlotte Amalie,-64.8963,18.3358,High income,Not classified
Virgin Islands (U.S.),VI,VIR,2018,,2026-07-13,44205.4071324394,79.5195121951219,107001,Latin America & Caribbean,Charlotte Amalie,-64.8963,18.3358,High income,Not classified
Virgin Islands (U.S.),VI,VIR,2019,,2026-07-13,45632.6364715693,79.6682926829268,106669,Latin America & Caribbean,Charlotte Amalie,-64.8963,18.3358,High income,Not classified
Virgin Islands (U.S.),VI,VIR,2020,,2026-07-13,45055.7829303523,79.819512195122,106290,Latin America & Caribbean,Charlotte Amalie,-64.8963,18.3358,High income,Not classified
Virgin Islands (U.S.),VI,VIR,2021,,2026-07-13,46893.5496988741,80.0682926829268,105870,Latin America & Caribbean,Charlotte Amalie,-64.8963,18.3358,High income,Not classified
Virgin Islands (U.S.),VI,VIR,2022,,2026-07-13,46479.2996685326,80.319512195122,105413,Latin America & Caribbean,Charlotte Amalie,-64.8963,18.3358,High income,Not classified
Virgin Islands (U.S.),VI,VIR,2023,,2026-07-13,,80.519512195122,104917,Latin America & Caribbean,Charlotte Amalie,-64.8963,18.3358,High income,Not classified
West Bank and Gaza,PS,PSE,2000,,2026-07-13,4520.88992531975,70.298,2922153,"Middle East, North Africa, Afghanistan & Pakistan",,,,Lower middle income,Not classified
West Bank and Gaza,PS,PSE,2001,,2026-07-13,3996.50878001821,69.75,2997784,"Middle East, North Africa, Afghanistan & Pakistan",,,,Lower middle income,Not classified
West Bank and Gaza,PS,PSE,2002,,2026-07-13,3409.17287422698,70.88,3075373,"Middle East, North Africa, Afghanistan & Pakistan",,,,Lower middle income,Not classified
West Bank and Gaza,PS,PSE,2003,,2026-07-13,3788.92652721128,70.967,3154969,"Middle East, North Africa, Afghanistan & Pakistan",,,,Lower middle income,Not classified
West Bank and Gaza,PS,PSE,2004,,2026-07-13,4503.08034061409,71.094,3236626,"Middle East, North Africa, Afghanistan & Pakistan",,,,Lower middle income,Not classified
West Bank and Gaza,PS,PSE,2005,,2026-07-13,4885.07252184444,72.004,3320396,"Middle East, North Africa, Afghanistan & Pakistan",,,,Lower middle income,Not classified
West Bank and Gaza,PS,PSE,2006,,2026-07-13,4714.37331793342,71.831,3406334,"Middle East, North Africa, Afghanistan & Pakistan",,,,Lower middle income,Not classified
West Bank and Gaza,PS,PSE,2007,,2026-07-13,4769.52328096801,72.064,3494496,"Middle East, North Africa, Afghanistan & Pakistan",,,,Lower middle income,Not classified
West Bank and Gaza,PS,PSE,2008,,2026-07-13,4984.80579890695,72.204,3591977,"Middle East, North Africa, Afghanistan & Pakistan",,,,Lower middle income,Not classified
West Bank and Gaza,PS,PSE,2009,,2026-07-13,5270.66331643219,72.306,3689099,"Middle East, North Africa, Afghanistan & Pakistan",,,,Lower middle income,Not classified
West Bank and Gaza,PS,PSE,2010,,2026-07-13,5432.24363072522,73.302,3786161,"Middle East, North Africa, Afghanistan & Pakistan",,,,Lower middle income,Not classified
West Bank and Gaza,PS,PSE,2011,,2026-07-13,5805.32115329251,73.557,3882986,"Middle East, North Africa, Afghanistan & Pakistan",,,,Lower middle income,Not classified
West Bank and Gaza,PS,PSE,2012,,2026-07-13,6009.10925822042,73.722,3979998,"Middle East, North Africa, Afghanistan & Pakistan",,,,Lower middle income,Not classified
West Bank and Gaza,PS,PSE,2013,,2026-07-13,6142.20204342591,74.14,4076708,"Middle East, North Africa, Afghanistan & Pakistan",,,,Lower middle income,Not classified
West Bank and Gaza,PS,PSE,2014,,2026-07-13,5990.42661523778,72.781,4173398,"Middle East, North Africa, Afghanistan & Pakistan",,,,Lower middle income,Not classified
West Bank and Gaza,PS,PSE,2015,,2026-07-13,6072.65031768549,74.577,4270092,"Middle East, North Africa, Afghanistan & Pakistan",,,,Lower middle income,Not classified
West Bank and Gaza,PS,PSE,2016,,2026-07-13,6464.13352537371,74.917,4367088,"Middle East, North Africa, Afghanistan & Pakistan",,,,Lower middle income,Not classified
West Bank and Gaza,PS,PSE,2017,,2026-07-13,6426.79521615335,75.216,4454805,"Middle East, North Africa, Afghanistan & Pakistan",,,,Lower middle income,Not classified
West Bank and Gaza,PS,PSE,2018,,2026-07-13,6342.9374800852,75.38,4569087,"Middle East, North Africa, Afghanistan & Pakistan",,,,Lower middle income,Not classified
West Bank and Gaza,PS,PSE,2019,,2026-07-13,6269.89134527985,75.811,4685306,"Middle East, North Africa, Afghanistan & Pakistan",,,,Lower middle income,Not classified
West Bank and Gaza,PS,PSE,2020,,2026-07-13,5423.68254653126,74.998,4803269,"Middle East, North Africa, Afghanistan & Pakistan",,,,Lower middle income,Not classified
West Bank and Gaza,PS,PSE,2021,,2026-07-13,5663.12160743584,73.89,4922749,"Middle East, North Africa, Afghanistan & Pakistan",,,,Lower middle income,Not classified
West Bank and Gaza,PS,PSE,2022,,2026-07-13,5753.08395899307,76.662,5043612,"Middle East, North Africa, Afghanistan & Pakistan",,,,Lower middle income,Not classified
West Bank and Gaza,PS,PSE,2023,,2026-07-13,5562.4244256395305,65.17,5165775,"Middle East, North Africa, Afghanistan & Pakistan",,,,Lower middle income,Not classified
World,1W,WLD,2000,,2026-07-13,12780.6381391491,67.6504778738489,6161528496,Aggregates,,,,Aggregates,Aggregates
World,1W,WLD,2001,,2026-07-13,12915.0553238791,67.9451852910729,6244739668,Aggregates,,,,Aggregates,Aggregates
World,1W,WLD,2002,,2026-07-13,13104.3468043873,68.2313680755001,6327171255,Aggregates,,,,Aggregates,Aggregates
World,1W,WLD,2003,,2026-07-13,13410.5978266564,68.5157832704694,6409352386,Aggregates,,,,Aggregates,Aggregates
World,1W,WLD,2004,,2026-07-13,13921.3400955101,68.7710985282211,6492354627,Aggregates,,,,Aggregates,Aggregates
World,1W,WLD,2005,,2026-07-13,14377.2053638343,69.111445965915,6575410029,Aggregates,,,,Aggregates,Aggregates
World,1W,WLD,2006,,2026-07-13,14934.6932991325,69.4690022328376,6659536021,Aggregates,,,,Aggregates,Aggregates
World,1W,WLD,2007,,2026-07-13,15519.537511648,69.8049778312625,6744049498,Aggregates,,,,Aggregates,Aggregates
World,1W,WLD,2008,,2026-07-13,15756.1973918277,70.0043236169628,6830080867,Aggregates,,,,Aggregates,Aggregates
World,1W,WLD,2009,,2026-07-13,15456.5925081159,70.3803491247646,6916168196,Aggregates,,,,Aggregates,Aggregates
World,1W,WLD,2010,,2026-07-13,16050.8528459331,70.6826307784169,7000860073,Aggregates,,,,Aggregates,Aggregates
World,1W,WLD,2011,,2026-07-13,16478.6508721961,70.9688028224075,7086704141,Aggregates,,,,Aggregates,Aggregates
World,1W,WLD,2012,,2026-07-13,16785.0538810187,71.2645542969028,7176482165,Aggregates,,,,Aggregates,Aggregates
World,1W,WLD,2013,,2026-07-13,17121.7231789375,71.5334887297047,7265404737,Aggregates,,,,Aggregates,Aggregates
World,1W,WLD,2014,,2026-07-13,17502.7804590175,71.7763867362613,7353532223,Aggregates,,,,Aggregates,Aggregates
World,1W,WLD,2015,,2026-07-13,17870.9797405245,71.9656376386893,7441084771,Aggregates,,,,Aggregates,Aggregates
World,1W,WLD,2016,,2026-07-13,18234.0187668301,72.1858228976022,7528221579,Aggregates,,,,Aggregates,Aggregates
World,1W,WLD,2017,,2026-07-13,18714.5736777743,72.3662967648278,7613788655,Aggregates,,,,Aggregates,Aggregates
World,1W,WLD,2018,,2026-07-13,19189.4922263446,72.6442408544831,7696159728,Aggregates,,,,Aggregates,Aggregates
World,1W,WLD,2019,,2026-07-13,19551.0853720052,72.869911203356,7777162476,Aggregates,,,,Aggregates,Aggregates
World,1W,WLD,2020,,2026-07-13,18812.4921846351,72.1832040176208,7853863139,Aggregates,,,,Aggregates,Aggregates
World,1W,WLD,2021,,2026-07-13,19875.5669160609,71.2160780260296,7919567995,Aggregates,,,,Aggregates,Aggregates
World,1W,WLD,2022,,2026-07-13,20421.733679962,72.9689585478052,7988550201,Aggregates,,,,Aggregates,Aggregates
World,1W,WLD,2023,,2026-07-13,20894.8663747649,73.3302230276374,8062923417,Aggregates,,,,Aggregates,Aggregates
"Yemen, Rep.",YE,YEM,2000,,2026-07-13,,62.761,19624141,"Middle East, North Africa, Afghanistan & Pakistan",Sana'a,44.2075,15.352,Low income,IDA
"Yemen, Rep.",YE,YEM,2001,,2026-07-13,,63.286,20226147,"Middle East, North Africa, Afghanistan & Pakistan",Sana'a,44.2075,15.352,Low income,IDA
"Yemen, Rep.",YE,YEM,2002,,2026-07-13,,63.807,20835086,"Middle East, North Africa, Afghanistan & Pakistan",Sana'a,44.2075,15.352,Low income,IDA
"Yemen, Rep.",YE,YEM,2003,,2026-07-13,,64.407,21456379,"Middle East, North Africa, Afghanistan & Pakistan",Sana'a,44.2075,15.352,Low income,IDA
"Yemen, Rep.",YE,YEM,2004,,2026-07-13,,64.881,22095167,"Middle East, North Africa, Afghanistan & Pakistan",Sana'a,44.2075,15.352,Low income,IDA
"Yemen, Rep.",YE,YEM,2005,,2026-07-13,,65.356,22790085,"Middle East, North Africa, Afghanistan & Pakistan",Sana'a,44.2075,15.352,Low income,IDA
"Yemen, Rep.",YE,YEM,2006,,2026-07-13,,65.8,23543083,"Middle East, North Africa, Afghanistan & Pakistan",Sana'a,44.2075,15.352,Low income,IDA
"Yemen, Rep.",YE,YEM,2007,,2026-07-13,,66.23,24318082,"Middle East, North Africa, Afghanistan & Pakistan",Sana'a,44.2075,15.352,Low income,IDA
"Yemen, Rep.",YE,YEM,2008,,2026-07-13,,66.609,25111941,"Middle East, North Africa, Afghanistan & Pakistan",Sana'a,44.2075,15.352,Low income,IDA
"Yemen, Rep.",YE,YEM,2009,,2026-07-13,,66.905,25927724,"Middle East, North Africa, Afghanistan & Pakistan",Sana'a,44.2075,15.352,Low income,IDA
"Yemen, Rep.",YE,YEM,2010,,2026-07-13,,67.223,26754387,"Middle East, North Africa, Afghanistan & Pakistan",Sana'a,44.2075,15.352,Low income,IDA
"Yemen, Rep.",YE,YEM,2011,,2026-07-13,,67.412,27582897,"Middle East, North Africa, Afghanistan & Pakistan",Sana'a,44.2075,15.352,Low income,IDA
"Yemen, Rep.",YE,YEM,2012,,2026-07-13,,67.569,28433647,"Middle East, North Africa, Afghanistan & Pakistan",Sana'a,44.2075,15.352,Low income,IDA
"Yemen, Rep.",YE,YEM,2013,,2026-07-13,,67.961,29312952,"Middle East, North Africa, Afghanistan & Pakistan",Sana'a,44.2075,15.352,Low income,IDA
"Yemen, Rep.",YE,YEM,2014,,2026-07-13,,68.003,30226309,"Middle East, North Africa, Afghanistan & Pakistan",Sana'a,44.2075,15.352,Low income,IDA
"Yemen, Rep.",YE,YEM,2015,,2026-07-13,,66.761,31159379,"Middle East, North Africa, Afghanistan & Pakistan",Sana'a,44.2075,15.352,Low income,IDA
"Yemen, Rep.",YE,YEM,2016,,2026-07-13,,67.105,32109010,"Middle East, North Africa, Afghanistan & Pakistan",Sana'a,44.2075,15.352,Low income,IDA
"Yemen, Rep.",YE,YEM,2017,,2026-07-13,,67.12,33090921,"Middle East, North Africa, Afghanistan & Pakistan",Sana'a,44.2075,15.352,Low income,IDA
"Yemen, Rep.",YE,YEM,2018,,2026-07-13,,65.915,34085182,"Middle East, North Africa, Afghanistan & Pakistan",Sana'a,44.2075,15.352,Low income,IDA
"Yemen, Rep.",YE,YEM,2019,,2026-07-13,,66.567,35111408,"Middle East, North Africa, Afghanistan & Pakistan",Sana'a,44.2075,15.352,Low income,IDA
"Yemen, Rep.",YE,YEM,2020,,2026-07-13,,66.435,36134863,"Middle East, North Africa, Afghanistan & Pakistan",Sana'a,44.2075,15.352,Low income,IDA
"Yemen, Rep.",YE,YEM,2021,,2026-07-13,,66.019,37140230,"Middle East, North Africa, Afghanistan & Pakistan",Sana'a,44.2075,15.352,Low income,IDA
"Yemen, Rep.",YE,YEM,2022,,2026-07-13,,67.952,38222876,"Middle East, North Africa, Afghanistan & Pakistan",Sana'a,44.2075,15.352,Low income,IDA
"Yemen, Rep.",YE,YEM,2023,,2026-07-13,,69.295,39390799,"Middle East, North Africa, Afghanistan & Pakistan",Sana'a,44.2075,15.352,Low income,IDA
Zambia,ZM,ZMB,2000,,2026-07-13,2220.5653712714,46.577,10017631,Sub-Saharan Africa,Lusaka,28.2937,-15.3982,Lower middle income,IDA
Zambia,ZM,ZMB,2001,,2026-07-13,2268.96965564597,47.408,10325185,Sub-Saharan Africa,Lusaka,28.2937,-15.3982,Lower middle income,IDA
Zambia,ZM,ZMB,2002,,2026-07-13,2299.33289188114,48.461,10647949,Sub-Saharan Africa,Lusaka,28.2937,-15.3982,Lower middle income,IDA
Zambia,ZM,ZMB,2003,,2026-07-13,2383.87611741089,49.616,10983595,Sub-Saharan Africa,Lusaka,28.2937,-15.3982,Lower middle income,IDA
Zambia,ZM,ZMB,2004,,2026-07-13,2471.72073328685,50.54,11338198,Sub-Saharan Africa,Lusaka,28.2937,-15.3982,Lower middle income,IDA
Zambia,ZM,ZMB,2005,,2026-07-13,2564.47560965912,51.615,11718819,Sub-Saharan Africa,Lusaka,28.2937,-15.3982,Lower middle income,IDA
Zambia,ZM,ZMB,2006,,2026-07-13,2673.46151928529,52.693,12129553,Sub-Saharan Africa,Lusaka,28.2937,-15.3982,Lower middle income,IDA
Zambia,ZM,ZMB,2007,,2026-07-13,2796.3529332184,53.73,12565085,Sub-Saharan Africa,Lusaka,28.2937,-15.3982,Lower middle income,IDA
Zambia,ZM,ZMB,2008,,2026-07-13,2908.14362510668,54.835,13021324,Sub-Saharan Africa,Lusaka,28.2937,-15.3982,Lower middle income,IDA
Zambia,ZM,ZMB,2009,,2026-07-13,3065.84420108998,55.886,13490389,Sub-Saharan Africa,Lusaka,28.2937,-15.3982,Lower middle income,IDA
Zambia,ZM,ZMB,2010,,2026-07-13,3266.50749293828,56.896,13965594,Sub-Saharan Africa,Lusaka,28.2937,-15.3982,Lower middle income,IDA
Zambia,ZM,ZMB,2011,,2026-07-13,3335.64339500657,57.843,14437796,Sub-Saharan Africa,Lusaka,28.2937,-15.3982,Lower middle income,IDA
Zambia,ZM,ZMB,2012,,2026-07-13,3474.55252844092,58.704,14913629,Sub-Saharan Africa,Lusaka,28.2937,-15.3982,Lower middle income,IDA
Zambia,ZM,ZMB,2013,,2026-07-13,3535.22449043144,59.445,15398997,Sub-Saharan Africa,Lusaka,28.2937,-15.3982,Lower middle income,IDA
Zambia,ZM,ZMB,2014,,2026-07-13,3585.57748507131,60.109,15895315,Sub-Saharan Africa,Lusaka,28.2937,-15.3982,Lower middle income,IDA
Zambia,ZM,ZMB,2015,,2026-07-13,3576.92544834125,60.728,16399089,Sub-Saharan Africa,Lusaka,28.2937,-15.3982,Lower middle income,IDA
Zambia,ZM,ZMB,2016,,2026-07-13,3598.17166023389,61.129,16914423,Sub-Saharan Africa,Lusaka,28.2937,-15.3982,Lower middle income,IDA
Zambia,ZM,ZMB,2017,,2026-07-13,3612.50597664593,61.564,17441320,Sub-Saharan Africa,Lusaka,28.2937,-15.3982,Lower middle income,IDA
Zambia,ZM,ZMB,2018,,2026-07-13,3646.95966481655,62.138,17973569,Sub-Saharan Africa,Lusaka,28.2937,-15.3982,Lower middle income,IDA
Zambia,ZM,ZMB,2019,,2026-07-13,3591.56418883108,62.914,18513839,Sub-Saharan Africa,Lusaka,28.2937,-15.3982,Lower middle income,IDA
Zambia,ZM,ZMB,2020,,2026-07-13,3391.59541156095,63.361,19059395,Sub-Saharan Africa,Lusaka,28.2937,-15.3982,Lower middle income,IDA
Zambia,ZM,ZMB,2021,,2026-07-13,3503.03491418372,62.363,19603607,Sub-Saharan Africa,Lusaka,28.2937,-15.3982,Lower middle income,IDA
Zambia,ZM,ZMB,2022,,2026-07-13,3585.12379084347,65.279,20152938,Sub-Saharan Africa,Lusaka,28.2937,-15.3982,Lower middle income,IDA
Zambia,ZM,ZMB,2023,,2026-07-13,3673.4841969922,66.349,20723965,Sub-Saharan Africa,Lusaka,28.2937,-15.3982,Lower middle income,IDA
Zimbabwe,ZW,ZWE,2000,,2026-07-13,6170.36063450551,46.034,11892055,Sub-Saharan Africa,Harare,31.0672,-17.8312,Lower middle income,Blend
Zimbabwe,ZW,ZWE,2001,,2026-07-13,6217.43872434863,44.525,11971901,Sub-Saharan Africa,Harare,31.0672,-17.8312,Lower middle income,Blend
Zimbabwe,ZW,ZWE,2002,,2026-07-13,5610.21576859697,45.938,12087653,Sub-Saharan Africa,Harare,31.0672,-17.8312,Lower middle income,Blend
Zimbabwe,ZW,ZWE,2003,,2026-07-13,4601.68067845787,45.373,12232323,Sub-Saharan Africa,Harare,31.0672,-17.8312,Lower middle income,Blend
Zimbabwe,ZW,ZWE,2004,,2026-07-13,4287.61686326352,46.043,12365896,Sub-Saharan Africa,Harare,31.0672,-17.8312,Lower middle income,Blend
Zimbabwe,ZW,ZWE,2005,,2026-07-13,4004.68178301248,46.57,12483432,Sub-Saharan Africa,Harare,31.0672,-17.8312,Lower middle income,Blend
Zimbabwe,ZW,ZWE,2006,,2026-07-13,3819.24997116607,47.056,12636445,Sub-Saharan Africa,Harare,31.0672,-17.8312,Lower middle income,Blend
Zimbabwe,ZW,ZWE,2007,,2026-07-13,3631.55334530411,47.576,12804058,Sub-Saharan Africa,Harare,31.0672,-17.8312,Lower middle income,Blend
Zimbabwe,ZW,ZWE,2008,,2026-07-13,2954.11211916469,48.456,12959149,Sub-Saharan Africa,Harare,31.0672,-17.8312,Lower middle income,Blend
Zimbabwe,ZW,ZWE,2009,,2026-07-13,3299.42808702922,49.75,13142790,Sub-Saharan Africa,Harare,31.0672,-17.8312,Lower middle income,Blend
Zimbabwe,ZW,ZWE,2010,,2026-07-13,3885.41061373756,51.925,13356548,Sub-Saharan Africa,Harare,31.0672,-17.8312,Lower middle income,Blend
Zimbabwe,ZW,ZWE,2011,,2026-07-13,4358.94470674386,53.911,13595424,Sub-Saharan Africa,Harare,31.0672,-17.8312,Lower middle income,Blend
Zimbabwe,ZW,ZWE,2012,,2026-07-13,5003.50873397069,55.386,13817887,Sub-Saharan Africa,Harare,31.0672,-17.8312,Lower middle income,Blend
Zimbabwe,ZW,ZWE,2013,,2026-07-13,5031.70923825425,56.842,14013808,Sub-Saharan Africa,Harare,31.0672,-17.8312,Lower middle income,Blend
Zimbabwe,ZW,ZWE,2014,,2026-07-13,5081.13441232186,58.106,14207359,Sub-Saharan Africa,Harare,31.0672,-17.8312,Lower middle income,Blend
Zimbabwe,ZW,ZWE,2015,,2026-07-13,5102.73642537223,58.989,14399013,Sub-Saharan Africa,Harare,31.0672,-17.8312,Lower middle income,Blend
Zimbabwe,ZW,ZWE,2016,,2026-07-13,5070.42413209981,59.76,14600294,Sub-Saharan Africa,Harare,31.0672,-17.8312,Lower middle income,Blend
Zimbabwe,ZW,ZWE,2017,,2026-07-13,5234.4065377844,60.263,14812482,Sub-Saharan Africa,Harare,31.0672,-17.8312,Lower middle income,Blend
Zimbabwe,ZW,ZWE,2018,,2026-07-13,5415.49322028193,60.906,15034452,Sub-Saharan Africa,Harare,31.0672,-17.8312,Lower middle income,Blend
Zimbabwe,ZW,ZWE,2019,,2026-07-13,4993.86546928208,61.06,15271368,Sub-Saharan Africa,Harare,31.0672,-17.8312,Lower middle income,Blend
Zimbabwe,ZW,ZWE,2020,,2026-07-13,4527.73949219254,61.53,15526888,Sub-Saharan Africa,Harare,31.0672,-17.8312,Lower middle income,Blend
Zimbabwe,ZW,ZWE,2021,,2026-07-13,4827.10960165994,60.135,15797210,Sub-Saharan Africa,Harare,31.0672,-17.8312,Lower middle income,Blend
Zimbabwe,ZW,ZWE,2022,,2026-07-13,5036.78317732239,62.36,16069056,Sub-Saharan Africa,Harare,31.0672,-17.8312,Lower middle income,Blend
Zimbabwe,ZW,ZWE,2023,,2026-07-13,5218.0452659639795,62.775,16340822,Sub-Saharan Africa,Harare,31.0672,-17.8312,Lower middle income,Blend
