title,category,price_gbp,rating,in_stock,product_url,budget_quality,value_score
It's Only the Himalayas,Travel,45.17,2,TRUE,https://books.toscrape.com/catalogue/its-only-the-himalayas_981/index.html,FALSE,0.044277175116227585
Full Moon over Noah’s Ark: An Odyssey to Mount Ararat and Beyond,Travel,49.43,4,TRUE,https://books.toscrape.com/catalogue/full-moon-over-noahs-ark-an-odyssey-to-mount-ararat-and-beyond_811/index.html,FALSE,0.08092251669026906
See America: A Celebration of Our National Parks & Treasured Sites,Travel,48.87,3,TRUE,https://books.toscrape.com/catalogue/see-america-a-celebration-of-our-national-parks-treasured-sites_732/index.html,FALSE,0.061387354205033766
Vagabonding: An Uncommon Guide to the Art of Long-Term World Travel,Travel,36.94,2,TRUE,https://books.toscrape.com/catalogue/vagabonding-an-uncommon-guide-to-the-art-of-long-term-world-travel_552/index.html,FALSE,0.05414185165132648
Under the Tuscan Sun,Travel,37.33,3,TRUE,https://books.toscrape.com/catalogue/under-the-tuscan-sun_504/index.html,FALSE,0.08036431824270024
A Summer In Europe,Travel,44.339999999999996,2,TRUE,https://books.toscrape.com/catalogue/a-summer-in-europe_458/index.html,FALSE,0.045105999097880024
The Great Railway Bazaar,Travel,30.54,1,TRUE,https://books.toscrape.com/catalogue/the-great-railway-bazaar_446/index.html,FALSE,0.03274394237066143
A Year in Provence (Provence #1),Travel,56.879999999999995,4,TRUE,https://books.toscrape.com/catalogue/a-year-in-provence-provence-1_421/index.html,FALSE,0.07032348804500704
The Road to Little Dribbling: Adventures of an American in Britain (Notes From a Small Island #2),Travel,23.21,1,TRUE,https://books.toscrape.com/catalogue/the-road-to-little-dribbling-adventures-of-an-american-in-britain-notes-from-a-small-island-2_277/index.html,FALSE,0.043084877208099955
Neither Here nor There: Travels in Europe,Travel,38.949999999999996,3,TRUE,https://books.toscrape.com/catalogue/neither-here-nor-there-travels-in-europe_198/index.html,FALSE,0.07702182284980745
"1,000 Places to See Before You Die",Travel,26.08,5,TRUE,https://books.toscrape.com/catalogue/1000-places-to-see-before-you-die_1/index.html,FALSE,0.19171779141104295
Sharp Objects,Mystery,47.82,4,TRUE,https://books.toscrape.com/catalogue/sharp-objects_997/index.html,FALSE,0.0836470096194061
"In a Dark, Dark Wood",Mystery,19.630000000000003,1,TRUE,https://books.toscrape.com/catalogue/in-a-dark-dark-wood_963/index.html,FALSE,0.05094243504839531
The Past Never Ends,Mystery,56.5,4,TRUE,https://books.toscrape.com/catalogue/the-past-never-ends_942/index.html,FALSE,0.07079646017699115
A Murder in Time,Mystery,16.64,1,TRUE,https://books.toscrape.com/catalogue/a-murder-in-time_877/index.html,FALSE,0.06009615384615384
The Murder of Roger Ackroyd (Hercule Poirot #4),Mystery,44.1,4,TRUE,https://books.toscrape.com/catalogue/the-murder-of-roger-ackroyd-hercule-poirot-4_852/index.html,FALSE,0.09070294784580499
The Last Mile (Amos Decker #2),Mystery,54.21,2,TRUE,https://books.toscrape.com/catalogue/the-last-mile-amos-decker-2_754/index.html,FALSE,0.036893562073418186
That Darkness (Gardiner and Renner #1),Mystery,13.92,1,TRUE,https://books.toscrape.com/catalogue/that-darkness-gardiner-and-renner-1_743/index.html,FALSE,0.07183908045977011
Tastes Like Fear (DI Marnie Rome #3),Mystery,10.69,1,TRUE,https://books.toscrape.com/catalogue/tastes-like-fear-di-marnie-rome-3_742/index.html,FALSE,0.09354536950420955
A Time of Torment (Charlie Parker #14),Mystery,48.349999999999994,5,TRUE,https://books.toscrape.com/catalogue/a-time-of-torment-charlie-parker-14_657/index.html,FALSE,0.1034126163391934
A Study in Scarlet (Sherlock Holmes #1),Mystery,16.73,2,TRUE,https://books.toscrape.com/catalogue/a-study-in-scarlet-sherlock-holmes-1_656/index.html,FALSE,0.1195457262402869
Poisonous (Max Revere Novels #3),Mystery,26.8,3,TRUE,https://books.toscrape.com/catalogue/poisonous-max-revere-novels-3_627/index.html,FALSE,0.11194029850746269
Murder at the 42nd Street Library (Raymond Ambler #1),Mystery,54.36,4,TRUE,https://books.toscrape.com/catalogue/murder-at-the-42nd-street-library-raymond-ambler-1_624/index.html,FALSE,0.07358351729212656
Most Wanted,Mystery,35.28,3,TRUE,https://books.toscrape.com/catalogue/most-wanted_623/index.html,FALSE,0.08503401360544217
Hide Away (Eve Duncan #20),Mystery,11.84,1,TRUE,https://books.toscrape.com/catalogue/hide-away-eve-duncan-20_620/index.html,FALSE,0.08445945945945946
Boar Island (Anna Pigeon #19),Mystery,59.48,3,TRUE,https://books.toscrape.com/catalogue/boar-island-anna-pigeon-19_613/index.html,FALSE,0.05043712172158709
The Widow,Mystery,27.259999999999998,2,TRUE,https://books.toscrape.com/catalogue/the-widow_609/index.html,FALSE,0.07336757153338225
Playing with Fire,Mystery,13.709999999999999,3,TRUE,https://books.toscrape.com/catalogue/playing-with-fire_602/index.html,FALSE,0.21881838074398252
What Happened on Beale Street (Secrets of the South Mysteries #2),Mystery,25.37,5,TRUE,https://books.toscrape.com/catalogue/what-happened-on-beale-street-secrets-of-the-south-mysteries-2_506/index.html,FALSE,0.19708316909735907
The Bachelor Girl's Guide to Murder (Herringford and Watts Mysteries #1),Mystery,52.3,5,TRUE,https://books.toscrape.com/catalogue/the-bachelor-girls-guide-to-murder-herringford-and-watts-mysteries-1_491/index.html,FALSE,0.09560229445506693
Delivering the Truth (Quaker Midwife Mystery #1),Mystery,20.89,4,TRUE,https://books.toscrape.com/catalogue/delivering-the-truth-quaker-midwife-mystery-1_464/index.html,FALSE,0.19147917663954045
The Mysterious Affair at Styles (Hercule Poirot #1),Mystery,24.8,4,TRUE,https://books.toscrape.com/catalogue/the-mysterious-affair-at-styles-hercule-poirot-1_452/index.html,FALSE,0.16129032258064516
In the Woods (Dublin Murder Squad #1),Mystery,38.379999999999995,2,TRUE,https://books.toscrape.com/catalogue/in-the-woods-dublin-murder-squad-1_433/index.html,FALSE,0.052110474205315276
The Silkworm (Cormoran Strike #2),Mystery,23.05,5,TRUE,https://books.toscrape.com/catalogue/the-silkworm-cormoran-strike-2_280/index.html,FALSE,0.21691973969631237
The Exiled,Mystery,43.449999999999996,3,TRUE,https://books.toscrape.com/catalogue/the-exiled_247/index.html,FALSE,0.06904487917146146
The Cuckoo's Calling (Cormoran Strike #1),Mystery,19.21,1,TRUE,https://books.toscrape.com/catalogue/the-cuckoos-calling-cormoran-strike-1_239/index.html,FALSE,0.052056220718375845
Extreme Prey (Lucas Davenport #26),Mystery,25.4,3,TRUE,https://books.toscrape.com/catalogue/extreme-prey-lucas-davenport-26_154/index.html,FALSE,0.11811023622047245
Career of Evil (Cormoran Strike #3),Mystery,24.72,2,TRUE,https://books.toscrape.com/catalogue/career-of-evil-cormoran-strike-3_137/index.html,FALSE,0.08090614886731393
The No. 1 Ladies' Detective Agency (No. 1 Ladies' Detective Agency #1),Mystery,57.7,4,TRUE,https://books.toscrape.com/catalogue/the-no-1-ladies-detective-agency-no-1-ladies-detective-agency-1_76/index.html,FALSE,0.06932409012131716
The Girl You Lost,Mystery,12.29,5,TRUE,https://books.toscrape.com/catalogue/the-girl-you-lost_66/index.html,TRUE,0.40683482506102525
The Girl In The Ice (DCI Erika Foster #1),Mystery,15.850000000000001,3,TRUE,https://books.toscrape.com/catalogue/the-girl-in-the-ice-dci-erika-foster-1_65/index.html,FALSE,0.1892744479495268
Blood Defense (Samantha Brinkman #1),Mystery,20.3,3,TRUE,https://books.toscrape.com/catalogue/blood-defense-samantha-brinkman-1_8/index.html,FALSE,0.14778325123152708
1st to Die (Women's Murder Club #1),Mystery,53.98,1,TRUE,https://books.toscrape.com/catalogue/1st-to-die-womens-murder-club-1_2/index.html,FALSE,0.018525379770285292
Tipping the Velvet,Historical Fiction,53.74,1,TRUE,https://books.toscrape.com/catalogue/tipping-the-velvet_999/index.html,FALSE,0.018608113137327874
Forever and Forever: The Courtship of Henry Longfellow and Fanny Appleton,Historical Fiction,29.69,3,TRUE,https://books.toscrape.com/catalogue/forever-and-forever-the-courtship-of-henry-longfellow-and-fanny-appleton_894/index.html,FALSE,0.10104412260020208
A Flight of Arrows (The Pathfinders #2),Historical Fiction,55.53,5,TRUE,https://books.toscrape.com/catalogue/a-flight-of-arrows-the-pathfinders-2_876/index.html,FALSE,0.09004141905276428
The House by the Lake,Historical Fiction,36.949999999999996,1,TRUE,https://books.toscrape.com/catalogue/the-house-by-the-lake_846/index.html,FALSE,0.027063599458728015
Mrs. Houdini,Historical Fiction,30.25,5,TRUE,https://books.toscrape.com/catalogue/mrs-houdini_821/index.html,FALSE,0.1652892561983471
The Marriage of Opposites,Historical Fiction,28.08,4,TRUE,https://books.toscrape.com/catalogue/the-marriage-of-opposites_759/index.html,FALSE,0.14245014245014245
Glory over Everything: Beyond The Kitchen House,Historical Fiction,45.839999999999996,3,TRUE,https://books.toscrape.com/catalogue/glory-over-everything-beyond-the-kitchen-house_696/index.html,FALSE,0.06544502617801047
"Love, Lies and Spies",Historical Fiction,20.55,2,TRUE,https://books.toscrape.com/catalogue/love-lies-and-spies_622/index.html,FALSE,0.097323600973236
A Paris Apartment,Historical Fiction,39.01,4,TRUE,https://books.toscrape.com/catalogue/a-paris-apartment_612/index.html,FALSE,0.10253781081773905
Lilac Girls,Historical Fiction,17.279999999999998,2,TRUE,https://books.toscrape.com/catalogue/lilac-girls_597/index.html,FALSE,0.11574074074074076
The Constant Princess (The Tudor Court #1),Historical Fiction,16.62,3,TRUE,https://books.toscrape.com/catalogue/the-constant-princess-the-tudor-court-1_493/index.html,FALSE,0.18050541516245486
The Invention of Wings,Historical Fiction,37.339999999999996,1,TRUE,https://books.toscrape.com/catalogue/the-invention-of-wings_448/index.html,FALSE,0.026780931976432783
World Without End (The Pillars of the Earth #2),Historical Fiction,32.97,4,TRUE,https://books.toscrape.com/catalogue/world-without-end-the-pillars-of-the-earth-2_420/index.html,FALSE,0.12132241431604489
The Passion of Dolssa,Historical Fiction,28.32,5,TRUE,https://books.toscrape.com/catalogue/the-passion-of-dolssa_351/index.html,FALSE,0.1765536723163842
Girl With a Pearl Earring,Historical Fiction,26.77,1,TRUE,https://books.toscrape.com/catalogue/girl-with-a-pearl-earring_322/index.html,FALSE,0.03735524841240194
Voyager (Outlander #3),Historical Fiction,21.07,5,TRUE,https://books.toscrape.com/catalogue/voyager-outlander-3_299/index.html,FALSE,0.23730422401518747
The Red Tent,Historical Fiction,35.660000000000004,5,TRUE,https://books.toscrape.com/catalogue/the-red-tent_273/index.html,FALSE,0.14021312394840155
The Last Painting of Sara de Vos,Historical Fiction,55.55,2,TRUE,https://books.toscrape.com/catalogue/the-last-painting-of-sara-de-vos_259/index.html,FALSE,0.036003600360036005
The Guernsey Literary and Potato Peel Pie Society,Historical Fiction,49.53,1,TRUE,https://books.toscrape.com/catalogue/the-guernsey-literary-and-potato-peel-pie-society_253/index.html,FALSE,0.020189783969311526
Girl in the Blue Coat,Historical Fiction,46.83,2,TRUE,https://books.toscrape.com/catalogue/girl-in-the-blue-coat_160/index.html,FALSE,0.04270766602605168
Between Shades of Gray,Historical Fiction,20.79,5,TRUE,https://books.toscrape.com/catalogue/between-shades-of-gray_128/index.html,FALSE,0.24050024050024052
While You Were Mine,Historical Fiction,41.32,5,TRUE,https://books.toscrape.com/catalogue/while-you-were-mine_97/index.html,FALSE,0.12100677637947725
The Secret Healer,Historical Fiction,34.56,3,TRUE,https://books.toscrape.com/catalogue/the-secret-healer_80/index.html,FALSE,0.08680555555555555
Starlark,Historical Fiction,25.830000000000002,3,TRUE,https://books.toscrape.com/catalogue/starlark_56/index.html,FALSE,0.11614401858304296
Lost Among the Living,Historical Fiction,27.7,4,TRUE,https://books.toscrape.com/catalogue/lost-among-the-living_31/index.html,FALSE,0.1444043321299639
A Spy's Devotion (The Regency Spies of London #1),Historical Fiction,16.97,5,TRUE,https://books.toscrape.com/catalogue/a-spys-devotion-the-regency-spies-of-london-1_3/index.html,TRUE,0.29463759575721865
Scott Pilgrim's Precious Little Life (Scott Pilgrim #1),Sequential Art,52.290000000000006,5,TRUE,https://books.toscrape.com/catalogue/scott-pilgrims-precious-little-life-scott-pilgrim-1_987/index.html,FALSE,0.09562057754828839
Tsubasa: WoRLD CHRoNiCLE 2 (Tsubasa WoRLD CHRoNiCLE #2),Sequential Art,16.279999999999998,1,TRUE,https://books.toscrape.com/catalogue/tsubasa-world-chronicle-2-tsubasa-world-chronicle-2_949/index.html,FALSE,0.061425061425061434
This One Summer,Sequential Art,19.49,4,TRUE,https://books.toscrape.com/catalogue/this-one-summer_947/index.html,TRUE,0.20523345305284763
The Nameless City (The Nameless City #1),Sequential Art,38.160000000000004,4,TRUE,https://books.toscrape.com/catalogue/the-nameless-city-the-nameless-city-1_940/index.html,FALSE,0.10482180293501048
"Saga, Volume 5 (Saga (Collected Editions) #5)",Sequential Art,51.04,2,TRUE,https://books.toscrape.com/catalogue/saga-volume-5-saga-collected-editions-5_923/index.html,FALSE,0.03918495297805643
"Rat Queens, Vol. 3: Demons (Rat Queens (Collected Editions) #11-15)",Sequential Art,50.4,3,TRUE,https://books.toscrape.com/catalogue/rat-queens-vol-3-demons-rat-queens-collected-editions-11-15_921/index.html,FALSE,0.05952380952380953
"Princess Jellyfish 2-in-1 Omnibus, Vol. 01 (Princess Jellyfish 2-in-1 Omnibus #1)",Sequential Art,13.61,5,TRUE,https://books.toscrape.com/catalogue/princess-jellyfish-2-in-1-omnibus-vol-01-princess-jellyfish-2-in-1-omnibus-1_920/index.html,TRUE,0.36737692872887584
"Pop Gun War, Volume 1: Gift",Sequential Art,18.97,1,TRUE,https://books.toscrape.com/catalogue/pop-gun-war-volume-1-gift_918/index.html,FALSE,0.05271481286241434
Patience,Sequential Art,10.16,3,TRUE,https://books.toscrape.com/catalogue/patience_916/index.html,FALSE,0.2952755905511811
"Outcast, Vol. 1: A Darkness Surrounds Him (Outcast #1)",Sequential Art,15.44,4,TRUE,https://books.toscrape.com/catalogue/outcast-vol-1-a-darkness-surrounds-him-outcast-1_915/index.html,TRUE,0.2590673575129534
orange: The Complete Collection 1 (orange: The Complete Collection #1),Sequential Art,48.41,1,TRUE,https://books.toscrape.com/catalogue/orange-the-complete-collection-1-orange-the-complete-collection-1_914/index.html,FALSE,0.020656889072505683
"Lumberjanes, Vol. 2: Friendship to the Max (Lumberjanes #5-8)",Sequential Art,46.91,2,TRUE,https://books.toscrape.com/catalogue/lumberjanes-vol-2-friendship-to-the-max-lumberjanes-5-8_907/index.html,FALSE,0.04263483265828182
"Lumberjanes, Vol. 1: Beware the Kitten Holy (Lumberjanes #1-4)",Sequential Art,45.61,3,TRUE,https://books.toscrape.com/catalogue/lumberjanes-vol-1-beware-the-kitten-holy-lumberjanes-1-4_906/index.html,FALSE,0.065775049331287
Lumberjanes Vol. 3: A Terrible Plan (Lumberjanes #9-12),Sequential Art,19.919999999999998,2,TRUE,https://books.toscrape.com/catalogue/lumberjanes-vol-3-a-terrible-plan-lumberjanes-9-12_905/index.html,FALSE,0.10040160642570282
"I Hate Fairyland, Vol. 1: Madly Ever After (I Hate Fairyland (Compilations) #1-5)",Sequential Art,29.17,2,TRUE,https://books.toscrape.com/catalogue/i-hate-fairyland-vol-1-madly-ever-after-i-hate-fairyland-compilations-1-5_899/index.html,FALSE,0.06856359273225916
I am a Hero Omnibus Volume 1,Sequential Art,54.63,3,TRUE,https://books.toscrape.com/catalogue/i-am-a-hero-omnibus-volume-1_898/index.html,FALSE,0.05491488193300384
"Giant Days, Vol. 2 (Giant Days #5-8)",Sequential Art,22.110000000000003,2,TRUE,https://books.toscrape.com/catalogue/giant-days-vol-2-giant-days-5-8_895/index.html,FALSE,0.09045680687471731
Danganronpa Volume 1,Sequential Art,51.99,4,TRUE,https://books.toscrape.com/catalogue/danganronpa-volume-1_889/index.html,FALSE,0.07693787266782073
"Codename Baboushka, Volume 1: The Conclave of Death",Sequential Art,36.720000000000006,4,TRUE,https://books.toscrape.com/catalogue/codename-baboushka-volume-1-the-conclave-of-death_887/index.html,FALSE,0.10893246187363832
Camp Midnight,Sequential Art,17.08,4,TRUE,https://books.toscrape.com/catalogue/camp-midnight_886/index.html,TRUE,0.234192037470726
"Bitch Planet, Vol. 1: Extraordinary Machine (Bitch Planet (Collected Editions))",Sequential Art,37.92,2,TRUE,https://books.toscrape.com/catalogue/bitch-planet-vol-1-extraordinary-machine-bitch-planet-collected-editions_882/index.html,FALSE,0.05274261603375527
The Shadow Hero (The Shadow Hero),Sequential Art,33.14,1,TRUE,https://books.toscrape.com/catalogue/the-shadow-hero-the-shadow-hero_860/index.html,FALSE,0.030175015087507542
"Fables, Vol. 1: Legends in Exile (Fables #1)",Sequential Art,41.620000000000005,4,TRUE,https://books.toscrape.com/catalogue/fables-vol-1-legends-in-exile-fables-1_806/index.html,FALSE,0.09610764055742431
Batman: The Long Halloween (Batman),Sequential Art,36.5,2,TRUE,https://books.toscrape.com/catalogue/batman-the-long-halloween-batman_793/index.html,FALSE,0.0547945205479452
Batman: The Dark Knight Returns (Batman),Sequential Art,15.38,5,TRUE,https://books.toscrape.com/catalogue/batman-the-dark-knight-returns-batman_792/index.html,TRUE,0.3250975292587776
"Wonder Woman: Earth One, Volume One (Wonder Woman: Earth One #1)",Sequential Art,37.339999999999996,4,TRUE,https://books.toscrape.com/catalogue/wonder-woman-earth-one-volume-one-wonder-woman-earth-one-1_783/index.html,FALSE,0.10712372790573113
"We Are Robin, Vol. 1: The Vigilante Business (We Are Robin #1)",Sequential Art,53.9,1,TRUE,https://books.toscrape.com/catalogue/we-are-robin-vol-1-the-vigilante-business-we-are-robin-1_778/index.html,FALSE,0.01855287569573284
Through the Woods,Sequential Art,25.38,2,TRUE,https://books.toscrape.com/catalogue/through-the-woods_772/index.html,FALSE,0.07880220646178093
Superman Vol. 1: Before Truth (Superman by Gene Luen Yang #1),Sequential Art,11.89,5,TRUE,https://books.toscrape.com/catalogue/superman-vol-1-before-truth-superman-by-gene-luen-yang-1_739/index.html,TRUE,0.42052144659377627
"So Cute It Hurts!!, Vol. 6 (So Cute It Hurts!! #6)",Sequential Art,35.43,4,TRUE,https://books.toscrape.com/catalogue/so-cute-it-hurts-vol-6-so-cute-it-hurts-6_734/index.html,FALSE,0.11289867344058707
Robin War,Sequential Art,47.82,3,TRUE,https://books.toscrape.com/catalogue/robin-war_730/index.html,FALSE,0.06273525721455459
"Red Hood/Arsenal, Vol. 1: Open for Business (Red Hood/Arsenal #1)",Sequential Art,25.479999999999997,2,TRUE,https://books.toscrape.com/catalogue/red-hoodarsenal-vol-1-open-for-business-red-hoodarsenal-1_729/index.html,FALSE,0.0784929356357928
"Naruto (3-in-1 Edition), Vol. 14: Includes Vols. 40, 41 & 42 (Naruto: Omnibus #14)",Sequential Art,38.39,2,TRUE,https://books.toscrape.com/catalogue/naruto-3-in-1-edition-vol-14-includes-vols-40-41-42-naruto-omnibus-14_721/index.html,FALSE,0.05209690023443605
Lowriders to the Center of the Earth (Lowriders in Space #2),Sequential Art,51.51,2,TRUE,https://books.toscrape.com/catalogue/lowriders-to-the-center-of-the-earth-lowriders-in-space-2_712/index.html,FALSE,0.03882741215298
El Deafo,Sequential Art,57.620000000000005,5,TRUE,https://books.toscrape.com/catalogue/el-deafo_691/index.html,FALSE,0.08677542519958348
Batman: Europa,Sequential Art,32.01,2,TRUE,https://books.toscrape.com/catalogue/batman-europa_668/index.html,FALSE,0.062480474851608875
Art Ops Vol. 1,Sequential Art,48.8,3,TRUE,https://books.toscrape.com/catalogue/art-ops-vol-1_664/index.html,FALSE,0.06147540983606558
"Adulthood Is a Myth: A ""Sarah's Scribbles"" Collection",Sequential Art,10.9,2,TRUE,https://books.toscrape.com/catalogue/adulthood-is-a-myth-a-sarahs-scribbles-collection_659/index.html,FALSE,0.18348623853211007
"Fruits Basket, Vol. 9 (Fruits Basket #9)",Sequential Art,33.949999999999996,4,TRUE,https://books.toscrape.com/catalogue/fruits-basket-vol-9-fruits-basket-9_563/index.html,FALSE,0.11782032400589103
Roller Girl,Sequential Art,14.1,5,TRUE,https://books.toscrape.com/catalogue/roller-girl_540/index.html,TRUE,0.3546099290780142
"Fruits Basket, Vol. 7 (Fruits Basket #7)",Sequential Art,19.57,1,TRUE,https://books.toscrape.com/catalogue/fruits-basket-vol-7-fruits-basket-7_468/index.html,FALSE,0.05109862033725089
"Fruits Basket, Vol. 6 (Fruits Basket #6)",Sequential Art,20.959999999999997,4,TRUE,https://books.toscrape.com/catalogue/fruits-basket-vol-6-fruits-basket-6_427/index.html,FALSE,0.19083969465648856
"Death Note, Vol. 6: Give-and-Take (Death Note #6)",Sequential Art,36.39,3,TRUE,https://books.toscrape.com/catalogue/death-note-vol-6-give-and-take-death-note-6_425/index.html,FALSE,0.08244023083264633
"Fruits Basket, Vol. 5 (Fruits Basket #5)",Sequential Art,16.330000000000002,1,TRUE,https://books.toscrape.com/catalogue/fruits-basket-vol-5-fruits-basket-5_376/index.html,FALSE,0.06123698714023269
"Death Note, Vol. 5: Whiteout (Death Note #5)",Sequential Art,52.41,1,TRUE,https://books.toscrape.com/catalogue/death-note-vol-5-whiteout-death-note-5_368/index.html,FALSE,0.019080328181644724
"The Demon Prince of Momochi House, Vol. 4 (The Demon Prince of Momochi House #4)",Sequential Art,27.88,2,TRUE,https://books.toscrape.com/catalogue/the-demon-prince-of-momochi-house-vol-4-the-demon-prince-of-momochi-house-4_344/index.html,FALSE,0.07173601147776183
"Fruits Basket, Vol. 4 (Fruits Basket #4)",Sequential Art,50.44,4,TRUE,https://books.toscrape.com/catalogue/fruits-basket-vol-4-fruits-basket-4_321/index.html,FALSE,0.07930214115781127
"The Wicked + The Divine, Vol. 3: Commercial Suicide (The Wicked + The Divine)",Sequential Art,14.41,3,TRUE,https://books.toscrape.com/catalogue/the-wicked-the-divine-vol-3-commercial-suicide-the-wicked-the-divine_287/index.html,FALSE,0.2081887578070784
"The Sandman, Vol. 3: Dream Country (The Sandman (volumes) #3)",Sequential Art,55.55,5,TRUE,https://books.toscrape.com/catalogue/the-sandman-vol-3-dream-country-the-sandman-volumes-3_279/index.html,FALSE,0.09000900090009001
"Saga, Volume 3 (Saga (Collected Editions) #3)",Sequential Art,21.57,5,TRUE,https://books.toscrape.com/catalogue/saga-volume-3-saga-collected-editions-3_216/index.html,FALSE,0.23180343069077422
Prodigy: The Graphic Novel (Legend: The Graphic Novel #2),Sequential Art,43.63,3,TRUE,https://books.toscrape.com/catalogue/prodigy-the-graphic-novel-legend-the-graphic-novel-2_207/index.html,FALSE,0.068760027504011
Persepolis: The Story of a Childhood (Persepolis #1-2),Sequential Art,39.13,1,TRUE,https://books.toscrape.com/catalogue/persepolis-the-story-of-a-childhood-persepolis-1-2_206/index.html,FALSE,0.02555583950932788
Original Fake,Sequential Art,31.45,3,TRUE,https://books.toscrape.com/catalogue/original-fake_203/index.html,FALSE,0.09538950715421304
"Grayson, Vol 3: Nemesis (Grayson #3)",Sequential Art,42.720000000000006,1,TRUE,https://books.toscrape.com/catalogue/grayson-vol-3-nemesis-grayson-3_164/index.html,FALSE,0.02340823970037453
"Fruits Basket, Vol. 3 (Fruits Basket #3)",Sequential Art,45.17,2,TRUE,https://books.toscrape.com/catalogue/fruits-basket-vol-3-fruits-basket-3_159/index.html,FALSE,0.044277175116227585
"Black Butler, Vol. 1 (Black Butler #1)",Sequential Art,49.309999999999995,1,TRUE,https://books.toscrape.com/catalogue/black-butler-vol-1-black-butler-1_130/index.html,FALSE,0.020279862096937742
Awkward,Sequential Art,38.02,2,TRUE,https://books.toscrape.com/catalogue/awkward_124/index.html,FALSE,0.052603892688058915
"The Sandman, Vol. 2: The Doll's House (The Sandman (volumes) #2)",Sequential Art,54.809999999999995,1,TRUE,https://books.toscrape.com/catalogue/the-sandman-vol-2-the-dolls-house-the-sandman-volumes-2_110/index.html,FALSE,0.01824484583105273
"Saga, Volume 2 (Saga (Collected Editions) #2)",Sequential Art,11.75,3,TRUE,https://books.toscrape.com/catalogue/saga-volume-2-saga-collected-editions-2_107/index.html,FALSE,0.2553191489361702
"Fruits Basket, Vol. 2 (Fruits Basket #2)",Sequential Art,11.639999999999999,5,TRUE,https://books.toscrape.com/catalogue/fruits-basket-vol-2-fruits-basket-2_100/index.html,TRUE,0.429553264604811
"Y: The Last Man, Vol. 1: Unmanned (Y: The Last Man #1)",Sequential Art,18.51,4,TRUE,https://books.toscrape.com/catalogue/y-the-last-man-vol-1-unmanned-y-the-last-man-1_98/index.html,TRUE,0.21609940572663425
"The Wicked + The Divine, Vol. 1: The Faust Act (The Wicked + The Divine)",Sequential Art,36.52,2,TRUE,https://books.toscrape.com/catalogue/the-wicked-the-divine-vol-1-the-faust-act-the-wicked-the-divine_86/index.html,FALSE,0.054764512595837894
"The Sandman, Vol. 1: Preludes and Nocturnes (The Sandman (volumes) #1)",Sequential Art,54.120000000000005,3,TRUE,https://books.toscrape.com/catalogue/the-sandman-vol-1-preludes-and-nocturnes-the-sandman-volumes-1_79/index.html,FALSE,0.05543237250554323
The Complete Maus (Maus #1-2),Sequential Art,10.639999999999999,3,TRUE,https://books.toscrape.com/catalogue/the-complete-maus-maus-1-2_62/index.html,FALSE,0.2819548872180451
"Skip Beat!, Vol. 01 (Skip Beat! #1)",Sequential Art,42.120000000000005,3,TRUE,https://books.toscrape.com/catalogue/skip-beat-vol-01-skip-beat-1_55/index.html,FALSE,0.07122507122507121
"Saga, Volume 1 (Saga (Collected Editions) #1)",Sequential Art,28.479999999999997,1,TRUE,https://books.toscrape.com/catalogue/saga-volume-1-saga-collected-editions-1_48/index.html,FALSE,0.0351123595505618
"Rat Queens, Vol. 1: Sass & Sorcery (Rat Queens (Collected Editions) #1-5)",Sequential Art,46.96,5,TRUE,https://books.toscrape.com/catalogue/rat-queens-vol-1-sass-sorcery-rat-queens-collected-editions-1-5_46/index.html,FALSE,0.10647359454855196
"Paper Girls, Vol. 1 (Paper Girls #1-5)",Sequential Art,21.71,4,TRUE,https://books.toscrape.com/catalogue/paper-girls-vol-1-paper-girls-1-5_44/index.html,FALSE,0.18424689083371718
"Ouran High School Host Club, Vol. 1 (Ouran High School Host Club #1)",Sequential Art,29.87,3,TRUE,https://books.toscrape.com/catalogue/ouran-high-school-host-club-vol-1-ouran-high-school-host-club-1_43/index.html,FALSE,0.1004352192835621
"Ms. Marvel, Vol. 1: No Normal (Ms. Marvel (2014-2015) #1)",Sequential Art,39.39,4,TRUE,https://books.toscrape.com/catalogue/ms-marvel-vol-1-no-normal-ms-marvel-2014-2015-1_34/index.html,FALSE,0.10154861640010154
"Hawkeye, Vol. 1: My Life as a Weapon (Hawkeye #1)",Sequential Art,45.24,3,TRUE,https://books.toscrape.com/catalogue/hawkeye-vol-1-my-life-as-a-weapon-hawkeye-1_24/index.html,FALSE,0.0663129973474801
"Giant Days, Vol. 1 (Giant Days #1-4)",Sequential Art,56.760000000000005,4,TRUE,https://books.toscrape.com/catalogue/giant-days-vol-1-giant-days-1-4_22/index.html,FALSE,0.07047216349541931
"Fruits Basket, Vol. 1 (Fruits Basket #1)",Sequential Art,40.28,5,TRUE,https://books.toscrape.com/catalogue/fruits-basket-vol-1-fruits-basket-1_21/index.html,FALSE,0.12413108242303872
"Bleach, Vol. 1: Strawberry and the Soul Reapers (Bleach #1)",Sequential Art,34.65,5,TRUE,https://books.toscrape.com/catalogue/bleach-vol-1-strawberry-and-the-soul-reapers-bleach-1_7/index.html,FALSE,0.14430014430014432
"Ajin: Demi-Human, Volume 1 (Ajin: Demi-Human #1)",Sequential Art,57.06,4,TRUE,https://books.toscrape.com/catalogue/ajin-demi-human-volume-1-ajin-demi-human-1_4/index.html,FALSE,0.07010164738871363
The Secret Garden,Classics,15.08,4,TRUE,https://books.toscrape.com/catalogue/the-secret-garden_413/index.html,TRUE,0.26525198938992045
The Metamorphosis,Classics,28.58,1,TRUE,https://books.toscrape.com/catalogue/the-metamorphosis_409/index.html,FALSE,0.03498950314905529
The Pilgrim's Progress,Classics,50.260000000000005,2,TRUE,https://books.toscrape.com/catalogue/the-pilgrims-progress_353/index.html,FALSE,0.03979307600477516
The Hound of the Baskervilles (Sherlock Holmes #5),Classics,14.82,2,TRUE,https://books.toscrape.com/catalogue/the-hound-of-the-baskervilles-sherlock-holmes-5_348/index.html,FALSE,0.1349527665317139
Little Women (Little Women #1),Classics,28.07,4,TRUE,https://books.toscrape.com/catalogue/little-women-little-women-1_331/index.html,FALSE,0.14250089063056645
Gone with the Wind,Classics,32.49,3,TRUE,https://books.toscrape.com/catalogue/gone-with-the-wind_324/index.html,FALSE,0.09233610341643582
Candide,Classics,58.63,3,TRUE,https://books.toscrape.com/catalogue/candide_316/index.html,FALSE,0.05116834385127068
Animal Farm,Classics,57.220000000000006,3,TRUE,https://books.toscrape.com/catalogue/animal-farm_313/index.html,FALSE,0.05242922055225445
Wuthering Heights,Classics,17.73,3,TRUE,https://books.toscrape.com/catalogue/wuthering-heights_307/index.html,FALSE,0.1692047377326565
The Picture of Dorian Gray,Classics,29.7,2,TRUE,https://books.toscrape.com/catalogue/the-picture-of-dorian-gray_270/index.html,FALSE,0.06734006734006734
The Complete Stories and Poems (The Works of Edgar Allan Poe [Cameo Edition]),Classics,26.779999999999998,4,TRUE,https://books.toscrape.com/catalogue/the-complete-stories-and-poems-the-works-of-edgar-allan-poe-cameo-edition_238/index.html,FALSE,0.14936519790888725
Beowulf,Classics,38.349999999999994,2,TRUE,https://books.toscrape.com/catalogue/beowulf_126/index.html,FALSE,0.05215123859191657
And Then There Were None,Classics,35.01,2,TRUE,https://books.toscrape.com/catalogue/and-then-there-were-none_119/index.html,FALSE,0.057126535275635534
The Story of Hong Gildong,Classics,43.190000000000005,4,TRUE,https://books.toscrape.com/catalogue/the-story-of-hong-gildong_84/index.html,FALSE,0.09261403102570039
The Little Prince,Classics,45.42,2,TRUE,https://books.toscrape.com/catalogue/the-little-prince_72/index.html,FALSE,0.04403346543372963
Sense and Sensibility,Classics,37.46,1,TRUE,https://books.toscrape.com/catalogue/sense-and-sensibility_49/index.html,FALSE,0.026695141484249865
Of Mice and Men,Classics,47.11,2,TRUE,https://books.toscrape.com/catalogue/of-mice-and-men_37/index.html,FALSE,0.04245383145828911
Emma,Classics,32.93,2,TRUE,https://books.toscrape.com/catalogue/emma_17/index.html,FALSE,0.06073489219556635
Alice in Wonderland (Alice's Adventures in Wonderland #1),Classics,55.53,1,TRUE,https://books.toscrape.com/catalogue/alice-in-wonderland-alices-adventures-in-wonderland-1_5/index.html,FALSE,0.018008283810552854
Sophie's World,Philosophy,15.94,5,TRUE,https://books.toscrape.com/catalogue/sophies-world_966/index.html,TRUE,0.3136762860727729
The Death of Humanity: and the Case for Life,Philosophy,58.11,4,TRUE,https://books.toscrape.com/catalogue/the-death-of-humanity-and-the-case-for-life_932/index.html,FALSE,0.06883496816382723
The Stranger,Philosophy,17.439999999999998,4,TRUE,https://books.toscrape.com/catalogue/the-stranger_861/index.html,TRUE,0.22935779816513766
Proofs of God: Classical Arguments from Tertullian to Barth,Philosophy,54.21,1,TRUE,https://books.toscrape.com/catalogue/proofs-of-god-classical-arguments-from-tertullian-to-barth_538/index.html,FALSE,0.018446781036709093
Kierkegaard: A Christian Missionary to Christians,Philosophy,47.13,1,TRUE,https://books.toscrape.com/catalogue/kierkegaard-a-christian-missionary-to-christians_527/index.html,FALSE,0.02121790791427965
"At The Existentialist Café: Freedom, Being, and apricot cocktails with: Jean-Paul Sartre, Simone de Beauvoir, Albert Camus, Martin Heidegger, Edmund Husserl, Karl Jaspers, Maurice Merleau-Ponty and others",Philosophy,29.93,5,TRUE,https://books.toscrape.com/catalogue/at-the-existentialist-cafe-freedom-being-and-apricot-cocktails-with-jean-paul-sartre-simone-de-beauvoir-albert-camus-martin-heidegger-edmund-husserl-karl-jaspers-maurice-merleau-ponty-and-others_459/index.html,FALSE,0.1670564650851988
Critique of Pure Reason,Philosophy,20.75,1,TRUE,https://books.toscrape.com/catalogue/critique-of-pure-reason_366/index.html,FALSE,0.04819277108433735
"Run, Spot, Run: The Ethics of Keeping Pets",Philosophy,20.02,1,TRUE,https://books.toscrape.com/catalogue/run-spot-run-the-ethics-of-keeping-pets_106/index.html,FALSE,0.04995004995004995
The Nicomachean Ethics,Philosophy,36.339999999999996,1,TRUE,https://books.toscrape.com/catalogue/the-nicomachean-ethics_75/index.html,FALSE,0.027517886626307102
Meditations,Philosophy,25.89,2,TRUE,https://books.toscrape.com/catalogue/meditations_33/index.html,FALSE,0.0772499034376207
Beyond Good and Evil,Philosophy,43.379999999999995,1,TRUE,https://books.toscrape.com/catalogue/beyond-good-and-evil_6/index.html,FALSE,0.023052097740894423
Chase Me (Paris Nights #2),Romance,25.27,5,TRUE,https://books.toscrape.com/catalogue/chase-me-paris-nights-2_977/index.html,FALSE,0.19786307874950534
Black Dust,Romance,34.53,5,TRUE,https://books.toscrape.com/catalogue/black-dust_976/index.html,FALSE,0.1448016217781639
Her Backup Boyfriend (The Sorensen Family #1),Romance,33.97,1,TRUE,https://books.toscrape.com/catalogue/her-backup-boyfriend-the-sorensen-family-1_896/index.html,FALSE,0.02943773918163085
First and First (Five Boroughs #3),Romance,15.97,4,TRUE,https://books.toscrape.com/catalogue/first-and-first-five-boroughs-3_893/index.html,TRUE,0.25046963055729493
Fifty Shades Darker (Fifty Shades #2),Romance,21.959999999999997,1,TRUE,https://books.toscrape.com/catalogue/fifty-shades-darker-fifty-shades-2_892/index.html,FALSE,0.04553734061930784
The Wedding Dress,Romance,24.12,1,TRUE,https://books.toscrape.com/catalogue/the-wedding-dress_864/index.html,FALSE,0.04145936981757877
Suddenly in Love (Lake Haven #1),Romance,55.99,2,TRUE,https://books.toscrape.com/catalogue/suddenly-in-love-lake-haven-1_835/index.html,FALSE,0.03572066440435792
Something More Than This,Romance,16.24,4,TRUE,https://books.toscrape.com/catalogue/something-more-than-this_834/index.html,TRUE,0.24630541871921185
Doing It Over (Most Likely To #1),Romance,35.61,3,TRUE,https://books.toscrape.com/catalogue/doing-it-over-most-likely-to-1_802/index.html,FALSE,0.08424599831508003
The Wedding Pact (The O'Malleys #2),Romance,32.61,3,TRUE,https://books.toscrape.com/catalogue/the-wedding-pact-the-omalleys-2_767/index.html,FALSE,0.09199632014719411
Hold Your Breath (Search and Rescue #1),Romance,28.82,1,TRUE,https://books.toscrape.com/catalogue/hold-your-breath-search-and-rescue-1_700/index.html,FALSE,0.03469812630117974
Dirty (Dive Bar #1),Romance,40.83,4,TRUE,https://books.toscrape.com/catalogue/dirty-dive-bar-1_615/index.html,FALSE,0.0979671809943669
Take Me Home Tonight (Rock Star Romance #3),Romance,53.98,3,TRUE,https://books.toscrape.com/catalogue/take-me-home-tonight-rock-star-romance-3_605/index.html,FALSE,0.05557613931085587
Off the Hook (Fishing for Trouble #1),Romance,47.67,3,TRUE,https://books.toscrape.com/catalogue/off-the-hook-fishing-for-trouble-1_601/index.html,FALSE,0.06293266205160478
A Gentleman's Position (Society of Gentlemen #3),Romance,14.75,5,TRUE,https://books.toscrape.com/catalogue/a-gentlemans-position-society-of-gentlemen-3_584/index.html,TRUE,0.3389830508474576
"Sit, Stay, Love",Romance,20.9,3,TRUE,https://books.toscrape.com/catalogue/sit-stay-love_486/index.html,FALSE,0.14354066985645933
A Girl's Guide to Moving On (New Beginnings #2),Romance,31.3,1,TRUE,https://books.toscrape.com/catalogue/a-girls-guide-to-moving-on-new-beginnings-2_359/index.html,FALSE,0.03194888178913738
The Perfect Play (Play by Play #1),Romance,59.99,3,TRUE,https://books.toscrape.com/catalogue/the-perfect-play-play-by-play-1_352/index.html,FALSE,0.05000833472245374
Dark Lover (Black Dagger Brotherhood #1),Romance,12.870000000000001,1,TRUE,https://books.toscrape.com/catalogue/dark-lover-black-dagger-brotherhood-1_319/index.html,FALSE,0.0777000777000777
Changing the Game (Play by Play #2),Romance,13.38,3,TRUE,https://books.toscrape.com/catalogue/changing-the-game-play-by-play-2_317/index.html,FALSE,0.22421524663677128
A Walk to Remember,Romance,56.43,1,TRUE,https://books.toscrape.com/catalogue/a-walk-to-remember_312/index.html,FALSE,0.0177210703526493
The Purest Hook (Second Circle Tattoos #3),Romance,12.25,1,TRUE,https://books.toscrape.com/catalogue/the-purest-hook-second-circle-tattoos-3_271/index.html,FALSE,0.08163265306122448
The Obsession,Romance,45.43,1,TRUE,https://books.toscrape.com/catalogue/the-obsession_268/index.html,FALSE,0.02201188641866608
Reservations for Two,Romance,11.1,3,TRUE,https://books.toscrape.com/catalogue/reservations-for-two_211/index.html,FALSE,0.2702702702702703
Best of My Love (Fool's Gold #20),Romance,27.41,2,TRUE,https://books.toscrape.com/catalogue/best-of-my-love-fools-gold-20_127/index.html,FALSE,0.07296607077708865
Where Lightning Strikes (Bleeding Stars #3),Romance,39.77,3,TRUE,https://books.toscrape.com/catalogue/where-lightning-strikes-bleeding-stars-3_96/index.html,FALSE,0.07543374402816193
This One Moment (Pushing Limits #1),Romance,48.71,1,TRUE,https://books.toscrape.com/catalogue/this-one-moment-pushing-limits-1_88/index.html,FALSE,0.020529665366454525
"Rhythm, Chord & Malykhin",Romance,28.34,2,TRUE,https://books.toscrape.com/catalogue/rhythm-chord-malykhin_47/index.html,FALSE,0.07057163020465773
My Perfect Mistake (Over the Top #1),Romance,38.92,2,TRUE,https://books.toscrape.com/catalogue/my-perfect-mistake-over-the-top-1_35/index.html,FALSE,0.051387461459403906
Listen to Me (Fusion #1),Romance,58.99,3,TRUE,https://books.toscrape.com/catalogue/listen-to-me-fusion-1_29/index.html,FALSE,0.05085607730123749
Imperfect Harmony,Romance,34.74,4,TRUE,https://books.toscrape.com/catalogue/imperfect-harmony_26/index.html,FALSE,0.11514104778353482
Fighting Fate (Fighting #6),Romance,39.24,3,TRUE,https://books.toscrape.com/catalogue/fighting-fate-fighting-6_18/index.html,FALSE,0.0764525993883792
Deep Under (Walker Security #1),Romance,47.09,5,TRUE,https://books.toscrape.com/catalogue/deep-under-walker-security-1_15/index.html,FALSE,0.10617965597791462
Charity's Cross (Charles Towne Belles #4),Romance,41.24,1,TRUE,https://books.toscrape.com/catalogue/charitys-cross-charles-towne-belles-4_12/index.html,FALSE,0.02424830261881668
Bounty (Colorado Mountain #7),Romance,37.260000000000005,4,TRUE,https://books.toscrape.com/catalogue/bounty-colorado-mountain-7_9/index.html,FALSE,0.10735373054213633
I Had a Nice Time And Other Lies...: How to find love & sh*t like that,Womens Fiction,57.36,4,TRUE,https://books.toscrape.com/catalogue/i-had-a-nice-time-and-other-lies-how-to-find-love-sht-like-that_814/index.html,FALSE,0.0697350069735007
Will You Won't You Want Me?,Womens Fiction,13.860000000000001,3,TRUE,https://books.toscrape.com/catalogue/will-you-wont-you-want-me_644/index.html,FALSE,0.21645021645021642
Keep Me Posted,Womens Fiction,20.459999999999997,4,TRUE,https://books.toscrape.com/catalogue/keep-me-posted_594/index.html,FALSE,0.19550342130987294
Grey (Fifty Shades #4),Womens Fiction,48.49,4,TRUE,https://books.toscrape.com/catalogue/grey-fifty-shades-4_592/index.html,FALSE,0.0824912353062487
Meternity,Womens Fiction,43.58,3,TRUE,https://books.toscrape.com/catalogue/meternity_478/index.html,FALSE,0.06883891693437356
Some Women,Womens Fiction,13.729999999999999,5,TRUE,https://books.toscrape.com/catalogue/some-women_341/index.html,TRUE,0.36416605972323385
Shopaholic Ties the Knot (Shopaholic #3),Womens Fiction,48.39,5,TRUE,https://books.toscrape.com/catalogue/shopaholic-ties-the-knot-shopaholic-3_340/index.html,FALSE,0.10332713370531102
Can You Keep a Secret?,Womens Fiction,21.939999999999998,1,TRUE,https://books.toscrape.com/catalogue/can-you-keep-a-secret_315/index.html,FALSE,0.0455788514129444
Twenties Girl,Womens Fiction,42.8,2,TRUE,https://books.toscrape.com/catalogue/twenties-girl_292/index.html,FALSE,0.04672897196261683
The Undomestic Goddess,Womens Fiction,45.75,4,TRUE,https://books.toscrape.com/catalogue/the-undomestic-goddess_286/index.html,FALSE,0.08743169398907104
The Nanny Diaries (Nanny #1),Womens Fiction,52.53,5,TRUE,https://books.toscrape.com/catalogue/the-nanny-diaries-nanny-1_265/index.html,FALSE,0.09518370454978108
The Devil Wears Prada (The Devil Wears Prada #1),Womens Fiction,44.290000000000006,1,TRUE,https://books.toscrape.com/catalogue/the-devil-wears-prada-the-devil-wears-prada-1_243/index.html,FALSE,0.022578460149017834
Something Borrowed (Darcy & Rachel #1),Womens Fiction,48.96,5,TRUE,https://books.toscrape.com/catalogue/something-borrowed-darcy-rachel-1_224/index.html,FALSE,0.10212418300653595
Something Blue (Darcy & Rachel #2),Womens Fiction,54.620000000000005,1,TRUE,https://books.toscrape.com/catalogue/something-blue-darcy-rachel-2_223/index.html,FALSE,0.01830831197363603
I've Got Your Number,Womens Fiction,19.69,1,TRUE,https://books.toscrape.com/catalogue/ive-got-your-number_173/index.html,FALSE,0.05078720162519045
The Edge of Reason (Bridget Jones #2),Womens Fiction,19.18,4,TRUE,https://books.toscrape.com/catalogue/the-edge-of-reason-bridget-jones-2_63/index.html,TRUE,0.20855057351407716
Bridget Jones's Diary (Bridget Jones #1),Womens Fiction,29.82,1,TRUE,https://books.toscrape.com/catalogue/bridget-joness-diary-bridget-jones-1_10/index.html,FALSE,0.0335345405767941
Soumission,Fiction,50.1,1,TRUE,https://books.toscrape.com/catalogue/soumission_998/index.html,FALSE,0.01996007984031936
Private Paris (Private #10),Fiction,47.61,5,TRUE,https://books.toscrape.com/catalogue/private-paris-private-10_958/index.html,FALSE,0.10501995379122034
"We Love You, Charlie Freeman",Fiction,50.27,5,TRUE,https://books.toscrape.com/catalogue/we-love-you-charlie-freeman_954/index.html,FALSE,0.09946290033817386
Thirst,Fiction,17.27,5,TRUE,https://books.toscrape.com/catalogue/thirst_946/index.html,TRUE,0.2895193977996526
The Murder That Never Was (Forensic Instincts #5),Fiction,54.11,3,TRUE,https://books.toscrape.com/catalogue/the-murder-that-never-was-forensic-instincts-5_939/index.html,FALSE,0.05544261689151728
Tuesday Nights in 1980,Fiction,21.04,2,TRUE,https://books.toscrape.com/catalogue/tuesday-nights-in-1980_870/index.html,FALSE,0.09505703422053233
The Vacationers,Fiction,42.15,4,TRUE,https://books.toscrape.com/catalogue/the-vacationers_863/index.html,FALSE,0.09489916963226572
The Regional Office Is Under Attack!,Fiction,51.36,5,TRUE,https://books.toscrape.com/catalogue/the-regional-office-is-under-attack_858/index.html,FALSE,0.09735202492211838
Finders Keepers (Bill Hodges Trilogy #2),Fiction,53.53,5,TRUE,https://books.toscrape.com/catalogue/finders-keepers-bill-hodges-trilogy-2_807/index.html,FALSE,0.09340556697179152
The Time Keeper,Fiction,27.88,5,TRUE,https://books.toscrape.com/catalogue/the-time-keeper_766/index.html,FALSE,0.1793400286944046
The Testament of Mary,Fiction,52.67,4,TRUE,https://books.toscrape.com/catalogue/the-testament-of-mary_765/index.html,FALSE,0.07594456047085628
The First Hostage (J.B. Collins #2),Fiction,25.85,3,TRUE,https://books.toscrape.com/catalogue/the-first-hostage-jb-collins-2_749/index.html,FALSE,0.11605415860735009
Take Me with You,Fiction,45.21,3,TRUE,https://books.toscrape.com/catalogue/take-me-with-you_741/index.html,FALSE,0.06635700066357
Still Life with Bread Crumbs,Fiction,26.41,3,TRUE,https://books.toscrape.com/catalogue/still-life-with-bread-crumbs_738/index.html,FALSE,0.11359333585762968
Shtum,Fiction,55.839999999999996,4,TRUE,https://books.toscrape.com/catalogue/shtum_733/index.html,FALSE,0.07163323782234958
My Name Is Lucy Barton,Fiction,41.56,1,TRUE,https://books.toscrape.com/catalogue/my-name-is-lucy-barton_720/index.html,FALSE,0.02406159769008662
My Mrs. Brown,Fiction,24.479999999999997,3,TRUE,https://books.toscrape.com/catalogue/my-mrs-brown_719/index.html,FALSE,0.12254901960784316
Mr. Mercedes (Bill Hodges Trilogy #1),Fiction,28.9,1,TRUE,https://books.toscrape.com/catalogue/mr-mercedes-bill-hodges-trilogy-1_717/index.html,FALSE,0.03460207612456748
I Am Pilgrim (Pilgrim #1),Fiction,10.6,4,TRUE,https://books.toscrape.com/catalogue/i-am-pilgrim-pilgrim-1_703/index.html,TRUE,0.37735849056603776
Eligible (The Austen Project #4),Fiction,27.09,3,TRUE,https://books.toscrape.com/catalogue/eligible-the-austen-project-4_692/index.html,FALSE,0.11074197120708748
Eight Hundred Grapes,Fiction,14.39,4,TRUE,https://books.toscrape.com/catalogue/eight-hundred-grapes_690/index.html,TRUE,0.27797081306462823
Dear Mr. Knightley,Fiction,11.209999999999999,5,TRUE,https://books.toscrape.com/catalogue/dear-mr-knightley_684/index.html,TRUE,0.4460303300624443
Cometh the Hour (The Clifton Chronicles #6),Fiction,25.01,3,TRUE,https://books.toscrape.com/catalogue/cometh-the-hour-the-clifton-chronicles-6_681/index.html,FALSE,0.11995201919232307
Balloon Animals,Fiction,17.03,3,TRUE,https://books.toscrape.com/catalogue/balloon-animals_665/index.html,FALSE,0.17615971814445094
A Man Called Ove,Fiction,39.720000000000006,1,TRUE,https://books.toscrape.com/catalogue/a-man-called-ove_653/index.html,FALSE,0.025176233635448134
The Silent Sister (Riley MacPherson #1),Fiction,46.290000000000006,5,TRUE,https://books.toscrape.com/catalogue/the-silent-sister-riley-macpherson-1_641/index.html,FALSE,0.1080146899978397
The Dinner Party,Fiction,56.54,2,TRUE,https://books.toscrape.com/catalogue/the-dinner-party_635/index.html,FALSE,0.035373187124159884
The Improbability of Love,Fiction,59.449999999999996,1,TRUE,https://books.toscrape.com/catalogue/the-improbability-of-love_607/index.html,FALSE,0.01682085786375105
Mothering Sunday,Fiction,13.34,2,TRUE,https://books.toscrape.com/catalogue/mothering-sunday_600/index.html,FALSE,0.14992503748125938
Lies and Other Acts of Love,Fiction,45.14,1,TRUE,https://books.toscrape.com/catalogue/lies-and-other-acts-of-love_596/index.html,FALSE,0.022153300841825433
Daredevils,Fiction,16.34,3,TRUE,https://books.toscrape.com/catalogue/daredevils_590/index.html,FALSE,0.18359853121175032
11/22/63,Fiction,48.48,3,TRUE,https://books.toscrape.com/catalogue/112263_583/index.html,FALSE,0.06188118811881189
The Shack,Fiction,28.03,1,TRUE,https://books.toscrape.com/catalogue/the-shack_576/index.html,FALSE,0.03567606136282554
The High Mountains of Portugal,Fiction,51.15,1,TRUE,https://books.toscrape.com/catalogue/the-high-mountains-of-portugal_547/index.html,FALSE,0.019550342130987292
Miller's Valley,Fiction,58.54,2,TRUE,https://books.toscrape.com/catalogue/millers-valley_534/index.html,FALSE,0.0341646737273659
Hystopia: A Novel,Fiction,21.959999999999997,4,TRUE,https://books.toscrape.com/catalogue/hystopia-a-novel_523/index.html,FALSE,0.18214936247723135
The Bourne Identity (Jason Bourne #1),Fiction,42.78,4,TRUE,https://books.toscrape.com/catalogue/the-bourne-identity-jason-bourne-1_492/index.html,FALSE,0.09350163627863488
Sister Dear,Fiction,40.2,4,TRUE,https://books.toscrape.com/catalogue/sister-dear_485/index.html,FALSE,0.09950248756218905
Memoirs of a Geisha,Fiction,49.67,3,TRUE,https://books.toscrape.com/catalogue/memoirs-of-a-geisha_477/index.html,FALSE,0.060398630964364805
Me Before You (Me Before You #1),Fiction,19.02,1,TRUE,https://books.toscrape.com/catalogue/me-before-you-me-before-you-1_434/index.html,FALSE,0.052576235541535225
Deception Point,Fiction,40.32,4,TRUE,https://books.toscrape.com/catalogue/deception-point_426/index.html,FALSE,0.0992063492063492
The Little Paris Bookshop,Fiction,24.73,3,TRUE,https://books.toscrape.com/catalogue/the-little-paris-bookshop_407/index.html,FALSE,0.1213101496158512
The Firm,Fiction,45.56,3,TRUE,https://books.toscrape.com/catalogue/the-firm_404/index.html,FALSE,0.06584723441615452
The Expatriates,Fiction,44.58,2,TRUE,https://books.toscrape.com/catalogue/the-expatriates_401/index.html,FALSE,0.04486316733961418
Siddhartha,Fiction,34.220000000000006,5,TRUE,https://books.toscrape.com/catalogue/siddhartha_393/index.html,FALSE,0.1461133839859731
Last One Home (New Beginnings #1),Fiction,59.98,3,TRUE,https://books.toscrape.com/catalogue/last-one-home-new-beginnings-1_383/index.html,FALSE,0.050016672224074694
Digital Fortress,Fiction,58,5,TRUE,https://books.toscrape.com/catalogue/digital-fortress_369/index.html,FALSE,0.08620689655172414
Atlas Shrugged,Fiction,26.58,5,TRUE,https://books.toscrape.com/catalogue/atlas-shrugged_314/index.html,FALSE,0.18811136192626035
Three-Martini Lunch,Fiction,23.21,3,TRUE,https://books.toscrape.com/catalogue/three-martini-lunch_290/index.html,FALSE,0.12925463162429987
The Nightingale,Fiction,26.259999999999998,4,TRUE,https://books.toscrape.com/catalogue/the-nightingale_267/index.html,FALSE,0.15232292460015234
The Infinities,Fiction,27.41,1,TRUE,https://books.toscrape.com/catalogue/the-infinities_257/index.html,FALSE,0.036483035388544326
The Husband's Secret,Fiction,52.51,5,TRUE,https://books.toscrape.com/catalogue/the-husbands-secret_256/index.html,FALSE,0.09521995810321844
The Da Vinci Code (Robert Langdon #2),Fiction,22.959999999999997,2,TRUE,https://books.toscrape.com/catalogue/the-da-vinci-code-robert-langdon-2_240/index.html,FALSE,0.08710801393728224
The Art of Fielding,Fiction,22.1,1,TRUE,https://books.toscrape.com/catalogue/the-art-of-fielding_228/index.html,FALSE,0.04524886877828054
Lila (Gilead #3),Fiction,12.47,3,TRUE,https://books.toscrape.com/catalogue/lila-gilead-3_190/index.html,FALSE,0.24057738572574178
Jurassic Park (Jurassic Park #1),Fiction,44.97,1,TRUE,https://books.toscrape.com/catalogue/jurassic-park-jurassic-park-1_180/index.html,FALSE,0.022237046920169003
Inferno (Robert Langdon #4),Fiction,41,5,TRUE,https://books.toscrape.com/catalogue/inferno-robert-langdon-4_176/index.html,FALSE,0.12195121951219512
Crazy Rich Asians (Crazy Rich Asians #1),Fiction,49.13,5,TRUE,https://books.toscrape.com/catalogue/crazy-rich-asians-crazy-rich-asians-1_143/index.html,FALSE,0.1017708121310808
Big Little Lies,Fiction,22.110000000000003,1,TRUE,https://books.toscrape.com/catalogue/big-little-lies_129/index.html,FALSE,0.04522840343735866
The Course of Love,Fiction,16.779999999999998,3,TRUE,https://books.toscrape.com/catalogue/the-course-of-love_109/index.html,FALSE,0.1787842669845054
When I'm Gone,Fiction,51.96,3,TRUE,https://books.toscrape.com/catalogue/when-im-gone_95/index.html,FALSE,0.057736720554272515
The Silent Wife,Fiction,12.34,5,TRUE,https://books.toscrape.com/catalogue/the-silent-wife_83/index.html,TRUE,0.4051863857374392
The Bette Davis Club,Fiction,30.66,3,TRUE,https://books.toscrape.com/catalogue/the-bette-davis-club_59/index.html,FALSE,0.09784735812133072
Kitchens of the Great Midwest,Fiction,57.2,5,TRUE,https://books.toscrape.com/catalogue/kitchens-of-the-great-midwest_28/index.html,FALSE,0.08741258741258741
Bright Lines,Fiction,39.07,5,TRUE,https://books.toscrape.com/catalogue/bright-lines_11/index.html,FALSE,0.1279754287176862
Birdsong: A Story in Pictures,Childrens,54.64,3,TRUE,https://books.toscrape.com/catalogue/birdsong-a-story-in-pictures_975/index.html,FALSE,0.05490483162518302
The Bear and the Piano,Childrens,36.89,1,TRUE,https://books.toscrape.com/catalogue/the-bear-and-the-piano_967/index.html,FALSE,0.027107617240444564
The Secret of Dreadwillow Carse,Childrens,56.13,1,TRUE,https://books.toscrape.com/catalogue/the-secret-of-dreadwillow-carse_944/index.html,FALSE,0.017815784785319793
The White Cat and the Monk: A Retelling of the Poem “Pangur Bán”,Childrens,58.08,4,TRUE,https://books.toscrape.com/catalogue/the-white-cat-and-the-monk-a-retelling-of-the-poem-pangur-ban_865/index.html,FALSE,0.06887052341597796
Little Red,Childrens,13.47,3,TRUE,https://books.toscrape.com/catalogue/little-red_817/index.html,FALSE,0.22271714922048996
Walt Disney's Alice in Wonderland,Childrens,12.96,5,TRUE,https://books.toscrape.com/catalogue/walt-disneys-alice-in-wonderland_777/index.html,TRUE,0.38580246913580246
Twenty Yawns,Childrens,22.08,2,TRUE,https://books.toscrape.com/catalogue/twenty-yawns_773/index.html,FALSE,0.09057971014492755
Rain Fish,Childrens,23.57,3,TRUE,https://books.toscrape.com/catalogue/rain-fish_728/index.html,FALSE,0.12728044123886295
Once Was a Time,Childrens,18.279999999999998,2,TRUE,https://books.toscrape.com/catalogue/once-was-a-time_724/index.html,FALSE,0.10940919037199126
Luis Paints the World,Childrens,53.949999999999996,3,TRUE,https://books.toscrape.com/catalogue/luis-paints-the-world_714/index.html,FALSE,0.055607043558850794
Nap-a-Roo,Childrens,25.08,1,TRUE,https://books.toscrape.com/catalogue/nap-a-roo_567/index.html,FALSE,0.03987240829346093
The Whale,Childrens,35.96,4,TRUE,https://books.toscrape.com/catalogue/the-whale_501/index.html,FALSE,0.11123470522803114
"Shrunken Treasures: Literary Classics, Short, Sweet, and Silly",Childrens,52.87,3,TRUE,https://books.toscrape.com/catalogue/shrunken-treasures-literary-classics-short-sweet-and-silly_484/index.html,FALSE,0.05674295441649329
Raymie Nightingale,Childrens,34.41,2,TRUE,https://books.toscrape.com/catalogue/raymie-nightingale_482/index.html,FALSE,0.058122638767800064
Playing from the Heart,Childrens,32.379999999999995,1,TRUE,https://books.toscrape.com/catalogue/playing-from-the-heart_481/index.html,FALSE,0.03088326127239037
Maybe Something Beautiful: How Art Transformed a Neighborhood,Childrens,22.54,1,TRUE,https://books.toscrape.com/catalogue/maybe-something-beautiful-how-art-transformed-a-neighborhood_386/index.html,FALSE,0.044365572315882874
The Wild Robot,Childrens,56.07,3,TRUE,https://books.toscrape.com/catalogue/the-wild-robot_288/index.html,FALSE,0.05350454788657036
The Thing About Jellyfish,Childrens,48.77,1,TRUE,https://books.toscrape.com/catalogue/the-thing-about-jellyfish_283/index.html,FALSE,0.02050440844781628
The Lonely Ones,Childrens,43.59,5,TRUE,https://books.toscrape.com/catalogue/the-lonely-ones_261/index.html,FALSE,0.11470520761642578
The Day the Crayons Came Home (Crayons),Childrens,26.330000000000002,5,TRUE,https://books.toscrape.com/catalogue/the-day-the-crayons-came-home-crayons_241/index.html,FALSE,0.18989745537409797
The Cat in the Hat (Beginner Books B-1),Childrens,16.259999999999998,2,TRUE,https://books.toscrape.com/catalogue/the-cat-in-the-hat-beginner-books-b-1_235/index.html,FALSE,0.12300123001230014
Red: The True Story of Red Riding Hood,Childrens,28.54,3,TRUE,https://books.toscrape.com/catalogue/red-the-true-story-of-red-riding-hood_210/index.html,FALSE,0.1051156271899089
Horrible Bear!,Childrens,37.52,2,TRUE,https://books.toscrape.com/catalogue/horrible-bear_168/index.html,FALSE,0.053304904051172705
Green Eggs and Ham (Beginner Books B-16),Childrens,10.79,4,TRUE,https://books.toscrape.com/catalogue/green-eggs-and-ham-beginner-books-b-16_165/index.html,TRUE,0.37071362372567196
Counting Thyme,Childrens,10.62,1,TRUE,https://books.toscrape.com/catalogue/counting-thyme_142/index.html,FALSE,0.09416195856873824
Are We There Yet?,Childrens,10.66,3,TRUE,https://books.toscrape.com/catalogue/are-we-there-yet_122/index.html,FALSE,0.28142589118198874
Diary of a Minecraft Zombie Book 1: A Scare of a Dare (An Unofficial Minecraft Book),Childrens,52.879999999999995,4,TRUE,https://books.toscrape.com/catalogue/diary-of-a-minecraft-zombie-book-1-a-scare-of-a-dare-an-unofficial-minecraft-book_99/index.html,FALSE,0.07564296520423601
Matilda,Childrens,28.34,1,TRUE,https://books.toscrape.com/catalogue/matilda_32/index.html,FALSE,0.035285815102328866
Charlie and the Chocolate Factory (Charlie Bucket #1),Childrens,22.85,3,TRUE,https://books.toscrape.com/catalogue/charlie-and-the-chocolate-factory-charlie-bucket-1_13/index.html,FALSE,0.13129102844638948
"Don't Be a Jerk: And Other Practical Advice from Dogen, Japan's Greatest Zen Master",Religion,37.97,2,TRUE,https://books.toscrape.com/catalogue/dont-be-a-jerk-and-other-practical-advice-from-dogen-japans-greatest-zen-master_890/index.html,FALSE,0.05267316302343956
You Are What You Love: The Spiritual Power of Habit,Religion,21.87,4,TRUE,https://books.toscrape.com/catalogue/you-are-what-you-love-the-spiritual-power-of-habit_872/index.html,FALSE,0.18289894833104708
God: The Most Unpleasant Character in All Fiction,Religion,30.03,5,TRUE,https://books.toscrape.com/catalogue/god-the-most-unpleasant-character-in-all-fiction_697/index.html,FALSE,0.1665001665001665
The Book of Mormon,Religion,24.57,3,TRUE,https://books.toscrape.com/catalogue/the-book-of-mormon_571/index.html,FALSE,0.1221001221001221
"A History of God: The 4,000-Year Quest of Judaism, Christianity, and Islam",Religion,27.62,1,TRUE,https://books.toscrape.com/catalogue/a-history-of-god-the-4000-year-quest-of-judaism-christianity-and-islam_310/index.html,FALSE,0.03620564808110065
The Bhagavad Gita,Religion,57.49,3,TRUE,https://books.toscrape.com/catalogue/the-bhagavad-gita_60/index.html,FALSE,0.05218298834579927
Choosing Our Religion: The Spiritual Lives of America's Nones,Religion,28.419999999999998,4,TRUE,https://books.toscrape.com/catalogue/choosing-our-religion-the-spiritual-lives-of-americas-nones_14/index.html,FALSE,0.14074595355383535
Worlds Elsewhere: Journeys Around Shakespeare’s Globe,Nonfiction,40.3,5,TRUE,https://books.toscrape.com/catalogue/worlds-elsewhere-journeys-around-shakespeares-globe_972/index.html,FALSE,0.12406947890818859
The Five Love Languages: How to Express Heartfelt Commitment to Your Mate,Nonfiction,31.05,3,TRUE,https://books.toscrape.com/catalogue/the-five-love-languages-how-to-express-heartfelt-commitment-to-your-mate_969/index.html,FALSE,0.0966183574879227
Reasons to Stay Alive,Nonfiction,26.41,2,TRUE,https://books.toscrape.com/catalogue/reasons-to-stay-alive_959/index.html,FALSE,0.07572889057175312
#HigherSelfie: Wake Up Your Life. Free Your Soul. Find Your Tribe.,Nonfiction,23.110000000000003,5,TRUE,https://books.toscrape.com/catalogue/higherselfie-wake-up-your-life-free-your-soul-find-your-tribe_957/index.html,FALSE,0.21635655560363476
"Unseen City: The Majesty of Pigeons, the Discreet Charm of Snails & Other Wonders of the Urban Wilderness",Nonfiction,44.18,4,TRUE,https://books.toscrape.com/catalogue/unseen-city-the-majesty-of-pigeons-the-discreet-charm-of-snails-other-wonders-of-the-urban-wilderness_952/index.html,FALSE,0.09053870529651425
Throwing Rocks at the Google Bus: How Growth Became the Enemy of Prosperity,Nonfiction,31.12,3,TRUE,https://books.toscrape.com/catalogue/throwing-rocks-at-the-google-bus-how-growth-became-the-enemy-of-prosperity_948/index.html,FALSE,0.09640102827763496
The Life-Changing Magic of Tidying Up: The Japanese Art of Decluttering and Organizing,Nonfiction,16.77,3,TRUE,https://books.toscrape.com/catalogue/the-life-changing-magic-of-tidying-up-the-japanese-art-of-decluttering-and-organizing_936/index.html,FALSE,0.17889087656529518
The Gutsy Girl: Escapades for Your Life of Epic Adventure,Nonfiction,37.13,1,TRUE,https://books.toscrape.com/catalogue/the-gutsy-girl-escapades-for-your-life-of-epic-adventure_934/index.html,FALSE,0.026932399676811204
The Electric Pencil: Drawings from Inside State Hospital No. 3,Nonfiction,56.06,1,TRUE,https://books.toscrape.com/catalogue/the-electric-pencil-drawings-from-inside-state-hospital-no-3_933/index.html,FALSE,0.01783803068141277
Spark Joy: An Illustrated Master Class on the Art of Organizing and Tidying Up,Nonfiction,41.83,4,TRUE,https://books.toscrape.com/catalogue/spark-joy-an-illustrated-master-class-on-the-art-of-organizing-and-tidying-up_927/index.html,FALSE,0.09562514941429597
Reskilling America: Learning to Labor in the Twenty-First Century,Nonfiction,19.830000000000002,2,TRUE,https://books.toscrape.com/catalogue/reskilling-america-learning-to-labor-in-the-twenty-first-century_922/index.html,FALSE,0.10085728693898133
In the Country We Love: My Family Divided,Nonfiction,22,4,TRUE,https://books.toscrape.com/catalogue/in-the-country-we-love-my-family-divided_901/index.html,FALSE,0.18181818181818182
Everydata: The Misinformation Hidden in the Little Data You Consume Every Day,Nonfiction,54.349999999999994,2,TRUE,https://books.toscrape.com/catalogue/everydata-the-misinformation-hidden-in-the-little-data-you-consume-every-day_891/index.html,FALSE,0.03679852805887765
Call the Nurse: True Stories of a Country Nurse on a Scottish Isle,Nonfiction,29.14,5,TRUE,https://books.toscrape.com/catalogue/call-the-nurse-true-stories-of-a-country-nurse-on-a-scottish-isle_885/index.html,FALSE,0.17158544955387783
Algorithms to Live By: The Computer Science of Human Decisions,Nonfiction,30.810000000000002,1,TRUE,https://books.toscrape.com/catalogue/algorithms-to-live-by-the-computer-science-of-human-decisions_880/index.html,FALSE,0.03245699448231094
The Power of Now: A Guide to Spiritual Enlightenment,Nonfiction,43.54,2,TRUE,https://books.toscrape.com/catalogue/the-power-of-now-a-guide-to-spiritual-enlightenment_855/index.html,FALSE,0.04593477262287552
The Omnivore's Dilemma: A Natural History of Four Meals,Nonfiction,38.21,2,TRUE,https://books.toscrape.com/catalogue/the-omnivores-dilemma-a-natural-history-of-four-meals_854/index.html,FALSE,0.05234231876472128
The Genius of Birds,Nonfiction,17.24,1,TRUE,https://books.toscrape.com/catalogue/the-genius-of-birds_843/index.html,FALSE,0.0580046403712297
The Artist's Way: A Spiritual Path to Higher Creativity,Nonfiction,38.49,5,TRUE,https://books.toscrape.com/catalogue/the-artists-way-a-spiritual-path-to-higher-creativity_839/index.html,FALSE,0.12990387113535984
So You've Been Publicly Shamed,Nonfiction,12.229999999999999,2,TRUE,https://books.toscrape.com/catalogue/so-youve-been-publicly-shamed_832/index.html,FALSE,0.16353229762878171
"Daring Greatly: How the Courage to Be Vulnerable Transforms the Way We Live, Love, Parent, and Lead",Nonfiction,19.43,3,TRUE,https://books.toscrape.com/catalogue/daring-greatly-how-the-courage-to-be-vulnerable-transforms-the-way-we-live-love-parent-and-lead_799/index.html,FALSE,0.15440041173443128
Big Magic: Creative Living Beyond Fear,Nonfiction,30.8,3,TRUE,https://books.toscrape.com/catalogue/big-magic-creative-living-beyond-fear_796/index.html,FALSE,0.09740259740259741
Becoming Wise: An Inquiry into the Mystery and Art of Living,Nonfiction,27.43,2,TRUE,https://books.toscrape.com/catalogue/becoming-wise-an-inquiry-into-the-mystery-and-art-of-living_795/index.html,FALSE,0.07291286912139992
Agnostic: A Spirited Manifesto,Nonfiction,12.51,5,TRUE,https://books.toscrape.com/catalogue/agnostic-a-spirited-manifesto_786/index.html,TRUE,0.3996802557953637
Whole Lotta Creativity Going On: 60 Fun and Unusual Exercises to Awaken and Strengthen Your Creativity,Nonfiction,38.2,4,TRUE,https://books.toscrape.com/catalogue/whole-lotta-creativity-going-on-60-fun-and-unusual-exercises-to-awaken-and-strengthen-your-creativity_780/index.html,FALSE,0.10471204188481674
What's It Like in Space?: Stories from Astronauts Who've Been There,Nonfiction,19.6,2,TRUE,https://books.toscrape.com/catalogue/whats-it-like-in-space-stories-from-astronauts-whove-been-there_779/index.html,FALSE,0.1020408163265306
The Year of Magical Thinking,Nonfiction,43.04,2,TRUE,https://books.toscrape.com/catalogue/the-year-of-magical-thinking_770/index.html,FALSE,0.04646840148698885
The Literature Book (Big Ideas Simply Explained),Nonfiction,17.43,3,TRUE,https://books.toscrape.com/catalogue/the-literature-book-big-ideas-simply-explained_755/index.html,FALSE,0.1721170395869191
The Bad-Ass Librarians of Timbuktu: And Their Race to Save the World’s Most Precious Manuscripts,Nonfiction,15.77,1,TRUE,https://books.toscrape.com/catalogue/the-bad-ass-librarians-of-timbuktu-and-their-race-to-save-the-worlds-most-precious-manuscripts_745/index.html,FALSE,0.06341154090044389
Swell: A Year of Waves,Nonfiction,45.58,1,TRUE,https://books.toscrape.com/catalogue/swell-a-year-of-waves_740/index.html,FALSE,0.02193944712593243
No Dream Is Too High: Life Lessons From a Man Who Walked on the Moon,Nonfiction,21.95,2,TRUE,https://books.toscrape.com/catalogue/no-dream-is-too-high-life-lessons-from-a-man-who-walked-on-the-moon_722/index.html,FALSE,0.09111617312072894
Looking for Lovely: Collecting the Moments that Matter,Nonfiction,29.14,5,TRUE,https://books.toscrape.com/catalogue/looking-for-lovely-collecting-the-moments-that-matter_710/index.html,FALSE,0.17158544955387783
Let It Out: A Journey Through Journaling,Nonfiction,26.79,5,TRUE,https://books.toscrape.com/catalogue/let-it-out-a-journey-through-journaling_708/index.html,FALSE,0.1866368047779022
Hamilton: The Revolution,Nonfiction,58.790000000000006,3,TRUE,https://books.toscrape.com/catalogue/hamilton-the-revolution_699/index.html,FALSE,0.05102908657935022
"Far & Away: Places on the Brink of Change: Seven Continents, Twenty-Five Years",Nonfiction,15.06,4,TRUE,https://books.toscrape.com/catalogue/far-away-places-on-the-brink-of-change-seven-continents-twenty-five-years_694/index.html,TRUE,0.2656042496679947
"Eaternity: More than 150 Deliciously Easy Vegan Recipes for a Long, Healthy, Satisfied, Joyful Life",Nonfiction,51.75,5,TRUE,https://books.toscrape.com/catalogue/eaternity-more-than-150-deliciously-easy-vegan-recipes-for-a-long-healthy-satisfied-joyful-life_689/index.html,FALSE,0.0966183574879227
Buying In: The Secret Dialogue Between What We Buy and Who We Are,Nonfiction,37.8,4,TRUE,https://books.toscrape.com/catalogue/buying-in-the-secret-dialogue-between-what-we-buy-and-who-we-are_670/index.html,FALSE,0.10582010582010583
Brain on Fire: My Month of Madness,Nonfiction,49.32,5,TRUE,https://books.toscrape.com/catalogue/brain-on-fire-my-month-of-madness_669/index.html,FALSE,0.10137875101378752
Abstract City,Nonfiction,56.37,5,TRUE,https://books.toscrape.com/catalogue/abstract-city_658/index.html,FALSE,0.08869966294128083
13 Hours: The Inside Account of What Really Happened In Benghazi,Nonfiction,27.06,1,TRUE,https://books.toscrape.com/catalogue/13-hours-the-inside-account-of-what-really-happened-in-benghazi_645/index.html,FALSE,0.03695491500369549
The Lonely City: Adventures in the Art of Being Alone,Nonfiction,33.260000000000005,2,TRUE,https://books.toscrape.com/catalogue/the-lonely-city-adventures-in-the-art-of-being-alone_639/index.html,FALSE,0.060132291040288624
The Diary of a Young Girl,Nonfiction,59.9,3,TRUE,https://books.toscrape.com/catalogue/the-diary-of-a-young-girl_634/index.html,FALSE,0.05008347245409015
Snatched: How A Drug Queen Went Undercover for the DEA and Was Kidnapped By Colombian Guerillas,Nonfiction,21.21,3,TRUE,https://books.toscrape.com/catalogue/snatched-how-a-drug-queen-went-undercover-for-the-dea-and-was-kidnapped-by-colombian-guerillas_631/index.html,FALSE,0.14144271570014144
Furiously Happy: A Funny Book About Horrible Things,Nonfiction,41.46,4,TRUE,https://books.toscrape.com/catalogue/furiously-happy-a-funny-book-about-horrible-things_619/index.html,FALSE,0.09647853352629039
"The Sleep Revolution: Transforming Your Life, One Night at a Time",Nonfiction,11.68,4,TRUE,https://books.toscrape.com/catalogue/the-sleep-revolution-transforming-your-life-one-night-at-a-time_608/index.html,TRUE,0.3424657534246575
"Mother, Can You Not?",Nonfiction,16.89,5,TRUE,https://books.toscrape.com/catalogue/mother-can-you-not_599/index.html,TRUE,0.2960331557134399
A Mother's Reckoning: Living in the Aftermath of Tragedy,Nonfiction,19.53,3,TRUE,https://books.toscrape.com/catalogue/a-mothers-reckoning-living-in-the-aftermath-of-tragedy_585/index.html,FALSE,0.15360983102918585
"10% Happier: How I Tamed the Voice in My Head, Reduced Stress Without Losing My Edge, and Found Self-Help That Actually Works",Nonfiction,24.57,2,TRUE,https://books.toscrape.com/catalogue/10-happier-how-i-tamed-the-voice-in-my-head-reduced-stress-without-losing-my-edge-and-found-self-help-that-actually-works_582/index.html,FALSE,0.0814000814000814
Chernobyl 01:23:40: The Incredible True Story of the World's Worst Nuclear Disaster,Nonfiction,35.92,2,TRUE,https://books.toscrape.com/catalogue/chernobyl-012340-the-incredible-true-story-of-the-worlds-worst-nuclear-disaster_560/index.html,FALSE,0.05567928730512249
"Zero to One: Notes on Startups, or How to Build the Future",Nonfiction,34.06,3,TRUE,https://books.toscrape.com/catalogue/zero-to-one-notes-on-startups-or-how-to-build-the-future_555/index.html,FALSE,0.08807985907222547
Why Not Me?,Nonfiction,17.759999999999998,1,TRUE,https://books.toscrape.com/catalogue/why-not-me_554/index.html,FALSE,0.056306306306306314
When Breath Becomes Air,Nonfiction,39.36,2,TRUE,https://books.toscrape.com/catalogue/when-breath-becomes-air_553/index.html,FALSE,0.0508130081300813
"The Midnight Assassin: Panic, Scandal, and the Hunt for America's First Serial Killer",Nonfiction,28.45,4,TRUE,https://books.toscrape.com/catalogue/the-midnight-assassin-panic-scandal-and-the-hunt-for-americas-first-serial-killer_549/index.html,FALSE,0.140597539543058
Smarter Faster Better: The Secrets of Being Productive in Life and Business,Nonfiction,38.89,5,TRUE,https://books.toscrape.com/catalogue/smarter-faster-better-the-secrets-of-being-productive-in-life-and-business_543/index.html,FALSE,0.1285677552069941
Rising Strong,Nonfiction,21.82,3,TRUE,https://books.toscrape.com/catalogue/rising-strong_539/index.html,FALSE,0.13748854262144822
Man's Search for Meaning,Nonfiction,29.479999999999997,3,TRUE,https://books.toscrape.com/catalogue/mans-search-for-meaning_533/index.html,FALSE,0.101763907734057
"Love That Boy: What Two Presidents, Eight Road Trips, and My Son Taught Me About a Parent's Expectations",Nonfiction,25.06,2,TRUE,https://books.toscrape.com/catalogue/love-that-boy-what-two-presidents-eight-road-trips-and-my-son-taught-me-about-a-parents-expectations_532/index.html,FALSE,0.07980845969672785
Living Forward: A Proven Plan to Stop Drifting and Get the Life You Want,Nonfiction,12.55,3,TRUE,https://books.toscrape.com/catalogue/living-forward-a-proven-plan-to-stop-drifting-and-get-the-life-you-want_531/index.html,FALSE,0.2390438247011952
I Will Find You,Nonfiction,44.21,1,TRUE,https://books.toscrape.com/catalogue/i-will-find-you_524/index.html,FALSE,0.022619316896629722
Brazen: The Courage to Find the You That's Been Hiding,Nonfiction,19.22,2,TRUE,https://books.toscrape.com/catalogue/brazen-the-courage-to-find-the-you-thats-been-hiding_514/index.html,FALSE,0.10405827263267431
Between the World and Me,Nonfiction,56.91,4,TRUE,https://books.toscrape.com/catalogue/between-the-world-and-me_513/index.html,FALSE,0.07028641714988579
Being Mortal: Medicine and What Matters in the End,Nonfiction,55.06,4,TRUE,https://books.toscrape.com/catalogue/being-mortal-medicine-and-what-matters-in-the-end_512/index.html,FALSE,0.0726480203414457
"A Murder Over a Girl: Justice, Gender, Junior High",Nonfiction,13.2,3,TRUE,https://books.toscrape.com/catalogue/a-murder-over-a-girl-justice-gender-junior-high_511/index.html,FALSE,0.2272727272727273
For the Love: Fighting for Grace in a World of Impossible Standards,Nonfiction,45.13,3,TRUE,https://books.toscrape.com/catalogue/for-the-love-fighting-for-grace-in-a-world-of-impossible-standards_467/index.html,FALSE,0.06647462884998892
Finding God in the Ruins: How God Redeems Pain,Nonfiction,46.64,2,TRUE,https://books.toscrape.com/catalogue/finding-god-in-the-ruins-how-god-redeems-pain_466/index.html,FALSE,0.04288164665523156
The Man Who Mistook His Wife for a Hat and Other Clinical Tales,Nonfiction,59.449999999999996,4,TRUE,https://books.toscrape.com/catalogue/the-man-who-mistook-his-wife-for-a-hat-and-other-clinical-tales_451/index.html,FALSE,0.0672834314550042
In Cold Blood,Nonfiction,49.98,4,TRUE,https://books.toscrape.com/catalogue/in-cold-blood_432/index.html,FALSE,0.08003201280512205
"Girl, Interrupted",Nonfiction,42.14,3,TRUE,https://books.toscrape.com/catalogue/girl-interrupted_429/index.html,FALSE,0.07119126720455624
Why Save the Bankers?: And Other Essays on Our Economic and Political Crisis,Nonfiction,48.67,2,TRUE,https://books.toscrape.com/catalogue/why-save-the-bankers-and-other-essays-on-our-economic-and-political-crisis_418/index.html,FALSE,0.04109307581672488
Talking to Girls About Duran Duran: One Young Man's Quest for True Love and a Cooler Haircut,Nonfiction,25.150000000000002,4,TRUE,https://books.toscrape.com/catalogue/talking-to-girls-about-duran-duran-one-young-mans-quest-for-true-love-and-a-cooler-haircut_394/index.html,FALSE,0.15904572564612324
My Mother Was Nuts,Nonfiction,31.630000000000003,4,TRUE,https://books.toscrape.com/catalogue/my-mother-was-nuts_388/index.html,FALSE,0.12646221941195068
"Data, A Love Story: How I Gamed Online Dating to Meet My Match",Nonfiction,32.349999999999994,3,TRUE,https://books.toscrape.com/catalogue/data-a-love-story-how-i-gamed-online-dating-to-meet-my-match_367/index.html,FALSE,0.09273570324574963
The Jazz of Physics: The Secret Link Between Music and the Structure of the Universe,Nonfiction,38.71,3,TRUE,https://books.toscrape.com/catalogue/the-jazz-of-physics-the-secret-link-between-music-and-the-structure-of-the-universe_350/index.html,FALSE,0.07749935417204856
The Gunning of America: Business and the Making of American Gun Culture,Nonfiction,16.810000000000002,4,TRUE,https://books.toscrape.com/catalogue/the-gunning-of-america-business-and-the-making-of-american-gun-culture_347/index.html,TRUE,0.23795359904818558
The Geography of Bliss: One Grump's Search for the Happiest Places in the World,Nonfiction,28.23,2,TRUE,https://books.toscrape.com/catalogue/the-geography-of-bliss-one-grumps-search-for-the-happiest-places-in-the-world_346/index.html,FALSE,0.07084661707403471
God Is Not Great: How Religion Poisons Everything,Nonfiction,27.8,1,TRUE,https://books.toscrape.com/catalogue/god-is-not-great-how-religion-poisons-everything_323/index.html,FALSE,0.03597122302158273
We the People: The Modern-Day Figures Who Have Reshaped and Affirmed the Founding Fathers' Vision of America,Nonfiction,31.95,3,TRUE,https://books.toscrape.com/catalogue/we-the-people-the-modern-day-figures-who-have-reshaped-and-affirmed-the-founding-fathers-vision-of-america_302/index.html,FALSE,0.09389671361502347
Very Good Lives: The Fringe Benefits of Failure and the Importance of Imagination,Nonfiction,50.660000000000004,3,TRUE,https://books.toscrape.com/catalogue/very-good-lives-the-fringe-benefits-of-failure-and-the-importance-of-imagination_298/index.html,FALSE,0.05921831819976312
"Unstuffed: Decluttering Your Home, Mind, and Soul",Nonfiction,58.09,1,TRUE,https://books.toscrape.com/catalogue/unstuffed-decluttering-your-home-mind-and-soul_296/index.html,FALSE,0.01721466689619556
Under the Banner of Heaven: A Story of Violent Faith,Nonfiction,30,1,TRUE,https://books.toscrape.com/catalogue/under-the-banner-of-heaven-a-story-of-violent-faith_295/index.html,FALSE,0.03333333333333333
"Trespassing Across America: One Man's Epic, Never-Done-Before (and Sort of Illegal) Hike Across the Heartland",Nonfiction,53.51,1,TRUE,https://books.toscrape.com/catalogue/trespassing-across-america-one-mans-epic-never-done-before-and-sort-of-illegal-hike-across-the-heartland_291/index.html,FALSE,0.018688095683049896
The Name of God is Mercy,Nonfiction,37.25,2,TRUE,https://books.toscrape.com/catalogue/the-name-of-god-is-mercy_264/index.html,FALSE,0.053691275167785234
Stiff: The Curious Lives of Human Cadavers,Nonfiction,36.74,3,TRUE,https://books.toscrape.com/catalogue/stiff-the-curious-lives-of-human-cadavers_226/index.html,FALSE,0.08165487207403374
Spilled Milk: Based on a True Story,Nonfiction,49.51,1,TRUE,https://books.toscrape.com/catalogue/spilled-milk-based-on-a-true-story_225/index.html,FALSE,0.020197939810139367
"Rise of the Rocket Girls: The Women Who Propelled Us, from Missiles to the Moon to Mars",Nonfiction,41.67,4,TRUE,https://books.toscrape.com/catalogue/rise-of-the-rocket-girls-the-women-who-propelled-us-from-missiles-to-the-moon-to-mars_213/index.html,FALSE,0.09599232061435085
Outliers: The Story of Success,Nonfiction,14.16,1,TRUE,https://books.toscrape.com/catalogue/outliers-the-story-of-success_204/index.html,FALSE,0.07062146892655367
Notes from a Small Island (Notes From a Small Island #1),Nonfiction,40.17,1,TRUE,https://books.toscrape.com/catalogue/notes-from-a-small-island-notes-from-a-small-island-1_200/index.html,FALSE,0.024894199651481205
Night (The Night Trilogy #1),Nonfiction,13.51,1,TRUE,https://books.toscrape.com/catalogue/night-the-night-trilogy-1_199/index.html,FALSE,0.07401924500370097
"Miracles from Heaven: A Little Girl, Her Journey to Heaven, and Her Amazing Story of Healing",Nonfiction,57.83,1,TRUE,https://books.toscrape.com/catalogue/miracles-from-heaven-a-little-girl-her-journey-to-heaven-and-her-amazing-story-of-healing_195/index.html,FALSE,0.017292062943109112
Letter to a Christian Nation,Nonfiction,22.2,1,TRUE,https://books.toscrape.com/catalogue/letter-to-a-christian-nation_186/index.html,FALSE,0.04504504504504505
Let's Pretend This Never Happened: A Mostly True Memoir,Nonfiction,45.11,1,TRUE,https://books.toscrape.com/catalogue/lets-pretend-this-never-happened-a-mostly-true-memoir_185/index.html,FALSE,0.02216803369541122
It's Never Too Late to Begin Again: Discovering Creativity and Meaning at Midlife and Beyond,Nonfiction,42.379999999999995,1,TRUE,https://books.toscrape.com/catalogue/its-never-too-late-to-begin-again-discovering-creativity-and-meaning-at-midlife-and-beyond_179/index.html,FALSE,0.02359603586597452
Into the Wild,Nonfiction,56.7,5,TRUE,https://books.toscrape.com/catalogue/into-the-wild_177/index.html,FALSE,0.08818342151675485
"In the Garden of Beasts: Love, Terror, and an American Family in Hitler's Berlin",Nonfiction,28.85,3,TRUE,https://books.toscrape.com/catalogue/in-the-garden-of-beasts-love-terror-and-an-american-family-in-hitlers-berlin_175/index.html,FALSE,0.10398613518197573
I Am Malala: The Girl Who Stood Up for Education and Was Shot by the Taliban,Nonfiction,28.88,2,TRUE,https://books.toscrape.com/catalogue/i-am-malala-the-girl-who-stood-up-for-education-and-was-shot-by-the-taliban_172/index.html,FALSE,0.06925207756232687
Gratitude,Nonfiction,26.66,5,TRUE,https://books.toscrape.com/catalogue/gratitude_163/index.html,FALSE,0.1875468867216804
Disrupted: My Misadventure in the Start-Up Bubble,Nonfiction,15.28,5,TRUE,https://books.toscrape.com/catalogue/disrupted-my-misadventure-in-the-start-up-bubble_148/index.html,TRUE,0.3272251308900524
Brave Enough,Nonfiction,51.32,5,TRUE,https://books.toscrape.com/catalogue/brave-enough_135/index.html,FALSE,0.09742790335151988
"Born to Run: A Hidden Tribe, Superathletes, and the Greatest Race the World Has Never Seen",Nonfiction,27.35,2,TRUE,https://books.toscrape.com/catalogue/born-to-run-a-hidden-tribe-superathletes-and-the-greatest-race-the-world-has-never-seen_133/index.html,FALSE,0.07312614259597806
Blink: The Power of Thinking Without Thinking,Nonfiction,21.74,5,TRUE,https://books.toscrape.com/catalogue/blink-the-power-of-thinking-without-thinking_132/index.html,FALSE,0.2299908003679853
Black Flags: The Rise of ISIS,Nonfiction,40.87,1,TRUE,https://books.toscrape.com/catalogue/black-flags-the-rise-of-isis_131/index.html,FALSE,0.02446782481037436
Are We Smart Enough to Know How Smart Animals Are?,Nonfiction,56.58,1,TRUE,https://books.toscrape.com/catalogue/are-we-smart-enough-to-know-how-smart-animals-are_121/index.html,FALSE,0.017674089784376106
A Walk in the Woods: Rediscovering America on the Appalachian Trail,Nonfiction,30.479999999999997,4,TRUE,https://books.toscrape.com/catalogue/a-walk-in-the-woods-rediscovering-america-on-the-appalachian-trail_118/index.html,FALSE,0.13123359580052496
"The Suffragettes (Little Black Classics, #96)",Nonfiction,11.89,2,TRUE,https://books.toscrape.com/catalogue/the-suffragettes-little-black-classics-96_112/index.html,FALSE,0.16820857863751051
Kindle Paperwhite User's Guide,Nonfiction,34,3,TRUE,https://books.toscrape.com/catalogue/kindle-paperwhite-users-guide_103/index.html,FALSE,0.08823529411764706
H is for Hawk,Nonfiction,57.42,5,TRUE,https://books.toscrape.com/catalogue/h-is-for-hawk_102/index.html,FALSE,0.08707767328456983
Travels with Charley: In Search of America,Nonfiction,57.82,5,TRUE,https://books.toscrape.com/catalogue/travels-with-charley-in-search-of-america_90/index.html,FALSE,0.08647526807333103
The Tumor,Nonfiction,41.56,5,TRUE,https://books.toscrape.com/catalogue/the-tumor_85/index.html,FALSE,0.1203079884504331
The End of the Jesus Era (An Investigation #1),Nonfiction,14.4,1,TRUE,https://books.toscrape.com/catalogue/the-end-of-the-jesus-era-an-investigation-1_64/index.html,FALSE,0.06944444444444445
"Eat, Pray, Love",Nonfiction,51.32,3,TRUE,https://books.toscrape.com/catalogue/eat-pray-love_16/index.html,FALSE,0.05845674201091192
Rip it Up and Start Again,Music,35.02,5,TRUE,https://books.toscrape.com/catalogue/rip-it-up-and-start-again_986/index.html,FALSE,0.1427755568246716
"Our Band Could Be Your Life: Scenes from the American Indie Underground, 1981-1991",Music,57.25,3,TRUE,https://books.toscrape.com/catalogue/our-band-could-be-your-life-scenes-from-the-american-indie-underground-1981-1991_985/index.html,FALSE,0.05240174672489083
How Music Works,Music,37.32,2,TRUE,https://books.toscrape.com/catalogue/how-music-works_979/index.html,FALSE,0.05359056806002144
Love Is a Mix Tape (Music #1),Music,18.03,1,TRUE,https://books.toscrape.com/catalogue/love-is-a-mix-tape-music-1_711/index.html,FALSE,0.05546311702717693
Please Kill Me: The Uncensored Oral History of Punk,Music,31.19,4,TRUE,https://books.toscrape.com/catalogue/please-kill-me-the-uncensored-oral-history-of-punk_537/index.html,FALSE,0.12824623276691247
Kill 'Em and Leave: Searching for James Brown and the American Soul,Music,45.05,5,TRUE,https://books.toscrape.com/catalogue/kill-em-and-leave-searching-for-james-brown-and-the-american-soul_528/index.html,FALSE,0.11098779134295228
"Chronicles, Vol. 1",Music,52.6,2,TRUE,https://books.toscrape.com/catalogue/chronicles-vol-1_462/index.html,FALSE,0.03802281368821293
This Is Your Brain on Music: The Science of a Human Obsession,Music,38.4,1,TRUE,https://books.toscrape.com/catalogue/this-is-your-brain-on-music-the-science-of-a-human-obsession_414/index.html,FALSE,0.026041666666666668
"Orchestra of Exiles: The Story of Bronislaw Huberman, the Israel Philharmonic, and the One Thousand Jews He Saved from Nazi Horrors",Music,12.360000000000001,3,TRUE,https://books.toscrape.com/catalogue/orchestra-of-exiles-the-story-of-bronislaw-huberman-the-israel-philharmonic-and-the-one-thousand-jews-he-saved-from-nazi-horrors_337/index.html,FALSE,0.24271844660194172
No One Here Gets Out Alive,Music,20.02,5,TRUE,https://books.toscrape.com/catalogue/no-one-here-gets-out-alive_336/index.html,FALSE,0.24975024975024976
Life,Music,31.58,5,TRUE,https://books.toscrape.com/catalogue/life_104/index.html,FALSE,0.15832805573147563
Old Records Never Die: One Man's Quest for His Vinyl and His Past,Music,55.660000000000004,2,TRUE,https://books.toscrape.com/catalogue/old-records-never-die-one-mans-quest-for-his-vinyl-and-his-past_39/index.html,FALSE,0.035932446999640676
Forever Rockers (The Rocker #12),Music,28.8,3,TRUE,https://books.toscrape.com/catalogue/forever-rockers-the-rocker-12_19/index.html,FALSE,0.10416666666666666
"The Coming Woman: A Novel Based on the Life of the Infamous Feminist, Victoria Woodhull",Default,17.93,3,TRUE,https://books.toscrape.com/catalogue/the-coming-woman-a-novel-based-on-the-life-of-the-infamous-feminist-victoria-woodhull_993/index.html,FALSE,0.16731734523145567
The Boys in the Boat: Nine Americans and Their Epic Quest for Gold at the 1936 Berlin Olympics,Default,22.6,4,TRUE,https://books.toscrape.com/catalogue/the-boys-in-the-boat-nine-americans-and-their-epic-quest-for-gold-at-the-1936-berlin-olympics_992/index.html,FALSE,0.17699115044247787
"Starving Hearts (Triangular Trade Trilogy, #1)",Default,13.99,2,TRUE,https://books.toscrape.com/catalogue/starving-hearts-triangular-trade-trilogy-1_990/index.html,FALSE,0.14295925661186562
America's Cradle of Quarterbacks: Western Pennsylvania's Football Factory from Johnny Unitas to Joe Montana,Default,22.5,3,TRUE,https://books.toscrape.com/catalogue/americas-cradle-of-quarterbacks-western-pennsylvanias-football-factory-from-johnny-unitas-to-joe-montana_974/index.html,FALSE,0.13333333333333333
Aladdin and His Wonderful Lamp,Default,53.13,3,TRUE,https://books.toscrape.com/catalogue/aladdin-and-his-wonderful-lamp_973/index.html,FALSE,0.0564652738565782
Penny Maybe,Default,33.290000000000006,3,TRUE,https://books.toscrape.com/catalogue/penny-maybe_965/index.html,FALSE,0.09011715229798736
Maude (1883-1993):She Grew Up with the country,Default,18.02,2,TRUE,https://books.toscrape.com/catalogue/maude-1883-1993she-grew-up-with-the-country_964/index.html,FALSE,0.11098779134295228
"The Inefficiency Assassin: Time Management Tactics for Working Smarter, Not Longer",Default,20.59,5,TRUE,https://books.toscrape.com/catalogue/the-inefficiency-assassin-time-management-tactics-for-working-smarter-not-longer_935/index.html,FALSE,0.24283632831471588
Soul Reader,Default,39.58,2,TRUE,https://books.toscrape.com/catalogue/soul-reader_926/index.html,FALSE,0.05053057099545225
Bossypants,Default,49.46,2,TRUE,https://books.toscrape.com/catalogue/bossypants_883/index.html,FALSE,0.040436716538617065
A World of Flavor: Your Gluten Free Passport,Default,42.949999999999996,1,TRUE,https://books.toscrape.com/catalogue/a-world-of-flavor-your-gluten-free-passport_879/index.html,FALSE,0.023282887077997673
"A Piece of Sky, a Grain of Rice: A Memoir in Four Meditations",Default,56.760000000000005,5,TRUE,https://books.toscrape.com/catalogue/a-piece-of-sky-a-grain-of-rice-a-memoir-in-four-meditations_878/index.html,FALSE,0.08809020436927413
Tracing Numbers on a Train,Default,41.6,3,TRUE,https://books.toscrape.com/catalogue/tracing-numbers-on-a-train_869/index.html,FALSE,0.07211538461538461
Thirteen Reasons Why,Default,52.720000000000006,1,TRUE,https://books.toscrape.com/catalogue/thirteen-reasons-why_866/index.html,FALSE,0.018968133535660087
The Secret (The Secret #1),Default,27.37,4,TRUE,https://books.toscrape.com/catalogue/the-secret-the-secret-1_859/index.html,FALSE,0.14614541468761416
The Psychopath Test: A Journey Through the Madness Industry,Default,36,2,TRUE,https://books.toscrape.com/catalogue/the-psychopath-test-a-journey-through-the-madness-industry_857/index.html,FALSE,0.05555555555555555
The Kite Runner,Default,41.82,4,TRUE,https://books.toscrape.com/catalogue/the-kite-runner_847/index.html,FALSE,0.09564801530368244
The Girl on the Train,Default,55.02,2,TRUE,https://books.toscrape.com/catalogue/the-girl-on-the-train_844/index.html,FALSE,0.03635041802980734
The Emerald Mystery,Default,23.150000000000002,2,TRUE,https://books.toscrape.com/catalogue/the-emerald-mystery_842/index.html,FALSE,0.08639308855291576
The Bridge to Consciousness: I'm Writing the Bridge Between Science and Our Old and New Beliefs.,Default,32,3,TRUE,https://books.toscrape.com/catalogue/the-bridge-to-consciousness-im-writing-the-bridge-between-science-and-our-old-and-new-beliefs_840/index.html,FALSE,0.09375
The Art of War,Default,33.339999999999996,5,TRUE,https://books.toscrape.com/catalogue/the-art-of-war_838/index.html,FALSE,0.14997000599880025
Secrets and Lace (Fatal Hearts #1),Default,20.27,1,TRUE,https://books.toscrape.com/catalogue/secrets-and-lace-fatal-hearts-1_829/index.html,FALSE,0.0493339911198816
Romero and Juliet: A Tragic Tale of Love and Zombies,Default,36.94,1,TRUE,https://books.toscrape.com/catalogue/romero-and-juliet-a-tragic-tale-of-love-and-zombies_827/index.html,FALSE,0.02707092582566324
Poses for Artists Volume 1 - Dynamic and Sitting Poses: An Essential Reference for Figure Drawing and the Human Form,Default,41.06,1,TRUE,https://books.toscrape.com/catalogue/poses-for-artists-volume-1-dynamic-and-sitting-poses-an-essential-reference-for-figure-drawing-and-the-human-form_825/index.html,FALSE,0.024354603019970774
Miss Peregrine’s Home for Peculiar Children (Miss Peregrine’s Peculiar Children #1),Default,10.76,1,TRUE,https://books.toscrape.com/catalogue/miss-peregrines-home-for-peculiar-children-miss-peregrines-peculiar-children-1_819/index.html,FALSE,0.0929368029739777
Large Print Heart of the Pride,Default,19.150000000000002,2,TRUE,https://books.toscrape.com/catalogue/large-print-heart-of-the-pride_815/index.html,FALSE,0.10443864229765012
Grumbles,Default,22.16,2,TRUE,https://books.toscrape.com/catalogue/grumbles_812/index.html,FALSE,0.09025270758122744
First Steps for New Christians (Print Edition),Default,29,1,TRUE,https://books.toscrape.com/catalogue/first-steps-for-new-christians-print-edition_808/index.html,FALSE,0.034482758620689655
Eureka Trivia 6.0,Default,54.59,4,TRUE,https://books.toscrape.com/catalogue/eureka-trivia-60_805/index.html,FALSE,0.07327349331379374
Drive: The Surprising Truth About What Motivates Us,Default,34.949999999999996,4,TRUE,https://books.toscrape.com/catalogue/drive-the-surprising-truth-about-what-motivates-us_804/index.html,FALSE,0.11444921316165953
Done Rubbed Out (Reightman & Bailey #1),Default,37.720000000000006,5,TRUE,https://books.toscrape.com/catalogue/done-rubbed-out-reightman-bailey-1_803/index.html,FALSE,0.13255567338282076
Beauty Restored (Riley Family Legacy Novellas #3),Default,11.11,2,TRUE,https://books.toscrape.com/catalogue/beauty-restored-riley-family-legacy-novellas-3_794/index.html,FALSE,0.18001800180018002
Ayumi's Violin,Default,15.48,2,TRUE,https://books.toscrape.com/catalogue/ayumis-violin_791/index.html,FALSE,0.12919896640826872
Anonymous,Default,46.82,4,TRUE,https://books.toscrape.com/catalogue/anonymous_790/index.html,FALSE,0.08543357539513029
Amy Meets the Saints and Sages,Default,18.459999999999997,3,TRUE,https://books.toscrape.com/catalogue/amy-meets-the-saints-and-sages_789/index.html,FALSE,0.16251354279523297
Amatus,Default,50.54,5,TRUE,https://books.toscrape.com/catalogue/amatus_787/index.html,FALSE,0.09893153937475267
V for Vendetta (V for Vendetta Complete),Default,37.1,4,TRUE,https://books.toscrape.com/catalogue/v-for-vendetta-v-for-vendetta-complete_776/index.html,FALSE,0.10781671159029649
"Unbroken: A World War II Story of Survival, Resilience, and Redemption",Default,45.949999999999996,2,TRUE,https://books.toscrape.com/catalogue/unbroken-a-world-war-ii-story-of-survival-resilience-and-redemption_774/index.html,FALSE,0.04352557127312296
The Wright Brothers,Default,56.8,4,TRUE,https://books.toscrape.com/catalogue/the-wright-brothers_769/index.html,FALSE,0.07042253521126761
The Songs of the Gods,Default,44.48,5,TRUE,https://books.toscrape.com/catalogue/the-songs-of-the-gods_763/index.html,FALSE,0.11241007194244605
The Rosie Project (Don Tillman #1),Default,54.04,1,TRUE,https://books.toscrape.com/catalogue/the-rosie-project-don-tillman-1_761/index.html,FALSE,0.018504811250925242
The Power of Habit: Why We Do What We Do in Life and Business,Default,16.88,3,TRUE,https://books.toscrape.com/catalogue/the-power-of-habit-why-we-do-what-we-do-in-life-and-business_760/index.html,FALSE,0.17772511848341233
Steve Jobs,Default,39.5,5,TRUE,https://books.toscrape.com/catalogue/steve-jobs_737/index.html,FALSE,0.12658227848101267
Luckiest Girl Alive,Default,49.83,3,TRUE,https://books.toscrape.com/catalogue/luckiest-girl-alive_713/index.html,FALSE,0.060204695966285374
"Living Leadership by Insight: A Good Leader Achieves, a Great Leader Builds Monuments",Default,46.91,4,TRUE,https://books.toscrape.com/catalogue/living-leadership-by-insight-a-good-leader-achieves-a-great-leader-builds-monuments_709/index.html,FALSE,0.08526966531656364
Lady Midnight (The Dark Artifices #1),Default,16.279999999999998,5,TRUE,https://books.toscrape.com/catalogue/lady-midnight-the-dark-artifices-1_707/index.html,TRUE,0.30712530712530717
"Hush, Hush (Hush, Hush #1)",Default,47.02,3,TRUE,https://books.toscrape.com/catalogue/hush-hush-hush-hush-1_701/index.html,FALSE,0.06380263717566992
Greek Mythic History,Default,10.229999999999999,5,TRUE,https://books.toscrape.com/catalogue/greek-mythic-history_698/index.html,TRUE,0.4887585532746824
Every Last Word,Default,46.47,3,TRUE,https://books.toscrape.com/catalogue/every-last-word_693/index.html,FALSE,0.0645577792123951
Daily Fantasy Sports,Default,36.58,1,TRUE,https://books.toscrape.com/catalogue/daily-fantasy-sports_683/index.html,FALSE,0.02733734281027884
Clockwork Angel (The Infernal Devices #1),Default,44.14,1,TRUE,https://books.toscrape.com/catalogue/clockwork-angel-the-infernal-devices-1_679/index.html,FALSE,0.022655188038060714
City of Fallen Angels (The Mortal Instruments #4),Default,11.229999999999999,4,TRUE,https://books.toscrape.com/catalogue/city-of-fallen-angels-the-mortal-instruments-4_677/index.html,TRUE,0.35618878005342836
City of Bones (The Mortal Instruments #1),Default,43.28,1,TRUE,https://books.toscrape.com/catalogue/city-of-bones-the-mortal-instruments-1_676/index.html,FALSE,0.02310536044362292
City of Ashes (The Mortal Instruments #2),Default,47.27,1,TRUE,https://books.toscrape.com/catalogue/city-of-ashes-the-mortal-instruments-2_675/index.html,FALSE,0.02115506663845991
"Carry On, Warrior: Thoughts on Life Unarmed",Default,31.85,3,TRUE,https://books.toscrape.com/catalogue/carry-on-warrior-thoughts-on-life-unarmed_672/index.html,FALSE,0.09419152276295133
Carrie,Default,46.230000000000004,2,TRUE,https://books.toscrape.com/catalogue/carrie_671/index.html,FALSE,0.04326195111399524
Angels & Demons (Robert Langdon #1),Default,51.48,3,TRUE,https://books.toscrape.com/catalogue/angels-demons-robert-langdon-1_661/index.html,FALSE,0.05827505827505828
"The Three Searches, Meaning, and the Story",Default,13.33,3,TRUE,https://books.toscrape.com/catalogue/the-three-searches-meaning-and-the-story_649/index.html,FALSE,0.2250562640660165
Raspberry Pi Electronics Projects for the Evil Genius,Default,49.67,4,TRUE,https://books.toscrape.com/catalogue/raspberry-pi-electronics-projects-for-the-evil-genius_630/index.html,FALSE,0.08053150795248641
How to Speak Golf: An Illustrated Guide to Links Lingo,Default,58.32,5,TRUE,https://books.toscrape.com/catalogue/how-to-speak-golf-an-illustrated-guide-to-links-lingo_621/index.html,FALSE,0.08573388203017833
Eleanor & Park,Default,56.51,5,TRUE,https://books.toscrape.com/catalogue/eleanor-park_616/index.html,FALSE,0.08847991505928154
Troublemaker: Surviving Hollywood and Scientology,Default,48.39,2,TRUE,https://books.toscrape.com/catalogue/troublemaker-surviving-hollywood-and-scientology_610/index.html,FALSE,0.041330853482124404
Adultery,Default,20.88,5,TRUE,https://books.toscrape.com/catalogue/adultery_586/index.html,FALSE,0.23946360153256707
Unlimited Intuition Now,Default,58.87,4,TRUE,https://books.toscrape.com/catalogue/unlimited-intuition-now_578/index.html,FALSE,0.06794632240529981
Underlying Notes,Default,11.82,2,TRUE,https://books.toscrape.com/catalogue/underlying-notes_577/index.html,FALSE,0.1692047377326565
The New Brand You: Your New Image Makes the Sale for You,Default,44.05,5,TRUE,https://books.toscrape.com/catalogue/the-new-brand-you-your-new-image-makes-the-sale-for-you_575/index.html,FALSE,0.11350737797956868
The Flowers Lied,Default,16.68,2,TRUE,https://books.toscrape.com/catalogue/the-flowers-lied_573/index.html,FALSE,0.11990407673860912
"NaNo What Now? Finding your editing process, revising your NaNoWriMo book and building a writing career through publishing and beyond",Default,10.41,4,TRUE,https://books.toscrape.com/catalogue/nano-what-now-finding-your-editing-process-revising-your-nanowrimo-book-and-building-a-writing-career-through-publishing-and-beyond_566/index.html,TRUE,0.38424591738712777
Modern Day Fables,Default,47.44,2,TRUE,https://books.toscrape.com/catalogue/modern-day-fables_565/index.html,FALSE,0.04215851602023609
The Unlikely Pilgrimage of Harold Fry (Harold Fry #1),Default,43.620000000000005,5,TRUE,https://books.toscrape.com/catalogue/the-unlikely-pilgrimage-of-harold-fry-harold-fry-1_551/index.html,FALSE,0.11462631820265932
The Martian (The Martian #1),Default,41.39,2,TRUE,https://books.toscrape.com/catalogue/the-martian-the-martian-1_548/index.html,FALSE,0.048320850446967864
Left Behind (Left Behind #1),Default,40.720000000000006,2,TRUE,https://books.toscrape.com/catalogue/left-behind-left-behind-1_529/index.html,FALSE,0.04911591355599213
John Vassos: Industrial Design for Modern Life,Default,20.22,4,TRUE,https://books.toscrape.com/catalogue/john-vassos-industrial-design-for-modern-life_526/index.html,FALSE,0.19782393669634027
I'll Give You the Sun,Default,56.48,1,TRUE,https://books.toscrape.com/catalogue/ill-give-you-the-sun_525/index.html,FALSE,0.017705382436260624
Heaven is for Real: A Little Boy's Astounding Story of His Trip to Heaven and Back,Default,52.86,2,TRUE,https://books.toscrape.com/catalogue/heaven-is-for-real-a-little-boys-astounding-story-of-his-trip-to-heaven-and-back_520/index.html,FALSE,0.037835792659856225
Ender's Game (The Ender Quintet #1),Default,43.64,1,TRUE,https://books.toscrape.com/catalogue/enders-game-the-ender-quintet-1_518/index.html,FALSE,0.022914757103574702
Death by Leisure: A Cautionary Tale,Default,37.51,4,TRUE,https://books.toscrape.com/catalogue/death-by-leisure-a-cautionary-tale_516/index.html,FALSE,0.10663822980538523
Wildlife of New York: A Five-Borough Coloring Book,Default,22.14,2,TRUE,https://books.toscrape.com/catalogue/wildlife-of-new-york-a-five-borough-coloring-book_507/index.html,FALSE,0.09033423667570009
The Year of Living Biblically: One Man's Humble Quest to Follow the Bible as Literally as Possible,Default,34.720000000000006,1,TRUE,https://books.toscrape.com/catalogue/the-year-of-living-biblically-one-mans-humble-quest-to-follow-the-bible-as-literally-as-possible_502/index.html,FALSE,0.028801843317972347
The Great Gatsby,Default,36.05,4,TRUE,https://books.toscrape.com/catalogue/the-great-gatsby_498/index.html,FALSE,0.11095700416088766
The Good Girl,Default,49.03,3,TRUE,https://books.toscrape.com/catalogue/the-good-girl_497/index.html,FALSE,0.0611870283499898
The 7 Habits of Highly Effective People: Powerful Lessons in Personal Change,Default,33.17,4,TRUE,https://books.toscrape.com/catalogue/the-7-habits-of-highly-effective-people-powerful-lessons-in-personal-change_489/index.html,FALSE,0.12059089538739824
Steal Like an Artist: 10 Things Nobody Told You About Being Creative,Default,20.9,2,TRUE,https://books.toscrape.com/catalogue/steal-like-an-artist-10-things-nobody-told-you-about-being-creative_487/index.html,FALSE,0.09569377990430622
Life of Pi,Default,13.219999999999999,4,TRUE,https://books.toscrape.com/catalogue/life-of-pi_475/index.html,TRUE,0.30257186081694404
The Sound Of Love,Default,57.839999999999996,5,TRUE,https://books.toscrape.com/catalogue/the-sound-of-love_455/index.html,FALSE,0.08644536652835409
The Perks of Being a Wallflower,Default,55.02,3,TRUE,https://books.toscrape.com/catalogue/the-perks-of-being-a-wallflower_453/index.html,FALSE,0.05452562704471101
The Makings of a Fatherless Child,Default,31.58,2,TRUE,https://books.toscrape.com/catalogue/the-makings-of-a-fatherless-child_450/index.html,FALSE,0.06333122229259025
The Hobbit (Middle-Earth Universe),Default,17.8,5,TRUE,https://books.toscrape.com/catalogue/the-hobbit-middle-earth-universe_447/index.html,TRUE,0.28089887640449435
The Fellowship of the Ring (The Lord of the Rings #1),Default,10.27,2,TRUE,https://books.toscrape.com/catalogue/the-fellowship-of-the-ring-the-lord-of-the-rings-1_442/index.html,FALSE,0.19474196689386564
Ship Leaves Harbor: Essays on Travel by a Recovering Journeyman,Default,30.6,3,TRUE,https://books.toscrape.com/catalogue/ship-leaves-harbor-essays-on-travel-by-a-recovering-journeyman_438/index.html,FALSE,0.09803921568627451
Musicophilia: Tales of Music and the Brain,Default,46.58,1,TRUE,https://books.toscrape.com/catalogue/musicophilia-tales-of-music-and-the-brain_436/index.html,FALSE,0.021468441391155002
What If?: Serious Scientific Answers to Absurd Hypothetical Questions,Default,53.68,4,TRUE,https://books.toscrape.com/catalogue/what-if-serious-scientific-answers-to-absurd-hypothetical-questions_416/index.html,FALSE,0.07451564828614009
The Fault in Our Stars,Default,47.220000000000006,1,TRUE,https://books.toscrape.com/catalogue/the-fault-in-our-stars_403/index.html,FALSE,0.021177467174925878
The Dream Thieves (The Raven Cycle #2),Default,34.5,1,TRUE,https://books.toscrape.com/catalogue/the-dream-thieves-the-raven-cycle-2_400/index.html,FALSE,0.028985507246376812
The 5th Wave (The 5th Wave #1),Default,11.83,2,TRUE,https://books.toscrape.com/catalogue/the-5th-wave-the-5th-wave-1_397/index.html,FALSE,0.16906170752324598
Shiver (The Wolves of Mercy Falls #1),Default,16.23,5,TRUE,https://books.toscrape.com/catalogue/shiver-the-wolves-of-mercy-falls-1_392/index.html,TRUE,0.3080714725816389
Remember Me?,Default,11.48,3,TRUE,https://books.toscrape.com/catalogue/remember-me_391/index.html,FALSE,0.2613240418118467
If I Stay (If I Stay #1),Default,38.13,5,TRUE,https://books.toscrape.com/catalogue/if-i-stay-if-i-stay-1_379/index.html,FALSE,0.13113034356150013
I Know Why the Caged Bird Sings (Maya Angelou's Autobiography #1),Default,36.55,2,TRUE,https://books.toscrape.com/catalogue/i-know-why-the-caged-bird-sings-maya-angelous-autobiography-1_378/index.html,FALSE,0.05471956224350206
Harry Potter and the Deathly Hallows (Harry Potter #7),Default,23.32,1,TRUE,https://books.toscrape.com/catalogue/harry-potter-and-the-deathly-hallows-harry-potter-7_377/index.html,FALSE,0.04288164665523156
Fool Me Once,Default,16.959999999999997,1,TRUE,https://books.toscrape.com/catalogue/fool-me-once_374/index.html,FALSE,0.058962264150943404
Drama,Default,38.7,2,TRUE,https://books.toscrape.com/catalogue/drama_371/index.html,FALSE,0.05167958656330749
"Blue Lily, Lily Blue (The Raven Cycle #3)",Default,34.13,5,TRUE,https://books.toscrape.com/catalogue/blue-lily-lily-blue-the-raven-cycle-3_364/index.html,FALSE,0.14649868151186637
Alight (The Generations Trilogy #2),Default,58.59,4,TRUE,https://books.toscrape.com/catalogue/alight-the-generations-trilogy-2_360/index.html,FALSE,0.06827103601297149
Vogue Colors A to Z: A Fashion Coloring Book,Default,52.349999999999994,4,TRUE,https://books.toscrape.com/catalogue/vogue-colors-a-to-z-a-fashion-coloring-book_355/index.html,FALSE,0.07640878701050621
The Shining (The Shining #1),Default,27.88,3,TRUE,https://books.toscrape.com/catalogue/the-shining-the-shining-1_354/index.html,FALSE,0.10760401721664276
The Hunger Games (The Hunger Games #1),Default,29.85,5,TRUE,https://books.toscrape.com/catalogue/the-hunger-games-the-hunger-games-1_349/index.html,FALSE,0.1675041876046901
Outlander (Outlander #1),Default,19.67,5,TRUE,https://books.toscrape.com/catalogue/outlander-outlander-1_338/index.html,TRUE,0.2541942043721403
Mockingjay (The Hunger Games #3),Default,20.439999999999998,4,TRUE,https://books.toscrape.com/catalogue/mockingjay-the-hunger-games-3_333/index.html,FALSE,0.19569471624266147
Harry Potter and the Sorcerer's Stone (Harry Potter #1),Default,13.9,3,TRUE,https://books.toscrape.com/catalogue/harry-potter-and-the-sorcerers-stone-harry-potter-1_329/index.html,FALSE,0.2158273381294964
Confessions of a Shopaholic (Shopaholic #1),Default,48.94,2,TRUE,https://books.toscrape.com/catalogue/confessions-of-a-shopaholic-shopaholic-1_318/index.html,FALSE,0.040866366979975484
Zero History (Blue Ant #3),Default,34.77,1,TRUE,https://books.toscrape.com/catalogue/zero-history-blue-ant-3_308/index.html,FALSE,0.02876042565429968
World War Z: An Oral History of the Zombie War,Default,21.8,1,TRUE,https://books.toscrape.com/catalogue/world-war-z-an-oral-history-of-the-zombie-war_306/index.html,FALSE,0.04587155963302752
Wild: From Lost to Found on the Pacific Crest Trail,Default,46.02,3,TRUE,https://books.toscrape.com/catalogue/wild-from-lost-to-found-on-the-pacific-crest-trail_305/index.html,FALSE,0.0651890482398957
"Where'd You Go, Bernadette",Default,18.130000000000003,1,TRUE,https://books.toscrape.com/catalogue/whered-you-go-bernadette_304/index.html,FALSE,0.055157198014340866
Twilight (Twilight #1),Default,41.93,2,TRUE,https://books.toscrape.com/catalogue/twilight-twilight-1_293/index.html,FALSE,0.04769854519437157
The Paris Wife,Default,36.8,3,TRUE,https://books.toscrape.com/catalogue/the-paris-wife_269/index.html,FALSE,0.08152173913043478
The Maze Runner (The Maze Runner #1),Default,20.93,1,TRUE,https://books.toscrape.com/catalogue/the-maze-runner-the-maze-runner-1_263/index.html,FALSE,0.047778308647873864
The Lover's Dictionary,Default,58.09,2,TRUE,https://books.toscrape.com/catalogue/the-lovers-dictionary_262/index.html,FALSE,0.03442933379239112
The Goldfinch,Default,43.58,3,TRUE,https://books.toscrape.com/catalogue/the-goldfinch_252/index.html,FALSE,0.06883891693437356
The Giver (The Giver Quartet #1),Default,12.3,1,TRUE,https://books.toscrape.com/catalogue/the-giver-the-giver-quartet-1_251/index.html,FALSE,0.08130081300813008
The Girl Who Played with Fire (Millennium Trilogy #2),Default,22.14,2,TRUE,https://books.toscrape.com/catalogue/the-girl-who-played-with-fire-millennium-trilogy-2_249/index.html,FALSE,0.09033423667570009
The Demon-Haunted World: Science as a Candle in the Dark,Default,52.25,4,TRUE,https://books.toscrape.com/catalogue/the-demon-haunted-world-science-as-a-candle-in-the-dark_242/index.html,FALSE,0.07655502392344497
The Book Thief,Default,53.49,2,TRUE,https://books.toscrape.com/catalogue/the-book-thief_233/index.html,FALSE,0.03739016638624042
The Autobiography of Malcolm X,Default,23.43,2,TRUE,https://books.toscrape.com/catalogue/the-autobiography-of-malcolm-x_230/index.html,FALSE,0.08536064874093043
Shopaholic & Baby (Shopaholic #5),Default,46.449999999999996,2,TRUE,https://books.toscrape.com/catalogue/shopaholic-baby-shopaholic-5_221/index.html,FALSE,0.04305705059203445
Quiet: The Power of Introverts in a World That Can't Stop Talking,Default,43.55,1,TRUE,https://books.toscrape.com/catalogue/quiet-the-power-of-introverts-in-a-world-that-cant-stop-talking_208/index.html,FALSE,0.022962112514351322
Packing for Mars: The Curious Science of Life in the Void,Default,56.68,2,TRUE,https://books.toscrape.com/catalogue/packing-for-mars-the-curious-science-of-life-in-the-void_205/index.html,FALSE,0.035285815102328866
Orange Is the New Black,Default,24.610000000000003,2,TRUE,https://books.toscrape.com/catalogue/orange-is-the-new-black_202/index.html,FALSE,0.08126777732629012
One for the Money (Stephanie Plum #1),Default,32.87,2,TRUE,https://books.toscrape.com/catalogue/one-for-the-money-stephanie-plum-1_201/index.html,FALSE,0.06084575600851841
Morning Star (Red Rising #3),Default,29.4,1,TRUE,https://books.toscrape.com/catalogue/morning-star-red-rising-3_196/index.html,FALSE,0.034013605442176874
Life After Life,Default,26.130000000000003,2,TRUE,https://books.toscrape.com/catalogue/life-after-life_187/index.html,FALSE,0.07654037504783773
"Lean In: Women, Work, and the Will to Lead",Default,25.02,1,TRUE,https://books.toscrape.com/catalogue/lean-in-women-work-and-the-will-to-lead_183/index.html,FALSE,0.039968025579536375
Is Everyone Hanging Out Without Me? (And Other Concerns),Default,20.110000000000003,3,TRUE,https://books.toscrape.com/catalogue/is-everyone-hanging-out-without-me-and-other-concerns_178/index.html,FALSE,0.14917951268025856
Gone Girl,Default,37.6,5,TRUE,https://books.toscrape.com/catalogue/gone-girl_162/index.html,FALSE,0.13297872340425532
Fellside,Default,38.620000000000005,1,TRUE,https://books.toscrape.com/catalogue/fellside_155/index.html,FALSE,0.025893319523562917
Eclipse (Twilight #3),Default,18.74,1,TRUE,https://books.toscrape.com/catalogue/eclipse-twilight-3_152/index.html,FALSE,0.05336179295624333
Dracula,Default,52.620000000000005,3,TRUE,https://books.toscrape.com/catalogue/dracula_150/index.html,FALSE,0.057012542759407064
Dead Wake: The Last Crossing of the Lusitania,Default,39.24,5,TRUE,https://books.toscrape.com/catalogue/dead-wake-the-last-crossing-of-the-lusitania_147/index.html,FALSE,0.127420998980632
"David and Goliath: Underdogs, Misfits, and the Art of Battling Giants",Default,17.810000000000002,1,TRUE,https://books.toscrape.com/catalogue/david-and-goliath-underdogs-misfits-and-the-art-of-battling-giants_146/index.html,FALSE,0.056148231330713075
Dark Places,Default,23.9,5,TRUE,https://books.toscrape.com/catalogue/dark-places_144/index.html,FALSE,0.2092050209205021
Breaking Dawn (Twilight #4),Default,35.28,5,TRUE,https://books.toscrape.com/catalogue/breaking-dawn-twilight-4_136/index.html,FALSE,0.1417233560090703
Beautiful Creatures (Caster Chronicles #1),Default,21.55,5,TRUE,https://books.toscrape.com/catalogue/beautiful-creatures-caster-chronicles-1_125/index.html,FALSE,0.23201856148491878
A Visit from the Goon Squad,Default,14.08,5,TRUE,https://books.toscrape.com/catalogue/a-visit-from-the-goon-squad_117/index.html,TRUE,0.35511363636363635
The Zombie Room,Default,19.69,5,TRUE,https://books.toscrape.com/catalogue/the-zombie-room_87/index.html,TRUE,0.25393600812595224
The Name of the Wind (The Kingkiller Chronicle #1),Default,50.59,3,TRUE,https://books.toscrape.com/catalogue/the-name-of-the-wind-the-kingkiller-chronicle-1_74/index.html,FALSE,0.05930025696778019
Taking Shots (Assassins #1),Default,18.88,2,TRUE,https://books.toscrape.com/catalogue/taking-shots-assassins-1_57/index.html,FALSE,0.10593220338983052
Shatter Me (Shatter Me #1),Default,42.4,1,TRUE,https://books.toscrape.com/catalogue/shatter-me-shatter-me-1_53/index.html,FALSE,0.02358490566037736
Paradise Lost (Paradise #1),Default,24.959999999999997,1,TRUE,https://books.toscrape.com/catalogue/paradise-lost-paradise-1_45/index.html,FALSE,0.04006410256410257
On the Road (Duluoz Legend),Default,32.36,3,TRUE,https://books.toscrape.com/catalogue/on-the-road-duluoz-legend_40/index.html,FALSE,0.0927070457354759
Jane Eyre,Default,38.43,5,TRUE,https://books.toscrape.com/catalogue/jane-eyre_27/index.html,FALSE,0.13010668748373666
Frankenstein,Default,38,2,TRUE,https://books.toscrape.com/catalogue/frankenstein_20/index.html,FALSE,0.05263157894736842
Mesaerion: The Best Science Fiction Stories 1800-1849,Science Fiction,37.59,1,TRUE,https://books.toscrape.com/catalogue/mesaerion-the-best-science-fiction-stories-1800-1849_983/index.html,FALSE,0.026602819898909284
Join,Science Fiction,35.67,5,TRUE,https://books.toscrape.com/catalogue/join_902/index.html,FALSE,0.14017381553125877
"William Shakespeare's Star Wars: Verily, A New Hope (William Shakespeare's Star Wars #4)",Science Fiction,43.3,4,TRUE,https://books.toscrape.com/catalogue/william-shakespeares-star-wars-verily-a-new-hope-william-shakespeares-star-wars-4_871/index.html,FALSE,0.09237875288683603
The Project,Science Fiction,10.65,1,TRUE,https://books.toscrape.com/catalogue/the-project_856/index.html,FALSE,0.09389671361502347
Soft Apocalypse,Science Fiction,26.12,2,TRUE,https://books.toscrape.com/catalogue/soft-apocalypse_833/index.html,FALSE,0.07656967840735068
Sleeping Giants (Themis Files #1),Science Fiction,48.74,1,TRUE,https://books.toscrape.com/catalogue/sleeping-giants-themis-files-1_604/index.html,FALSE,0.02051702913418137
Arena,Science Fiction,21.36,4,TRUE,https://books.toscrape.com/catalogue/arena_587/index.html,FALSE,0.18726591760299627
Foundation (Foundation (Publication Order) #1),Science Fiction,32.42,1,TRUE,https://books.toscrape.com/catalogue/foundation-foundation-publication-order-1_375/index.html,FALSE,0.030845157310302282
The Restaurant at the End of the Universe (Hitchhiker's Guide to the Galaxy #2),Science Fiction,10.92,1,TRUE,https://books.toscrape.com/catalogue/the-restaurant-at-the-end-of-the-universe-hitchhikers-guide-to-the-galaxy-2_275/index.html,FALSE,0.09157509157509157
Ready Player One,Science Fiction,19.07,4,TRUE,https://books.toscrape.com/catalogue/ready-player-one_209/index.html,TRUE,0.2097535395909806
"Life, the Universe and Everything (Hitchhiker's Guide to the Galaxy #3)",Science Fiction,33.260000000000005,2,TRUE,https://books.toscrape.com/catalogue/life-the-universe-and-everything-hitchhikers-guide-to-the-galaxy-3_189/index.html,FALSE,0.060132291040288624
Dune (Dune #1),Science Fiction,54.86,1,TRUE,https://books.toscrape.com/catalogue/dune-dune-1_151/index.html,FALSE,0.01822821728034998
Do Androids Dream of Electric Sheep? (Blade Runner #1),Science Fiction,51.48,1,TRUE,https://books.toscrape.com/catalogue/do-androids-dream-of-electric-sheep-blade-runner-1_149/index.html,FALSE,0.019425019425019428
Three Wishes (River of Time: California #1),Science Fiction,44.18,2,TRUE,https://books.toscrape.com/catalogue/three-wishes-river-of-time-california-1_89/index.html,FALSE,0.04526935264825713
The Last Girl (The Dominion Trilogy #1),Science Fiction,36.260000000000005,2,TRUE,https://books.toscrape.com/catalogue/the-last-girl-the-dominion-trilogy-1_70/index.html,FALSE,0.055157198014340866
Having the Barbarian's Baby (Ice Planet Barbarians #7.5),Science Fiction,34.96,4,TRUE,https://books.toscrape.com/catalogue/having-the-barbarians-baby-ice-planet-barbarians-75_23/index.html,FALSE,0.11441647597254004
The Book of Basketball: The NBA According to The Sports Guy,Sports and Games,44.839999999999996,5,TRUE,https://books.toscrape.com/catalogue/the-book-of-basketball-the-nba-according-to-the-sports-guy_232/index.html,FALSE,0.11150758251561108
"Friday Night Lights: A Town, a Team, and a Dream",Sports and Games,51.220000000000006,3,TRUE,https://books.toscrape.com/catalogue/friday-night-lights-a-town-a-team-and-a-dream_158/index.html,FALSE,0.058570870753611864
Sugar Rush (Offensive Line #2),Sports and Games,24.419999999999998,1,TRUE,https://books.toscrape.com/catalogue/sugar-rush-offensive-line-2_108/index.html,FALSE,0.040950040950040956
Settling the Score (The Summer Games #1),Sports and Games,44.91,2,TRUE,https://books.toscrape.com/catalogue/settling-the-score-the-summer-games-1_50/index.html,FALSE,0.04453351146737921
Icing (Aces Hockey #2),Sports and Games,40.44,4,TRUE,https://books.toscrape.com/catalogue/icing-aces-hockey-2_25/index.html,FALSE,0.09891196834817013
The Torch Is Passed: A Harding Family Story,Add a comment,19.09,1,TRUE,https://books.toscrape.com/catalogue/the-torch-is-passed-a-harding-family-story_945/index.html,FALSE,0.05238344683080147
"The Mindfulness and Acceptance Workbook for Anxiety: A Guide to Breaking Free from Anxiety, Phobias, and Worry Using Acceptance and Commitment Therapy",Add a comment,23.89,4,TRUE,https://books.toscrape.com/catalogue/the-mindfulness-and-acceptance-workbook-for-anxiety-a-guide-to-breaking-free-from-anxiety-phobias-and-worry-using-acceptance-and-commitment-therapy_937/index.html,FALSE,0.16743407283382167
The Art Forger,Add a comment,40.760000000000005,3,TRUE,https://books.toscrape.com/catalogue/the-art-forger_930/index.html,FALSE,0.07360157016683022
On a Midnight Clear,Add a comment,14.07,3,TRUE,https://books.toscrape.com/catalogue/on-a-midnight-clear_912/index.html,FALSE,0.21321961620469082
Judo: Seven Steps to Black Belt (an Introductory Guide for Beginners),Add a comment,53.9,2,TRUE,https://books.toscrape.com/catalogue/judo-seven-steps-to-black-belt-an-introductory-guide-for-beginners_903/index.html,FALSE,0.03710575139146568
"Shobu Samurai, Project Aryoku (#3)",Add a comment,29.06,3,TRUE,https://books.toscrape.com/catalogue/shobu-samurai-project-aryoku-3_830/index.html,FALSE,0.10323468685478321
Modern Romance,Add a comment,28.259999999999998,5,TRUE,https://books.toscrape.com/catalogue/modern-romance_820/index.html,FALSE,0.17692852087756547
The White Queen (The Cousins' War #1),Add a comment,25.91,5,TRUE,https://books.toscrape.com/catalogue/the-white-queen-the-cousins-war-1_768/index.html,FALSE,0.19297568506368198
The Song of Achilles,Add a comment,37.4,5,TRUE,https://books.toscrape.com/catalogue/the-song-of-achilles_762/index.html,FALSE,0.13368983957219252
The Immortal Life of Henrietta Lacks,Add a comment,40.67,2,TRUE,https://books.toscrape.com/catalogue/the-immortal-life-of-henrietta-lacks_753/index.html,FALSE,0.049176297024834024
The Dovekeepers,Add a comment,48.78,1,TRUE,https://books.toscrape.com/catalogue/the-dovekeepers_748/index.html,FALSE,0.02050020500205002
More Than Music (Chasing the Dream #1),Add a comment,37.61,2,TRUE,https://books.toscrape.com/catalogue/more-than-music-chasing-the-dream-1_716/index.html,FALSE,0.053177346450412125
Code Name Verity (Code Name Verity #1),Add a comment,22.130000000000003,4,TRUE,https://books.toscrape.com/catalogue/code-name-verity-code-name-verity-1_680/index.html,FALSE,0.1807501129688206
Cell,Add a comment,20.29,4,TRUE,https://books.toscrape.com/catalogue/cell_674/index.html,FALSE,0.19714144898965008
Angels Walking (Angels Walking #1),Add a comment,34.2,2,TRUE,https://books.toscrape.com/catalogue/angels-walking-angels-walking-1_662/index.html,FALSE,0.05847953216374269
"A Series of Catastrophes and Miracles: A True Story of Love, Science, and Cancer",Add a comment,56.48,2,TRUE,https://books.toscrape.com/catalogue/a-series-of-catastrophes-and-miracles-a-true-story-of-love-science-and-cancer_655/index.html,FALSE,0.03541076487252125
A People's History of the United States,Add a comment,40.790000000000006,2,TRUE,https://books.toscrape.com/catalogue/a-peoples-history-of-the-united-states_654/index.html,FALSE,0.04903162539838195
A Brush of Wings (Angels Walking #3),Add a comment,55.51,1,TRUE,https://books.toscrape.com/catalogue/a-brush-of-wings-angels-walking-3_651/index.html,FALSE,0.01801477211313277
Rook,Add a comment,37.86,4,TRUE,https://books.toscrape.com/catalogue/rook_647/index.html,FALSE,0.10565240359218173
The Midnight Watch: A Novel of the Titanic and the Californian,Add a comment,26.2,1,TRUE,https://books.toscrape.com/catalogue/the-midnight-watch-a-novel-of-the-titanic-and-the-californian_640/index.html,FALSE,0.03816793893129771
The Gray Rhino: How to Recognize and Act on the Obvious Dangers We Ignore,Add a comment,59.15,4,TRUE,https://books.toscrape.com/catalogue/the-gray-rhino-how-to-recognize-and-act-on-the-obvious-dangers-we-ignore_638/index.html,FALSE,0.0676246830092984
The Children,Add a comment,11.88,3,TRUE,https://books.toscrape.com/catalogue/the-children_633/index.html,FALSE,0.2525252525252525
One with You (Crossfire #5),Add a comment,15.709999999999999,4,TRUE,https://books.toscrape.com/catalogue/one-with-you-crossfire-5_626/index.html,TRUE,0.25461489497135587
Without Shame,Add a comment,48.27,5,TRUE,https://books.toscrape.com/catalogue/without-shame_580/index.html,FALSE,0.10358400662937642
Watchmen,Add a comment,58.05,4,TRUE,https://books.toscrape.com/catalogue/watchmen_579/index.html,FALSE,0.06890611541774333
A Hero's Curse (The Unseen Chronicles #1),Add a comment,50.49,3,TRUE,https://books.toscrape.com/catalogue/a-heros-curse-the-unseen-chronicles-1_557/index.html,FALSE,0.059417706476530004
23 Degrees South: A Tropical Tale of Changing Whether...,Add a comment,35.790000000000006,2,TRUE,https://books.toscrape.com/catalogue/23-degrees-south-a-tropical-tale-of-changing-whether_556/index.html,FALSE,0.05588153115395361
The Glass Castle,Add a comment,16.24,1,TRUE,https://books.toscrape.com/catalogue/the-glass-castle_496/index.html,FALSE,0.061576354679802964
The Drowning Girls,Add a comment,35.67,3,TRUE,https://books.toscrape.com/catalogue/the-drowning-girls_494/index.html,FALSE,0.08410428931875526
Team of Rivals: The Political Genius of Abraham Lincoln,Add a comment,20.12,5,TRUE,https://books.toscrape.com/catalogue/team-of-rivals-the-political-genius-of-abraham-lincoln_488/index.html,FALSE,0.24850894632206758
John Adams,Add a comment,57.43,4,TRUE,https://books.toscrape.com/catalogue/john-adams_472/index.html,FALSE,0.06965000870625108
Good in Bed (Cannie Shapiro #1),Add a comment,37.05,5,TRUE,https://books.toscrape.com/catalogue/good-in-bed-cannie-shapiro-1_469/index.html,FALSE,0.1349527665317139
The Joy of Cooking,Add a comment,43.27,4,TRUE,https://books.toscrape.com/catalogue/the-joy-of-cooking_449/index.html,FALSE,0.0924428010168708
The Golden Compass (His Dark Materials #1),Add a comment,18.77,1,TRUE,https://books.toscrape.com/catalogue/the-golden-compass-his-dark-materials-1_445/index.html,FALSE,0.05327650506126798
The God Delusion,Add a comment,46.849999999999994,3,TRUE,https://books.toscrape.com/catalogue/the-god-delusion_444/index.html,FALSE,0.06403415154749201
Pride and Prejudice,Add a comment,19.27,4,TRUE,https://books.toscrape.com/catalogue/pride-and-prejudice_437/index.html,TRUE,0.2075765438505449
Mere Christianity,Add a comment,48.51,3,TRUE,https://books.toscrape.com/catalogue/mere-christianity_435/index.html,FALSE,0.06184291898577613
Fun Home: A Family Tragicomic,Add a comment,56.59,4,TRUE,https://books.toscrape.com/catalogue/fun-home-a-family-tragicomic_428/index.html,FALSE,0.07068386640749248
The Raven King (The Raven Cycle #4),Add a comment,30.57,2,TRUE,https://books.toscrape.com/catalogue/the-raven-king-the-raven-cycle-4_412/index.html,FALSE,0.0654236179260713
Find Her (Detective D.D. Warren #8),Add a comment,22.37,1,TRUE,https://books.toscrape.com/catalogue/find-her-detective-dd-warren-8_373/index.html,FALSE,0.044702726866338846
Evicted: Poverty and Profit in the American City,Add a comment,42.27,1,TRUE,https://books.toscrape.com/catalogue/evicted-poverty-and-profit-in-the-american-city_372/index.html,FALSE,0.02365744026496333
A Game of Thrones (A Song of Ice and Fire #1),Add a comment,46.42,2,TRUE,https://books.toscrape.com/catalogue/a-game-of-thrones-a-song-of-ice-and-fire-1_358/index.html,FALSE,0.043084877208099955
A Clash of Kings (A Song of Ice and Fire #2),Add a comment,10.79,3,TRUE,https://books.toscrape.com/catalogue/a-clash-of-kings-a-song-of-ice-and-fire-2_356/index.html,FALSE,0.27803521779425394
The Tipping Point: How Little Things Can Make a Big Difference,Add a comment,10.02,2,TRUE,https://books.toscrape.com/catalogue/the-tipping-point-how-little-things-can-make-a-big-difference_284/index.html,FALSE,0.1996007984031936
The Rest Is Noise: Listening to the Twentieth Century,Add a comment,34.77,1,TRUE,https://books.toscrape.com/catalogue/the-rest-is-noise-listening-to-the-twentieth-century_274/index.html,FALSE,0.02876042565429968
The Purpose Driven Life: What on Earth Am I Here for?,Add a comment,37.190000000000005,3,TRUE,https://books.toscrape.com/catalogue/the-purpose-driven-life-what-on-earth-am-i-here-for_272/index.html,FALSE,0.08066684592632427
The Hitchhiker's Guide to the Galaxy (Hitchhiker's Guide to the Galaxy #1),Add a comment,47.8,3,TRUE,https://books.toscrape.com/catalogue/the-hitchhikers-guide-to-the-galaxy-hitchhikers-guide-to-the-galaxy-1_255/index.html,FALSE,0.06276150627615062
The Girl Who Kicked the Hornet's Nest (Millennium Trilogy #3),Add a comment,57.48,1,TRUE,https://books.toscrape.com/catalogue/the-girl-who-kicked-the-hornets-nest-millennium-trilogy-3_248/index.html,FALSE,0.017397355601948505
"The End of Faith: Religion, Terror, and the Future of Reason",Add a comment,22.130000000000003,4,TRUE,https://books.toscrape.com/catalogue/the-end-of-faith-religion-terror-and-the-future-of-reason_246/index.html,FALSE,0.1807501129688206
The Complete Poems,Add a comment,41.32,5,TRUE,https://books.toscrape.com/catalogue/the-complete-poems_237/index.html,FALSE,0.12100677637947725
The Catcher in the Rye,Add a comment,24.55,1,TRUE,https://books.toscrape.com/catalogue/the-catcher-in-the-rye_236/index.html,FALSE,0.04073319755600815
The Case for Christ (Cases for Christianity),Add a comment,47.839999999999996,1,TRUE,https://books.toscrape.com/catalogue/the-case-for-christ-cases-for-christianity_234/index.html,FALSE,0.020903010033444816
The Blind Side: Evolution of a Game,Add a comment,53.71,5,TRUE,https://books.toscrape.com/catalogue/the-blind-side-evolution-of-a-game_231/index.html,FALSE,0.0930925339787749
Seven Days in the Art World,Add a comment,52.33,2,TRUE,https://books.toscrape.com/catalogue/seven-days-in-the-art-world_220/index.html,FALSE,0.0382189948404357
Sarah's Key,Add a comment,46.290000000000006,1,TRUE,https://books.toscrape.com/catalogue/sarahs-key_217/index.html,FALSE,0.021602937999567938
Rogue Lawyer (Rogue Lawyer #1),Add a comment,50.11,3,TRUE,https://books.toscrape.com/catalogue/rogue-lawyer-rogue-lawyer-1_214/index.html,FALSE,0.05986828976252245
Manuscript Found in Accra,Add a comment,34.98,2,TRUE,https://books.toscrape.com/catalogue/manuscript-found-in-accra_192/index.html,FALSE,0.057175528873642086
Fire Bound (Sea Haven/Sisters of the Heart #5),Add a comment,21.279999999999998,4,TRUE,https://books.toscrape.com/catalogue/fire-bound-sea-havensisters-of-the-heart-5_157/index.html,FALSE,0.1879699248120301
Cosmos,Add a comment,36.17,2,TRUE,https://books.toscrape.com/catalogue/cosmos_141/index.html,FALSE,0.055294442908487694
#GIRLBOSS,Add a comment,50.96,1,TRUE,https://books.toscrape.com/catalogue/girlboss_113/index.html,FALSE,0.019623233908948195
The Sense of an Ending,Add a comment,31.38,3,TRUE,https://books.toscrape.com/catalogue/the-sense-of-an-ending_111/index.html,FALSE,0.09560229445506692
The Republic,Add a comment,33.78,3,TRUE,https://books.toscrape.com/catalogue/the-republic_78/index.html,FALSE,0.08880994671403197
The Odyssey,Add a comment,29.64,3,TRUE,https://books.toscrape.com/catalogue/the-odyssey_77/index.html,FALSE,0.10121457489878542
The Light of the Fireflies,Add a comment,54.43,1,TRUE,https://books.toscrape.com/catalogue/the-light-of-the-fireflies_71/index.html,FALSE,0.018372221201543266
The Iliad,Add a comment,16.16,1,TRUE,https://books.toscrape.com/catalogue/the-iliad_69/index.html,FALSE,0.06188118811881188
The Communist Manifesto,Add a comment,14.76,3,TRUE,https://books.toscrape.com/catalogue/the-communist-manifesto_61/index.html,FALSE,0.2032520325203252
Lord of the Flies,Add a comment,24.89,3,TRUE,https://books.toscrape.com/catalogue/lord-of-the-flies_30/index.html,FALSE,0.12053033346725592
Unicorn Tracks,Fantasy,18.779999999999998,3,TRUE,https://books.toscrape.com/catalogue/unicorn-tracks_951/index.html,FALSE,0.15974440894568692
"Saga, Volume 6 (Saga (Collected Editions) #6)",Fantasy,25.02,3,TRUE,https://books.toscrape.com/catalogue/saga-volume-6-saga-collected-editions-6_924/index.html,FALSE,0.11990407673860912
Princess Between Worlds (Wide-Awake Princess #5),Fantasy,13.34,5,TRUE,https://books.toscrape.com/catalogue/princess-between-worlds-wide-awake-princess-5_919/index.html,TRUE,0.37481259370314846
Masks and Shadows,Fantasy,56.4,2,TRUE,https://books.toscrape.com/catalogue/masks-and-shadows_909/index.html,FALSE,0.03546099290780142
Crown of Midnight (Throne of Glass #2),Fantasy,43.290000000000006,3,TRUE,https://books.toscrape.com/catalogue/crown-of-midnight-throne-of-glass-2_888/index.html,FALSE,0.0693000693000693
"Avatar: The Last Airbender: Smoke and Shadow, Part 3 (Smoke and Shadow #3)",Fantasy,28.09,2,TRUE,https://books.toscrape.com/catalogue/avatar-the-last-airbender-smoke-and-shadow-part-3-smoke-and-shadow-3_881/index.html,FALSE,0.0711997152011392
A Court of Thorns and Roses (A Court of Thorns and Roses #1),Fantasy,52.37,1,TRUE,https://books.toscrape.com/catalogue/a-court-of-thorns-and-roses-a-court-of-thorns-and-roses-1_874/index.html,FALSE,0.019094901661256446
Throne of Glass (Throne of Glass #1),Fantasy,35.07,3,TRUE,https://books.toscrape.com/catalogue/throne-of-glass-throne-of-glass-1_868/index.html,FALSE,0.0855431993156544
The Glittering Court (The Glittering Court #1),Fantasy,44.28,1,TRUE,https://books.toscrape.com/catalogue/the-glittering-court-the-glittering-court-1_845/index.html,FALSE,0.022583559168925023
Hollow City (Miss Peregrine’s Peculiar Children #2),Fantasy,42.98,1,TRUE,https://books.toscrape.com/catalogue/hollow-city-miss-peregrines-peculiar-children-2_813/index.html,FALSE,0.02326663564448581
The Star-Touched Queen,Fantasy,46.02,5,TRUE,https://books.toscrape.com/catalogue/the-star-touched-queen_764/index.html,FALSE,0.10864841373315949
The Hidden Oracle (The Trials of Apollo #1),Fantasy,52.260000000000005,2,TRUE,https://books.toscrape.com/catalogue/the-hidden-oracle-the-trials-of-apollo-1_752/index.html,FALSE,0.038270187523918864
The Bane Chronicles (The Bane Chronicles #1-11),Fantasy,44.730000000000004,4,TRUE,https://books.toscrape.com/catalogue/the-bane-chronicles-the-bane-chronicles-1-11_746/index.html,FALSE,0.08942544153811759
Island of Dragons (Unwanteds #7),Fantasy,29.650000000000002,1,TRUE,https://books.toscrape.com/catalogue/island-of-dragons-unwanteds-7_705/index.html,FALSE,0.03372681281618887
Demigods & Magicians: Percy and Annabeth Meet the Kanes (Percy Jackson & Kane Chronicles Crossover #1-3),Fantasy,37.51,5,TRUE,https://books.toscrape.com/catalogue/demigods-magicians-percy-and-annabeth-meet-the-kanes-percy-jackson-kane-chronicles-crossover-1-3_685/index.html,FALSE,0.13329778725673155
City of Glass (The Mortal Instruments #3),Fantasy,56.02,4,TRUE,https://books.toscrape.com/catalogue/city-of-glass-the-mortal-instruments-3_678/index.html,FALSE,0.07140307033202427
Searching for Meaning in Gailana,Fantasy,38.730000000000004,1,TRUE,https://books.toscrape.com/catalogue/searching-for-meaning-in-gailana_648/index.html,FALSE,0.02581977794990963
The Star-Touched Queen,Fantasy,32.3,5,TRUE,https://books.toscrape.com/catalogue/the-star-touched-queen_642/index.html,FALSE,0.15479876160990713
A Shard of Ice (The Black Symphony Saga #1),Fantasy,56.63,3,TRUE,https://books.toscrape.com/catalogue/a-shard-of-ice-the-black-symphony-saga-1_558/index.html,FALSE,0.052975454705986226
King's Folly (The Kinsman Chronicles #1),Fantasy,39.61,5,TRUE,https://books.toscrape.com/catalogue/kings-folly-the-kinsman-chronicles-1_473/index.html,FALSE,0.12623074981065388
Every Heart a Doorway (Every Heart A Doorway #1),Fantasy,12.16,5,TRUE,https://books.toscrape.com/catalogue/every-heart-a-doorway-every-heart-a-doorway-1_465/index.html,TRUE,0.41118421052631576
A Gathering of Shadows (Shades of Magic #2),Fantasy,44.809999999999995,4,TRUE,https://books.toscrape.com/catalogue/a-gathering-of-shadows-shades-of-magic-2_456/index.html,FALSE,0.08926578888640929
The Raven Boys (The Raven Cycle #1),Fantasy,57.74,4,TRUE,https://books.toscrape.com/catalogue/the-raven-boys-the-raven-cycle-1_411/index.html,FALSE,0.06927606511950121
The False Prince (The Ascendance Trilogy #1),Fantasy,56,5,TRUE,https://books.toscrape.com/catalogue/the-false-prince-the-ascendance-trilogy-1_402/index.html,FALSE,0.08928571428571429
Tell the Wind and Fire,Fantasy,45.51,3,TRUE,https://books.toscrape.com/catalogue/tell-the-wind-and-fire_396/index.html,FALSE,0.06591957811470008
A Feast for Crows (A Song of Ice and Fire #4),Fantasy,17.21,4,TRUE,https://books.toscrape.com/catalogue/a-feast-for-crows-a-song-of-ice-and-fire-4_357/index.html,TRUE,0.2324230098779779
The Demonists (Demonist #1),Fantasy,52.11,2,TRUE,https://books.toscrape.com/catalogue/the-demonists-demonist-1_345/index.html,FALSE,0.038380349261178275
The Beast (Black Dagger Brotherhood #14),Fantasy,46.08,5,TRUE,https://books.toscrape.com/catalogue/the-beast-black-dagger-brotherhood-14_342/index.html,FALSE,0.10850694444444445
Paper and Fire (The Great Library #2),Fantasy,49.449999999999996,5,TRUE,https://books.toscrape.com/catalogue/paper-and-fire-the-great-library-2_339/index.html,FALSE,0.10111223458038424
Harry Potter and the Order of the Phoenix (Harry Potter #5),Fantasy,31.630000000000003,4,TRUE,https://books.toscrape.com/catalogue/harry-potter-and-the-order-of-the-phoenix-harry-potter-5_327/index.html,FALSE,0.12646221941195068
Harry Potter and the Half-Blood Prince (Harry Potter #6),Fantasy,48.75,5,TRUE,https://books.toscrape.com/catalogue/harry-potter-and-the-half-blood-prince-harry-potter-6_326/index.html,FALSE,0.10256410256410256
Harry Potter and the Chamber of Secrets (Harry Potter #2),Fantasy,14.739999999999998,1,TRUE,https://books.toscrape.com/catalogue/harry-potter-and-the-chamber-of-secrets-harry-potter-2_325/index.html,FALSE,0.067842605156038
The Rose & the Dagger (The Wrath and the Dawn #2),Fantasy,58.64,4,TRUE,https://books.toscrape.com/catalogue/the-rose-the-dagger-the-wrath-and-the-dawn-2_278/index.html,FALSE,0.06821282401091405
Soldier (Talon #3),Fantasy,24.72,2,TRUE,https://books.toscrape.com/catalogue/soldier-talon-3_222/index.html,FALSE,0.08090614886731393
Midnight Riot (Peter Grant/ Rivers of London - books #1),Fantasy,55.46,2,TRUE,https://books.toscrape.com/catalogue/midnight-riot-peter-grant-rivers-of-london-books-1_194/index.html,FALSE,0.036062026685899744
Heir to the Sky,Fantasy,44.07,4,TRUE,https://books.toscrape.com/catalogue/heir-to-the-sky_166/index.html,FALSE,0.09076469253460404
Eragon (The Inheritance Cycle #1),Fantasy,43.87,3,TRUE,https://books.toscrape.com/catalogue/eragon-the-inheritance-cycle-1_153/index.html,FALSE,0.06838386140870754
Darkfever (Fever #1),Fantasy,56.02,1,TRUE,https://books.toscrape.com/catalogue/darkfever-fever-1_145/index.html,FALSE,0.017850767583006067
Ash,Fantasy,22.06,4,TRUE,https://books.toscrape.com/catalogue/ash_123/index.html,FALSE,0.1813236627379873
A Storm of Swords (A Song of Ice and Fire #3),Fantasy,31.22,2,TRUE,https://books.toscrape.com/catalogue/a-storm-of-swords-a-song-of-ice-and-fire-3_116/index.html,FALSE,0.06406149903907751
Vampire Girl (Vampire Girl #1),Fantasy,53.82,2,TRUE,https://books.toscrape.com/catalogue/vampire-girl-vampire-girl-1_92/index.html,FALSE,0.03716090672612412
The Silent Twin (Detective Jennifer Knight #3),Fantasy,36.25,3,TRUE,https://books.toscrape.com/catalogue/the-silent-twin-detective-jennifer-knight-3_82/index.html,FALSE,0.08275862068965517
The Mirror & the Maze (The Wrath and the Dawn #1.5),Fantasy,29.38,1,TRUE,https://books.toscrape.com/catalogue/the-mirror-the-maze-the-wrath-and-the-dawn-15_73/index.html,FALSE,0.03403675970047652
Sister Sable (The Mad Queen #1),Fantasy,13.33,3,TRUE,https://books.toscrape.com/catalogue/sister-sable-the-mad-queen-1_54/index.html,FALSE,0.2250562640660165
Shadow Rites (Jane Yellowrock #10),Fantasy,21.72,4,TRUE,https://books.toscrape.com/catalogue/shadow-rites-jane-yellowrock-10_51/index.html,FALSE,0.1841620626151013
Origins (Alphas 0.5),Fantasy,28.99,1,TRUE,https://books.toscrape.com/catalogue/origins-alphas-05_42/index.html,FALSE,0.03449465332873405
One Second (Seven #7),Fantasy,52.94,2,TRUE,https://books.toscrape.com/catalogue/one-second-seven-7_41/index.html,FALSE,0.037778617302606725
Myriad (Prentor #1),Fantasy,58.75,4,TRUE,https://books.toscrape.com/catalogue/myriad-prentor-1_36/index.html,FALSE,0.06808510638297872
Without Borders (Wanderlove #1),New Adult,45.07,2,TRUE,https://books.toscrape.com/catalogue/without-borders-wanderlove-1_956/index.html,FALSE,0.04437541601952518
The Mistake (Off-Campus #2),New Adult,43.290000000000006,3,TRUE,https://books.toscrape.com/catalogue/the-mistake-off-campus-2_851/index.html,FALSE,0.0693000693000693
The Matchmaker's Playbook (Wingmen Inc. #1),New Adult,55.849999999999994,1,TRUE,https://books.toscrape.com/catalogue/the-matchmakers-playbook-wingmen-inc-1_850/index.html,FALSE,0.01790510295434199
The Hook Up (Game On #1),New Adult,36.290000000000006,5,TRUE,https://books.toscrape.com/catalogue/the-hook-up-game-on-1_68/index.html,FALSE,0.13777900248002203
Shameless,New Adult,58.349999999999994,3,TRUE,https://books.toscrape.com/catalogue/shameless_52/index.html,FALSE,0.05141388174807199
Off Sides (Off #1),New Adult,39.449999999999996,5,TRUE,https://books.toscrape.com/catalogue/off-sides-off-1_38/index.html,FALSE,0.1267427122940431
The Requiem Red,Young Adult,22.650000000000002,1,TRUE,https://books.toscrape.com/catalogue/the-requiem-red_995/index.html,FALSE,0.044150110375275935
Set Me Free,Young Adult,17.459999999999997,5,TRUE,https://books.toscrape.com/catalogue/set-me-free_988/index.html,TRUE,0.28636884306987404
The Natural History of Us (The Fine Art of Pretending #2),Young Adult,45.220000000000006,3,TRUE,https://books.toscrape.com/catalogue/the-natural-history-of-us-the-fine-art-of-pretending-2_941/index.html,FALSE,0.0663423264042459
Obsidian (Lux #1),Young Adult,14.860000000000001,2,TRUE,https://books.toscrape.com/catalogue/obsidian-lux-1_911/index.html,FALSE,0.1345895020188425
Burning,Young Adult,28.810000000000002,3,TRUE,https://books.toscrape.com/catalogue/burning_884/index.html,FALSE,0.10413051023950017
A Fierce and Subtle Poison,Young Adult,28.130000000000003,4,TRUE,https://books.toscrape.com/catalogue/a-fierce-and-subtle-poison_875/index.html,FALSE,0.14219694276573053
Scarlett Epstein Hates It Here,Young Adult,43.55,5,TRUE,https://books.toscrape.com/catalogue/scarlett-epstein-hates-it-here_828/index.html,FALSE,0.1148105625717566
"Nightingale, Sing",Young Adult,38.28,1,TRUE,https://books.toscrape.com/catalogue/nightingale-sing_823/index.html,FALSE,0.02612330198537095
Library of Souls (Miss Peregrine’s Peculiar Children #3),Young Adult,48.56,5,TRUE,https://books.toscrape.com/catalogue/library-of-souls-miss-peregrines-peculiar-children-3_816/index.html,FALSE,0.10296540362438221
Frostbite (Vampire Academy #2),Young Adult,29.99,5,TRUE,https://books.toscrape.com/catalogue/frostbite-vampire-academy-2_810/index.html,FALSE,0.16672224074691563
Wild Swans,Young Adult,14.360000000000001,2,TRUE,https://books.toscrape.com/catalogue/wild-swans_782/index.html,FALSE,0.13927576601671307
Until Friday Night (The Field Party #1),Young Adult,46.309999999999995,2,TRUE,https://books.toscrape.com/catalogue/until-friday-night-the-field-party-1_775/index.html,FALSE,0.04318721658389117
This Is Where It Ends,Young Adult,27.12,2,TRUE,https://books.toscrape.com/catalogue/this-is-where-it-ends_771/index.html,FALSE,0.07374631268436578
The Darkest Lie,Young Adult,35.349999999999994,5,TRUE,https://books.toscrape.com/catalogue/the-darkest-lie_747/index.html,FALSE,0.14144271570014147
My Kind of Crazy,Young Adult,40.36,1,TRUE,https://books.toscrape.com/catalogue/my-kind-of-crazy_718/index.html,FALSE,0.024777006937561942
Don't Get Caught,Young Adult,55.349999999999994,1,TRUE,https://books.toscrape.com/catalogue/dont-get-caught_687/index.html,FALSE,0.01806684733514002
Catching Jordan (Hundred Oaks),Young Adult,50.83,3,TRUE,https://books.toscrape.com/catalogue/catching-jordan-hundred-oaks_673/index.html,FALSE,0.05902026362384419
Aristotle and Dante Discover the Secrets of the Universe (Aristotle and Dante Discover the Secrets of the Universe #1),Young Adult,58.14,4,TRUE,https://books.toscrape.com/catalogue/aristotle-and-dante-discover-the-secrets-of-the-universe-aristotle-and-dante-discover-the-secrets-of-the-universe-1_663/index.html,FALSE,0.06879944960440317
The Epidemic (The Program 0.6),Young Adult,14.44,5,TRUE,https://books.toscrape.com/catalogue/the-epidemic-the-program-06_636/index.html,TRUE,0.3462603878116344
Stars Above (The Lunar Chronicles #4.5),Young Adult,48.05,2,TRUE,https://books.toscrape.com/catalogue/stars-above-the-lunar-chronicles-45_632/index.html,FALSE,0.04162330905306972
No Love Allowed (Dodge Cove #1),Young Adult,54.65,4,TRUE,https://books.toscrape.com/catalogue/no-love-allowed-dodge-cove-1_625/index.html,FALSE,0.07319304666056725
"Exit, Pursued by a Bear",Young Adult,51.339999999999996,4,TRUE,https://books.toscrape.com/catalogue/exit-pursued-by-a-bear_591/index.html,FALSE,0.07791195948578107
The Alien Club,Young Adult,54.4,1,TRUE,https://books.toscrape.com/catalogue/the-alien-club_569/index.html,FALSE,0.01838235294117647
Don't Forget Steven,Young Adult,33.230000000000004,1,TRUE,https://books.toscrape.com/catalogue/dont-forget-steven_561/index.html,FALSE,0.030093289196509176
South of Sunshine,Young Adult,28.93,1,TRUE,https://books.toscrape.com/catalogue/south-of-sunshine_544/index.html,FALSE,0.034566194262011754
My Life Next Door (My Life Next Door ),Young Adult,36.39,5,TRUE,https://books.toscrape.com/catalogue/my-life-next-door-my-life-next-door_535/index.html,FALSE,0.1374003847210772
Future Shock (Future Shock #1),Young Adult,55.65,5,TRUE,https://books.toscrape.com/catalogue/future-shock-future-shock-1_519/index.html,FALSE,0.08984725965858041
Nightstruck: A Novel,Young Adult,50.349999999999994,4,TRUE,https://books.toscrape.com/catalogue/nightstruck-a-novel_480/index.html,FALSE,0.0794438927507448
Tell the Wolves I'm Home,Young Adult,50.96,2,TRUE,https://books.toscrape.com/catalogue/tell-the-wolves-im-home_439/index.html,FALSE,0.03924646781789639
"Will Grayson, Will Grayson (Will Grayson, Will Grayson)",Young Adult,47.309999999999995,4,TRUE,https://books.toscrape.com/catalogue/will-grayson-will-grayson-will-grayson-will-grayson_419/index.html,FALSE,0.08454872120059186
Where She Went (If I Stay #2),Young Adult,41.730000000000004,4,TRUE,https://books.toscrape.com/catalogue/where-she-went-if-i-stay-2_417/index.html,FALSE,0.09585430146177809
Two Summers,Young Adult,14.639999999999999,1,TRUE,https://books.toscrape.com/catalogue/two-summers_415/index.html,FALSE,0.06830601092896176
The Darkest Corners,Young Adult,11.33,5,TRUE,https://books.toscrape.com/catalogue/the-darkest-corners_399/index.html,TRUE,0.44130626654898497
Tell Me Three Things,Young Adult,41.809999999999995,1,TRUE,https://books.toscrape.com/catalogue/tell-me-three-things_395/index.html,FALSE,0.023917723032767284
Lola and the Boy Next Door (Anna and the French Kiss #2),Young Adult,23.630000000000003,4,TRUE,https://books.toscrape.com/catalogue/lola-and-the-boy-next-door-anna-and-the-french-kiss-2_385/index.html,FALSE,0.16927634363097754
Kill the Boy Band,Young Adult,15.52,5,TRUE,https://books.toscrape.com/catalogue/kill-the-boy-band_381/index.html,TRUE,0.32216494845360827
Isla and the Happily Ever After (Anna and the French Kiss #3),Young Adult,48.13,5,TRUE,https://books.toscrape.com/catalogue/isla-and-the-happily-ever-after-anna-and-the-french-kiss-3_380/index.html,FALSE,0.10388531061707874
An Abundance of Katherines,Young Adult,10,5,TRUE,https://books.toscrape.com/catalogue/an-abundance-of-katherines_362/index.html,TRUE,0.5
Harry Potter and the Prisoner of Azkaban (Harry Potter #3),Young Adult,24.17,4,TRUE,https://books.toscrape.com/catalogue/harry-potter-and-the-prisoner-of-azkaban-harry-potter-3_328/index.html,FALSE,0.16549441456350847
Walk the Edge (Thunder Road #2),Young Adult,32.36,3,TRUE,https://books.toscrape.com/catalogue/walk-the-edge-thunder-road-2_300/index.html,FALSE,0.0927070457354759
Two Boys Kissing,Young Adult,32.74,2,TRUE,https://books.toscrape.com/catalogue/two-boys-kissing_294/index.html,FALSE,0.06108735491753207
The New Guy (and Other Senior Year Distractions),Young Adult,44.92,3,TRUE,https://books.toscrape.com/catalogue/the-new-guy-and-other-senior-year-distractions_266/index.html,FALSE,0.06678539626001781
"The Land of 10,000 Madonnas",Young Adult,29.64,4,TRUE,https://books.toscrape.com/catalogue/the-land-of-10000-madonnas_258/index.html,FALSE,0.1349527665317139
Scarlet (The Lunar Chronicles #2),Young Adult,14.57,4,TRUE,https://books.toscrape.com/catalogue/scarlet-the-lunar-chronicles-2_218/index.html,TRUE,0.27453671928620454
Legend (Legend #1),Young Adult,43.690000000000005,4,TRUE,https://books.toscrape.com/catalogue/legend-legend-1_184/index.html,FALSE,0.09155413138017852
Lady Renegades (Rebel Belle #3),Young Adult,53.04,5,TRUE,https://books.toscrape.com/catalogue/lady-renegades-rebel-belle-3_181/index.html,FALSE,0.0942684766214178
Golden (Heart of Dread #3),Young Adult,42.21,4,TRUE,https://books.toscrape.com/catalogue/golden-heart-of-dread-3_161/index.html,FALSE,0.09476427386875148
Cinder (The Lunar Chronicles #1),Young Adult,26.09,1,TRUE,https://books.toscrape.com/catalogue/cinder-the-lunar-chronicles-1_139/index.html,FALSE,0.038328861632809505
Boy Meets Boy,Young Adult,21.12,3,TRUE,https://books.toscrape.com/catalogue/boy-meets-boy_134/index.html,FALSE,0.14204545454545453
Annie on My Mind,Young Adult,36.83,5,TRUE,https://books.toscrape.com/catalogue/annie-on-my-mind_120/index.html,FALSE,0.13575889220743959
New Moon (Twilight #2),Young Adult,12.860000000000001,4,TRUE,https://books.toscrape.com/catalogue/new-moon-twilight-2_105/index.html,TRUE,0.3110419906687403
Girl Online On Tour (Girl Online #2),Young Adult,53.47,1,TRUE,https://books.toscrape.com/catalogue/girl-online-on-tour-girl-online-2_101/index.html,FALSE,0.018702075930428278
The Haters,Young Adult,27.89,5,TRUE,https://books.toscrape.com/catalogue/the-haters_67/index.html,FALSE,0.17927572606669057
The Art of Not Breathing,Young Adult,40.83,4,TRUE,https://books.toscrape.com/catalogue/the-art-of-not-breathing_58/index.html,FALSE,0.0979671809943669
The Most Perfect Thing: Inside (and Outside) a Bird's Egg,Science,42.96,4,TRUE,https://books.toscrape.com/catalogue/the-most-perfect-thing-inside-and-outside-a-birds-egg_938/index.html,FALSE,0.0931098696461825
Immunity: How Elie Metchnikoff Changed the Course of Modern Medicine,Science,57.36,5,TRUE,https://books.toscrape.com/catalogue/immunity-how-elie-metchnikoff-changed-the-course-of-modern-medicine_900/index.html,FALSE,0.08716875871687588
Sorting the Beef from the Bull: The Science of Food Fraud Forensics,Science,44.74,4,TRUE,https://books.toscrape.com/catalogue/sorting-the-beef-from-the-bull-the-science-of-food-fraud-forensics_736/index.html,FALSE,0.08940545373267769
Tipping Point for Planet Earth: How Close Are We to the Edge?,Science,37.55,1,TRUE,https://books.toscrape.com/catalogue/tipping-point-for-planet-earth-how-close-are-we-to-the-edge_643/index.html,FALSE,0.026631158455392812
"The Fabric of the Cosmos: Space, Time, and the Texture of Reality",Science,55.91,1,TRUE,https://books.toscrape.com/catalogue/the-fabric-of-the-cosmos-space-time-and-the-texture-of-reality_572/index.html,FALSE,0.017885888034340908
Diary of a Citizen Scientist: Chasing Tiger Beetles and Other New Ways of Engaging the World,Science,28.41,1,TRUE,https://books.toscrape.com/catalogue/diary-of-a-citizen-scientist-chasing-tiger-beetles-and-other-new-ways-of-engaging-the-world_517/index.html,FALSE,0.03519887363604365
The Origin of Species,Science,10.01,4,TRUE,https://books.toscrape.com/catalogue/the-origin-of-species_499/index.html,TRUE,0.3996003996003996
The Grand Design,Science,13.76,3,TRUE,https://books.toscrape.com/catalogue/the-grand-design_405/index.html,FALSE,0.2180232558139535
Peak: Secrets from the New Science of Expertise,Science,16.279999999999998,2,TRUE,https://books.toscrape.com/catalogue/peak-secrets-from-the-new-science-of-expertise_389/index.html,FALSE,0.12285012285012287
"The Elegant Universe: Superstrings, Hidden Dimensions, and the Quest for the Ultimate Theory",Science,13.03,4,TRUE,https://books.toscrape.com/catalogue/the-elegant-universe-superstrings-hidden-dimensions-and-the-quest-for-the-ultimate-theory_245/index.html,TRUE,0.30698388334612436
"The Disappearing Spoon: And Other True Tales of Madness, Love, and the History of the World from the Periodic Table of the Elements",Science,57.349999999999994,5,TRUE,https://books.toscrape.com/catalogue/the-disappearing-spoon-and-other-true-tales-of-madness-love-and-the-history-of-the-world-from-the-periodic-table-of-the-elements_244/index.html,FALSE,0.08718395815170009
"Surely You're Joking, Mr. Feynman!: Adventures of a Curious Character",Science,25.830000000000002,2,TRUE,https://books.toscrape.com/catalogue/surely-youre-joking-mr-feynman-adventures-of-a-curious-character_227/index.html,FALSE,0.07742934572202864
Seven Brief Lessons on Physics,Science,30.6,4,TRUE,https://books.toscrape.com/catalogue/seven-brief-lessons-on-physics_219/index.html,FALSE,0.13071895424836602
The Selfish Gene,Science,29.45,1,TRUE,https://books.toscrape.com/catalogue/the-selfish-gene_81/index.html,FALSE,0.03395585738539898
A Light in the Attic,Poetry,51.77,3,TRUE,https://books.toscrape.com/catalogue/a-light-in-the-attic_1000/index.html,FALSE,0.057948618891249755
The Black Maria,Poetry,52.15,1,TRUE,https://books.toscrape.com/catalogue/the-black-maria_991/index.html,FALSE,0.019175455417066157
Shakespeare's Sonnets,Poetry,20.66,4,TRUE,https://books.toscrape.com/catalogue/shakespeares-sonnets_989/index.html,FALSE,0.1936108422071636
Olio,Poetry,23.88,1,TRUE,https://books.toscrape.com/catalogue/olio_984/index.html,FALSE,0.04187604690117253
You can't bury them all: Poems,Poetry,33.63,2,TRUE,https://books.toscrape.com/catalogue/you-cant-bury-them-all-poems_961/index.html,FALSE,0.059470710674992565
Slow States of Collapse: Poems,Poetry,57.309999999999995,3,TRUE,https://books.toscrape.com/catalogue/slow-states-of-collapse-poems_960/index.html,FALSE,0.05234688536032107
Untitled Collection: Sabbath Poems 2014,Poetry,14.27,4,TRUE,https://books.toscrape.com/catalogue/untitled-collection-sabbath-poems-2014_953/index.html,TRUE,0.2803083391730904
Poems That Make Grown Women Cry,Poetry,14.19,4,TRUE,https://books.toscrape.com/catalogue/poems-that-make-grown-women-cry_824/index.html,TRUE,0.28188865398167723
Night Sky with Exit Wounds,Poetry,41.05,1,TRUE,https://books.toscrape.com/catalogue/night-sky-with-exit-wounds_822/index.html,FALSE,0.0243605359317905
salt.,Poetry,46.78,4,TRUE,https://books.toscrape.com/catalogue/salt_731/index.html,FALSE,0.08550662676357418
"Quarter Life Poetry: Poems for the Young, Broke and Hangry",Poetry,50.89,5,TRUE,https://books.toscrape.com/catalogue/quarter-life-poetry-poems-for-the-young-broke-and-hangry_727/index.html,FALSE,0.09825112988799371
Out of Print: City Lights Spotlight No. 14,Poetry,53.64,5,TRUE,https://books.toscrape.com/catalogue/out-of-print-city-lights-spotlight-no-14_536/index.html,FALSE,0.09321401938851603
Les Fleurs du Mal,Poetry,29.04,5,TRUE,https://books.toscrape.com/catalogue/les-fleurs-du-mal_530/index.html,FALSE,0.17217630853994492
Howl and Other Poems,Poetry,40.449999999999996,2,TRUE,https://books.toscrape.com/catalogue/howl-and-other-poems_522/index.html,FALSE,0.04944375772558715
Leave This Song Behind: Teen Poetry at Its Best,Poetry,51.17,5,TRUE,https://books.toscrape.com/catalogue/leave-this-song-behind-teen-poetry-at-its-best_474/index.html,FALSE,0.09771350400625366
The Collected Poems of W.B. Yeats (The Collected Works of W.B. Yeats #1),Poetry,15.42,5,TRUE,https://books.toscrape.com/catalogue/the-collected-poems-of-wb-yeats-the-collected-works-of-wb-yeats-1_441/index.html,TRUE,0.324254215304799
The Crossover,Poetry,38.77,4,TRUE,https://books.toscrape.com/catalogue/the-crossover_398/index.html,FALSE,0.10317255610007738
Booked,Poetry,17.49,5,TRUE,https://books.toscrape.com/catalogue/booked_365/index.html,TRUE,0.28587764436821045
Twenty Love Poems and a Song of Despair,Poetry,30.95,4,TRUE,https://books.toscrape.com/catalogue/twenty-love-poems-and-a-song-of-despair_91/index.html,FALSE,0.12924071082390953
"Vampire Knight, Vol. 1 (Vampire Knight #1)",Paranormal,15.4,1,TRUE,https://books.toscrape.com/catalogue/vampire-knight-vol-1-vampire-knight-1_93/index.html,FALSE,0.06493506493506493
Wall and Piece,Art,44.18,4,TRUE,https://books.toscrape.com/catalogue/wall-and-piece_971/index.html,FALSE,0.09053870529651425
Feathers: Displays of Brilliant Plumage,Art,49.05,3,TRUE,https://books.toscrape.com/catalogue/feathers-displays-of-brilliant-plumage_695/index.html,FALSE,0.06116207951070337
Art and Fear: Observations on the Perils (and Rewards) of Artmaking,Art,48.63,4,TRUE,https://books.toscrape.com/catalogue/art-and-fear-observations-on-the-perils-and-rewards-of-artmaking_559/index.html,FALSE,0.08225375282747274
The New Drawing on the Right Side of the Brain,Art,43.02,3,TRUE,https://books.toscrape.com/catalogue/the-new-drawing-on-the-right-side-of-the-brain_550/index.html,FALSE,0.0697350069735007
History of Beauty,Art,10.29,4,TRUE,https://books.toscrape.com/catalogue/history-of-beauty_521/index.html,TRUE,0.38872691933916426
The Story of Art,Art,41.14,4,TRUE,https://books.toscrape.com/catalogue/the-story-of-art_500/index.html,FALSE,0.09722897423432182
The Art Book,Art,32.339999999999996,2,TRUE,https://books.toscrape.com/catalogue/the-art-book_490/index.html,FALSE,0.06184291898577614
Ways of Seeing,Art,39.51,5,TRUE,https://books.toscrape.com/catalogue/ways-of-seeing_94/index.html,FALSE,0.12655024044545685
The Lucifer Effect: Understanding How Good People Turn Evil,Psychology,10.4,1,TRUE,https://books.toscrape.com/catalogue/the-lucifer-effect-understanding-how-good-people-turn-evil_758/index.html,FALSE,0.09615384615384615
The Golden Condom: And Other Essays on Love Lost and Found,Psychology,39.43,1,TRUE,https://books.toscrape.com/catalogue/the-golden-condom-and-other-essays-on-love-lost-and-found_637/index.html,FALSE,0.025361399949277202
It Didn't Start with You: How Inherited Family Trauma Shapes Who We Are and How to End the Cycle,Psychology,56.27,3,TRUE,https://books.toscrape.com/catalogue/it-didnt-start-with-you-how-inherited-family-trauma-shapes-who-we-are-and-how-to-end-the-cycle_593/index.html,FALSE,0.05331437711036076
An Unquiet Mind: A Memoir of Moods and Madness,Psychology,21.3,3,TRUE,https://books.toscrape.com/catalogue/an-unquiet-mind-a-memoir-of-moods-and-madness_422/index.html,FALSE,0.14084507042253522
"Thinking, Fast and Slow",Psychology,21.14,1,TRUE,https://books.toscrape.com/catalogue/thinking-fast-and-slow_289/index.html,FALSE,0.04730368968779565
Civilization and Its Discontents,Psychology,59.949999999999996,2,TRUE,https://books.toscrape.com/catalogue/civilization-and-its-discontents_140/index.html,FALSE,0.03336113427856548
8 Keys to Mental Health Through Exercise,Psychology,31.04,1,TRUE,https://books.toscrape.com/catalogue/8-keys-to-mental-health-through-exercise_114/index.html,FALSE,0.03221649484536083
The Argonauts,Autobiography,10.93,2,TRUE,https://books.toscrape.com/catalogue/the-argonauts_837/index.html,FALSE,0.18298261665141813
M Train,Autobiography,27.18,1,TRUE,https://books.toscrape.com/catalogue/m-train_598/index.html,FALSE,0.03679175864606328
Lab Girl,Autobiography,40.849999999999994,1,TRUE,https://books.toscrape.com/catalogue/lab-girl_595/index.html,FALSE,0.024479804161566712
Approval Junkie: Adventures in Caring Too Much,Autobiography,58.809999999999995,5,TRUE,https://books.toscrape.com/catalogue/approval-junkie-adventures-in-caring-too-much_363/index.html,FALSE,0.08501955449753444
Running with Scissors,Autobiography,12.91,4,TRUE,https://books.toscrape.com/catalogue/running-with-scissors_215/index.html,TRUE,0.30983733539891556
Me Talk Pretty One Day,Autobiography,57.6,2,TRUE,https://books.toscrape.com/catalogue/me-talk-pretty-one-day_193/index.html,FALSE,0.034722222222222224
Lust & Wonder,Autobiography,11.870000000000001,2,TRUE,https://books.toscrape.com/catalogue/lust-wonder_191/index.html,FALSE,0.16849199663016004
Life Without a Recipe,Autobiography,59.04,5,TRUE,https://books.toscrape.com/catalogue/life-without-a-recipe_188/index.html,FALSE,0.08468834688346884
A Heartbreaking Work of Staggering Genius,Autobiography,54.290000000000006,5,TRUE,https://books.toscrape.com/catalogue/a-heartbreaking-work-of-staggering-genius_115/index.html,FALSE,0.09209799226376864
Catastrophic Happiness: Finding Joy in Childhood's Messy Years,Parenting,37.349999999999994,2,TRUE,https://books.toscrape.com/catalogue/catastrophic-happiness-finding-joy-in-childhoods-messy-years_138/index.html,FALSE,0.053547523427041506
Fifty Shades Freed (Fifty Shades #3),Adult Fiction,15.360000000000001,5,TRUE,https://books.toscrape.com/catalogue/fifty-shades-freed-fifty-shades-3_156/index.html,TRUE,0.3255208333333333
The Long Haul (Diary of a Wimpy Kid #9),Humor,44.07,1,TRUE,https://books.toscrape.com/catalogue/the-long-haul-diary-of-a-wimpy-kid-9_757/index.html,FALSE,0.02269117313365101
Old School (Diary of a Wimpy Kid #10),Humor,11.83,5,TRUE,https://books.toscrape.com/catalogue/old-school-diary-of-a-wimpy-kid-10_723/index.html,TRUE,0.42265426880811496
I Know What I'm Doing -- and Other Lies I Tell Myself: Dispatches from a Life Under Construction,Humor,25.979999999999997,4,TRUE,https://books.toscrape.com/catalogue/i-know-what-im-doing-and-other-lies-i-tell-myself-dispatches-from-a-life-under-construction_704/index.html,FALSE,0.15396458814472674
"Hyperbole and a Half: Unfortunate Situations, Flawed Coping Mechanisms, Mayhem, and Other Things That Happened",Humor,14.75,5,TRUE,https://books.toscrape.com/catalogue/hyperbole-and-a-half-unfortunate-situations-flawed-coping-mechanisms-mayhem-and-other-things-that-happened_702/index.html,TRUE,0.3389830508474576
Dress Your Family in Corduroy and Denim,Humor,43.68,3,TRUE,https://books.toscrape.com/catalogue/dress-your-family-in-corduroy-and-denim_562/index.html,FALSE,0.06868131868131869
Toddlers Are A**holes: It's Not Your Fault,Humor,25.55,1,TRUE,https://books.toscrape.com/catalogue/toddlers-are-aholes-its-not-your-fault_503/index.html,FALSE,0.03913894324853229
When You Are Engulfed in Flames,Humor,30.89,5,TRUE,https://books.toscrape.com/catalogue/when-you-are-engulfed-in-flames_303/index.html,FALSE,0.16186468112657817
Naked,Humor,31.69,3,TRUE,https://books.toscrape.com/catalogue/naked_197/index.html,FALSE,0.09466708740927737
"Lamb: The Gospel According to Biff, Christ's Childhood Pal",Humor,55.5,5,TRUE,https://books.toscrape.com/catalogue/lamb-the-gospel-according-to-biff-christs-childhood-pal_182/index.html,FALSE,0.09009009009009009
Holidays on Ice,Humor,51.07,2,TRUE,https://books.toscrape.com/catalogue/holidays-on-ice_167/index.html,FALSE,0.039161934599569216
Security,Horror,39.25,2,TRUE,https://books.toscrape.com/catalogue/security_925/index.html,FALSE,0.050955414012738856
Follow You Home,Horror,21.36,1,TRUE,https://books.toscrape.com/catalogue/follow-you-home_809/index.html,FALSE,0.04681647940074907
The Loney,Horror,23.4,1,TRUE,https://books.toscrape.com/catalogue/the-loney_756/index.html,FALSE,0.042735042735042736
Pet Sematary,Horror,10.56,3,TRUE,https://books.toscrape.com/catalogue/pet-sematary_726/index.html,FALSE,0.28409090909090906
Doctor Sleep (The Shining #2),Horror,40.120000000000005,2,TRUE,https://books.toscrape.com/catalogue/doctor-sleep-the-shining-2_686/index.html,FALSE,0.04985044865403788
Psycho: Sanitarium (Psycho #1.5),Horror,36.97,5,TRUE,https://books.toscrape.com/catalogue/psycho-sanitarium-psycho-15_628/index.html,FALSE,0.1352447930754666
Can You Keep a Secret? (Fear Street Relaunch #4),Horror,48.64,1,TRUE,https://books.toscrape.com/catalogue/can-you-keep-a-secret-fear-street-relaunch-4_614/index.html,FALSE,0.02055921052631579
Red Dragon (Hannibal Lecter #1),Horror,23.37,3,TRUE,https://books.toscrape.com/catalogue/red-dragon-hannibal-lecter-1_390/index.html,FALSE,0.12836970474967907
Dracula the Un-Dead,Horror,35.63,5,TRUE,https://books.toscrape.com/catalogue/dracula-the-un-dead_370/index.html,FALSE,0.14033118158854896
Night Shift (Night Shift #1-20),Horror,12.75,4,TRUE,https://books.toscrape.com/catalogue/night-shift-night-shift-1-20_335/index.html,TRUE,0.3137254901960784
Needful Things,Horror,47.51,4,TRUE,https://books.toscrape.com/catalogue/needful-things_334/index.html,FALSE,0.08419280151547043
Misery,Horror,34.790000000000006,2,TRUE,https://books.toscrape.com/catalogue/misery_332/index.html,FALSE,0.05748778384593273
It,Horror,25.01,3,TRUE,https://books.toscrape.com/catalogue/it_330/index.html,FALSE,0.11995201919232307
'Salem's Lot,Horror,49.56,4,TRUE,https://books.toscrape.com/catalogue/salems-lot_309/index.html,FALSE,0.08071025020177562
The Stand,Horror,57.86,2,TRUE,https://books.toscrape.com/catalogue/the-stand_282/index.html,FALSE,0.034566194262011754
The Girl with All the Gifts,Horror,49.47,3,TRUE,https://books.toscrape.com/catalogue/the-girl-with-all-the-gifts_250/index.html,FALSE,0.06064281382656155
House of Leaves,Horror,54.89,1,TRUE,https://books.toscrape.com/catalogue/house-of-leaves_169/index.html,FALSE,0.018218254691200583
Sapiens: A Brief History of Humankind,History,54.230000000000004,5,TRUE,https://books.toscrape.com/catalogue/sapiens-a-brief-history-of-humankind_996/index.html,FALSE,0.09219988936013276
"Unbound: How Eight Technologies Made Us Human, Transformed Society, and Brought Our World to the Brink",History,25.52,1,TRUE,https://books.toscrape.com/catalogue/unbound-how-eight-technologies-made-us-human-transformed-society-and-brought-our-world-to-the-brink_950/index.html,FALSE,0.03918495297805643
The Age of Genius: The Seventeenth Century and the Birth of the Modern Mind,History,19.73,1,TRUE,https://books.toscrape.com/catalogue/the-age-of-genius-the-seventeenth-century-and-the-birth-of-the-modern-mind_929/index.html,FALSE,0.05068423720223011
"Political Suicide: Missteps, Peccadilloes, Bad Calls, Backroom Hijinx, Sordid Pasts, Rotten Breaks, and Just Plain Dumb Mistakes in the Annals of American Politics",History,36.28,2,TRUE,https://books.toscrape.com/catalogue/political-suicide-missteps-peccadilloes-bad-calls-backroom-hijinx-sordid-pasts-rotten-breaks-and-just-plain-dumb-mistakes-in-the-annals-of-american-politics_917/index.html,FALSE,0.05512679162072767
Thomas Jefferson and the Tripoli Pirates: The Forgotten War That Changed American History,History,59.64,1,TRUE,https://books.toscrape.com/catalogue/thomas-jefferson-and-the-tripoli-pirates-the-forgotten-war-that-changed-american-history_867/index.html,FALSE,0.01676727028839705
Zealot: The Life and Times of Jesus of Nazareth,History,24.7,3,TRUE,https://books.toscrape.com/catalogue/zealot-the-life-and-times-of-jesus-of-nazareth_785/index.html,FALSE,0.12145748987854252
A Distant Mirror: The Calamitous 14th Century,History,14.58,3,TRUE,https://books.toscrape.com/catalogue/a-distant-mirror-the-calamitous-14th-century_652/index.html,FALSE,0.205761316872428
1491: New Revelations of the Americas Before Columbus,History,21.8,3,TRUE,https://books.toscrape.com/catalogue/1491-new-revelations-of-the-americas-before-columbus_650/index.html,FALSE,0.13761467889908258
Brilliant Beacons: A History of the American Lighthouse,History,11.450000000000001,3,TRUE,https://books.toscrape.com/catalogue/brilliant-beacons-a-history-of-the-american-lighthouse_515/index.html,FALSE,0.26200873362445415
"""Most Blessed of the Patriarchs"": Thomas Jefferson and the Empire of the Imagination",History,44.48,5,TRUE,https://books.toscrape.com/catalogue/most-blessed-of-the-patriarchs-thomas-jefferson-and-the-empire-of-the-imagination_509/index.html,FALSE,0.11241007194244605
A Short History of Nearly Everything,History,52.4,5,TRUE,https://books.toscrape.com/catalogue/a-short-history-of-nearly-everything_457/index.html,FALSE,0.09541984732824428
The Rise and Fall of the Third Reich: A History of Nazi Germany,History,39.67,2,TRUE,https://books.toscrape.com/catalogue/the-rise-and-fall-of-the-third-reich-a-history-of-nazi-germany_454/index.html,FALSE,0.05041593143433325
Catherine the Great: Portrait of a Woman,History,58.55,4,TRUE,https://books.toscrape.com/catalogue/catherine-the-great-portrait-of-a-woman_424/index.html,FALSE,0.06831767719897523
The Mathews Men: Seven Brothers and the War Against Hitler's U-boats,History,42.91,5,TRUE,https://books.toscrape.com/catalogue/the-mathews-men-seven-brothers-and-the-war-against-hitlers-u-boats_408/index.html,FALSE,0.11652295502213937
The Hiding Place,History,55.91,4,TRUE,https://books.toscrape.com/catalogue/the-hiding-place_406/index.html,FALSE,0.07154355213736363
America's War for the Greater Middle East: A Military History,History,51.220000000000006,2,TRUE,https://books.toscrape.com/catalogue/americas-war-for-the-greater-middle-east-a-military-history_361/index.html,FALSE,0.039047247169074574
The Guns of August,History,14.54,2,TRUE,https://books.toscrape.com/catalogue/the-guns-of-august_254/index.html,FALSE,0.13755158184319122
"House of Lost Worlds: Dinosaurs, Dynasties, and the Story of Life on Earth",History,43.7,2,TRUE,https://books.toscrape.com/catalogue/house-of-lost-worlds-dinosaurs-dynasties-and-the-story-of-life-on-earth_170/index.html,FALSE,0.04576659038901602
"Foolproof Preserving: A Guide to Small Batch Jams, Jellies, Pickles, Condiments, and More: A Foolproof Guide to Making Small Batch Jams, Jellies, Pickles, Condiments, and More",Food and Drink,30.52,3,TRUE,https://books.toscrape.com/catalogue/foolproof-preserving-a-guide-to-small-batch-jams-jellies-pickles-condiments-and-more-a-foolproof-guide-to-making-small-batch-jams-jellies-pickles-condiments-and-more_978/index.html,FALSE,0.0982961992136304
"The Pioneer Woman Cooks: Dinnertime: Comfort Classics, Freezer Food, 16-Minute Meals, and Other Delicious Ways to Solve Supper!",Food and Drink,56.41,1,TRUE,https://books.toscrape.com/catalogue/the-pioneer-woman-cooks-dinnertime-comfort-classics-freezer-food-16-minute-meals-and-other-delicious-ways-to-solve-supper_943/index.html,FALSE,0.017727353306151394
My Paris Kitchen: Recipes and Stories,Food and Drink,33.37,2,TRUE,https://books.toscrape.com/catalogue/my-paris-kitchen-recipes-and-stories_910/index.html,FALSE,0.059934072520227755
"Mama Tried: Traditional Italian Cooking for the Screwed, Crude, Vegan, and Tattooed",Food and Drink,14.02,4,TRUE,https://books.toscrape.com/catalogue/mama-tried-traditional-italian-cooking-for-the-screwed-crude-vegan-and-tattooed_908/index.html,TRUE,0.28530670470756064
"Layered: Baking, Building, and Styling Spectacular Cakes",Food and Drink,40.11,1,TRUE,https://books.toscrape.com/catalogue/layered-baking-building-and-styling-spectacular-cakes_904/index.html,FALSE,0.024931438544003988
The Nerdy Nummies Cookbook: Sweet Treats for the Geek in All of Us,Food and Drink,37.339999999999996,5,TRUE,https://books.toscrape.com/catalogue/the-nerdy-nummies-cookbook-sweet-treats-for-the-geek-in-all-of-us_853/index.html,FALSE,0.1339046598821639
The Love and Lemons Cookbook: An Apple-to-Zucchini Celebration of Impromptu Cooking,Food and Drink,37.6,2,TRUE,https://books.toscrape.com/catalogue/the-love-and-lemons-cookbook-an-apple-to-zucchini-celebration-of-impromptu-cooking_849/index.html,FALSE,0.05319148936170213
The Cookies & Cups Cookbook: 125+ sweet & savory recipes reminding you to Always Eat Dessert First,Food and Drink,41.25,1,TRUE,https://books.toscrape.com/catalogue/the-cookies-cups-cookbook-125-sweet-savory-recipes-reminding-you-to-always-eat-dessert-first_841/index.html,FALSE,0.024242424242424242
"Deliciously Ella Every Day: Quick and Easy Recipes for Gluten-Free Snacks, Packed Lunches, and Simple Meals",Food and Drink,42.160000000000004,3,TRUE,https://books.toscrape.com/catalogue/deliciously-ella-every-day-quick-and-easy-recipes-for-gluten-free-snacks-packed-lunches-and-simple-meals_801/index.html,FALSE,0.07115749525616698
The Help Yourself Cookbook for Kids: 60 Easy Plant-Based Recipes Kids Can Make to Stay Healthy and Save the Earth,Food and Drink,28.77,3,TRUE,https://books.toscrape.com/catalogue/the-help-yourself-cookbook-for-kids-60-easy-plant-based-recipes-kids-can-make-to-stay-healthy-and-save-the-earth_751/index.html,FALSE,0.10427528675703858
"It's All Easy: Healthy, Delicious Weeknight Meals in under 30 Minutes",Food and Drink,19.55,1,TRUE,https://books.toscrape.com/catalogue/its-all-easy-healthy-delicious-weeknight-meals-in-under-30-minutes_706/index.html,FALSE,0.05115089514066496
Barefoot Contessa Back to Basics,Food and Drink,28.01,1,TRUE,https://books.toscrape.com/catalogue/barefoot-contessa-back-to-basics_667/index.html,FALSE,0.035701535166012134
Barefoot Contessa at Home: Everyday Recipes You'll Make Over and Over Again,Food and Drink,50.620000000000005,5,TRUE,https://books.toscrape.com/catalogue/barefoot-contessa-at-home-everyday-recipes-youll-make-over-and-over-again_666/index.html,FALSE,0.09877518767285658
My Kitchen Year: 136 Recipes That Saved My Life,Food and Drink,11.53,2,TRUE,https://books.toscrape.com/catalogue/my-kitchen-year-136-recipes-that-saved-my-life_646/index.html,FALSE,0.17346053772766695
Everyday Italian: 125 Simple and Delicious Recipes,Food and Drink,20.1,5,TRUE,https://books.toscrape.com/catalogue/everyday-italian-125-simple-and-delicious-recipes_618/index.html,FALSE,0.24875621890547261
"A la Mode: 120 Recipes in 60 Pairings: Pies, Tarts, Cakes, Crisps, and More Topped with Ice Cream, Gelato, Frozen Custard, and More",Food and Drink,38.77,1,TRUE,https://books.toscrape.com/catalogue/a-la-mode-120-recipes-in-60-pairings-pies-tarts-cakes-crisps-and-more-topped-with-ice-cream-gelato-frozen-custard-and-more_611/index.html,FALSE,0.025793139025019344
Cravings: Recipes for What You Want to Eat,Food and Drink,20.5,3,TRUE,https://books.toscrape.com/catalogue/cravings-recipes-for-what-you-want-to-eat_589/index.html,FALSE,0.14634146341463414
"The Moosewood Cookbook: Recipes from Moosewood Restaurant, Ithaca, New York",Food and Drink,12.34,4,TRUE,https://books.toscrape.com/catalogue/the-moosewood-cookbook-recipes-from-moosewood-restaurant-ithaca-new-york_574/index.html,TRUE,0.3241491085899514
32 Yolks,Food and Drink,53.63,2,TRUE,https://books.toscrape.com/catalogue/32-yolks_510/index.html,FALSE,0.037292560134253215
"Naturally Lean: 125 Nourishing Gluten-Free, Plant-Based Recipes--All Under 300 Calories",Food and Drink,11.38,5,TRUE,https://books.toscrape.com/catalogue/naturally-lean-125-nourishing-gluten-free-plant-based-recipes-all-under-300-calories_479/index.html,TRUE,0.43936731107205623
How to Cook Everything Vegetarian: Simple Meatless Recipes for Great Food (How to Cook Everything),Food and Drink,46.01,4,TRUE,https://books.toscrape.com/catalogue/how-to-cook-everything-vegetarian-simple-meatless-recipes-for-great-food-how-to-cook-everything_471/index.html,FALSE,0.0869376222560313
How to Be a Domestic Goddess: Baking and the Art of Comfort Cooking,Food and Drink,28.25,2,TRUE,https://books.toscrape.com/catalogue/how-to-be-a-domestic-goddess-baking-and-the-art-of-comfort-cooking_470/index.html,FALSE,0.07079646017699115
The Barefoot Contessa Cookbook,Food and Drink,59.92,5,TRUE,https://books.toscrape.com/catalogue/the-barefoot-contessa-cookbook_440/index.html,FALSE,0.08344459279038718
Better Homes and Gardens New Cook Book,Food and Drink,39.61,3,TRUE,https://books.toscrape.com/catalogue/better-homes-and-gardens-new-cook-book_423/index.html,FALSE,0.07573844988639232
The Power Greens Cookbook: 140 Delicious Superfood Recipes,Food and Drink,11.05,5,TRUE,https://books.toscrape.com/catalogue/the-power-greens-cookbook-140-delicious-superfood-recipes_410/index.html,TRUE,0.4524886877828054
Mexican Today: New and Rediscovered Recipes for Contemporary Kitchens,Food and Drink,24.91,5,TRUE,https://books.toscrape.com/catalogue/mexican-today-new-and-rediscovered-recipes-for-contemporary-kitchens_387/index.html,FALSE,0.20072260136491368
Vegan Vegetarian Omnivore: Dinner for Everyone at the Table,Food and Drink,13.66,2,TRUE,https://books.toscrape.com/catalogue/vegan-vegetarian-omnivore-dinner-for-everyone-at-the-table_297/index.html,FALSE,0.14641288433382138
The Smitten Kitchen Cookbook,Food and Drink,23.59,1,TRUE,https://books.toscrape.com/catalogue/the-smitten-kitchen-cookbook_281/index.html,FALSE,0.0423908435777872
"The Art of Simple Food: Notes, Lessons, and Recipes from a Delicious Revolution",Food and Drink,34.32,3,TRUE,https://books.toscrape.com/catalogue/the-art-of-simple-food-notes-lessons-and-recipes-from-a-delicious-revolution_229/index.html,FALSE,0.08741258741258741
Hungry Girl Clean & Hungry: Easy All-Natural Recipes for Healthy Eating in the Real World,Food and Drink,33.14,3,TRUE,https://books.toscrape.com/catalogue/hungry-girl-clean-hungry-easy-all-natural-recipes-for-healthy-eating-in-the-real-world_171/index.html,FALSE,0.09052504526252263
Redeeming Love,Christian Fiction,20.47,5,TRUE,https://books.toscrape.com/catalogue/redeeming-love_826/index.html,FALSE,0.2442598925256473
Close to You,Christian Fiction,49.46,4,TRUE,https://books.toscrape.com/catalogue/close-to-you_798/index.html,FALSE,0.08087343307723413
Shadows of the Past (Logan Point #1),Christian Fiction,39.67,5,TRUE,https://books.toscrape.com/catalogue/shadows-of-the-past-logan-point-1_541/index.html,FALSE,0.12603982858583312
Like Never Before (Walker Family #2),Christian Fiction,28.77,2,TRUE,https://books.toscrape.com/catalogue/like-never-before-walker-family-2_476/index.html,FALSE,0.06951685783802572
Counted With the Stars (Out from Egypt #1),Christian Fiction,17.97,5,TRUE,https://books.toscrape.com/catalogue/counted-with-the-stars-out-from-egypt-1_463/index.html,TRUE,0.2782415136338342
If I Run (If I Run #1),Christian Fiction,49.97,4,TRUE,https://books.toscrape.com/catalogue/if-i-run-if-i-run-1_174/index.html,FALSE,0.08004802881729038
The Dirty Little Secrets of Getting Your Dream Job,Business,33.339999999999996,4,TRUE,https://books.toscrape.com/catalogue/the-dirty-little-secrets-of-getting-your-dream-job_994/index.html,FALSE,0.1199760047990402
The Third Wave: An Entrepreneur’s Vision of the Future,Business,12.61,5,TRUE,https://books.toscrape.com/catalogue/the-third-wave-an-entrepreneurs-vision-of-the-future_862/index.html,TRUE,0.39651070578905634
The 10% Entrepreneur: Live Your Startup Dream Without Quitting Your Day Job,Business,27.55,3,TRUE,https://books.toscrape.com/catalogue/the-10-entrepreneur-live-your-startup-dream-without-quitting-your-day-job_836/index.html,FALSE,0.1088929219600726
Shoe Dog: A Memoir by the Creator of NIKE,Business,23.99,2,TRUE,https://books.toscrape.com/catalogue/shoe-dog-a-memoir-by-the-creator-of-nike_831/index.html,FALSE,0.08336807002917883
Made to Stick: Why Some Ideas Survive and Others Die,Business,38.849999999999994,5,TRUE,https://books.toscrape.com/catalogue/made-to-stick-why-some-ideas-survive-and-others-die_715/index.html,FALSE,0.12870012870012873
Quench Your Own Thirst: Business Lessons Learned Over a Beer or Two,Business,43.14,1,TRUE,https://books.toscrape.com/catalogue/quench-your-own-thirst-business-lessons-learned-over-a-beer-or-two_629/index.html,FALSE,0.023180343069077423
The Art of Startup Fundraising,Business,21,3,TRUE,https://books.toscrape.com/catalogue/the-art-of-startup-fundraising_606/index.html,FALSE,0.14285714285714285
Born for This: How to Find the Work You Were Meant to Do,Business,21.59,5,TRUE,https://books.toscrape.com/catalogue/born-for-this-how-to-find-the-work-you-were-meant-to-do_588/index.html,FALSE,0.2315886984715146
The E-Myth Revisited: Why Most Small Businesses Don't Work and What to Do About It,Business,36.91,1,TRUE,https://books.toscrape.com/catalogue/the-e-myth-revisited-why-most-small-businesses-dont-work-and-what-to-do-about-it_545/index.html,FALSE,0.027092928745597402
"Rich Dad, Poor Dad",Business,51.74,1,TRUE,https://books.toscrape.com/catalogue/rich-dad-poor-dad_483/index.html,FALSE,0.019327406262079627
The Lean Startup: How Today's Entrepreneurs Use Continuous Innovation to Create Radically Successful Businesses,Business,33.92,3,TRUE,https://books.toscrape.com/catalogue/the-lean-startup-how-todays-entrepreneurs-use-continuous-innovation-to-create-radically-successful-businesses_260/index.html,FALSE,0.08844339622641509
Rework,Business,44.879999999999995,2,TRUE,https://books.toscrape.com/catalogue/rework_212/index.html,FALSE,0.04456327985739751
Louisa: The Extraordinary Life of Mrs. Adams,Biography,16.85,2,TRUE,https://books.toscrape.com/catalogue/louisa-the-extraordinary-life-of-mrs-adams_818/index.html,FALSE,0.11869436201780414
"Setting the World on Fire: The Brief, Astonishing Life of St. Catherine of Siena",Biography,21.150000000000002,2,TRUE,https://books.toscrape.com/catalogue/setting-the-world-on-fire-the-brief-astonishing-life-of-st-catherine-of-siena_603/index.html,FALSE,0.0945626477541371
The Faith of Christopher Hitchens: The Restless Soul of the World's Most Notorious Atheist,Biography,39.55,1,TRUE,https://books.toscrape.com/catalogue/the-faith-of-christopher-hitchens-the-restless-soul-of-the-worlds-most-notorious-atheist_495/index.html,FALSE,0.025284450063211127
Benjamin Franklin: An American Life,Biography,48.190000000000005,3,TRUE,https://books.toscrape.com/catalogue/benjamin-franklin-an-american-life_460/index.html,FALSE,0.06225357958082589
The Rise of Theodore Roosevelt (Theodore Roosevelt #1),Biography,42.57,3,TRUE,https://books.toscrape.com/catalogue/the-rise-of-theodore-roosevelt-theodore-roosevelt-1_276/index.html,FALSE,0.07047216349541931
In Her Wake,Thriller,12.84,1,TRUE,https://books.toscrape.com/catalogue/in-her-wake_980/index.html,FALSE,0.0778816199376947
The Elephant Tree,Thriller,23.82,5,TRUE,https://books.toscrape.com/catalogue/the-elephant-tree_968/index.html,FALSE,0.20990764063811923
Behind Closed Doors,Thriller,52.220000000000006,4,TRUE,https://books.toscrape.com/catalogue/behind-closed-doors_962/index.html,FALSE,0.07659900421294523
You (You #1),Thriller,43.61,5,TRUE,https://books.toscrape.com/catalogue/you-you-1_784/index.html,FALSE,0.11465260261407934
The Guilty (Will Robie #4),Thriller,13.82,2,TRUE,https://books.toscrape.com/catalogue/the-guilty-will-robie-4_750/index.html,FALSE,0.1447178002894356
The 14th Colony (Cotton Malone #11),Thriller,39.24,1,TRUE,https://books.toscrape.com/catalogue/the-14th-colony-cotton-malone-11_744/index.html,FALSE,0.0254841997961264
Give It Back,Thriller,18.32,2,TRUE,https://books.toscrape.com/catalogue/give-it-back_430/index.html,FALSE,0.1091703056768559
Killing Floor (Jack Reacher #1),Thriller,31.49,4,TRUE,https://books.toscrape.com/catalogue/killing-floor-jack-reacher-1_382/index.html,FALSE,0.12702445220704986
The Bone Hunters (Lexy Vaughan & Steven Macaulay #2),Thriller,59.71,3,TRUE,https://books.toscrape.com/catalogue/the-bone-hunters-lexy-vaughan-steven-macaulay-2_343/index.html,FALSE,0.050242840395243675
Far From True (Promise Falls Trilogy #2),Thriller,34.93,2,TRUE,https://books.toscrape.com/catalogue/far-from-true-promise-falls-trilogy-2_320/index.html,FALSE,0.0572573718866304
The Travelers,Thriller,15.77,1,TRUE,https://books.toscrape.com/catalogue/the-travelers_285/index.html,FALSE,0.06341154090044389
When We Collided,Contemporary,31.77,1,TRUE,https://books.toscrape.com/catalogue/when-we-collided_955/index.html,FALSE,0.03147623544224111
Someone Like You (The Harrisons #2),Contemporary,52.790000000000006,5,TRUE,https://books.toscrape.com/catalogue/someone-like-you-the-harrisons-2_735/index.html,FALSE,0.09471490812653911
We Are All Completely Beside Ourselves,Contemporary,24.04,1,TRUE,https://books.toscrape.com/catalogue/we-are-all-completely-beside-ourselves_301/index.html,FALSE,0.0415973377703827
The Four Agreements: A Practical Guide to Personal Freedom,Spirituality,17.66,5,TRUE,https://books.toscrape.com/catalogue/the-four-agreements-a-practical-guide-to-personal-freedom_970/index.html,TRUE,0.28312570781426954
The Activist's Tao Te Ching: Ancient Advice for a Modern Revolution,Spirituality,32.24,5,TRUE,https://books.toscrape.com/catalogue/the-activists-tao-te-ching-ancient-advice-for-a-modern-revolution_928/index.html,FALSE,0.15508684863523572
Chasing Heaven: What Dying Taught Me About Living,Spirituality,37.8,2,TRUE,https://books.toscrape.com/catalogue/chasing-heaven-what-dying-taught-me-about-living_797/index.html,FALSE,0.052910052910052914
If I Gave You God's Phone Number....: Searching for Spirituality in America,Spirituality,20.91,1,TRUE,https://books.toscrape.com/catalogue/if-i-gave-you-gods-phone-number-searching-for-spirituality-in-america_564/index.html,FALSE,0.04782400765184122
Unreasonable Hope: Finding Faith in the God Who Brings Purpose to Your Pain,Spirituality,46.33,2,TRUE,https://books.toscrape.com/catalogue/unreasonable-hope-finding-faith-in-the-god-who-brings-purpose-to-your-pain_505/index.html,FALSE,0.043168573278653144
A New Earth: Awakening to Your Life's Purpose,Spirituality,55.65,5,TRUE,https://books.toscrape.com/catalogue/a-new-earth-awakening-to-your-lifes-purpose_311/index.html,FALSE,0.08984725965858041
Logan Kade (Fallen Crest High #5.5),Academic,13.12,2,TRUE,https://books.toscrape.com/catalogue/logan-kade-fallen-crest-high-55_384/index.html,FALSE,0.1524390243902439
Online Marketing for Busy Authors: A Step-By-Step Guide,Self Help,46.349999999999994,1,TRUE,https://books.toscrape.com/catalogue/online-marketing-for-busy-authors-a-step-by-step-guide_913/index.html,FALSE,0.021574973031283712
How to Be Miserable: 40 Strategies You Already Use,Self Help,46.03,1,TRUE,https://books.toscrape.com/catalogue/how-to-be-miserable-40-strategies-you-already-use_897/index.html,FALSE,0.021724961981316532
"Overload: How to Unplug, Unwind, and Unleash Yourself from the Pressure of Stress",Self Help,52.15,3,TRUE,https://books.toscrape.com/catalogue/overload-how-to-unplug-unwind-and-unleash-yourself-from-the-pressure-of-stress_725/index.html,FALSE,0.05752636625119847
You Are a Badass: How to Stop Doubting Your Greatness and Start Living an Awesome Life,Self Help,12.08,3,TRUE,https://books.toscrape.com/catalogue/you-are-a-badass-how-to-stop-doubting-your-greatness-and-start-living-an-awesome-life_508/index.html,FALSE,0.24834437086092714
How to Stop Worrying and Start Living,Self Help,46.49,5,TRUE,https://books.toscrape.com/catalogue/how-to-stop-worrying-and-start-living_431/index.html,FALSE,0.10755001075500108
All the Light We Cannot See,Historical,29.87,5,TRUE,https://books.toscrape.com/catalogue/all-the-light-we-cannot-see_660/index.html,FALSE,0.16739203213927017
The Girl You Left Behind (The Girl You Left Behind #1),Historical,15.79,1,TRUE,https://books.toscrape.com/catalogue/the-girl-you-left-behind-the-girl-you-left-behind-1_443/index.html,FALSE,0.06333122229259025
(Un)Qualified: How God Uses Broken People to Do Big Things,Christian,54,5,TRUE,https://books.toscrape.com/catalogue/unqualified-how-god-uses-broken-people-to-do-big-things_873/index.html,FALSE,0.09259259259259259
Crazy Love: Overwhelmed by a Relentless God,Christian,47.720000000000006,2,TRUE,https://books.toscrape.com/catalogue/crazy-love-overwhelmed-by-a-relentless-god_682/index.html,FALSE,0.04191114836546521
Blue Like Jazz: Nonreligious Thoughts on Christian Spirituality,Christian,25.77,1,TRUE,https://books.toscrape.com/catalogue/blue-like-jazz-nonreligious-thoughts-on-christian-spirituality_461/index.html,FALSE,0.038804811796662786
Silence in the Dark (Logan Point #4),Suspense,58.33,3,TRUE,https://books.toscrape.com/catalogue/silence-in-the-dark-logan-point-4_542/index.html,FALSE,0.05143151037202126
The Grownup,Short Stories,35.879999999999995,1,TRUE,https://books.toscrape.com/catalogue/the-grownup_546/index.html,FALSE,0.02787068004459309
Suzie Snowflake: One beautiful flake (a self-esteem story),Novels,54.809999999999995,5,TRUE,https://books.toscrape.com/catalogue/suzie-snowflake-one-beautiful-flake-a-self-esteem-story_568/index.html,FALSE,0.09122422915526364
"The Bulletproof Diet: Lose up to a Pound a Day, Reclaim Energy and Focus, Upgrade Your Life",Health,49.05,3,TRUE,https://books.toscrape.com/catalogue/the-bulletproof-diet-lose-up-to-a-pound-a-day-reclaim-energy-and-focus-upgrade-your-life_931/index.html,FALSE,0.06116207951070337
"Eat Fat, Get Thin",Health,54.07,2,TRUE,https://books.toscrape.com/catalogue/eat-fat-get-thin_688/index.html,FALSE,0.036989088218975404
10-Day Green Smoothie Cleanse: Lose Up to 15 Pounds in 10 Days!,Health,49.71,5,TRUE,https://books.toscrape.com/catalogue/10-day-green-smoothie-cleanse-lose-up-to-15-pounds-in-10-days_581/index.html,FALSE,0.10058338362502514
The Art and Science of Low Carbohydrate Living,Health,52.98,5,TRUE,https://books.toscrape.com/catalogue/the-art-and-science-of-low-carbohydrate-living_570/index.html,FALSE,0.09437523593808986
Libertarianism for Beginners,Politics,51.33,2,TRUE,https://books.toscrape.com/catalogue/libertarianism-for-beginners_982/index.html,FALSE,0.03896356906292617
Why the Right Went Wrong: Conservatism--From Goldwater to the Tea Party and Beyond,Politics,52.65,4,TRUE,https://books.toscrape.com/catalogue/why-the-right-went-wrong-conservatism-from-goldwater-to-the-tea-party-and-beyond_781/index.html,FALSE,0.07597340930674264
Equal Is Unfair: America's Misguided Fight Against Income Inequality,Politics,56.86,1,TRUE,https://books.toscrape.com/catalogue/equal-is-unfair-americas-misguided-fight-against-income-inequality_617/index.html,FALSE,0.017587055926837847
Amid the Chaos,Cultural,36.58,1,TRUE,https://books.toscrape.com/catalogue/amid-the-chaos_788/index.html,FALSE,0.02733734281027884
Dark Notes,Erotica,19.19,5,TRUE,https://books.toscrape.com/catalogue/dark-notes_800/index.html,TRUE,0.2605523710265763
The Long Shadow of Small Ghosts: Murder and Memory in an American City,Crime,10.97,1,TRUE,https://books.toscrape.com/catalogue/the-long-shadow-of-small-ghosts-murder-and-memory-in-an-american-city_848/index.html,FALSE,0.09115770282588878
