"student_id","high_school_gpa","sleep_hours","stress","attendance","study_hours","college_gpa_raw","college_gpa","preparation_group"
1,2.54724998641361,7.091702131081,-1.84684786480487,69.0797354502668,13.9045002651707,3.03355153013664,3.03355153013664,"Lower prior GPA"
2,2.6549710497421,6.92040023738382,0.518264636679273,80.8269345694569,13.4533132866495,3.07610300094176,3.07610300094176,"Lower prior GPA"
3,3.77601144695673,7.19812409060921,0.690098985140305,80.7827322028258,5.04464445380463,3.57829437506243,3.57829437506243,"Higher prior GPA"
4,2.78316585545263,6.4506933161613,-1.46856800384155,86.4582314100141,10.8991161423104,3.4356260539663,3.4356260539663,"Lower prior GPA"
5,2.33192536777515,6.71825443797852,-0.250450730137464,71.1534303275053,14.0156124011606,2.65469701931025,2.65469701931025,"Lower prior GPA"
6,2.74315980681158,7.61223473712659,1.47969980837545,74.5585200410247,13.3124127057358,2.78925281954682,2.78925281954682,"Lower prior GPA"
7,3.38485565032316,6.05995022763234,-0.371947275319448,71.651757035279,6.65313716283806,3.1437936813293,3.1437936813293,"Higher prior GPA"
8,2.89406402911893,6.22972181134804,-0.372133993696121,62.5375949592302,13.4924209740449,3.24193960587871,3.24193960587871,"Lower prior GPA"
9,2.5004561970565,6.96160898056508,1.35695441611684,80.3478799302593,14.1671757203254,2.41567882925452,2.41567882925452,"Lower prior GPA"
10,2.66762239065879,6.06761412276524,-2.46640583997589,87.8760720494102,13.1040326344052,2.80417295212343,2.80417295212343,"Lower prior GPA"
11,3.03202504206197,7.4510617843934,-0.215477675661701,77.5756266747228,12.0021699503743,3.40876277427207,3.40876277427207,"Middle prior GPA"
12,3.1473865629327,7.14706633193611,0.217792260254858,75.6018258042507,8.92380652126311,3.44897110776064,3.44897110776064,"Middle prior GPA"
13,3.14258668215635,6.40658864151879,0.856998126060912,80.1133192443253,11.7396675954453,3.28510362086213,3.28510362086213,"Middle prior GPA"
14,3.41355248153893,5.30960820302927,0.23201977323686,81.0857472743341,9.81646179106103,3.43670146215737,3.43670146215737,"Higher prior GPA"
15,3.87383145593048,6.81792049900971,-0.011891489302556,77.7794453581714,5.45273100442713,3.73200164703562,3.73200164703562,"Higher prior GPA"
16,3.41401419519112,6.23485058163697,0.617415138631302,88.2384874047816,9.15941760936142,4.06706299344994,4,"Higher prior GPA"
17,2.82018214314404,7.34164754927619,0.359800055299071,64.3406113743119,12.4028516343624,2.95004005092914,2.95004005092914,"Lower prior GPA"
18,3.10626419260525,7.1770847505596,-0.156300125943838,89.0150492021386,8.50097654808128,3.40197996457553,3.40197996457553,"Middle prior GPA"
19,3.3460624044359,5.44408282805456,-0.173972105592982,82.1547102817041,13.800446281215,3.82023406831459,3.82023406831459,"Higher prior GPA"
20,3.14989384796116,9,0.898854505902182,75.2089337976982,13.5783477296426,3.74751480776061,3.74751480776061,"Middle prior GPA"
21,3.84982467623461,7.40553696690579,-1.11450002158986,72.8158767520469,8.56903711653521,3.63790803462419,3.63790803462419,"Higher prior GPA"
22,2.36165348438498,6.99360734278969,-1.07910516459566,76.1551681117377,15.9697203753453,2.49205562306706,2.49205562306706,"Lower prior GPA"
23,3.41972767833039,5.5481494958948,-1.78583588335828,87.5973288422229,8.51706252595044,3.29729613936636,3.29729613936636,"Higher prior GPA"
24,2.43753635740229,5.35036362806197,0.486727466454855,78.207121012564,16.8724985078993,3.03693479044323,3.03693479044323,"Lower prior GPA"
25,3.58517810352708,7.42125087067015,0.801631754601463,77.4318743734627,9.30011765287208,3.52201117210112,3.52201117210112,"Higher prior GPA"
26,3.13203910907425,7.61044738521781,1.1324084528215,77.5030662545487,12.4317206032652,3.88329470502677,3.88329470502677,"Middle prior GPA"
27,3.33030614619014,5.78623118014258,-0.677600842110254,78.5924544433648,9.41548758774916,3.3358201404836,3.3358201404836,"Higher prior GPA"
28,3.0033033994468,7.15155402696419,-0.323339854708221,75.7386906988211,11.0167371824964,2.83844973657533,2.83844973657533,"Middle prior GPA"
29,3.42305397625378,6.48454173188514,0.698500868910805,78.6876334066877,9.57951138255793,4.10084642407636,4,"Higher prior GPA"
30,3.13369780990922,7.47522388350051,1.05255536995226,63.1107334143373,11.0791224232776,3.30999435896792,3.30999435896792,"Middle prior GPA"
31,2.91620612783981,7.55922441527675,-0.22168782965106,78.5006920789195,10.5229074355008,3.62596044857987,3.62596044857987,"Lower prior GPA"
32,2.51428870511073,7.20283623974964,-0.399170466684768,67.2918328036682,13.9833025146079,2.38511643302084,2.38511643302084,"Lower prior GPA"
33,3.54709911766994,6.59476462227524,0.24931042030446,89.8205178089305,6.52135583334498,3.78512664774102,3.78512664774102,"Higher prior GPA"
34,3.66930654342868,8.2011827715017,0.618566818151985,79.5592584518214,9.48998606018031,4.02681236986276,4,"Higher prior GPA"
35,3.67043753726307,6.63516410751436,-1.13035728607429,84.0378781110451,6.42265177662624,4.02300201466394,4,"Higher prior GPA"
36,3.30969548523666,7.72884581291085,-0.322200832017402,72.3350911099553,7.85381492776659,3.39284280574749,3.39284280574749,"Higher prior GPA"
37,2.19363590124393,8.84021470412665,-2.08115107583911,69.687289991111,21.4898152876255,3.46912408443106,3.46912408443106,"Lower prior GPA"
38,2.91379408523652,7.02764162801923,-0.532673150541807,71.320594019708,13.403588558552,3.09234475979941,3.09234475979941,"Lower prior GPA"
39,2.91949020177984,7.17512201733318,0.874237568962143,68.3907321838454,12.2125012946314,3.06780202932917,3.06780202932917,"Lower prior GPA"
40,3.13956210580766,7.19739079186523,0.225214643456976,76.4749067834997,11.4954176510748,3.27251366965781,3.27251366965781,"Middle prior GPA"
41,2.85767382944485,7.75477238264033,-0.256404696940025,79.0505529613692,12.4237526442242,2.8834776317324,2.8834776317324,"Lower prior GPA"
42,3.47673241395242,5.78385069016581,-0.465172006194712,83.6942383066096,8.57642640495088,3.17795942694424,3.17795942694424,"Higher prior GPA"
43,3.6639691856146,5.09857601322882,0.517732221383704,72.5744166505232,11.4335991555724,3.88473411192606,3.88473411192606,"Higher prior GPA"
44,2.93456978049847,6.56406849376558,0.415011784323769,72.6262472072877,10.3162753575482,3.33770456772292,3.33770456772292,"Lower prior GPA"
45,3.53727379399275,5.95428677926693,-1.68730389806603,69.6011771882842,8.91946769530857,3.48553649918763,3.48553649918763,"Higher prior GPA"
46,3.46909359778055,6.12816013021652,1.38730272767836,88.5737911401554,10.6994782782422,3.69274186302317,3.69274186302317,"Higher prior GPA"
47,3.32399745421007,6.17623523616031,-0.581283697025027,78.6905829024093,11.143403417116,3.64122609318038,3.64122609318038,"Higher prior GPA"
48,3.15121018935352,6.75203859506234,-0.529520329839145,75.0081516285391,10.006461431632,3.83539901623279,3.83539901623279,"Middle prior GPA"
49,2.91040668851078,6.8453062135134,-1.10931426993928,80.9087774181273,9.77922850818449,2.67643650614242,2.67643650614242,"Lower prior GPA"
50,3.5941245333833,7.05348799576355,-0.443594534431914,100,4.44977879055062,3.00691996933565,3.00691996933565,"Higher prior GPA"
51,3.15183812660452,6.8070108535312,0.383959648674639,72.6957490553408,10.1232066860763,3.77435488508723,3.77435488508723,"Middle prior GPA"
52,2.26926712030062,7.18214136156837,-0.526227490035763,58.785662856597,17.4747841636662,2.89597198118607,2.89597198118607,"Lower prior GPA"
53,2.97951689296912,7.36189788769569,-1.39665807653825,79.8065485678872,10.2691077454016,3.21608731870665,3.21608731870665,"Middle prior GPA"
54,3.44725286319307,6.90040569539595,0.849337451840959,80.2174274368117,10.8554456634026,4.17222865984803,4,"Higher prior GPA"
55,3.59600159441252,6.18224823312368,-0.465518103353501,85.1047880966378,8.87645752239579,3.40542258554638,3.40542258554638,"Higher prior GPA"
56,3.15239233406578,6.22417941055878,-1.25065105981935,77.835772031631,9.01715945755826,3.0244141610976,3.0244141610976,"Middle prior GPA"
57,3.37459977036636,5.3682700351633,1.92489110261877,68.2997792574925,9.45615564318173,3.69201544812753,3.69201544812753,"Higher prior GPA"
58,3.16045542929561,6.7225091271593,0.388573027134537,93.0270253115921,8.18967921475468,3.10317204590224,3.10317204590224,"Middle prior GPA"
59,2.80528830089342,8.54502182501357,-1.29697782666643,75.3282791091524,14.1364453510227,3.54935302738457,3.54935302738457,"Lower prior GPA"
60,3.42427627781054,7.06701148122052,-0.798918159170138,85.1238107198544,9.46558167226591,3.20377283642947,3.20377283642947,"Higher prior GPA"
61,2.94516265213303,5.90069387047087,0.496712704180573,69.4399948242259,11.5680472207842,3.45971830608352,3.45971830608352,"Lower prior GPA"
62,3.27904455830662,6.96425091366117,-0.143411335687875,87.6931657405629,8.76840377603755,3.7271184442769,3.7271184442769,"Middle prior GPA"
63,3.0366932912126,8.95280908914872,1.63395764009408,76.3185717433726,14.7527419843297,3.26014106898979,3.26014106898979,"Middle prior GPA"
64,3.06129263816053,7.9678043100253,0.824041350868161,66.3115052381501,10.7880412373264,3.63842296145786,3.63842296145786,"Middle prior GPA"
65,3.30684682512996,7.22536381461434,-1.30757734023314,79.1288497562346,7.68257318019108,3.19905570821165,3.19905570821165,"Higher prior GPA"
66,3.34506616823124,7.17772575937605,0.998428298435871,79.2240912999835,9.18715840001135,3.59279184604116,3.59279184604116,"Higher prior GPA"
67,3.54353339926364,6.09933882085025,-0.807338677687183,79.8741296174211,8.0524634286724,3.552912879314,3.552912879314,"Higher prior GPA"
68,2.97286833860504,6.84261831132314,2.23892832927229,55.6862457381726,13.6108068060442,3.22674840062047,3.22674840062047,"Middle prior GPA"
69,2.6067193818827,6.69368341173546,-1.25169849399721,78.8078348176476,13.8669872505327,2.85572129976526,2.85572129976526,"Lower prior GPA"
70,2.50547452811082,5.88593200010967,0.09564609867066,55.332397442103,15.9144403252815,2.99689838174426,2.99689838174426,"Lower prior GPA"
71,2.96571994538203,6.79811714002802,-0.313504421456546,74.0901424572541,11.7272746101507,3.40541547578693,3.40541547578693,"Middle prior GPA"
72,3.62386072417699,6.75169610224035,0.755654208531799,81.0932890784672,6.27586204780053,3.45260593107833,3.45260593107833,"Higher prior GPA"
73,2.70879359750372,7.02048268185187,0.113791214093756,68.129926525153,15.8811778388953,3.4596616812814,3.4596616812814,"Lower prior GPA"
74,3.52706421356721,7.54304850892923,-0.0659733484304567,84.2645051301056,8.04316762310248,3.40587428433665,3.40587428433665,"Higher prior GPA"
75,2.63135195914492,6.04572772718488,-1.52892453243965,75.4460044763296,12.1156623787456,2.85250257269244,2.85250257269244,"Lower prior GPA"
76,3.14137552743108,6.52592891694093,0.226521305734739,63.2786116295874,12.3658254709612,2.9154033816059,2.9154033816059,"Middle prior GPA"
77,2.48403281699922,6.87241237353424,-0.770306025640891,72.4213376584641,11.1031252550181,2.85015145073919,2.85015145073919,"Lower prior GPA"
78,3.64979006011088,7.69927334968091,0.19446427462255,74.4974322660841,9.35109534689569,4.03472632966791,4,"Higher prior GPA"
79,3.51739405242086,7.31877303361774,-0.449489106765493,82.3258604239178,6.93499651783542,3.9491148696229,3.9491148696229,"Higher prior GPA"
80,2.71600412497927,7.39745130482587,-1.36252589734267,70.7626565333874,14.2282684177791,2.47942485976646,2.47942485976646,"Lower prior GPA"
81,2.8186401310302,6.84731027254236,0.200812014724825,79.5797172054982,14.0514203861141,3.33178965303371,3.33178965303371,"Lower prior GPA"
82,2.78317038551084,6.78112995908355,0.199822945509014,71.1059006952195,12.1472982298617,3.33642749968144,3.33642749968144,"Lower prior GPA"
83,3.64675927542699,7.53530558752202,1.13452858822227,78.5078572950496,7.59254177945281,3.45460156878813,3.45460156878813,"Higher prior GPA"
84,3.3957723754872,6.25574369151299,-1.3137494439904,70.9581019965699,7.27308544259923,3.47959567498853,3.47959567498853,"Higher prior GPA"
85,3.58064506159766,7.21188292478365,-0.48496072773738,80.9983291716923,9.51121778379745,4.0161746787157,4,"Higher prior GPA"
86,2.73580237811917,6.47378838142803,-0.971169581759813,78.3675544896415,12.4171542129895,2.9728265151746,2.9728265151746,"Lower prior GPA"
87,2.66142696322837,7.50841913003844,0.898827873721621,68.4325679600321,13.5852599519894,3.02647845297201,3.02647845297201,"Lower prior GPA"
88,2.51552737802247,6.54964796815089,0.382680888785268,76.7105723210808,13.8037247415815,3.31997048915551,3.31997048915551,"Lower prior GPA"
89,2.62027408800397,8.77796525378821,-2.19219768564487,69.6090603900612,14.9769213401125,2.73169108280475,2.73169108280475,"Lower prior GPA"
90,3.62548389250801,6.1651020377378,-0.697454700068373,79.8436755272582,7.82918352173439,3.379877767494,3.379877767494,"Higher prior GPA"
91,3.58363479642563,5.81562299491043,-0.925017190119615,77.3399464079003,5.92503419548369,3.72090501895349,3.72090501895349,"Higher prior GPA"
92,2.34378194574856,6.62523479407826,0.065942612324577,56.7510717894132,17.5930508688707,2.9135816357522,2.9135816357522,"Lower prior GPA"
93,2.80653180933145,6.07164682147329,-1.69183285801566,78.4550773717212,7.77560279641347,2.73048210282321,2.73048210282321,"Lower prior GPA"
94,3.48266304354078,7.76825341118314,1.49269834214723,64.0682833633734,9.86390791236485,3.19618552875588,3.19618552875588,"Higher prior GPA"
95,2.3609724121647,6.14413694060006,-0.600100051314102,77.9528021812408,13.870155740856,2.86543838686071,2.86543838686071,"Lower prior GPA"
96,3.12268768835329,7.33164617665058,-0.874489749296292,74.6605383939621,9.56703436860516,3.44185287668005,3.44185287668005,"Middle prior GPA"
97,2.86384330578732,7.42666259813104,0.402302227079816,79.5285734767766,15.5675572489513,3.43124804006082,3.43124804006082,"Lower prior GPA"
98,2.65504222249099,5.543662546349,-1.02443899450926,64.1558036110172,15.5757207740666,3.19946184548977,3.19946184548977,"Lower prior GPA"
99,2.67374386505769,7.24098748784649,0.0505213497032653,63.563880597504,17.0060396072155,3.45275441437793,3.45275441437793,"Lower prior GPA"
100,2.21228702571531,6.81563053753783,1.27651641284213,60.5657554752305,15.0289064835502,2.45299450724102,2.45299450724102,"Lower prior GPA"
101,3.02193347018965,5.9307414642098,0.246058372984377,67.5196747606951,13.5869742754309,3.10556360572512,3.10556360572512,"Middle prior GPA"
102,2.75542212647562,8.21980123735229,-0.385390568289834,71.1105085937071,14.4799096260303,3.84389855268916,3.84389855268916,"Lower prior GPA"
103,3.73461232462913,5.9146757122519,-0.772500819127471,80.7483985239596,6.27664133325605,3.63969473775493,3.63969473775493,"Higher prior GPA"
104,2.42981675170336,6.62992020880373,-0.819482591833824,65.329855220566,13.9457197108699,3.08281511572224,3.08281511572224,"Lower prior GPA"
105,3.14836328315233,7.65373104910762,0.378641666526273,79.9335808487704,9.67745062373698,3.02794918345042,3.02794918345042,"Middle prior GPA"
106,3.23379925026651,6.95627005694724,1.73383329502862,62.6569463390654,11.5461572330202,3.09275866085096,3.09275866085096,"Middle prior GPA"
107,2.34718591948871,5.79753465493572,-0.953136269358767,66.0488523374365,17.1376512442847,2.92741317766581,2.92741317766581,"Lower prior GPA"
108,3.71372720931716,6.32169020793071,-2.40130808783853,87.8620012907135,1.81552532453301,3.03488789550727,3.03488789550727,"Higher prior GPA"
109,3.00616399160208,5.23399264945567,-2.32120724411571,76.8049606862753,12.6005785797886,2.95719607993336,2.95719607993336,"Middle prior GPA"
110,2.50164649989036,8.72412794856704,1.1416104646574,68.8752863133982,20.2884417906343,3.24408780846525,3.24408780846525,"Lower prior GPA"
111,2.64662359601627,6.83815391404186,1.75173384310496,74.687600144161,13.8982919494391,3.16462253640141,3.16462253640141,"Lower prior GPA"
112,3.12096828340159,6.9439710477431,-2.18648765770432,85.8074870319982,6.7087344840834,3.28128196096602,3.28128196096602,"Middle prior GPA"
113,3.5876094333448,7.44614130752459,-1.23682940828067,74.1549610262428,6.43336285683837,3.50991645185577,3.50991645185577,"Higher prior GPA"
114,3.56305590289489,6.68621830396517,-0.463421910176711,79.5132331697518,6.96452093120615,3.25901927625719,3.25901927625719,"Higher prior GPA"
115,2.52471069291711,7.45256239090261,0.0103477680932684,68.4292906770222,15.3482569689282,3.12894586862429,3.12894586862429,"Lower prior GPA"
116,2.84346468204555,5.91727017250882,-0.280372665708251,75.1240172635461,13.1477704981991,3.0184364227554,3.0184364227554,"Lower prior GPA"
117,3.17706235463779,8.05824267121966,0.0957950188965986,70.4545993992203,10.7010711200429,3.36638624476092,3.36638624476092,"Middle prior GPA"
118,2.91718858145128,6.71756846719043,-0.873520766220181,86.9773529510089,10.9677187374336,3.56333644416133,3.56333644416133,"Lower prior GPA"
119,3.39104251357708,7.15587735609551,1.56017655823746,74.1546629452487,10.5804695126291,3.53813530119687,3.53813530119687,"Higher prior GPA"
120,3.10854213904645,9,-0.757935656524136,89.8046080303832,11.6837567178411,3.29732873006804,3.29732873006804,"Middle prior GPA"
121,2.88718743204994,8.05873553078025,2.02144196478606,78.3585932110313,15.8666946366398,3.26370515588237,3.26370515588237,"Lower prior GPA"
122,2.53562985494638,6.66656350702556,-0.127129296850216,74.8926346032323,13.0721101977637,3.06971334080525,3.06971334080525,"Lower prior GPA"
123,3.51629762710364,6.86021846025135,-0.134366478955728,78.6114849880478,8.54917051319203,3.50796213310518,3.50796213310518,"Higher prior GPA"
124,3.06962945797866,6.88335238296499,-1.72483853360691,76.9492512984326,13.6212804024222,3.44298684091058,3.44298684091058,"Middle prior GPA"
125,2.56616856775965,6.57189196968024,0.780291304980928,75.2604907729859,14.7111798874361,3.39581066124449,3.39581066124449,"Lower prior GPA"
126,3.2704092170113,8.05428842860571,0.912921186475912,65.7977794812519,10.5126752276108,3.21151120504906,3.21151120504906,"Middle prior GPA"
127,2.4541301270447,6.8671129705198,0.58296495348641,55,14.8031823528001,2.87577604041736,2.87577604041736,"Lower prior GPA"
128,3.07692238984536,6.73289386691253,-0.40252936499886,58.0923805505557,11.1256149045556,3.25620468579846,3.25620468579846,"Middle prior GPA"
129,2.70258664150191,8.04391617201275,-0.839300489704606,79.8210295006933,12.1872452111764,3.15776107969558,3.15776107969558,"Lower prior GPA"
130,2.96193656254257,7.4054865738466,-0.708368948948431,68.5060923041374,11.7734150426232,3.43548358261817,3.43548358261817,"Middle prior GPA"
131,3.29120123441102,6.99319445311447,-0.567324075864427,67.6238443732057,8.74875372157738,3.13650387997086,3.13650387997086,"Middle prior GPA"
132,2.39557553566936,5.95390721898591,-0.000935665385249533,74.2836054035164,19.3499075637129,3.20799429261286,3.20799429261286,"Lower prior GPA"
133,2.77284059890938,7.40798978526317,-0.249569476203464,80.8218384434435,11.8126848043401,4.02062707121195,4,"Lower prior GPA"
134,2.99010479566278,7.3581677444888,0.785892711811045,69.4803326509265,15.3092769644935,3.79490988883338,3.79490988883338,"Middle prior GPA"
135,3.35141113776251,6.49161645131257,1.07336115337847,65.9743616362372,10.5273568807769,3.71624927566053,3.71624927566053,"Higher prior GPA"
136,3.84291655442207,5.78966664714872,-1.55486355499516,82.1125401760271,5.2872963496342,3.14117217031916,3.14117217031916,"Higher prior GPA"
137,2.68919404526165,7.26779940083881,1.14804302816889,70.5243716289699,13.4347671406662,3.46972760444163,3.46972760444163,"Lower prior GPA"
138,3.2369985835193,5.57635283093147,-0.464225519860462,84.7984217893315,12.7634130872809,3.68446723347892,3.68446723347892,"Middle prior GPA"
139,3.28446670696198,7.98651793563316,-1.14640276494772,74.8815213839854,8.39109555659247,3.52065092595094,3.52065092595094,"Middle prior GPA"
140,2.99852966460017,7.45648005919452,1.14234730334019,79.0765840521317,12.0274799794968,2.94669884412749,2.94669884412749,"Middle prior GPA"
141,2.82273609115208,5.69898461345075,0.0905741613166789,63.1062806506189,12.7953954094056,2.93530497872729,2.93530497872729,"Lower prior GPA"
142,2.98608525982206,5.63719389485354,0.285267893909703,70.227695478305,13.1855294595844,3.18307509563851,3.18307509563851,"Middle prior GPA"
143,2.87277037923277,6.13314335067417,0.280107693273452,59.6078327959407,13.5877829622807,3.40965256696194,3.40965256696194,"Lower prior GPA"
144,3.72500807033499,7.37969662546147,-0.869068789462032,88.5978869190114,4.79892224134047,3.90678663780522,3.90678663780522,"Higher prior GPA"
145,3.39733831204185,7.91450212092132,-2.35476604091013,78.0448494469351,7.60477541170663,2.97464725395425,2.97464725395425,"Higher prior GPA"
146,3.67180460757257,7.50709142063369,-0.2018333962915,83.8687076682708,7.7360507582795,3.62317532340495,3.62317532340495,"Higher prior GPA"
147,2.42496033694495,7.87521589197767,-1.18849205263146,84.6896418674165,17.3038333891184,3.44675656322204,3.44675656322204,"Lower prior GPA"
148,2.32830384901694,6.69255271859442,-0.137454891012988,79.7997148555209,17.3599707840149,3.18341273579336,3.18341273579336,"Lower prior GPA"
149,3.46634700373612,6.81906668486575,1.07090663996082,76.3070913949181,7.80172144828258,3.75927490065435,3.75927490065435,"Higher prior GPA"
150,3.21689602707847,7.0385299370107,0.548804617200047,77.3143844702011,12.2153883398966,3.70681973549827,3.70681973549827,"Middle prior GPA"
151,3.14071782734635,8.01346265394239,-0.213493065233684,69.1370562019927,12.6395794096802,3.49220323864572,3.49220323864572,"Middle prior GPA"
152,3.35034895243196,7.44600657508706,1.2938105676651,82.3487307851818,8.86713735144665,3.29226032812792,3.29226032812792,"Higher prior GPA"
153,3.62459539034798,6.92816383087433,-1.17890712153541,75.9550438829504,5.2189583821695,3.47256110398973,3.47256110398973,"Higher prior GPA"
154,3.3438323214274,6.84604259303201,0.310673153012247,79.6626950605517,9.38685965831092,3.85993108419544,3.85993108419544,"Higher prior GPA"
155,3.21606430004341,8.24029093115571,0.681079804200887,76.6895372166458,12.184659113803,3.65110373071281,3.65110373071281,"Middle prior GPA"
156,2.4678788106425,7.19384498144326,1.92836410723445,59.5591430333672,17.0828961893969,2.86380697638188,2.86380697638188,"Lower prior GPA"
157,2.69296183177407,7.21457077500899,-1.38147954734178,72.7690647242579,12.4555030922241,3.34606737505968,3.34606737505968,"Lower prior GPA"
158,3.07347459369351,6.66936403966839,2.32318447224785,76.3862830444739,10.676372566246,3.34869399977223,3.34869399977223,"Middle prior GPA"
159,3.17659158950726,8.07084289985097,-2.26680930241625,88.0076869004954,7.86707714749745,3.02626687951215,3.02626687951215,"Middle prior GPA"
160,3.48128722831485,6.89167129425923,-1.95375572791006,84.4149455763501,7.18775473758915,3.50877681422641,3.50877681422641,"Higher prior GPA"
161,2.53190768766717,6.55851718942656,0.753577129871539,65.005969264427,13.9554000807225,2.70558855330347,2.70558855330347,"Lower prior GPA"
162,3.26120410074428,6.38484762726499,-0.510550162485451,91.7796503145287,8.8624576226413,3.77094934005378,3.77094934005378,"Middle prior GPA"
163,3.5124618167785,8.9522021665509,-1.29826822459133,73.1858456965369,15.2091723432873,4.03731263548489,4,"Higher prior GPA"
164,3.64107663742937,7.31158856688045,-1.57696031819989,93.1808710080733,6.54159351551432,3.06612188027999,3.06612188027999,"Higher prior GPA"
165,2.63713172273391,6.27176562097192,-0.970888980016897,78.0827407062177,12.810505984367,3.12519051539212,3.12519051539212,"Lower prior GPA"
166,2.72647550021883,5.16376860220964,0.206537945298787,67.594616578917,15.023405592187,3.44729193324625,3.44729193324625,"Lower prior GPA"
167,3.63352343543684,6.88989767470951,1.04221337553175,78.7209035447663,5.93292857031407,3.36965605783293,3.36965605783293,"Higher prior GPA"
168,3.57090806204081,7.81519177001155,-1.4080345224848,84.8269069080695,7.23333223059378,3.75540788764911,3.75540788764911,"Higher prior GPA"
169,3.21200116587442,7.46068158141361,-0.332733048174848,82.3338019855977,10.4367440967122,3.6489771376658,3.6489771376658,"Middle prior GPA"
170,3.42281666072942,8.72248366275827,0.310152153249715,76.4902118036618,12.9481165377862,4.19045550891814,4,"Higher prior GPA"
171,3.82959044782418,7.14747074699966,-0.0581553169375442,84.5098795586633,6.60394318179228,3.7012906835791,3.7012906835791,"Higher prior GPA"
172,3.16018585371688,7.339538637741,-1.02902356615851,75.3764009357389,8.23894018311829,3.71273658375758,3.71273658375758,"Middle prior GPA"
173,3.23720548217619,7.55841910811866,-2.08509705968699,86.5497113393311,5.97037007884124,2.86757889854194,2.86757889854194,"Middle prior GPA"
174,3.09057558199654,7.20251033561318,-0.369624331168718,69.0721453252228,9.2305719993116,3.04758084203925,3.04758084203925,"Middle prior GPA"
175,2.84853327713003,8.09255800915725,0.111988123201394,55.0978558988617,13.0351034466628,3.33052902635366,3.33052902635366,"Lower prior GPA"
176,3.94816148871156,6.9546114137206,-2.85279290570019,93.4745270389598,1,3.03065215743463,3.03065215743463,"Higher prior GPA"
177,3.56286046474834,6.84783209406882,-1.02023129080277,83.5489909965075,7.83698810551049,3.65849261877771,3.65849261877771,"Higher prior GPA"
178,3.55962785948881,6.09309904627805,-0.357672970698554,76.5212911255825,10.6751625387245,3.26775014592304,3.26775014592304,"Higher prior GPA"
179,3.06359306941327,6.94579585375563,-1.32163868954377,86.703804120573,8.79230940776086,3.58554951029074,3.58554951029074,"Middle prior GPA"
180,2.96631332577257,6.46367585171709,-0.172754310284918,75.2331591297491,10.9813484560214,3.23775326743982,3.23775326743982,"Middle prior GPA"
181,2.49311834531928,6.32791139717314,-2.27920090962537,64.574784199757,16.5758128732298,3.04759801653745,3.04759801653745,"Lower prior GPA"
182,2.47938235676657,7.52481418652058,-0.157624826067272,57.6508837647522,12.3558641238346,2.41353823900681,2.41353823900681,"Lower prior GPA"
183,3.44253946783576,7.51753412708063,0.199617183635231,77.2541368899988,13.3335124385618,4.20008605633837,4,"Higher prior GPA"
184,3.28812164459842,7.23058404089339,0.485669235058937,76.6713629711597,9.66798545687306,3.57712982897148,3.57712982897148,"Middle prior GPA"
185,3.29274567955442,7.53075285975446,-0.0007712856214206,80.4454245118858,10.8429599931192,3.62431641403035,3.62431641403035,"Middle prior GPA"
186,3.53655573466956,7.33365234989186,0.0290242641257036,77.0671519951253,7.438882581922,4.08289382155332,4,"Higher prior GPA"
187,3.13691045056599,6.41184401035047,-0.7676476600373,77.5475208224953,9.95178950889308,3.47352032352603,3.47352032352603,"Middle prior GPA"
188,2.96239114780538,6.25565138830307,0.259787326340769,70.771059760677,11.1827985720198,3.15166158064234,3.15166158064234,"Middle prior GPA"
189,2.86573574834845,6.6607118856511,-0.253954372717612,72.1256383766365,15.6077952706591,3.57677967047933,3.57677967047933,"Lower prior GPA"
190,2.72647609877208,7.98611473568595,0.312191804079811,68.343666425461,15.8617527068691,3.34765767205975,3.34765767205975,"Lower prior GPA"
191,3.16024782855707,6.09551587424096,-0.434558155463824,80.2052287438101,11.0023446354398,3.38360308936028,3.38360308936028,"Middle prior GPA"
192,2.48332978969829,8.25421173144393,-0.692250185795109,60.0266900825322,16.3822342792085,3.58170506519401,3.58170506519401,"Lower prior GPA"
193,3.39859161937745,6.12494138447694,-2.02464088982355,85.6420671780067,5.35336421752692,2.28597026364098,2.28597026364098,"Higher prior GPA"
194,3.59593164366519,6.43702662529388,0.195876538507988,66.3900538315568,6.52898816552121,3.44690130924297,3.44690130924297,"Higher prior GPA"
195,3.77568969482354,7.86515602496117,0.533513172361017,76.7614234775701,5.88533539544535,3.83945325551937,3.83945325551937,"Higher prior GPA"
196,3.09097682901163,6.78253459729072,-0.113127024473436,68.8232192624132,11.0743043957382,3.24808017002213,3.24808017002213,"Middle prior GPA"
197,3.01643185471193,6.23447723748143,-0.584150854247127,72.6372618296951,9.96930414024933,3.30443120314291,3.30443120314291,"Middle prior GPA"
198,2.7634376293804,7.22827235541778,-1.1908250437963,79.774756103417,13.9175477952121,3.4677438653681,3.4677438653681,"Lower prior GPA"
199,3.1364320781121,8.27967124969562,-0.901143012394894,72.4272391374117,10.190547337018,3.76696888225369,3.76696888225369,"Middle prior GPA"
200,2.68198438623743,7.62169978425167,0.753579804928392,69.3465635927669,13.9363009366191,3.26041756907311,3.26041756907311,"Lower prior GPA"
201,3.08971294948781,7.25038742295498,-2.57992168911376,85.0789412146129,6.9445687380213,2.71523836401025,2.71523836401025,"Middle prior GPA"
202,3.25407679420137,7.02008433252016,1.35587292171322,76.6202124128297,13.3607200679382,3.21705653203414,3.21705653203414,"Middle prior GPA"
203,3.53734964148124,6.45897272600622,-0.679880109081999,86.0740140049625,8.71616778131364,3.95355898903674,3.95355898903674,"Higher prior GPA"
204,3.59968973972751,6.60254374594757,-0.646000875129109,83.0877046539906,6.67281514622567,3.61472249115573,3.61472249115573,"Higher prior GPA"
205,3.15236226801703,6.99687709197049,0.988515060206961,70.3501904745872,13.5224339125608,3.43760311883213,3.43760311883213,"Middle prior GPA"
206,2.98565901361798,8.31446611305874,0.2011248633785,78.9408580723593,12.6279421373916,3.56203283301584,3.56203283301584,"Middle prior GPA"
207,3.19584361180957,6.82193051635875,-0.705877652593247,75.946946220969,8.76821815548862,3.74251807132176,3.74251807132176,"Middle prior GPA"
208,3.41104645436382,7.73029240756444,-0.940024582956312,86.1027875613871,7.48104770254976,3.42803523214414,3.42803523214414,"Higher prior GPA"
209,2.95828973825462,7.67496949612203,-1.23707518133332,80.2324801016925,9.79275252699109,3.23374803812097,3.23374803812097,"Middle prior GPA"
210,3.70404855099671,7.45484034178644,0.101520471695422,70.0825422808572,5.49779205352143,3.6929713832735,3.6929713832735,"Higher prior GPA"
211,3.25809020927838,6.33869968381629,0.687090748736885,78.3554359568534,10.3331848287192,3.24851286647602,3.24851286647602,"Middle prior GPA"
212,2.43503951013821,5.93231760024761,1.29791556612986,57.2576779839,19.6380793075805,3.33803818980279,3.33803818980279,"Lower prior GPA"
213,3.6911638874009,6.92668018241072,-1.00690572708106,73.7018148767261,7.14456536093669,3.56310826084808,3.56310826084808,"Higher prior GPA"
214,3.45694477816765,7.19822843293095,0.3512567123433,79.0231666501518,8.62921535374433,3.5846566470721,3.5846566470721,"Higher prior GPA"
215,2.70928631826234,5.64125840521827,0.348388799550963,65.9080784539494,13.8808849678524,2.7356047948572,2.7356047948572,"Lower prior GPA"
216,2.84758583499812,7.02638295416176,-0.4822080844682,88.081296025598,11.5327950444992,3.2355411796012,3.2355411796012,"Lower prior GPA"
217,3.34400924145942,5.94722490650428,-0.157448444110551,74.4489107320945,11.072982044791,3.18244091593308,3.18244091593308,"Higher prior GPA"
218,3.26337252193379,6.54737035221176,-0.346439810232124,78.8382033434294,10.7540553038174,3.979582946643,3.979582946643,"Middle prior GPA"
219,3.00422411747165,6.31962869058248,1.4618258997662,64.6481562431316,14.7535723418369,3.32191557666279,3.32191557666279,"Middle prior GPA"
220,3.28773136402404,5.81950953469116,-0.122406822639003,74.8825250687777,7.05076157271901,3.6056134029669,3.6056134029669,"Middle prior GPA"
221,2.92795272055175,7.62983478635811,-2.71950403342048,72.4170677427565,10.1271318564492,2.84039489683884,2.84039489683884,"Lower prior GPA"
222,3.31796488879487,6.25653637751417,-0.813787204787931,71.616734066904,10.3641388105615,3.20544559676693,3.20544559676693,"Higher prior GPA"
223,2.69346746853748,7.24778716252871,-0.216525644423763,72.8729240161365,17.0399959952477,3.39712498586192,3.39712498586192,"Lower prior GPA"
224,3.71755970981814,7.34429210610239,-0.513383838661921,78.4094654927414,6.20175948777593,3.83305218357639,3.83305218357639,"Higher prior GPA"
225,2.96058305135435,7.21404487637971,0.0245316634487099,75.4968145841145,12.1371633068076,3.08633307431035,3.08633307431035,"Middle prior GPA"
226,2.53593039180875,6.7608570847442,-0.183647460024408,68.1804286712518,16.1010812057907,3.34418776520162,3.34418776520162,"Lower prior GPA"
227,2.91027742177374,7.58844902222654,0.964472921561757,75.043703232963,14.2107140734178,3.25279561738551,3.25279561738551,"Lower prior GPA"
228,3.19268722130232,6.96141382878765,0.98325137791232,78.1808596393724,8.52549775033916,2.98836510263869,2.98836510263869,"Middle prior GPA"
229,3.62675959201463,6.65450142995305,-0.601568551090024,79.6952819811536,7.4242865890821,3.7236723121182,3.7236723121182,"Higher prior GPA"
230,2.86542295562297,6.12782205898042,-0.708478923625281,70.2544126465154,10.1034699056799,3.04066954166002,3.04066954166002,"Lower prior GPA"
231,2.77085084208822,5.34104565867069,0.0944114061091111,74.0103718273786,14.3157954021107,2.46363917753283,2.46363917753283,"Lower prior GPA"
232,3.40879604947784,6.78055390374923,-0.810232388059191,71.584996984718,8.75207511639413,3.33574372283624,3.33574372283624,"Higher prior GPA"
233,3.1813642860826,6.60080224063025,-2.11468365699643,67.85581807085,9.47146302277728,2.97590157540027,2.97590157540027,"Middle prior GPA"
234,3.20771510717063,6.56110831254955,0.0952034730843265,83.4040825368052,10.3075017999699,3.56315084822017,3.56315084822017,"Middle prior GPA"
235,3.03526498396834,6.49302915921363,-1.77576081407839,80.2139640581702,9.45110170294028,3.10818056666043,3.10818056666043,"Middle prior GPA"
236,3.51684932728899,5.59756453293859,-0.0552986456575028,80.8242303297676,7.48700904024717,3.4064819482614,3.4064819482614,"Higher prior GPA"
237,2.59837112447564,6.53877909822386,-0.978302423898293,73.6559306882994,16.8238985268084,2.64731225295454,2.64731225295454,"Lower prior GPA"
238,3.01200392000563,7.2224333688852,-1.01035212349363,82.0437782565697,8.45783292626192,2.94306735902944,2.94306735902944,"Middle prior GPA"
239,3.37869528681811,6.71756736477025,0.557707670725474,80.5650490863102,11.6879085053875,4.01932113206337,4,"Higher prior GPA"
240,3.41001665970566,7.89531437441678,0.0748485373973791,80.3858148867103,8.79394293335197,3.43100857575546,3.43100857575546,"Higher prior GPA"
241,2.52596667895844,5.84505648189302,-0.990777781624045,76.5448824046367,13.1230687019405,3.20106807066806,3.20106807066806,"Lower prior GPA"
242,3.86660601576441,6.23443084334118,-1.50367638032673,77.0036897663646,5.31971702645522,3.0545234466992,3.0545234466992,"Higher prior GPA"
243,2.87369628055782,6.17511031498298,1.41934617736458,79.350780747696,13.6333918528525,3.27730046398184,3.27730046398184,"Lower prior GPA"
244,2.97875398556358,8.01668621213316,1.40376077451854,68.4922187740632,16.4807274075369,3.52063073543026,3.52063073543026,"Middle prior GPA"
245,2.41504589909825,6.88952147889419,1.02380450886632,72.985795751567,16.0141939753421,3.28554852160776,3.28554852160776,"Lower prior GPA"
246,3.18306286071387,6.59544026938852,-0.551160839763169,78.3537355164372,9.92946103273256,3.78371398177916,3.78371398177916,"Middle prior GPA"
247,3.12301085700064,7.35051450221114,-0.558237357376748,74.6884006742613,8.44396511893438,3.48280087227967,3.48280087227967,"Middle prior GPA"
248,3.04403586484466,7.08604874970954,1.31257041172155,70.1195666441387,15.7287838252897,3.78795973603869,3.78795973603869,"Middle prior GPA"
249,3.49449594150008,5.36800711327445,-0.314415959909021,79.4060351200993,12.525581616098,3.9700026176269,3.9700026176269,"Higher prior GPA"
250,2.60221960112246,6.90145591553264,0.683423303080391,70.786715489208,15.5443152716422,3.51843963835682,3.51843963835682,"Lower prior GPA"
251,3.51978726098368,6.0384284663657,1.96859133771024,72.6314953315168,10.9867125958877,3.61755345146261,3.61755345146261,"Higher prior GPA"
252,3.89951691323592,7.27165150427439,-1.00059333934127,83.2833949359845,4.72457612908944,3.74037779590752,3.74037779590752,"Higher prior GPA"
253,3.12860552730305,6.2299564269718,0.194578608670269,71.4922235793419,10.5245142208474,3.47538910729464,3.47538910729464,"Middle prior GPA"
254,3.26001998646077,7.4328205366638,-2.7977340600616,77.3618567565844,4.69424790216747,2.70965182802292,2.70965182802292,"Middle prior GPA"
255,2.94153016700142,6.9518279444116,-1.58701939012121,65.7869230429472,10.2328179945574,3.34255198670354,3.34255198670354,"Lower prior GPA"
256,3.29723355691501,7.79881990320368,0.505043650282983,72.8193966336895,10.8923722408153,3.44545059041898,3.44545059041898,"Middle prior GPA"
257,2.58591088004758,5.32831088515996,0.604892969369068,67.9073274786055,16.3221164261566,2.58834977087827,2.58834977087827,"Lower prior GPA"
258,2.52072718441943,6.66181526978173,0.709591641800492,62.8708107027494,16.8401501934925,3.13201517768238,3.13201517768238,"Lower prior GPA"
259,3.26773129386227,6.61637122758099,0.487670469362318,85.5005965417126,5.6491898596862,2.96719818713107,2.96719818713107,"Middle prior GPA"
260,3.52241231339471,6.59609750640964,0.607969458912667,76.6798724837163,10.4132709873208,3.24255567354351,3.24255567354351,"Higher prior GPA"
261,2.94692055324797,8.89343153592435,1.36533579729143,71.9320496090464,19.0304207213266,3.65802091343108,3.65802091343108,"Lower prior GPA"
262,3.38637162033051,7.37287793813746,1.63698579520004,78.5622373194209,8.51547854889807,3.65418039662989,3.65418039662989,"Higher prior GPA"
263,3.24861510526657,6.63848806462105,-0.211922117939442,71.1167893307049,10.4207592580889,3.19978630561334,3.19978630561334,"Middle prior GPA"
264,2.68113011119996,6.55699948786443,0.606855496276084,72.8799576880177,17.1890226555156,3.2300717492773,3.2300717492773,"Lower prior GPA"
265,3.2563822476014,7.09268166432001,-0.843088744153215,78.8898029267134,7.98419247524747,3.38111269801422,3.38111269801422,"Middle prior GPA"
266,3.41084754345178,7.7032495633053,0.718391585589389,68.0971006485369,8.93960049729625,3.4987639393546,3.4987639393546,"Higher prior GPA"
267,3.32671592227726,7.81448419476958,-1.63973241886575,71.3100887431695,10.8326249655013,3.92086608271561,3.92086608271561,"Higher prior GPA"
268,3.33325963496624,8.32883879901189,0.710249780374076,67.5122010905371,8.82169448032521,3.31596503682519,3.31596503682519,"Higher prior GPA"
269,2.83461761485313,6.95732643832164,-1.203262872214,81.7665426329905,12.0652389355266,2.71395779490786,2.71395779490786,"Lower prior GPA"
270,2.95533813131226,8.77257810147659,0.016925248340539,60.7282630241196,15.4202654980577,3.27870962093505,3.27870962093505,"Middle prior GPA"
271,2.8654692569082,8.14044942284134,1.59233554109786,61.1578213445068,11.6162925391919,2.94105051767485,2.94105051767485,"Lower prior GPA"
272,3.31884122529587,6.9564008075778,1.22072398381294,73.7830317551171,9.9339433240438,3.68196766230558,3.68196766230558,"Higher prior GPA"
273,3.08816187054336,7.07936900300819,1.20483831027537,77.1717747775992,9.57682564407582,2.96518643301735,2.96518643301735,"Middle prior GPA"
274,2.14425849527183,8.07356635570405,-0.683433822697491,65.5914569956241,14.917320842302,2.55506679751816,2.55506679751816,"Lower prior GPA"
275,2.90010258992684,7.21891419459348,0.16118459326102,78.4769363399355,9.88972878616687,3.47465922409346,3.47465922409346,"Lower prior GPA"
276,2.7509921536196,5.03154890497984,-0.344079843062615,75.6780885242868,17.115665762876,3.19537190118901,3.19537190118901,"Lower prior GPA"
277,3.52190913162183,7.09602206022744,2.24034300439579,78.2021956265245,11.0807903912723,3.47253093961686,3.47253093961686,"Higher prior GPA"
278,3.01331481905192,7.29631619364006,0.409288673859111,68.2111921446252,13.3592680944542,3.4644506914712,3.4644506914712,"Middle prior GPA"
279,2.67924167460545,7.7825426598873,0.95507676772764,68.9977089964711,16.3301301854399,3.72065997128913,3.72065997128913,"Lower prior GPA"
280,2.43553193178517,7.7472778444937,0.21474162685332,71.8462221357036,15.8405890932441,3.13359030204929,3.13359030204929,"Lower prior GPA"
281,2.90396441471765,8.22430519381772,0.48783357429227,63.8284507031813,13.3281485881832,3.76265822816265,3.76265822816265,"Lower prior GPA"
282,3.20192576678072,7.30858833898314,-0.142222199380333,74.0510517881924,12.9208417303025,3.88683938411963,3.88683938411963,"Middle prior GPA"
283,2.94597397108992,8.50337044227232,0.186310909261154,73.1196192891276,14.0080577506179,3.64916524669496,3.64916524669496,"Lower prior GPA"
284,3.08203814654107,7.51118434767789,-0.401276350531177,88.6046973728033,10.1991650064921,3.43171386206823,3.43171386206823,"Middle prior GPA"
285,2.75465457849661,5.9994112496731,0.0483931824928447,82.8678762394226,12.7266787512075,3.19709962365793,3.19709962365793,"Lower prior GPA"
286,3.15666592126298,5.83358955787133,-0.516080081716455,69.8804788923967,12.9397824891411,3.43660753250558,3.43660753250558,"Middle prior GPA"
287,3.34262047166642,8.04426918055534,1.08031209779287,63.4501112262912,9.3727690611663,3.22632264318693,3.22632264318693,"Higher prior GPA"
288,3.526269321421,5.37804419044032,0.511298060844334,74.394646345103,10.8346821404732,3.87117010849531,3.87117010849531,"Higher prior GPA"
289,3.56863727714575,7.328451538038,0.150291391935529,75.2993094024397,10.2149909109861,3.66064240124244,3.66064240124244,"Higher prior GPA"
290,3.18380804477914,5.87600078009427,0.334375868352184,76.1516386208343,10.2720787962077,2.9290823728354,2.9290823728354,"Middle prior GPA"
291,3.40049152305894,6.68961091783196,-0.224761102929932,83.4048602450252,7.12721823906018,3.42575108154086,3.42575108154086,"Higher prior GPA"
292,3.1908738695857,7.86282913834311,0.726053752871805,81.03838751357,11.8492171201599,3.97829164172371,3.97829164172371,"Middle prior GPA"
293,2.58235761380804,6.95002625266009,0.305107477694704,71.5668907254783,13.2653366740595,3.25374625345011,3.25374625345011,"Lower prior GPA"
294,3.25543632763371,6.74323915905349,1.0616050327253,74.9631889422544,11.273646442773,3.53719313859938,3.53719313859938,"Middle prior GPA"
295,3.62680890385822,6.61000077604554,-0.251931789891189,85.0057133755971,5.88310689561972,3.56468246299059,3.56468246299059,"Higher prior GPA"
296,2.93402296172754,6.09624250024395,-1.21352924836804,77.1239456510833,7.70345712781494,2.69518747989052,2.69518747989052,"Lower prior GPA"
297,2.57185655243569,6.7932185918814,-0.438462936445372,68.4901951076246,13.360807917146,3.04581672150059,3.04581672150059,"Lower prior GPA"
298,3.29586859631148,6.33420834858608,0.312414095387061,70.0200014780739,10.3195438737182,3.15851345623228,3.15851345623228,"Middle prior GPA"
299,3.32058812100601,6.38379331752812,0.54644539187868,75.2730201649332,9.01097393537106,3.24116040190242,3.24116040190242,"Higher prior GPA"
300,3.54894245623069,6.99026819299619,0.450822407699466,79.7619096501979,7.44705182194769,3.49740787216077,3.49740787216077,"Higher prior GPA"
301,3.16770949559459,6.04823688778206,-1.12504607373618,67.7840219633759,11.5027964154547,3.11054193091295,3.11054193091295,"Middle prior GPA"
302,3.10153578059021,6.4365084005289,0.900031412442277,59.5869971653854,11.5818660739195,3.41219789374885,3.41219789374885,"Middle prior GPA"
303,2.93723581967201,7.50614608452095,-1.28345173416937,81.764260781551,12.2891563103155,3.43506319366654,3.43506319366654,"Lower prior GPA"
304,2.88049680438469,6.79809528735566,0.369881059824969,70.6245036265321,11.4451358402664,2.94107451886056,2.94107451886056,"Lower prior GPA"
305,2.90347610007576,6.27459045002452,2.58737276735231,72.4657947836849,14.4838963328803,3.28665269648995,3.28665269648995,"Lower prior GPA"
306,2.1086883531792,7.9559404817416,0.529746460237701,57.0790059484724,20.6607957996017,2.65417558406391,2.65417558406391,"Lower prior GPA"
307,2.8977246841099,7.03659768606383,-0.567518619532103,73.0173205991708,11.5889325293603,3.29999238052172,3.29999238052172,"Lower prior GPA"
308,2.99350890066938,5.71407199536634,1.32668833960373,74.4064224976847,15.3509301280833,3.11202989451811,3.11202989451811,"Middle prior GPA"
309,3.14452584203607,6.98947974585624,0.57516234264508,75.7825959301618,7.99268324456429,3.11215028048871,3.11215028048871,"Middle prior GPA"
310,3.07047738616402,4.74866907719824,1.62441985119695,63.5961881440816,17.7401771744381,3.78627827467937,3.78627827467937,"Middle prior GPA"
311,3.45900844222875,6.77524962583494,-1.84171035748865,81.5477389441163,6.10148769503022,3.06679656227561,3.06679656227561,"Higher prior GPA"
312,3.24284542312244,8.24181052195381,-0.484979712509391,86.0136170023897,8.41811066247629,3.13605889755652,3.13605889755652,"Middle prior GPA"
313,2.80452995565971,6.17429054292134,-0.245390911912596,66.574705778205,12.2329716744947,3.13584090695004,3.13584090695004,"Lower prior GPA"
314,3.46756969147098,7.81844673321299,0.356151594053306,79.0024192132683,8.33119408178653,3.87889197344486,3.87889197344486,"Higher prior GPA"
315,2.56755394329662,7.69199250777728,-0.552963310512302,75.9205947998769,13.0431337457291,2.65577503037204,2.65577503037204,"Lower prior GPA"
316,3.2216896785677,6.92690061403412,-0.593986316105678,72.7091154329045,10.2788271728883,3.21219238399274,3.21219238399274,"Middle prior GPA"
317,3.319967451426,7.23302979737817,-0.121793412544378,74.3412431125162,8.27288409530085,3.32262159444967,3.32262159444967,"Higher prior GPA"
318,3.37961467308781,7.17331596255312,-0.886991901734665,69.0992927272087,7.50778134941256,3.6790658073616,3.6790658073616,"Higher prior GPA"
319,3.11829254388685,7.16128052102945,-0.48004353505199,71.972641243804,10.6095646489198,3.31566447276604,3.31566447276604,"Middle prior GPA"
320,3.48078639465826,5.79800752296048,-0.107399640204389,86.9194871109507,10.6875385625065,4.21800497020517,4,"Higher prior GPA"
321,3.06272753143097,6.66121925736796,-0.54092651405328,76.7298979434867,10.2121438286777,2.72620400145019,2.72620400145019,"Middle prior GPA"
322,3.06978664010149,8.20496850911218,0.52932432429799,55,10.1063219230589,3.2601390500449,3.2601390500449,"Middle prior GPA"
323,3.15656213953291,7.30189233032823,0.826767249509078,78.1726606926287,12.2706733994636,3.33716346147148,3.33716346147148,"Middle prior GPA"
324,3.67666693157024,8.13245337678756,-0.101914457940383,76.2291481364053,8.16108290051616,3.18568251682166,3.18568251682166,"Higher prior GPA"
325,3.08929723710216,6.77927234537061,1.62810686419225,72.4972372635813,14.9132422917057,3.62289093331756,3.62289093331756,"Middle prior GPA"
326,3.4708051700981,7.67352877265218,-0.312634806476977,82.4909775232495,5.4564477919666,3.25053356808808,3.25053356808808,"Higher prior GPA"
327,3.13783617788605,7.69538990002821,-0.0703243036484214,78.2665216085414,10.0778104007208,3.47698397245585,3.47698397245585,"Middle prior GPA"
328,3.17721120526741,6.9482868284394,0.33587033169999,83.4122747741139,11.9684061194171,3.99467139117695,3.99467139117695,"Middle prior GPA"
329,3.78002742145193,5.93100696162824,-1.36149372710465,84.6514268882078,7.31275476796569,3.56234267263851,3.56234267263851,"Higher prior GPA"
330,3.21972106433558,6.88592154112462,-1.07474049597019,67.7039183273939,11.8593039230822,3.49998025333911,3.49998025333911,"Middle prior GPA"
331,3.12948450944958,8.87820322824608,0.432381573823379,62.3846735013998,11.4729453731823,3.93845172213634,3.93845172213634,"Middle prior GPA"
332,3.05867352342585,6.22109348932404,-0.109657597134362,70.2064012891869,9.7786597119897,3.22243348265827,3.22243348265827,"Middle prior GPA"
333,3.66929793243253,6.42415581057992,-0.516339601938122,75.4056014779891,7.62523843428541,3.63020658868789,3.63020658868789,"Higher prior GPA"
334,3.00148291550626,7.81948569691132,-0.623967060197948,77.5781907807132,10.939663737389,3.63682192972726,3.63682192972726,"Middle prior GPA"
335,3.5229260559363,6.60330247284362,-0.12445249304775,74.7550285214722,7.91328677771272,3.14536216896608,3.14536216896608,"Higher prior GPA"
336,3.79835965332218,8.24663547453462,2.17584273577263,61.6942850577603,10.2087859384335,3.61213506690426,3.61213506690426,"Higher prior GPA"
337,3.6564490602207,7.415171866126,1.88158846487968,79.2188061442669,6.97689781701627,3.48980364118134,3.48980364118134,"Higher prior GPA"
338,3.70047563624054,7.17390510222804,0.521163902873332,77.3263426130836,7.45543538565997,3.75427152369816,3.75427152369816,"Higher prior GPA"
339,3.02138955254362,6.73367428550093,-1.61428925876571,64.89499369483,9.43547005146104,2.77985195744836,2.77985195744836,"Middle prior GPA"
340,3.13176697939557,6.98238257592763,0.897997471932032,75.4300622201934,11.443975600976,3.59545233856895,3.59545233856895,"Middle prior GPA"
341,3.60287542477153,6.58704490967832,-0.424360818311246,87.267115073785,7.72289229604357,3.8389768547515,3.8389768547515,"Higher prior GPA"
342,2.86173341499555,7.84070611526114,-1.52118954073528,98.1705903134027,9.29143283887695,2.95226492311554,2.95226492311554,"Lower prior GPA"
343,2.77909512008585,7.13199108195892,-0.819230404061854,82.5014027521505,10.6515030726209,2.85105716316933,2.85105716316933,"Lower prior GPA"
344,3.68693195361379,6.48712199845444,1.29470928650385,70.0122194540103,7.96973164919354,3.82712840545809,3.82712840545809,"Higher prior GPA"
345,3.39329882271312,6.46448933405385,-0.521721049506456,72.4982624069927,11.3219750381583,3.74771158322131,3.74771158322131,"Higher prior GPA"
346,3.42123066571564,6.32021857172975,-0.0552835275800239,80.3435226278779,10.0970235530078,3.3131090331305,3.3131090331305,"Higher prior GPA"
347,3.45367153292355,7.49698912700569,-2.94820204106706,85.5449098662425,7.13529961928494,3.07233314040737,3.07233314040737,"Higher prior GPA"
348,3.11973172192029,7.68814150172159,-1.52572909946793,76.9757027179757,10.7081005319207,2.94748291641344,2.94748291641344,"Middle prior GPA"
349,2.93674158942143,7.35069255190911,1.02546432042581,77.6151493132168,14.270197883042,3.1630871360386,3.1630871360386,"Lower prior GPA"
350,3.37555588010796,7.92335932975738,0.501382319096792,76.0485078699455,9.97019537913325,3.34585472280288,3.34585472280288,"Higher prior GPA"
351,3.30483206149689,5.68638689561506,1.27477321469155,84.679893746577,12.4784755110599,3.73151413889295,3.73151413889295,"Higher prior GPA"
352,2.68601499925092,7.08383938197036,0.843989331483136,81.5819222698368,12.1323265388815,2.66005077662789,2.66005077662789,"Lower prior GPA"
353,3.62734305677712,6.46749270184198,-1.30092173243715,87.7974199623205,4.85479111329511,3.27296720016688,3.27296720016688,"Higher prior GPA"
354,2.93351361776679,6.16670006926771,-0.211100364847855,65.5832865681305,11.3373488900619,3.01529764536964,3.01529764536964,"Lower prior GPA"
355,3.54526462053488,8.08224083182875,-0.364694369382532,88.5234528421903,8.63959989328058,3.67949976563683,3.67949976563683,"Higher prior GPA"
356,2.8825068678118,6.79660286032583,-0.644520202442555,74.1693652341157,11.7677407326741,3.22363638559978,3.22363638559978,"Lower prior GPA"
357,2.88767492330177,8.07780514698961,0.494010273563455,70.2624007184589,14.7353347830941,3.15836410565905,3.15836410565905,"Lower prior GPA"
358,3.45308921078184,8.2699651253068,1.20955668889657,79.4174681139228,11.086836703123,3.76553807388487,3.76553807388487,"Higher prior GPA"
359,3.45368711010679,5.64313616463829,0.51653421709628,96.1431127694119,10.6313822449282,3.97951967695384,3.97951967695384,"Higher prior GPA"
360,3.65734244848447,7.21160167137501,0.732718849012585,65.4597718127456,10.3000905178029,4.16568432476421,4,"Higher prior GPA"
361,3.57812433376784,6.15636919625873,-0.225083604202729,80.5245825766624,9.53394945188322,3.6069423274108,3.6069423274108,"Higher prior GPA"
362,3.46991678268717,7.06013016344754,0.670302941500697,73.302406901488,8.36968122390317,3.83475970469761,3.83475970469761,"Higher prior GPA"
363,3.20063432168921,9,-0.611077733387422,82.5960788714184,11.9184496050509,3.61606066126187,3.61606066126187,"Middle prior GPA"
364,3.38020826895971,7.13090202492847,0.0874435291265977,74.5491503749221,10.4148925858628,3.78325655147764,3.78325655147764,"Higher prior GPA"
365,3.02929286052232,8.00177570645391,-0.129667383953915,68.8225344529346,12.2359394155297,3.63757867359194,3.63757867359194,"Middle prior GPA"
366,2.82723211852014,8.01367781875036,2.0332392172894,58.2874174273525,14.4340916337351,3.23439099165875,3.23439099165875,"Lower prior GPA"
367,2.99326088169445,7.94536275949321,1.51731335812134,79.1758495156595,10.9013269751991,3.21000673840572,3.21000673840572,"Middle prior GPA"
368,2.81905383630089,5.97887425496978,-1.7835471717849,79.1849118803764,14.3626331038994,3.193325001624,3.193325001624,"Lower prior GPA"
369,3.58426342973628,6.63953488460333,0.804839700841472,74.503211934309,8.7165176603766,3.48480908255234,3.48480908255234,"Higher prior GPA"
370,3.42401583101731,6.97183868717614,1.33361085678422,72.5008775526396,11.1464258792371,3.9680042851399,3.9680042851399,"Higher prior GPA"
371,3.79843454096849,7.62552543341972,-0.208892227547984,66.6626138286787,9.40404584564241,4.2031509384062,4,"Higher prior GPA"
372,3.00581964361357,7.25423738804221,0.422871184767474,71.052933278236,14.4533863208673,3.46092212585727,3.46092212585727,"Middle prior GPA"
373,3.10833600377163,6.81850827837855,-1.44715919608524,71.4468314086304,9.15973019449922,4.03643371538941,4,"Middle prior GPA"
374,3.16389567303919,6.7365668889986,-0.839972596817863,77.7057426430923,9.75347612966431,3.69095347143486,3.69095347143486,"Middle prior GPA"
375,3.86695713394757,6.02614346458094,-0.104340299323827,78.6907827833956,6.83771849927377,3.6264350638966,3.6264350638966,"Higher prior GPA"
376,3.17781383833962,4.5,0.204367867378808,70.8166832227224,16.2437496058095,3.74845034104989,3.74845034104989,"Middle prior GPA"
377,2.7675645083127,6.23090704358883,-1.34222151036261,67.4360537476238,14.8670177212915,3.73987916634662,3.73987916634662,"Lower prior GPA"
378,3.63394641599141,7.33757480011406,2.99183795595849,70.3765579265515,9.81137785358271,3.40928287232622,3.40928287232622,"Higher prior GPA"
379,3.35667960224852,6.4156749160979,0.604455740593949,66.988099737943,11.4263809496932,3.87673527685776,3.87673527685776,"Higher prior GPA"
380,3.04818330031423,7.11459865669216,0.532656633375855,81.5811472392249,12.6426239121059,3.29567330583005,3.29567330583005,"Middle prior GPA"
381,2.79205599476075,7.42697477818309,-0.418086327551286,75.5491734434943,11.3765720910941,2.8867090427894,2.8867090427894,"Lower prior GPA"
382,2.65775574559496,7.2020585109276,-1.16504075878125,85.9586750153469,10.9417098667258,2.90552271882634,2.90552271882634,"Lower prior GPA"
383,3.05040564677317,7.52241693965457,-0.275130526659257,84.2586656968456,8.76027967350563,3.26988998087708,3.26988998087708,"Middle prior GPA"
384,2.4851925332047,6.39579956796738,-0.326951983902683,80.6570264797849,11.4677776637819,2.90977132670953,2.90977132670953,"Lower prior GPA"
385,2.57846789846979,7.95120644606972,-0.308449967234062,74.5240361594675,13.1833014930097,3.08540437440044,3.08540437440044,"Lower prior GPA"
386,3.11227865430521,5.01029813896095,-0.995785792015866,60.5681442375052,13.9582417426024,3.14959675728433,3.14959675728433,"Middle prior GPA"
387,2.58061722337429,6.63795813919575,-0.599662131918694,79.5042500326582,9.70293345133185,2.90127963198343,2.90127963198343,"Lower prior GPA"
388,2.89084866180008,5.81850800143705,1.00047225585111,71.6118241380156,16.1569916584927,2.86517422320822,2.86517422320822,"Lower prior GPA"
389,2.75998865379965,5.4337318514981,-1.71955463052977,67.7547664882102,12.3899563313061,2.95420716450495,2.95420716450495,"Lower prior GPA"
390,3.07228697752784,7.27690053470383,-0.194510526810761,79.4691042638124,11.8456827457142,3.34241263947122,3.34241263947122,"Middle prior GPA"
391,2.90854253015486,7.79434236796312,-0.436867054876909,73.9856444101925,13.6136604928881,3.55775079491248,3.55775079491248,"Lower prior GPA"
392,3.49706780258147,7.22416770314805,-2.02267309402134,72.7984948416702,5.1532482046609,3.05450444775758,3.05450444775758,"Higher prior GPA"
393,2.92173074583913,7.80639742825064,-1.00078065331092,77.4777781185251,12.0090100925795,3.24264137098866,3.24264137098866,"Lower prior GPA"
394,3.66787638599639,7.33808152011604,-0.83285078095474,75.0486146004394,9.50981719033741,3.63390912388914,3.63390912388914,"Higher prior GPA"
395,3.52164409426131,6.95653748150421,0.235421096899907,82.0966849360052,7.76672483484882,3.68483809221309,3.68483809221309,"Higher prior GPA"
396,3.47964051627876,6.40290674636226,-1.53172381361035,84.4410512128306,8.73812905299417,4.15065462703805,4,"Higher prior GPA"
397,3.64224403434491,6.4067693314035,-0.879823531956733,80.2238911316456,5.44491741043033,3.44651427491819,3.44651427491819,"Higher prior GPA"
398,2.90005724664233,5.75097170511992,-0.569688200322061,75.5403138914939,13.1275166075308,3.10544940603623,3.10544940603623,"Lower prior GPA"
399,2.16406079705406,6.23369694017441,-0.395288311355111,68.8749672069499,14.5925365403891,2.79659560437204,2.79659560437204,"Lower prior GPA"
400,3.1056177740514,6.70731398516368,0.341589763424495,71.3957531214642,11.3879524128746,3.47680342036672,3.47680342036672,"Middle prior GPA"
401,2.76721284313046,6.94116809854958,-1.4075993152922,67.17895682465,11.7361665580748,2.86735485499353,2.86735485499353,"Lower prior GPA"
402,3.77346383000704,6.42568854448541,-0.592597629306595,80.1865551067775,5.52372330920235,3.5459649126797,3.5459649126797,"Higher prior GPA"
403,2.71993935643787,6.02724967788577,0.505742190840199,76.0898020672921,13.3422626416327,3.48151983426923,3.48151983426923,"Lower prior GPA"
404,2.93491015821263,6.55643892297097,0.608981015490506,85.9274379690307,9.98764069488235,3.53555825210313,3.53555825210313,"Lower prior GPA"
405,3.78638242314542,7.07129896112722,0.421194782184903,86.7160255941445,6.46261309505806,4.06196912378905,4,"Higher prior GPA"
406,3.30663246287701,5.45022877993386,0.476730728370045,82.3866109273079,13.479540620025,3.70662935659154,3.70662935659154,"Higher prior GPA"
407,2.56376625088792,7.84521693957533,-0.00509212437661839,70.5589765824361,15.0372645226435,3.32929797846982,3.32929797846982,"Lower prior GPA"
408,3.38136266395568,7.758659733648,0.910442959238181,72.0249609911314,11.4974164666428,3.71428232192066,3.71428232192066,"Higher prior GPA"
409,3.56022003947179,6.2877016854893,0.965261123493947,73.6222007902931,9.83441085296332,3.69516063588639,3.69516063588639,"Higher prior GPA"
410,3.07853021650607,8.04932196826193,0.798510321643888,76.545247787196,11.8670086224432,3.79989430136265,3.79989430136265,"Middle prior GPA"
411,3.52553092308751,6.89831712381264,1.76163260776305,88.3037074424338,8.46213217499657,3.58991346234946,3.58991346234946,"Higher prior GPA"
412,3.59223354692498,6.53685567243024,1.38672769188334,72.7055147862677,8.34050465903523,3.8703117082664,3.8703117082664,"Higher prior GPA"
413,2.97457572526157,7.14033782962942,0.537685988468105,75.404903554364,12.4263208356459,3.06375855076883,3.06375855076883,"Middle prior GPA"
414,2.88337418133673,6.26818752142206,0.143031301334386,68.3714979314621,14.562425760621,3.05773126671149,3.05773126671149,"Lower prior GPA"
415,2.91696972902511,6.58159784980866,-0.654417384194569,83.9594469653781,9.20192868377246,3.07740127115219,3.07740127115219,"Lower prior GPA"
416,3.60368128547179,7.51387387150343,-0.203880156025602,78.5651131274314,6.6878873012131,3.36197007886884,3.36197007886884,"Higher prior GPA"
417,3.62095410012453,6.46847617606851,0.792736424653431,82.598960249231,9.23605437337374,3.98358668260318,3.98358668260318,"Higher prior GPA"
418,3.82779877448394,6.93907469865698,0.758205142108694,79.5823474520217,5.78299981054238,3.54826092210549,3.54826092210549,"Higher prior GPA"
419,2.62852614834406,7.99749339513064,1.62002108002582,68.5778879276556,16.6803700236116,3.42215670245865,3.42215670245865,"Lower prior GPA"
420,2.30001495139597,8.1384902004286,0.778937003255166,67.5996652230194,14.6791313754414,3.0023489082821,3.0023489082821,"Lower prior GPA"
421,3.23119312271363,6.82787189772673,-0.164934626009857,78.3607092332458,11.4111032121581,3.73314738937618,3.73314738937618,"Middle prior GPA"
422,3.15538821053048,6.89423249091459,0.630476008080649,75.7359280382796,13.2489673539532,3.34188322084664,3.34188322084664,"Middle prior GPA"
423,2.87875646938233,7.59960128012532,-3.01831808091363,71.6308802744839,10.8421451043908,2.45180399340472,2.45180399340472,"Lower prior GPA"
424,2.93954457385787,5.74517306800747,1.6109408893334,69.8917888054225,11.8297989407509,3.36118791277799,3.36118791277799,"Lower prior GPA"
425,3.2045719381349,6.03668698867285,1.34253119998576,74.0280581860348,11.6234784705976,3.62397764710652,3.62397764710652,"Middle prior GPA"
426,3.76639240628525,7.99787113923711,0.0267059477518871,81.0006769618015,7.99245913523367,3.76545676116369,3.76545676116369,"Higher prior GPA"
427,3.25224087856711,6.34133911769884,0.473231634800236,85.0211221328539,11.1719100349026,3.43674761193592,3.43674761193592,"Middle prior GPA"
428,3.16265765246925,7.53740096628124,-2.4463600478756,84.5693917596626,7.55351643652863,3.7424561449967,3.7424561449967,"Middle prior GPA"
429,3.05143313140092,7.87077324264254,0.0727225969650544,65.8018332112402,11.6224019034787,3.32413359656706,3.32413359656706,"Middle prior GPA"
430,3.46599985923849,8.21409247117067,-1.63438167482251,83.3037658162193,10.2474617064336,4.01085690213733,4,"Higher prior GPA"
431,3.43493090109243,6.68735102353016,0.392159018974146,81.6025174548925,8.66471647648067,3.44915506047209,3.44915506047209,"Higher prior GPA"
432,2.44774375567648,8.37546077718884,1.97892684539335,70.1941793800311,18.4175452745136,2.94105403985525,2.94105403985525,"Lower prior GPA"
433,3.61073201348053,8.03473192712317,-0.458384572734898,79.3899011251227,6.54141489793161,3.46255486825644,3.46255486825644,"Higher prior GPA"
434,3.46091093213617,7.3583210448071,-0.784201584464576,55,7.24052068650262,3.63784683788821,3.63784683788821,"Higher prior GPA"
435,2.54332792053012,6.41179830846375,0.000640319933191517,66.0266697612954,15.1582960682741,3.30513881075951,3.30513881075951,"Lower prior GPA"
436,2.90355362094158,7.74909669179196,0.996884401593987,83.5807210160612,13.9108749581416,3.35146882607515,3.35146882607515,"Lower prior GPA"
437,3.64988506399047,8.38438999797044,0.0334262363720847,83.1551853907307,7.80347883423442,3.6021355918199,3.6021355918199,"Higher prior GPA"
438,2.81652407443415,7.26652314684284,0.444787951572156,68.3936170545391,13.8215175042414,3.31286157338773,3.31286157338773,"Lower prior GPA"
439,2.85013104509831,6.45295913824543,1.0951370505226,68.298005789218,14.7888970279448,3.32748055639909,3.32748055639909,"Lower prior GPA"
440,3.70658062486678,6.89169218196322,1.06606642483158,89.0574292563604,8.62379842348435,3.9823112567955,3.9823112567955,"Higher prior GPA"
441,3.50088638652402,7.58473528445369,0.727631210460565,63.4141021545487,12.2076818272315,3.81582738842093,3.81582738842093,"Higher prior GPA"
442,2.76434555852969,6.7247859192273,-2.12897156302906,60.8255826566742,12.1039026434338,3.07327491955989,3.07327491955989,"Lower prior GPA"
443,2.74988358631407,7.08805598750322,0.0881019396438051,59.2898049429776,15.597391639559,3.33506341439039,3.33506341439039,"Lower prior GPA"
444,3.20870295210613,7.5541881559173,-1.30968695630973,82.1497037219131,8.65801863688269,3.19621059811726,3.19621059811726,"Middle prior GPA"
445,3.29464854881133,6.88605665257068,1.36984701783286,62.1389459421753,13.1479444496051,3.86445285952301,3.86445285952301,"Middle prior GPA"
446,2.87489346686293,6.86150673980988,0.787047395270774,74.4619882111251,14.626348410923,3.69041533135262,3.69041533135262,"Lower prior GPA"
447,3.54145041785713,6.29968378600064,-1.15241034040556,74.130646553359,7.72924838526337,3.36619061181907,3.36619061181907,"Higher prior GPA"
448,3.07974737554078,9,-0.737839417179312,73.4054979454376,12.8621346869626,3.93208364504595,3.93208364504595,"Middle prior GPA"
449,3.09611337862128,5.82003683644896,0.190627284290996,69.4887224843047,14.0400185583558,3.15145903488988,3.15145903488988,"Middle prior GPA"
450,2.84726931885516,6.26820175273294,-0.79088650205662,74.0950903121105,14.8978293194139,3.35577073648454,3.35577073648454,"Lower prior GPA"
451,3.7088626238697,6.77485598569598,-0.352571184698945,88.5877582031868,7.43624702436363,4.14019887606409,4,"Higher prior GPA"
452,3.03736223344309,6.29606881395404,-0.449206870102175,78.3658603256761,12.1936327432669,3.07838605847876,3.07838605847876,"Middle prior GPA"
453,3.07979990362169,7.54287775730247,0.534686327187371,73.4231871330989,11.5955789132682,3.39856572008451,3.39856572008451,"Middle prior GPA"
454,3.40461839249271,7.07081905558702,-0.181624129892863,77.691165266982,11.0024138167573,3.39553167395636,3.39553167395636,"Higher prior GPA"
455,2.89381214874683,7.46088800831263,1.13054926834877,64.515504495108,14.8363968827714,3.42560288165014,3.42560288165014,"Lower prior GPA"
456,3.75542940761452,6.10292501952708,-0.22209330952783,80.1866637018921,6.44558718518337,3.69586554944419,3.69586554944419,"Higher prior GPA"
457,3.4070484373097,7.72427994372308,-1.45182711982575,77.7909705634202,9.30268856079005,3.58085434559385,3.58085434559385,"Higher prior GPA"
458,2.92927283856842,6.58741985847195,-0.416359052150496,78.0461836270186,12.3801991153544,3.57831641221264,3.57831641221264,"Lower prior GPA"
459,2.61285011322039,8.8792123652142,-1.46701530514883,73.9608806635496,17.2028232587476,3.17316632902842,3.17316632902842,"Lower prior GPA"
460,2.78804237642836,7.78652760745613,-2.46689800997357,80.1455094087099,8.00506589078768,2.69547694892097,2.69547694892097,"Lower prior GPA"
461,3.0415475663119,5.52682778407609,-1.47810376424245,73.7306824055154,8.4747544665086,3.1321339079507,3.1321339079507,"Middle prior GPA"
462,2.46548487407719,7.0353362041202,-3.57956059791925,76.275235235414,11.9605945154913,2.30415196291037,2.30415196291037,"Lower prior GPA"
463,3.43270706062384,7.80501696193183,0.0465527870628047,70.5805223609613,8.81555634105457,3.62046176745941,3.62046176745941,"Higher prior GPA"
464,3.05028488757751,6.13434128963013,-2.31277415844709,74.9961694564961,8.99855131790094,2.80566030890267,2.80566030890267,"Middle prior GPA"
465,3.50658619374244,7.37697962179237,1.50799701348161,71.6793493456959,6.91567380597697,3.45866699852615,3.45866699852615,"Higher prior GPA"
466,3.38410719703742,7.68235596377644,-0.859312899559489,78.2068362966586,10.456835694442,4.07177276802466,4,"Higher prior GPA"
467,3.46457294563641,6.38720896338338,0.933716414263561,82.6199109530038,9.04625935487113,3.74682035850637,3.74682035850637,"Higher prior GPA"
468,3.03944565959817,7.42784143874805,0.728603312616043,73.921936098997,10.7108459720543,4.02517196107145,4,"Middle prior GPA"
469,2.7835042887325,7.05256257597087,-0.299439440672113,64.72439810203,11.6691939896842,2.63508067198485,2.63508067198485,"Lower prior GPA"
470,2.33412490277453,5.34076067068365,-1.0799361208671,72.7927628326698,17.3029612803552,2.89840359258851,2.89840359258851,"Lower prior GPA"
471,3.1527289737187,8.50269615547484,1.02996592548814,74.7450708601202,12.7751782984835,3.77087140748083,3.77087140748083,"Middle prior GPA"
472,3.33412619166932,7.38291237656393,0.333028809658126,70.5431024563084,11.8295595406238,3.50089254209363,3.50089254209363,"Higher prior GPA"
473,2.25260235944803,8.62790194630695,0.716757151381454,65.2555162694939,17.5790993382733,3.24198834483778,3.24198834483778,"Lower prior GPA"
474,3.47207612124659,7.12251781336323,-0.849917578272345,72.9984130033505,7.56418513794913,3.91112417529007,3.91112417529007,"Higher prior GPA"
475,3.36964381617029,6.48706718741342,-1.1132755127375,81.2998616740658,9.83603011388811,3.34506116929866,3.34506116929866,"Higher prior GPA"
476,3.42136844166196,7.02566269209167,-0.0826954969377754,81.269595006536,7.33211124916566,3.42230036294038,3.42230036294038,"Higher prior GPA"
477,3.37342960743405,7.78511228741365,2.51369507122526,80.0701752688773,13.6372219141673,3.77562123955767,3.77562123955767,"Higher prior GPA"
478,2.89299282598835,7.14631720465045,-0.70491725528414,74.9673320393687,11.1551012703019,3.0294242818364,3.0294242818364,"Lower prior GPA"
479,2.68097155176858,9,-0.0945175676674385,79.4037863000894,17.638921317472,3.62017458306004,3.62017458306004,"Lower prior GPA"
480,2.73671151935871,6.81652943916985,1.53174866731041,59.190210585302,14.5310131072671,3.0581991362178,3.0581991362178,"Lower prior GPA"
481,3.13563666927257,6.98164222392412,2.01211333775264,73.5936230098008,12.217671858214,3.26765921912848,3.26765921912848,"Middle prior GPA"
482,3.06097405798223,6.71816530796782,-0.498109076925249,85.6710303999359,11.0281520902997,3.32327012041224,3.32327012041224,"Middle prior GPA"
483,2.76279647495849,7.21013429289673,-0.497142308007641,74.6795260979072,13.9233501227824,2.80922933982904,2.80922933982904,"Lower prior GPA"
484,2.49945126935456,7.41935262347826,-0.516239024115318,70.7962579218544,14.4195365486446,2.9222899514472,2.9222899514472,"Lower prior GPA"
485,3.28011363827184,6.23735816141313,1.01484049162707,71.677467487187,11.1359707944649,3.80406976717987,3.80406976717987,"Middle prior GPA"
486,3.3611019455458,6.60215744896427,-0.392730250302983,64.0870297488527,10.0991555111001,3.59506926872674,3.59506926872674,"Higher prior GPA"
487,3.49626594131272,7.49878933687426,-0.232983995403423,79.5696540390447,7.6322709762573,3.94959831676031,3.94959831676031,"Higher prior GPA"
488,3.47983385609277,7.64746410733176,-0.92049290958084,86.7920389245516,8.00504538490092,3.68651191596056,3.68651191596056,"Higher prior GPA"
489,3.2489788135049,6.55995573534642,0.67022925567866,77.3579479581071,11.3915403500117,3.79370500302086,3.79370500302086,"Middle prior GPA"
490,2.75731935857832,6.72111569547695,-0.0256773614227978,66.2531635499695,14.4703098760377,3.40578614784964,3.40578614784964,"Lower prior GPA"
491,2.59914348566834,6.70809732593724,0.956353977483159,65.36856100965,14.9065187189481,3.0925788959405,3.0925788959405,"Lower prior GPA"
492,2.21409366005158,5.78562167119464,-1.29104163308621,69.1301586152075,17.1471864676339,2.93032455317199,2.93032455317199,"Lower prior GPA"
493,3.31230829324724,6.45505763348318,2.12130413211647,79.5503902718755,8.88711569990315,2.8451773782694,2.8451773782694,"Higher prior GPA"
494,3.1147044646905,7.7344996292099,1.84130937064201,78.7581349930659,12.3915200679174,3.20400833208195,3.20400833208195,"Middle prior GPA"
495,2.98981732564942,7.19363562199296,-0.651118004991274,68.1106675366603,11.4957876772773,3.05816807836817,3.05816807836817,"Middle prior GPA"
496,3.43734269842239,7.37290240810639,2.02629057471723,63.9066209634529,11.3659980982166,3.41731216608339,3.41731216608339,"Higher prior GPA"
497,2.80182456212454,6.6189961108705,1.63247251887286,60.9145087839211,16.0527003168513,3.46400601559634,3.46400601559634,"Lower prior GPA"
498,2.88966383506815,5.3784218425573,-0.890969289642086,76.5371486434308,13.0352689854627,2.94258409330114,2.94258409330114,"Lower prior GPA"
499,2.73660000062772,7.24445223548382,0.749838020733011,72.0182746235245,15.2386084240203,3.26210430152471,3.26210430152471,"Lower prior GPA"
500,2.578600190216,6.66360942313784,-1.65473694494119,74.1391497535892,14.2938201648937,2.86904196731995,2.86904196731995,"Lower prior GPA"
501,3.47490053417424,8.2323763898868,0.488687564566017,92.3336012258991,11.0202863661514,3.99909837279806,3.99909837279806,"Higher prior GPA"
502,3.23287930830638,6.24753661093344,-0.198631483037994,78.2339692340869,9.49382330176837,3.28822495416925,3.28822495416925,"Middle prior GPA"
503,3.25630199332218,7.95452543531964,1.00682464568866,74.1113244156011,11.5044637475135,3.48316700860331,3.48316700860331,"Middle prior GPA"
504,3.25504434094785,7.51369819632183,0.405259946624865,71.9772635762077,12.5094329473087,3.68282617446636,3.68282617446636,"Middle prior GPA"
505,2.63745334141152,8.08038124389141,-0.0973695586691306,73.6778880742377,14.6781557100662,3.32745435337834,3.32745435337834,"Lower prior GPA"
506,2.70932928660811,6.20277687771244,0.531374642657982,76.0984284170326,10.8696817085469,3.16537202193864,3.16537202193864,"Lower prior GPA"
507,2.90237451421604,8.49452704058109,0.266787212336631,69.9991405032144,19.2985131944138,3.68729653053718,3.68729653053718,"Lower prior GPA"
508,2.95773196394132,7.08666548206231,-0.311060719069426,65.9443589310081,10.6980177223319,3.13565054543981,3.13565054543981,"Middle prior GPA"
509,2.55744010971985,7.47489857808988,-1.1436878245981,73.6233038853663,12.9194440039656,2.78190836135109,2.78190836135109,"Lower prior GPA"
510,2.74431474480051,7.393269054825,-1.6723945439539,93.9935084545775,11.7201571784182,3.09962627178736,3.09962627178736,"Lower prior GPA"
511,2.87664457475002,6.95576174579756,0.20489364811001,85.2454115430069,10.5552547591229,3.37344714641361,3.37344714641361,"Lower prior GPA"
512,3.355498237405,6.60345036398459,-0.197256979859335,77.0255546235395,8.93380299509846,3.42698508847306,3.42698508847306,"Higher prior GPA"
513,3.51395911328546,7.01343534242614,-0.618224633628184,81.0641634976361,10.1533725482285,3.82822927785736,3.82822927785736,"Higher prior GPA"
514,3.14540735102453,6.8382612270033,0.68536956623178,71.3714991295,10.9406676212106,2.37589151132053,2.37589151132053,"Middle prior GPA"
515,3.33262415011149,8.35859406251521,-1.82493224426185,74.289760518422,8.9383834179778,3.73178578259779,3.73178578259779,"Higher prior GPA"
516,2.94367978233203,6.74623479007922,-0.0608038957684328,73.6109545531722,11.0301472694228,3.15272177413365,3.15272177413365,"Lower prior GPA"
517,3.44623337651783,5.40595936429426,-0.164014873712816,88.2557793125464,9.15870105388267,3.47658081910209,3.47658081910209,"Higher prior GPA"
518,3.27192034236167,6.20319260539749,-0.431758988951278,75.9976972360623,10.8567515906806,3.45501189767091,3.45501189767091,"Middle prior GPA"
519,2.89642433570905,6.81170560049603,0.778686497042001,74.5024263902026,12.0418216235755,3.77583179488468,3.77583179488468,"Lower prior GPA"
520,3.2060623882551,6.04895914720736,0.746172487221138,70.3728473337011,11.8467755296636,3.40474550107802,3.40474550107802,"Middle prior GPA"
521,3.08462003980807,6.56195994813848,-0.378744897154768,72.4392643876278,13.5054131918802,4.16262249897419,4,"Middle prior GPA"
522,2.87827695524499,6.42127427015102,1.60425263633074,70.3045054871365,15.2278759101237,3.04507747955668,3.04507747955668,"Lower prior GPA"
523,2.74695407800271,7.27235366184942,1.69159968996156,73.7832874410978,15.6823973094304,3.37448186598044,3.37448186598044,"Lower prior GPA"
524,2.69879647386024,7.80716448654779,-0.53821413267755,66.0896743847585,15.2911387046586,3.54401815865962,3.54401815865962,"Lower prior GPA"
525,3.51431791567971,6.59381298811389,1.0991519501397,72.4619459117674,9.051470003863,3.90469878172688,3.90469878172688,"Higher prior GPA"
526,2.8458259715361,6.28941977388702,-1.34055387517993,90.3831218327477,9.7499557901322,2.62110329315312,2.62110329315312,"Lower prior GPA"
527,2.60048373303284,7.12637922382653,-0.673975311382246,72.3484762491016,11.4592035721663,2.80193407690995,2.80193407690995,"Lower prior GPA"
528,2.84898797336858,6.61361502882424,-0.987224390643813,73.7265328493923,12.3565022747699,3.0642355442431,3.0642355442431,"Lower prior GPA"
529,2.4387079920996,6.42272076344462,0.453618094576704,67.3986440314272,11.9292670477307,3.13604908033882,3.13604908033882,"Lower prior GPA"
530,3.15976337130655,7.13118794938507,2.08322048138754,75.8374461191972,13.617150204073,3.33341591899403,3.33341591899403,"Middle prior GPA"
531,3.19384604148913,5.90204774850482,0.020728612941059,72.2404294767942,11.0470414165376,3.31811348029056,3.31811348029056,"Middle prior GPA"
532,3.52657699862905,7.86079086377473,-0.670139219965024,79.2321216519153,7.7515246993074,3.66664808400643,3.66664808400643,"Higher prior GPA"
533,2.58189037618762,6.46616424351119,0.45595839342998,78.4697911355866,13.2224047371654,3.16906839175499,3.16906839175499,"Lower prior GPA"
534,3.19321436753439,7.95099639037752,-1.34612424506806,80.0724556984563,8.75057388050902,3.19721909948427,3.19721909948427,"Middle prior GPA"
535,2.46831028352291,5.51622123686307,0.569847271423034,66.4097010905633,18.2135752751073,3.38542027174627,3.38542027174627,"Lower prior GPA"
536,2.93473583255451,6.55112801041678,-1.66548349195073,73.3670354301177,10.6980200925487,3.26666192586705,3.26666192586705,"Lower prior GPA"
537,3.4720007364871,6.26630178241003,0.506025592146599,79.9850837683037,9.20338237140313,3.86096856221012,3.86096856221012,"Higher prior GPA"
538,3.67027006773993,5.83040730319065,0.221218188909206,84.3907518162077,8.6772908404713,3.9865436065086,3.9865436065086,"Higher prior GPA"
539,3.74749022782998,7.26953073265367,-0.305198224510131,81.4549330866927,6.85940666753006,3.84749640854423,3.84749640854423,"Higher prior GPA"
540,2.28744471921772,6.95131060004209,-0.294311355053145,68.6708018581648,14.5533276298017,2.68710285765062,2.68710285765062,"Lower prior GPA"
541,3.67476256170548,6.40316901111286,-1.28461092824473,85.6761059010765,6.89537878175541,3.33708699125012,3.33708699125012,"Higher prior GPA"
542,2.74374501358598,7.14156823231592,1.03982869350866,69.8172141744445,16.1595702336669,3.71986348589322,3.71986348589322,"Lower prior GPA"
543,3.40730864797444,7.2043942840339,0.749965621959623,82.987904072308,6.942236909159,3.45460104689823,3.45460104689823,"Higher prior GPA"
544,3.62060986316185,7.29730432024887,-1.44917237805791,74.7639345228026,7.30069724974082,3.81799623835752,3.81799623835752,"Higher prior GPA"
545,3.54038217735256,6.01389520846197,1.37859160582105,71.7965384005348,9.80410449934213,3.92345278572438,3.92345278572438,"Higher prior GPA"
546,3.36318741432481,6.97067664909664,0.546944573617241,81.2953319040858,9.48477994091491,3.64785123764336,3.64785123764336,"Higher prior GPA"
547,3.01597804435515,8.11748802990555,-0.823980503907162,70.1932816246614,11.9380001350529,3.40275915149608,3.40275915149608,"Middle prior GPA"
548,3.54249467757233,8.19462589717865,0.0557029937020078,71.0994716115094,9.28575125237609,3.4676948255616,3.4676948255616,"Higher prior GPA"
549,3.06236623679894,7.6864420190733,-1.25116272258101,78.6020888867615,10.6142461047642,3.88895356888524,3.88895356888524,"Middle prior GPA"
550,3.05536152544691,5.88288677298417,0.850489821822116,67.6980209275787,12.6390764055127,2.94903243984806,2.94903243984806,"Middle prior GPA"
551,3.13087149717202,6.84264193371976,0.277054405619452,66.2976335406434,9.23635084409702,3.01450774920194,3.01450774920194,"Middle prior GPA"
552,2.86064899119218,6.6473854472066,-1.82262550352391,68.4142151689133,11.6061499544944,2.83793289031124,2.83793289031124,"Lower prior GPA"
553,2.76365369427105,6.07615087690923,0.373075035995254,74.5907092404444,11.438945056962,3.19991559563782,3.19991559563782,"Lower prior GPA"
554,3.01915756968891,8.09798525530814,-1.8158773508157,71.0440559368664,8.80869376429505,3.04069260368038,3.04069260368038,"Middle prior GPA"
555,2.69876248010732,8.0610548209911,-1.43164555420322,80.0536417708185,14.6721766771458,3.04403194045032,3.04403194045032,"Lower prior GPA"
556,3.28667295701202,8.86817355803843,2.59636081216645,74.4606883605469,13.8475937734226,3.81688345050208,3.81688345050208,"Middle prior GPA"
557,3.63301131783801,6.0754395718439,-1.01817827711269,73.716135679643,6.33343224973386,3.22652166143755,3.22652166143755,"Higher prior GPA"
558,2.46519751306299,6.60584843963272,-0.827821401425955,55,15.0977456198191,2.77016859239696,2.77016859239696,"Lower prior GPA"
559,3.45162823265134,7.40195044310283,-0.00578431918256118,82.8784096568176,6.24560420992174,3.40374731229596,3.40374731229596,"Higher prior GPA"
560,3.19271050082523,7.33669096509183,-1.84358123375895,86.6063243552705,7.18063625091361,3.04678559257099,3.04678559257099,"Middle prior GPA"
561,2.33352513170012,6.62717008722103,0.0427944235187429,60.918920757448,15.8560045086374,3.00018755464248,3.00018755464248,"Lower prior GPA"
562,3.23684239456318,7.20923664710031,1.90719130592009,62.1766686346234,10.073999005838,3.20566409359268,3.20566409359268,"Middle prior GPA"
563,3.16338954536621,5.9192661517866,0.475291961852642,73.2904595667611,11.5135789125934,3.2335245006131,3.2335245006131,"Middle prior GPA"
564,2.91395522567862,7.56792452662979,1.39729025234288,71.1572032642437,10.5067880375014,2.8697350873922,2.8697350873922,"Lower prior GPA"
565,2.89434691418019,7.18425542776813,1.9078222588652,73.7043327326927,15.3388511915489,2.78774801069247,2.78774801069247,"Lower prior GPA"
566,2.95855875376881,6.70985530122515,1.03142483615923,72.9286249157532,11.3046367216778,3.20111773147303,3.20111773147303,"Middle prior GPA"
567,2.85123714886605,7.39500347564132,-0.198401409157536,69.5771163677419,12.7465511676349,3.16719531143838,3.16719531143838,"Lower prior GPA"
568,3.40377535961258,7.31189987146539,-0.00844637290352264,84.7205385359019,8.88423332588058,3.7094551384192,3.7094551384192,"Higher prior GPA"
569,3.76582621763375,7.7149994162415,0.868830953964976,78.5912329887989,3.85150214653908,3.3656285067668,3.3656285067668,"Higher prior GPA"
570,2.35009219912063,6.8885594130187,-0.552731216625924,57.1396467173698,17.5443500175752,3.1935649778973,3.1935649778973,"Lower prior GPA"
571,2.91145982886918,8.29889014523231,-0.1391073586266,78.1728993588999,13.7756894864695,3.84059401112504,3.84059401112504,"Lower prior GPA"
572,3.30507912092487,7.47471081089021,0.441617874204489,71.9742773513024,9.63659936769804,3.3219027502696,3.3219027502696,"Higher prior GPA"
573,3.09644972688061,6.50254154678017,0.198631654384155,70.291001280839,13.7798149987621,3.40643034200159,3.40643034200159,"Middle prior GPA"
574,3.09741337494176,6.00713210403502,0.239485389571567,72.0957803797129,14.3351423825231,3.29931021034365,3.29931021034365,"Middle prior GPA"
575,3.04301381405099,6.41719065812429,-0.128604060860915,69.6123210049828,10.8413684052263,3.33638868195997,3.33638868195997,"Middle prior GPA"
576,3.37519753347118,7.26572883290695,-0.47310954547896,67.1320358754902,12.0701073769153,3.10076923490981,3.10076923490981,"Higher prior GPA"
577,2.60688463053605,7.25626235443638,-1.53493130005194,65.295712521099,13.8150392394432,2.77908898841107,2.77908898841107,"Lower prior GPA"
578,2.95152831198926,6.92215325454938,-0.0906043979400533,76.1215146196363,11.9611342162762,2.99011712004636,2.99011712004636,"Middle prior GPA"
579,2.80847144461984,6.46545176621671,-0.342116544212319,69.1096635137232,12.3965388382252,3.20364391096606,3.20364391096606,"Lower prior GPA"
580,3.50954730739228,8.60041516584316,1.84089317767509,72.2539283005126,12.9540727456391,3.9540231252956,3.9540231252956,"Higher prior GPA"
581,2.51851338751659,5.3521674471631,-1.40390914703279,70.3286260935368,14.4147070262173,3.19066609714168,3.19066609714168,"Lower prior GPA"
582,3.59452473101906,6.65770557705732,-1.25572304429516,71.4755834854863,6.93594930232635,3.38410516591584,3.38410516591584,"Higher prior GPA"
583,2.87832484849816,7.60275224828743,-1.5560118821796,69.1244176973217,14.1443880735206,3.3750516782672,3.3750516782672,"Lower prior GPA"
584,2.58405149197057,7.75925505553965,0.203704509965171,70.3611603168191,11.0574139950417,2.5866131890706,2.5866131890706,"Lower prior GPA"
585,2.99002373509883,6.79392348161483,-2.05977124020939,74.8787114833251,11.575791298039,3.1607373134292,3.1607373134292,"Middle prior GPA"
586,3.38272374938927,6.81309925518001,-0.850544966723659,84.6124401574198,7.19367613219244,3.48284608054539,3.48284608054539,"Higher prior GPA"
587,3.77591094084585,7.77466487708199,0.389930869645257,67.1914452298183,9.95485080700018,3.61336397402975,3.61336397402975,"Higher prior GPA"
588,2.50680080057842,6.13229520149003,-0.0606137806363056,70.2857563922655,14.4615726669961,2.7199271940038,2.7199271940038,"Lower prior GPA"
589,2.81604321272399,6.7900438032085,-0.158472503591023,70.3043294662891,11.2983928898553,2.87622259154205,2.87622259154205,"Lower prior GPA"
590,3.31083367317535,7.71848747735736,0.420995221789871,77.4828937442268,9.51285471882278,3.63477379787136,3.63477379787136,"Higher prior GPA"
591,2.73770481551606,5.85525574849019,0.105022702900047,65.6920953420493,12.5548194923355,3.45328172448587,3.45328172448587,"Lower prior GPA"
592,3.46466239773842,7.13606953042767,-1.8662464051245,100,7.87620992560396,3.03576108117465,3.03576108117465,"Higher prior GPA"
593,3.32578238968275,7.22538252008249,-0.960705970877476,83.9251405888327,7.3570216710003,3.70091129981303,3.70091129981303,"Higher prior GPA"
594,2.41945468436496,7.06016916609865,-0.671575254501816,76.4912694693541,16.1750606405565,3.46126132897456,3.46126132897456,"Lower prior GPA"
595,3.33484632958175,7.9425447191804,0.257890319806524,79.8757280346237,6.71566889012193,3.19028483793348,3.19028483793348,"Higher prior GPA"
596,3.02663302982959,7.13892121411029,0.917672132580376,77.5407128290368,12.3204502555714,3.49509681684199,3.49509681684199,"Middle prior GPA"
597,3.3898321717904,8.64997171115338,-0.93341591425581,84.019694060019,11.1518221368353,3.60787626831561,3.60787626831561,"Higher prior GPA"
598,3.5850387823919,8.53028598475347,0.235412807264558,76.8234285777585,7.38479273086872,3.84795783935409,3.84795783935409,"Higher prior GPA"
599,2.416176773311,7.71086351806385,-2.06599861829131,71.2520029592239,16.670888284173,3.03345591849027,3.03345591849027,"Lower prior GPA"
600,3.15365778378335,7.08767369842962,1.33048652732254,75.9033679618813,7.77215877778985,2.96160582687861,2.96160582687861,"Middle prior GPA"
601,3.53845230048138,7.21944549488348,-1.52691402980304,83.0073535522125,8.58038495521997,3.37208751225191,3.37208751225191,"Higher prior GPA"
602,2.472549037343,6.77306547994764,-0.538384821338843,64.0763681099316,15.6093438346286,3.32547579005082,3.32547579005082,"Lower prior GPA"
603,3.29179532271669,8.31289252850269,1.57476035679278,65.8046905436623,16.0867933064167,3.96008287436576,3.96008287436576,"Middle prior GPA"
604,3.82071602703221,5.63639306571664,0.867933275579719,73.4407638760414,9.95859521387437,3.53415753421292,3.53415753421292,"Higher prior GPA"
605,3.02581387477691,7.25692507164394,1.0840218250903,65.9224478110205,11.9607491515618,3.6889654923485,3.6889654923485,"Middle prior GPA"
606,3.19143902953311,7.09438952130143,0.794638381808643,87.3084307505869,10.8211429777505,3.56448137748073,3.56448137748073,"Middle prior GPA"
607,3.09892921768192,6.1029083448976,-2.74795580424305,88.3254184906838,9.81018024308902,3.44234062049475,3.44234062049475,"Middle prior GPA"
608,3.04523496594355,6.8350701198878,-0.411167950775016,87.353976860236,7.96726682680659,2.92700839406975,2.92700839406975,"Middle prior GPA"
609,3.43225541543695,6.17995501372899,-1.40819017586235,75.1148934063158,10.234858829483,3.91958148062548,3.91958148062548,"Higher prior GPA"
610,3.06166832271169,7.01993417434754,2.03793907973974,57.0615938106914,13.6938785546255,3.54833659371258,3.54833659371258,"Middle prior GPA"
611,3.34166972347086,6.91335831244105,0.30683074542702,70.4377125299799,10.1783517080964,3.10727596720247,3.10727596720247,"Higher prior GPA"
612,3.02954615507966,6.07594666394435,0.400051454065113,75.7667549152519,12.072059165043,3.2217479542837,3.2217479542837,"Middle prior GPA"
613,3.71289666973233,6.92765065389878,1.24265756569721,81.6036580318157,9.95442103384233,3.36850327846405,3.36850327846405,"Higher prior GPA"
614,3.50984743408406,7.30117327209624,0.139039612250281,91.0252548224513,10.5714213917121,3.95028320510918,3.95028320510918,"Higher prior GPA"
615,3.49395190287958,7.33539868691123,-0.682657523041551,77.349841948785,8.35726160975486,4.0068572704217,4,"Higher prior GPA"
616,2.64320186548074,7.10144018935608,-0.286102003727685,71.2437090041814,13.4921078672612,3.19713156778437,3.19713156778437,"Lower prior GPA"
617,3.68296670895451,5.85053609366533,1.44397410762012,68.7550806608572,13.0967116898883,3.99431554365836,3.99431554365836,"Higher prior GPA"
618,3.05041329681654,6.63502252264558,0.0356359258825101,75.7888496543998,12.2849818714598,3.45334517990872,3.45334517990872,"Middle prior GPA"
619,2.98707897661378,6.09304403350712,-1.00578777239529,68.8811351103563,12.5628846667435,3.27073818374392,3.27073818374392,"Middle prior GPA"
620,2.72354373780165,9,-0.181922270488258,79.7775696102464,16.3984739667273,3.53422201609973,3.53422201609973,"Lower prior GPA"
621,3.36206952364214,7.45101089143933,-0.222031742287018,72.48437623759,10.7333495903559,3.66460511972557,3.66460511972557,"Higher prior GPA"
622,3.11375907397422,7.04037464831937,-1.76052642243258,69.9362051885186,6.36746580240403,2.65170402475194,2.65170402475194,"Middle prior GPA"
623,3.57792785141252,7.27061250493721,-0.469754503734554,78.2997069104891,7.4309551115007,3.54502482422151,3.54502482422151,"Higher prior GPA"
624,2.74593867157066,6.50741502519506,-0.427595720244924,79.3185065664507,11.167471393453,2.80869110493134,2.80869110493134,"Lower prior GPA"
625,3.08700568806293,6.61060447007563,0.134335808157556,79.4866954331913,8.73487395128532,3.04919626472274,3.04919626472274,"Middle prior GPA"
626,3.1014473835329,6.13572223197861,0.9520781611177,66.6404572187392,15.4722332147106,3.47696470575968,3.47696470575968,"Middle prior GPA"
627,3.25615140671773,7.7236531252106,0.63689070491858,78.7506798308856,8.09691734306705,3.02761654897799,3.02761654897799,"Middle prior GPA"
628,3.00698180548244,6.8191424418416,-1.11112460114616,74.288710454561,10.3012541744248,3.29973416153699,3.29973416153699,"Middle prior GPA"
629,2.76202195778703,7.88010321217256,2.10415176268232,66.5758315981151,16.5545169652576,3.0305081071952,3.0305081071952,"Lower prior GPA"
630,3.21591086309295,8.53219752928455,-0.440988188198877,81.7920014998202,10.0997334302803,3.74230762882932,3.74230762882932,"Middle prior GPA"
631,2.64264703292269,5.39721517803853,1.90665679070361,67.9455949768292,16.2009117228487,2.69222421238889,2.69222421238889,"Lower prior GPA"
632,3.74457032478306,8.2156560383201,0.77955508312029,67.6228593449602,9.5171813859519,3.63836631846827,3.63836631846827,"Higher prior GPA"
633,3.05611780141564,6.62321837060456,0.163390852013681,61.7422244729053,12.4098781659217,3.21099242100751,3.21099242100751,"Middle prior GPA"
634,2.65555243633861,7.81569051253943,-0.867702829374589,76.0656782560621,14.8686519846316,3.20109759469109,3.20109759469109,"Lower prior GPA"
635,2.42383990980212,8.06393742178665,1.36374028598851,56.0825795344373,19.1056444651221,3.48940207330751,3.48940207330751,"Lower prior GPA"
636,3.85068489020175,6.7839850589836,-0.186521773450992,82.2075941589548,7.89914625149035,3.69914287415594,3.69914287415594,"Higher prior GPA"
637,3.53226952508204,5.83509040147597,2.37714658936973,72.0624469975223,10.5026056493297,3.38608037761593,3.38608037761593,"Higher prior GPA"
638,3.18875040854175,7.76918266734619,-0.161400054744637,83.6576988757987,11.2545191265946,3.83391791298905,3.83391791298905,"Middle prior GPA"
639,3.5728432050711,7.16992385382367,-0.263890074426433,90.8762187649001,6.66493333563339,3.7554958478011,3.7554958478011,"Higher prior GPA"
640,2.254883564021,8.81103806477524,-0.126834378718861,77.069387544514,16.5265680957495,3.19669819481976,3.19669819481976,"Lower prior GPA"
641,3.05876496820722,6.38526621488474,0.698125866817883,63.6416785277415,14.0261454660629,3.25469437192062,3.25469437192062,"Middle prior GPA"
642,3.07125179575052,8.81664470387488,-1.08633734033288,71.6776723019918,10.2865658121055,2.98896159640672,2.98896159640672,"Middle prior GPA"
643,3.35866972434958,7.05091479534932,0.0864184798939303,79.7950497667334,9.1426788294683,3.327385308178,3.327385308178,"Higher prior GPA"
644,2.56475805094632,6.53878056008657,0.527297770323304,76.6210915926501,16.7853699968975,3.57352675886668,3.57352675886668,"Lower prior GPA"
645,3.7258397266714,7.78794703807658,-0.662132348677995,91.9627755386089,5.24096154693747,3.34884478842828,3.34884478842828,"Higher prior GPA"
646,3.70642485688426,5.96285838167421,0.242124607509302,74.3413370875273,8.21701767448229,4.00017798526857,4,"Higher prior GPA"
647,3.26738536193869,8.4872906417206,1.06517732009423,67.8807025388982,11.6010558898949,3.38424804152772,3.38424804152772,"Middle prior GPA"
648,3.22293519162599,6.05115627816437,-0.128490745265952,75.8610738676862,11.831844777956,3.25518617187129,3.25518617187129,"Middle prior GPA"
649,3.76789560822281,5.66250436993837,0.501507837153601,77.8533444819672,11.6285694525797,4.00505381227861,4,"Higher prior GPA"
650,3.03356024740518,7.20304218401981,0.561937770098055,79.3881020022723,10.004328987404,3.40514736186872,3.40514736186872,"Middle prior GPA"
651,3.8019457384718,8.15572689674534,-0.728226911957057,82.8625994352525,5.91942731798853,3.70454328161767,3.70454328161767,"Higher prior GPA"
652,3.1160349512885,6.9350600386311,-0.224596320202148,83.1495561258897,9.48087894553223,3.13925333531733,3.13925333531733,"Middle prior GPA"
653,3.46250869375588,6.60928740763026,-0.25291912616267,71.0658119803941,8.42966905053366,3.44439698055157,3.44439698055157,"Higher prior GPA"
654,3.34575725982233,7.50659251769573,0.830693401410668,74.4614898416337,8.7871454334338,2.75253086880441,2.75253086880441,"Higher prior GPA"
655,2.61398909443705,8.99468070616943,-0.309908458089593,76.2690920924043,16.6496607078081,3.77960284700554,3.77960284700554,"Lower prior GPA"
656,2.86728355127843,6.58001538919926,-0.378494908475281,63.5784882040355,13.2536677343332,3.46155590718428,3.46155590718428,"Lower prior GPA"
657,2.61253988054521,7.4538595775318,1.33050584339841,69.5510563832966,13.820746543464,2.92026972926653,2.92026972926653,"Lower prior GPA"
658,2.69290294626672,6.89030982765094,0.0845836805978008,68.9540412888378,13.9834491779476,3.69064588165998,3.69064588165998,"Lower prior GPA"
659,3.22630195980113,6.05064430221073,1.28619203240249,73.0502279201329,10.2727715152127,2.89348277973744,2.89348277973744,"Middle prior GPA"
660,3.08305684639963,7.87444115911456,0.0495281753669796,66.5485964834287,13.454432386104,3.80283590506891,3.80283590506891,"Middle prior GPA"
661,2.41568540240886,5.67523373117675,0.444967155141322,67.4280611824723,14.7632503063214,2.54258523284201,2.54258523284201,"Lower prior GPA"
662,2.82594675682386,7.70027445293316,-1.47463907523305,73.7307583029019,11.2736798455465,3.1421742047037,3.1421742047037,"Lower prior GPA"
663,3.53458708404819,6.80198781635387,0.140113441784714,72.3344932824771,10.8143064177185,3.82855983812436,3.82855983812436,"Higher prior GPA"
664,3.69928899508317,7.71868842088144,0.0229161276694672,76.6993371885129,5.46686427281227,3.4437282423404,3.4437282423404,"Higher prior GPA"
665,2.82881892788071,7.677881034246,-0.0604595993325061,67.9919566103092,12.9685701965525,3.42862562161891,3.42862562161891,"Lower prior GPA"
666,2.74473612158624,7.55959540297789,0.82069384073095,75.8578495416602,9.98453370233287,2.56393993736705,2.56393993736705,"Lower prior GPA"
667,2.81230680564771,5.89572918990543,-0.330062178417419,67.8309688894191,12.1832082372191,3.41062988882735,3.41062988882735,"Lower prior GPA"
668,2.64912948622616,7.50745302843405,1.25615250795653,67.0276589770996,16.1321098487719,3.12814170092286,3.12814170092286,"Lower prior GPA"
669,3.57350780233258,5.9833327686033,-0.0634905301780959,77.4044022924103,6.24882414445962,3.28255953869423,3.28255953869423,"Higher prior GPA"
670,2.95678062490983,6.89741292692404,-0.653993254759067,66.4764858914256,13.113839492975,3.63192311456855,3.63192311456855,"Middle prior GPA"
671,3.45696259999964,8.1660983524951,0.681187937306254,64.1522637618466,10.0597891313285,3.59447770505791,3.59447770505791,"Higher prior GPA"
672,3.61975616386537,7.29619086246398,2.10531421624324,71.6969572077925,11.4891054395742,3.71839064568055,3.71839064568055,"Higher prior GPA"
673,3.37136020941506,7.81856358934189,0.656666703015884,83.361592313512,10.2712503420331,3.446807012049,3.446807012049,"Higher prior GPA"
674,3.5996232911849,6.36981092683912,-1.24138947342164,84.6964836868092,7.75464291812681,3.21824182512613,3.21824182512613,"Higher prior GPA"
675,3.2512645455832,8.0071590121652,2.09302005721647,69.1537973474308,11.792323845945,3.49611775684578,3.49611775684578,"Middle prior GPA"
676,2.97755361004978,6.79846132395237,-1.35705902232597,83.1991144098729,10.9674601458813,3.26759605354534,3.26759605354534,"Middle prior GPA"
677,2.92026874598725,5.58315352189329,0.407379835698743,74.3408921083732,15.2337534102247,3.31402641208389,3.31402641208389,"Lower prior GPA"
678,3.59810780388065,6.89571050544574,1.29876331871572,76.460813395555,6.38610615541054,3.64416417788045,3.64416417788045,"Higher prior GPA"
679,3.4539266943189,6.7861020866682,1.38004679742081,72.4859491002172,12.4774527453695,3.06964129430607,3.06964129430607,"Higher prior GPA"
680,2.75579925148668,7.03993152064178,-0.573424013655878,74.7701742566166,11.2263148090505,2.93683021275219,2.93683021275219,"Lower prior GPA"
681,2.78240453396055,7.53849127561156,-0.988301874561557,77.688670331258,14.1523316963905,2.95962949506199,2.95962949506199,"Lower prior GPA"
682,3.00908424587831,6.85196989570904,0.699949706055847,69.5184239270281,13.3815332045758,3.11642702238329,3.11642702238329,"Middle prior GPA"
683,3.25302913980431,7.64636590841234,0.398629562314366,70.5931539952939,9.80500231057614,3.15994683234872,3.15994683234872,"Middle prior GPA"
684,2.72320678732706,7.5489148709777,1.01886285197561,60.0179193871251,16.7447133390546,3.55931154454782,3.55931154454782,"Lower prior GPA"
685,3.0354443834611,7.21122660702188,-0.298290425593786,68.9290658323775,8.97456725929956,2.91733304302434,2.91733304302434,"Middle prior GPA"
686,2.72584716162904,6.82074429134944,0.446275529880762,72.3898688991791,14.7886773180224,3.37840638885343,3.37840638885343,"Lower prior GPA"
687,3.48788168049148,9,0.420213765563864,82.0245005002312,11.0365302435523,3.99245184853202,3.99245184853202,"Higher prior GPA"
688,3.11620476736508,7.29613413863796,-2.21198880108206,62.2734350298231,11.512218166899,2.86842577224378,2.86842577224378,"Middle prior GPA"
689,3.14241890110439,5.47597616183162,0.477382964112704,71.634820436638,13.6990997014439,3.37498470671386,3.37498470671386,"Middle prior GPA"
690,3.3257607750752,6.59138851553196,-1.23244039444949,77.4582723010217,8.8956737142884,3.34158547952783,3.34158547952783,"Higher prior GPA"
691,2.74359346838515,7.53826481705827,-1.0846097132945,73.1978459341732,12.5271026736825,3.11046242625395,3.11046242625395,"Lower prior GPA"
692,3.08019474755352,7.72221239358246,0.224360620649299,70.6425683064209,12.9729373059372,4.01518357284949,4,"Middle prior GPA"
693,3.06653401704531,7.81584764720332,-0.739968002746138,71.1899330965521,13.9000903981123,3.78779000566082,3.78779000566082,"Middle prior GPA"
694,2.88090292802668,6.89003444476599,0.807088308507063,60.013922502064,13.0248169170468,3.55124134487828,3.55124134487828,"Lower prior GPA"
695,2.70187802087254,5.98797254952812,1.0398231776797,66.3373833520182,14.7505563381595,3.01880966161554,3.01880966161554,"Lower prior GPA"
696,2.93070607278176,7.50368787360075,-0.83121565471559,84.0503505818091,12.6995293283636,3.96106863344298,3.96106863344298,"Lower prior GPA"
697,2.41475246155416,6.39353518620487,0.728103074836122,60.3219796715402,21.957564743928,2.99809514698292,2.99809514698292,"Lower prior GPA"
698,3.15395530039916,7.49416831622355,-1.16086025749357,75.4834011217619,11.1616151869107,3.49061716282822,3.49061716282822,"Middle prior GPA"
699,2.65686367615195,6.57529365524854,1.07878574126951,66.1934910734999,13.3029361820689,3.16038237691557,3.16038237691557,"Lower prior GPA"
700,2.47758328418107,5.84785305639898,-0.757888796269385,73.0459622642219,11.6712996212975,2.99626188993598,2.99626188993598,"Lower prior GPA"
701,3.19649744481402,7.1377956888648,0.822297582290937,57.2827704554574,11.9023040607429,3.51136527320097,3.51136527320097,"Middle prior GPA"
702,2.9947302584768,7.46430886787176,-0.355937997915336,79.1836556240592,13.4344831783566,3.80372669436129,3.80372669436129,"Middle prior GPA"
703,3.25293424820198,7.05673384137585,-0.101001036209274,76.281306107461,8.23675053223029,3.90857865725718,3.90857865725718,"Middle prior GPA"
704,2.86552281730086,6.74750842424499,-1.17217720370706,76.8643211000704,12.3993774129294,2.99596957148363,2.99596957148363,"Lower prior GPA"
705,3.04055173961,7.72463027982026,0.416984502962522,71.191073181142,10.1821008410143,3.28022483070197,3.28022483070197,"Middle prior GPA"
706,2.3753026202081,6.10816329345315,-0.361203280059786,77.8923124865469,18.5511507257311,3.38735856761258,3.38735856761258,"Lower prior GPA"
707,3.13454124645275,8.16313812603367,0.382123010797731,73.4188710987043,9.70935040037587,3.23121388093624,3.23121388093624,"Middle prior GPA"
708,3.66102129091916,6.82179113286664,-0.598842491950029,92.250258583693,6.11971853452897,3.26981836762179,3.26981836762179,"Higher prior GPA"
709,3.41845677862765,6.98944601626509,1.18011954631199,70.7913498646602,10.6198919093354,3.60646145414366,3.60646145414366,"Higher prior GPA"
710,2.10981063782319,7.58874749670409,-1.33869498238429,68.3226462141155,15.9404918473774,2.30121473924664,2.30121473924664,"Lower prior GPA"
711,3.12265906059107,7.34389963596943,-1.67312147528784,77.9920101291649,7.54610823089343,3.00961823602479,3.00961823602479,"Middle prior GPA"
712,3.03609443664838,7.94891420158606,0.802127697741326,81.4858305755116,11.6388343212741,3.21070464022459,3.21070464022459,"Middle prior GPA"
713,2.84801709498848,6.93007617406886,-0.583371106156952,76.6331499254963,10.2744464736503,2.95491316401257,2.95491316401257,"Lower prior GPA"
714,2.92747823316902,6.29314210691764,0.564982919472252,83.9537990772764,12.6683874161965,3.4010208084993,3.4010208084993,"Lower prior GPA"
715,2.50823667090073,8.29174553960522,0.431109329372222,55,16.1047500843924,2.99682231831501,2.99682231831501,"Lower prior GPA"
716,3.81362949401243,7.18062152891227,-0.160931766557945,77.1426007522753,7.1273576490243,4.25795680594135,4,"Higher prior GPA"
717,3.09479782771171,7.25377468051866,-1.84288992010402,89.6437975727337,8.52017103957978,3.31531932927907,3.31531932927907,"Middle prior GPA"
718,3.15454513561555,6.7167756386361,-0.275163819460657,81.9949831509083,13.0931850154908,4.2656686231345,4,"Middle prior GPA"
719,2.39587148152436,6.83356219111893,0.992648223660305,65.3873242212092,17.5801691904916,3.10324100364846,3.10324100364846,"Lower prior GPA"
720,2.81592456219611,6.28200427357449,-1.83234030508683,70.0406242883928,11.9068912180089,2.92335613658102,2.92335613658102,"Lower prior GPA"
721,3.25325484129359,7.58071905316927,-0.274774774702093,73.6641037227452,10.8913367005429,3.2067637181187,3.2067637181187,"Middle prior GPA"
722,2.50795665174013,6.87533367433057,-0.290162608718452,72.9763576830391,11.517090605078,2.93206044152197,2.93206044152197,"Lower prior GPA"
723,2.66304693669264,5.76561727733382,1.56382085832945,65.768726813525,15.4011496763907,2.75515784654345,2.75515784654345,"Lower prior GPA"
724,2.74905071987691,6.84897766235435,-0.54437875138067,84.2855669232755,10.4954061084369,3.27125827787219,3.27125827787219,"Lower prior GPA"
725,3.50869810812156,5.87711206261083,0.396229911082203,74.1552972655683,8.33845888484439,3.65755931906633,3.65755931906633,"Higher prior GPA"
726,3.66005374099631,6.71356034225931,0.966377455227592,76.9405151488402,10.2045666347059,3.90471314353637,3.90471314353637,"Higher prior GPA"
727,3.81141212653087,5.43818491918353,1.85662392509317,86.8792891223413,9.98829100364627,3.61528268496348,3.61528268496348,"Higher prior GPA"
728,3.03061275259033,8.30450064531137,0.0538306867100552,78.8360474185117,11.4653657193542,4.24425711768603,4,"Middle prior GPA"
729,2.77686502067105,7.35044011659724,0.931352728800095,62.7791366260003,15.3414286758125,3.69884409696723,3.69884409696723,"Lower prior GPA"
730,2.95776022098212,7.53894358757334,1.78275346316936,55,13.6684151102802,3.38011865565813,3.38011865565813,"Middle prior GPA"
731,3.31643532874286,7.32511603927516,-1.82195092341885,72.0102699564445,7.89158671317575,3.14906795349398,3.14906795349398,"Higher prior GPA"
732,2.92269915542041,8.29519370108507,-0.680320926135504,71.4422355775206,12.3239487622481,3.10176307662095,3.10176307662095,"Lower prior GPA"
733,2.79251750924694,6.86449322429568,-0.081405264219662,63.0915821793606,15.8378754297457,3.30668071693623,3.30668071693623,"Lower prior GPA"
734,3.02668606156567,7.97521258831527,0.0689011707076689,81.613081586465,11.0193937040248,3.22694505365409,3.22694505365409,"Middle prior GPA"
735,2.7562381792467,7.22904632543035,-2.10847475730239,82.2486471719225,10.8664780611939,2.82547481167001,2.82547481167001,"Lower prior GPA"
736,3.58293025046154,7.57650088112923,0.0131284657034457,70.0552140180256,8.62636898067607,3.13077483148537,3.13077483148537,"Higher prior GPA"
737,2.8229849827044,7.15680374898094,0.330554520806513,80.7030806738032,12.6105484097744,2.89588192629663,2.89588192629663,"Lower prior GPA"
738,2.56131317028874,8.92106552440411,0.770092317798279,71.5741075818915,16.8210583029053,3.65782525273101,3.65782525273101,"Lower prior GPA"
739,3.55122799754968,7.22800643763243,-0.200479357826167,79.9206763960283,8.52393383734113,3.3901406900884,3.3901406900884,"Higher prior GPA"
740,2.92016228220064,6.26636840620488,-0.431441338274734,75.4839810183732,13.6350245468783,3.25310017698519,3.25310017698519,"Lower prior GPA"
741,3.74931282157162,5.68633374288371,-0.74692835561421,96.314756684658,4.70233331345574,3.17293621972215,3.17293621972215,"Higher prior GPA"
742,2.8482405178965,5.81366676751726,1.07373410754184,80.0021468640468,12.5551029297134,3.44498954944023,3.44498954944023,"Lower prior GPA"
743,3.31637723925612,5.84897969659881,-0.842228675750584,80.2047240621809,8.99453874199806,3.55845095220386,3.55845095220386,"Higher prior GPA"
744,2.78824327843683,7.03616295587305,0.0545539869575383,74.0793634680305,15.1697632890235,3.30604029938655,3.30604029938655,"Lower prior GPA"
745,2.71710304213948,7.40031365998767,-0.61679525576751,77.5433016489433,13.3478921787769,3.39883125042512,3.39883125042512,"Lower prior GPA"
746,3.10492312891162,7.48384109475708,-0.514266712575312,74.1484609042624,10.5038533537937,3.36337244051073,3.36337244051073,"Middle prior GPA"
747,3.25157992578927,6.85808282252658,-0.252837875322961,78.5040842180325,9.80195746421219,3.56654834848597,3.56654834848597,"Middle prior GPA"
748,3.52869302993813,7.83845340929635,-0.764915671551187,74.866758224584,11.1379219023657,3.75984630315847,3.75984630315847,"Higher prior GPA"
749,3.28779165402704,7.53598615971037,-1.2554944437967,79.2762492427579,9.06780026682223,3.1839436903393,3.1839436903393,"Middle prior GPA"
750,2.9089942670875,7.41328569819988,1.34843248507209,80.0625740055394,13.0917654860486,3.70187079862494,3.70187079862494,"Lower prior GPA"
751,2.89094980980053,6.95189570307197,1.23632688038493,68.4690817665167,14.2587004652023,3.34409988710875,3.34409988710875,"Lower prior GPA"
752,2.96384141387553,7.84119374842582,-2.18257312504627,71.6763464411457,9.94084521925477,2.71692814562221,2.71692814562221,"Middle prior GPA"
753,3.18196749357077,7.76989621816955,-0.099868322655591,77.3345825094994,11.8835738358194,3.95217067552749,3.95217067552749,"Middle prior GPA"
754,2.73317789186363,8.26473573674512,0.895262963581615,67.1844828460721,16.318950305555,3.51767021567344,3.51767021567344,"Lower prior GPA"
755,2.64403324075211,5.54053983997413,-0.084506030833153,79.1597603248568,17.0001442094331,2.95780423834305,2.95780423834305,"Lower prior GPA"
756,2.86356536648518,6.04690224049015,-0.791159768048384,79.0400027989002,10.058092882822,3.22358530439689,3.22358530439689,"Lower prior GPA"
757,2.64659123605843,7.94516252863501,-0.918634516459967,72.5326679213795,12.7334677501359,3.18735717968951,3.18735717968951,"Lower prior GPA"
758,2.63995774122895,7.2673656475733,0.521590690022481,68.3076371488443,17.1540926566972,3.25097003490966,3.25097003490966,"Lower prior GPA"
759,2.80300197389675,7.14722118515206,-0.308909341722061,75.43500557851,10.9538160302192,3.11004803318299,3.11004803318299,"Lower prior GPA"
760,3.08836055715667,7.30085954003706,-0.10597063585131,78.7965749365028,13.9761423782503,3.12666477032403,3.12666477032403,"Middle prior GPA"
761,3.82611365983837,7.46939053130736,1.39899065945884,74.7411660389187,10.5399466264855,4.26481373673863,4,"Higher prior GPA"
762,3.33646410733208,7.02589178225797,-1.7928789155769,84.8425117167112,7.17348986749403,3.00254120635279,3.00254120635279,"Higher prior GPA"
763,2.86353793830969,7.11933824931377,-1.16883016989623,79.2132533995576,13.9291135196466,3.21836624542577,3.21836624542577,"Lower prior GPA"
764,3.04547455596265,6.95769367641481,-0.712341981196833,66.5805567010031,7.70017889908214,2.83792818113961,2.83792818113961,"Middle prior GPA"
765,2.55984343873007,6.81804707041648,1.2459215500795,65.5743296329089,16.9350829571604,3.46491780402132,3.46491780402132,"Lower prior GPA"
766,3.52787780824167,8.56382752037475,-0.278592619650765,69.4206970354879,10.8621012099721,3.69866732774099,3.69866732774099,"Higher prior GPA"
767,3.63574930704834,6.67094425408846,0.240505610631708,79.8334539735443,8.18586935349264,3.85109623301079,3.85109623301079,"Higher prior GPA"
768,2.99080281959031,7.74124355013969,0.632955259593049,76.5797954529741,14.4177951912996,3.38497460324445,3.38497460324445,"Middle prior GPA"
769,3.65156935118133,5.90527423798226,-1.89565673893776,92.0004742755525,3.74933449877992,2.94254610085944,2.94254610085944,"Higher prior GPA"
770,3.08405049617043,7.60511544474389,-0.83981467251907,88.3437373338313,8.5702127236512,3.35537021663561,3.35537021663561,"Middle prior GPA"
771,3.44053771360971,8.52644910415803,1.69628945125039,71.5368617147257,12.6437385258705,3.10210368766482,3.10210368766482,"Higher prior GPA"
772,3.29978179622222,6.83149275429881,0.814307933079312,80.5030015278067,9.78148155075279,3.59829305410831,3.59829305410831,"Middle prior GPA"
773,2.33772071459109,7.09352050264963,0.0454038116648245,80.3514818745448,19.74730369016,3.87691028729282,3.87691028729282,"Lower prior GPA"
774,3.16070359413242,7.45866224070109,-0.119626090947756,83.7310630253227,8.33892818749873,3.17242682045869,3.17242682045869,"Middle prior GPA"
775,3.18614395096582,6.48958288941701,0.453421178839104,75.340826153348,12.4809045255432,3.74938531220017,3.74938531220017,"Middle prior GPA"
776,3.1857728891077,8.6515261396291,0.258494545609693,87.0444945719813,10.4818707432509,3.75281774230199,3.75281774230199,"Middle prior GPA"
777,3.75488086263389,6.20054399912335,-1.13859177313088,96.4645850517707,6.04053102698609,3.39743654778934,3.39743654778934,"Higher prior GPA"
778,3.06156426488827,7.09113172512033,-0.104525872513768,65.5309213656403,8.48783669141175,2.9885593490083,2.9885593490083,"Middle prior GPA"
779,2.84403590153318,6.41101798903092,1.17696629452132,64.7247365173675,14.0208773829211,3.69124426742368,3.69124426742368,"Lower prior GPA"
780,2.11378368954316,6.51803773290101,0.638796496283267,65.1066074254879,17.9483544857696,3.03986905039826,3.03986905039826,"Lower prior GPA"
781,2.61359489444099,7.09260979100505,-0.968217363748679,74.433908673193,11.3571344432357,3.27292718068529,3.27292718068529,"Lower prior GPA"
782,3.0754376365806,8.31337552716764,1.27214499785721,76.4433817780608,13.6192858717499,3.52465671371834,3.52465671371834,"Middle prior GPA"
783,3.41847660170262,7.11014638983223,-0.751268692837429,73.7708234655461,10.037803135203,3.74837841161998,3.74837841161998,"Higher prior GPA"
784,3.05401165258588,5.95474112968185,1.3170813669423,64.4471008824206,14.9291099301078,3.53856742365898,3.53856742365898,"Middle prior GPA"
785,2.96964205495629,5.92739860091714,-1.36081060408292,87.8151783352593,11.7961146409023,3.63088072893847,3.63088072893847,"Middle prior GPA"
786,3.21029345000957,8.39648575857759,1.00782453847708,71.9347760852295,11.4657137341075,3.966813484447,3.966813484447,"Middle prior GPA"
787,3.08305461605895,5.81192905795155,-0.0507251164039539,79.7069260131253,12.3701428008119,3.34710072146273,3.34710072146273,"Middle prior GPA"
788,3.23763068854147,7.01197004712584,-1.0325069363685,77.1070287416783,10.4538861237956,3.54790704781591,3.54790704781591,"Middle prior GPA"
789,2.69547477790907,7.48086261647066,-0.0447370308237529,68.7571236621059,13.4123015296671,3.08127275861682,3.08127275861682,"Lower prior GPA"
790,3.37638626780904,7.28328380081906,-0.474214693202684,72.5418854539245,7.57040221072061,3.11909190308042,3.11909190308042,"Higher prior GPA"
791,3.04576154886482,7.29838922027239,-1.52972756135932,64.3631340902335,9.97706727619663,2.60710034994396,2.60710034994396,"Middle prior GPA"
792,3.60208785172981,7.30407473320478,1.78419696092472,73.8895249675858,9.63981395426057,3.65005378226002,3.65005378226002,"Higher prior GPA"
793,3.3200599751322,9,0.627830640750866,72.3846876353835,13.4377719044335,4.22870636677439,4,"Higher prior GPA"
794,2.74851765584669,8.55786142536125,0.0303497811236527,66.3236858804531,15.1640298059779,3.34505738272147,3.34505738272147,"Lower prior GPA"
795,2.816463762565,6.93445092598336,1.15604218534468,64.2081521752667,15.7981515364981,3.49170861344128,3.49170861344128,"Lower prior GPA"
796,3.49001461383718,7.61582247126252,-0.209840583399011,83.9157674410292,6.49430555695393,3.32047943951695,3.32047943951695,"Higher prior GPA"
797,2.70653469136531,5.96879117469986,-0.570042685685969,72.903320468755,13.3935031069123,3.35440223972936,3.35440223972936,"Lower prior GPA"
798,2.75585001509319,7.72280459875027,-0.383254711490383,77.777449058168,11.7694234405824,3.12338167746993,3.12338167746993,"Lower prior GPA"
799,2.58251819624553,6.71745652356016,-0.35327262702943,82.4802576305517,9.98803035452217,2.73403068576469,2.73403068576469,"Lower prior GPA"
800,2.98962281107254,6.2404113645277,1.09593033338591,84.481048743234,13.9184548607263,3.24987102278103,3.24987102278103,"Middle prior GPA"
801,3.03495381883212,6.44205109562635,1.38802380263944,68.6069169396627,12.0298734759996,3.16599078588075,3.16599078588075,"Middle prior GPA"
802,3.05220730692868,5.88011262095117,-1.27121716919935,76.7167024322551,12.1485879546577,3.24489076167581,3.24489076167581,"Middle prior GPA"
803,3.39138706645209,7.01310749338193,0.741352735948044,67.2064054355251,10.4136258274866,3.83509251641064,3.83509251641064,"Higher prior GPA"
804,3.32554930892299,7.22232291331614,0.137378742048694,85.1192399108838,10.337931562825,3.77859703029948,3.77859703029948,"Higher prior GPA"
805,3.26663736980531,6.53109156319899,-0.475678507182136,76.47468741504,8.20348418436748,2.93925413151851,2.93925413151851,"Middle prior GPA"
806,3.20931032179034,7.048739179356,-1.82465756480103,67.0872813517619,11.3334623782811,3.0413332209822,3.0413332209822,"Middle prior GPA"
807,2.68759639591742,6.5645688182126,0.906158819697651,74.274563774758,13.9539271573683,3.19124876297933,3.19124876297933,"Lower prior GPA"
808,3.11337341841153,7.1161093661453,1.09160854246417,75.2441514740385,11.9856155629058,3.09764148951079,3.09764148951079,"Middle prior GPA"
809,3.44632749961293,6.33618860372107,-0.295865347382514,79.435184675839,9.89019252513098,3.75102533297223,3.75102533297223,"Higher prior GPA"
810,2.41292928287613,7.63126118033068,-1.34808618454658,74.975386801717,16.8035117577727,3.39331845059565,3.39331845059565,"Lower prior GPA"
811,3.27469437411807,6.69636842886755,0.359035729247556,86.7357870464896,10.9923066994235,3.50869919038584,3.50869919038584,"Middle prior GPA"
812,2.82534046359589,7.67729516845474,0.761261140758712,67.5242774078862,14.1869161322507,3.02044910007353,3.02044910007353,"Lower prior GPA"
813,2.62634689393786,5.97164801839039,0.142903666746339,67.0308411338431,11.840822807063,2.83978455398597,2.83978455398597,"Lower prior GPA"
814,2.7951216931619,7.68579917310648,0.275294873465732,70.1544681205125,14.1841261030772,3.53057824619606,3.53057824619606,"Lower prior GPA"
815,3.24553961853662,6.64932877959778,0.747840324580528,75.9849816844499,15.2104417089857,4.00345288204854,4,"Middle prior GPA"
816,3.79517924357869,5.9356156951518,0.229609234003071,87.2480304973698,8.5738203011983,4.27120109598471,4,"Higher prior GPA"
817,3.83995428210985,6.67155399376858,0.510528978634624,79.4385603013029,6.26398941028405,3.34361157765622,3.34361157765622,"Higher prior GPA"
818,3.07513937471085,8.61026420244158,-1.13680169581778,71.1121868575724,15.9997902226475,3.70965374790109,3.70965374790109,"Middle prior GPA"
819,3.51610504525972,6.79304169582839,0.58372979454864,73.6377405133537,9.16961898880666,3.666478107904,3.666478107904,"Higher prior GPA"
820,3.55687252997344,6.20481003010383,-0.590665218498329,82.3772837769342,7.56949138861274,3.44168133671759,3.44168133671759,"Higher prior GPA"
821,2.88725057702881,6.51834036001472,0.410488668245188,58.6913358386711,11.2101219437999,3.36166057194677,3.36166057194677,"Lower prior GPA"
822,3.15928336900453,6.77605784435874,0.542511947641598,69.4092129674403,10.3290421389092,3.2426809381732,3.2426809381732,"Middle prior GPA"
823,2.78701219639211,6.34164794087376,-0.149018225540514,65.932231817191,14.3960479108661,3.11448289765243,3.11448289765243,"Lower prior GPA"
824,2.83284554977204,6.75873446945884,1.2029609253784,79.296508980328,15.4851000644774,3.10129951358269,3.10129951358269,"Lower prior GPA"
825,3.43695334537678,6.18093959366969,-0.227349307563254,70.4812373295899,7.19812800682065,3.31542478445256,3.31542478445256,"Higher prior GPA"
826,2.98443417454372,7.22980200918054,-1.67271653012933,75.2089518149718,11.434960269647,3.37110986263477,3.37110986263477,"Middle prior GPA"
827,3.05941377251103,6.58840290814121,-0.0961159230266459,76.3532093213971,14.0291870197551,3.81898138151514,3.81898138151514,"Middle prior GPA"
828,3.73706468006928,9,-2.05614556522916,88.0740352128551,7.68775009012773,3.63569896386149,3.63569896386149,"Higher prior GPA"
829,2.85687352006258,6.8507411100755,-0.417462426775384,82.2424530696752,11.6253098920784,3.11901459183005,3.11901459183005,"Lower prior GPA"
830,3.09653173365665,6.08357537458627,-1.11459429570114,70.4060461096822,10.7373827107608,3.344299876755,3.344299876755,"Middle prior GPA"
831,3.75663902340618,6.35290557672096,1.23791471679873,74.3878413724789,9.38019601950611,3.83612007583586,3.83612007583586,"Higher prior GPA"
832,2.87464756464233,6.7925711317856,-0.488162117593584,70.9099298483331,12.1887629220191,3.2387096302418,3.2387096302418,"Lower prior GPA"
833,2.81934686412518,6.84717145756543,0.572468292281285,80.8048483519323,14.147418419917,3.28654247270238,3.28654247270238,"Lower prior GPA"
834,3.33073619756142,6.82679328758977,-0.341253800580664,81.0079124507694,8.99533193922979,3.32010998557893,3.32010998557893,"Higher prior GPA"
835,3.01937516421001,7.07138223034545,-0.592824976566077,79.2189153850131,11.3235980883366,2.97144076361659,2.97144076361659,"Middle prior GPA"
836,3.15779366176832,7.03158351790232,2.00331532803409,77.2269796501212,13.8333397278112,3.60136734351566,3.60136734351566,"Middle prior GPA"
837,2.47973361268659,6.8560785086509,-1.37200034446232,70.9821441755953,11.4818250728504,2.84502114764845,2.84502114764845,"Lower prior GPA"
838,3.0802880520076,5.93504929808267,-0.337702054849141,69.1548219934001,15.5749698049385,3.39650559317783,3.39650559317783,"Middle prior GPA"
839,2.79485677070769,7.63602991171373,-0.372218074093562,70.6138512403147,15.4360674053044,2.96869147094137,2.96869147094137,"Lower prior GPA"
840,2.65499316081229,7.35067263323536,-1.45396851678028,71.1699502947101,12.3861796517703,2.39813466401065,2.39813466401065,"Lower prior GPA"
841,2.73270750115038,6.47176874516041,-0.745056454777658,68.0108913763756,14.4427682926068,2.85457196720022,2.85457196720022,"Lower prior GPA"
842,3.23673610963702,7.4766183044148,0.560237565033649,75.8590026278556,9.82847166340076,3.08248645882507,3.08248645882507,"Middle prior GPA"
843,2.8315938754063,6.65451376267563,-1.95654601210905,75.8049603089062,10.4959273593067,2.86924334482532,2.86924334482532,"Lower prior GPA"
844,2.90311428109301,6.89828540803395,-0.305373603435405,71.8155477229101,13.6230132920678,2.97510942609716,2.97510942609716,"Lower prior GPA"
845,3.52596806516849,7.53655931574733,-0.627759950130234,78.940338584384,8.34580979585058,4.01508745037937,4,"Higher prior GPA"
846,3.42664193620369,7.1228043634379,-0.875415987924428,76.8160013091022,8.97909156290143,3.45040100917132,3.45040100917132,"Higher prior GPA"
847,2.97445962885148,7.27976042638867,-1.67352461552344,76.2342217144992,8.13190720999263,2.91811010317824,2.91811010317824,"Middle prior GPA"
848,3.2057165906041,6.21108967249954,-1.15396945439425,82.4108344302916,8.60927764529016,3.41946775712857,3.41946775712857,"Middle prior GPA"
849,3.49654615707044,7.67197450673557,0.957142659861666,76.6739524685249,8.31697937070999,3.29758334748657,3.29758334748657,"Higher prior GPA"
850,3.62610126709843,6.07896523058394,-1.01615691128057,81.4490993693232,8.443541874367,3.89595005271913,3.89595005271913,"Higher prior GPA"
851,3.68641390451703,7.88681002499258,-0.877775957611344,78.6443615677631,5.55542257630604,3.56934003653337,3.56934003653337,"Higher prior GPA"
852,3.26818129735759,6.50668259382055,-0.959322577831042,81.0004517709701,8.96854583405004,3.68568104865017,3.68568104865017,"Middle prior GPA"
853,3.14160615927676,6.854787394444,-0.273476936793006,81.8317675946565,12.4399315650884,3.40583962887221,3.40583962887221,"Middle prior GPA"
854,3.32616157699999,7.12754530781895,-0.899393339066141,85.186558243108,8.02849355405682,3.21795356435292,3.21795356435292,"Higher prior GPA"
855,2.90526483953617,7.45852629020762,-0.301719156267671,82.911154998342,13.0968735526248,3.71643139775463,3.71643139775463,"Lower prior GPA"
856,2.95734594930097,7.79278759928735,1.145540482992,67.3304280695545,13.6054809283882,3.25137044747778,3.25137044747778,"Middle prior GPA"
857,2.93135760429326,6.82440840074266,-0.518569958120806,84.2952207495603,9.69451913563502,3.30192027183757,3.30192027183757,"Lower prior GPA"
858,2.92330880373562,6.69072210324097,0.140064855069685,79.9408751475497,10.8810748920457,3.63191666149187,3.63191666149187,"Lower prior GPA"
859,2.97811212507522,6.48056998897039,-0.136804177345326,76.4087235261825,10.7509030653525,3.3388160602385,3.3388160602385,"Middle prior GPA"
860,3.36069312894363,6.17201512821068,-0.61833031279553,68.2382803357792,10.1984471186695,3.13941106839962,3.13941106839962,"Higher prior GPA"
861,2.36664787994367,7.99040218173054,2.16054680521287,72.2392569250926,20.1769523124343,3.12605734908357,3.12605734908357,"Lower prior GPA"
862,2.72385018846248,6.54273220264623,-0.666575305443344,65.7062102337697,12.0985243067167,2.74717636108812,2.74717636108812,"Lower prior GPA"
863,3.52665778167176,7.01186080036311,1.23224183281489,70.5955126355688,11.3935446009457,3.9358662020513,3.9358662020513,"Higher prior GPA"
864,3.78405030765563,7.41506564227611,0.566354426306013,87.5758469388599,7.25133653491633,4.08761719135404,4,"Higher prior GPA"
865,3.13866784958256,6.80763893155126,-0.161428642284594,70.8746491148756,11.4822907546668,3.4837613940447,3.4837613940447,"Middle prior GPA"
866,2.68239175366774,6.63076741369304,-1.426265651304,76.2177238382014,12.5789354134828,2.77893228608591,2.77893228608591,"Lower prior GPA"
867,3.38949214717851,6.70088512948164,0.432542798188504,72.4279056655432,9.98236720173864,3.73327510593906,3.73327510593906,"Higher prior GPA"
868,2.70537889018991,9,0.0776661236080609,66.241386255085,17.3570484743486,3.30125600440049,3.30125600440049,"Lower prior GPA"
869,2.87913440044681,6.44582229430737,-1.57859399670422,76.7271202486912,10.7369008991626,2.87872255631027,2.87872255631027,"Lower prior GPA"
870,3.4323221109313,7.09202135483023,0.530673932677719,75.8784361258408,5.95964047430971,3.73711913101483,3.73711913101483,"Higher prior GPA"
871,3.38824023959699,6.70723882948581,-1.42022368179614,63.7764120433974,7.11397825234496,3.54126846351649,3.54126846351649,"Higher prior GPA"
872,3.11852963226511,5.75129279414636,1.93144247561718,71.8798894717792,11.3326107138083,3.32136262813733,3.32136262813733,"Middle prior GPA"
873,2.80798485484163,6.90344210079126,0.407502592946197,76.0322198033959,11.0020603886923,3.2080222117005,3.2080222117005,"Lower prior GPA"
874,3.44025365634333,8.12026572713697,0.212394421422309,75.7173575321519,10.1069508994233,3.75734119568219,3.75734119568219,"Higher prior GPA"
875,3.7637451300944,5.72578545766593,-0.0538017538882164,73.1524110068812,5.89361618161684,3.9055610140522,3.9055610140522,"Higher prior GPA"
876,3.29882425403475,7.80145661897364,0.0382629828932744,82.2592475488886,11.5136136673888,3.33326797928234,3.33326797928234,"Middle prior GPA"
877,3.53986664107782,7.53342799584185,0.900349232754603,78.0791591720853,10.7116987603518,3.64444499733768,3.64444499733768,"Higher prior GPA"
878,2.92619742800577,6.36523431315051,-0.052939848890513,74.0888239191145,14.1932821765771,3.40964410708078,3.40964410708078,"Lower prior GPA"
879,2.91672522819241,7.00166298555967,-0.934368761667611,79.2611324085285,7.62164355158629,2.5922937825388,2.5922937825388,"Lower prior GPA"
880,3.71545704617731,6.97134383668685,1.37514304909567,70.4454561267124,9.99679010899137,3.9878376360155,3.9878376360155,"Higher prior GPA"
881,2.60410930469531,6.63640993314582,-1.87805800319769,63.3169273954027,10.4695034037381,2.75296699587638,2.75296699587638,"Lower prior GPA"
882,2.44223940988298,7.77104130410502,-1.17040680751195,74.2066481533293,14.806130023424,3.01325624424279,3.01325624424279,"Lower prior GPA"
883,2.92327497563253,5.65901487306277,1.02487488917562,73.9946605621712,14.4339553756553,2.99949932324916,2.99949932324916,"Lower prior GPA"
884,3.16351486604039,6.33622505275614,1.71416788327433,63.2248197451596,12.9007548118806,3.78561851310482,3.78561851310482,"Middle prior GPA"
885,3.22807955703345,7.72662115359011,0.671358942737222,72.2242865543583,9.31785476786459,2.54363484812118,2.54363484812118,"Middle prior GPA"
886,3.25395774712347,5.45076335258285,-1.38825803023638,65.5261517051862,14.7473918435629,3.42480843627249,3.42480843627249,"Middle prior GPA"
887,2.51902035581221,7.4007627926605,-0.942733404925136,78.8909653771378,13.2546683870288,2.98877591962695,2.98877591962695,"Lower prior GPA"
888,3.37522288812651,7.77128880571405,0.276802255156968,82.4040028031036,11.6655655136869,4.18932666667386,4,"Higher prior GPA"
889,3.28109089353349,6.86531245344415,-1.52266946997267,68.3372095452204,10.6139512605263,3.13601612797889,3.13601612797889,"Middle prior GPA"
890,3.20653123269301,7.59195237887578,1.42261553502825,78.4631123157589,9.54482975424869,3.63789764492091,3.63789764492091,"Middle prior GPA"
891,3.16339256163295,6.14314888553315,0.438979564070026,77.1981464452148,11.6593901548982,2.97989303378841,2.97989303378841,"Middle prior GPA"
892,3.45363449885152,6.22245790311985,1.30950393053694,77.1075225847244,8.17204149687839,3.44350139551397,3.44350139551397,"Higher prior GPA"
893,3.79430580253398,7.11045084099324,-0.319794672506205,66.4163712622916,7.52057297667201,3.7221698024204,3.7221698024204,"Higher prior GPA"
894,2.57784476642546,6.55355949581517,1.81146797066253,82.7714465794499,13.2384280274798,2.76469237068014,2.76469237068014,"Lower prior GPA"
895,3.04147568899448,6.69416852564582,-1.43094839813599,84.9824311215855,9.91073383306266,2.82812019464223,2.82812019464223,"Middle prior GPA"
896,3.05112800050289,7.45221355989188,0.825097031162761,71.4400844652777,12.8551070766437,3.16965028741632,3.16965028741632,"Middle prior GPA"
897,2.85385734809539,6.320561066188,-1.21935434225955,80.0122822628738,11.0614240061203,3.20200604269605,3.20200604269605,"Lower prior GPA"
898,3.53784137647027,7.16088618468594,-0.156031445616948,68.9954192308648,9.65226605342458,2.87784999009915,2.87784999009915,"Higher prior GPA"
899,3.58795042732857,7.14073495586553,-0.395828101478725,84.7819698220572,8.32400424279277,3.70117010270691,3.70117010270691,"Higher prior GPA"
900,3.3226395889099,6.2945523700235,1.49752954997015,76.3875533400808,9.7614133667063,3.69825388384617,3.69825388384617,"Higher prior GPA"
901,2.69267141364936,7.5855333991487,1.5420518582444,67.7397041456597,15.7497946342282,2.82280246651266,2.82280246651266,"Lower prior GPA"
902,3.65914050799186,6.22128771673056,0.112295034124487,68.649090954181,6.874834692064,3.88282554671046,3.88282554671046,"Higher prior GPA"
903,2.67693554911344,6.94400734094534,1.15260218861369,78.6723830807678,14.9705116743299,3.60374687799095,3.60374687799095,"Lower prior GPA"
904,2.90573627453297,7.76708040805994,1.69539445602664,74.2182777419574,14.1571548546832,3.01811094838684,3.01811094838684,"Lower prior GPA"
905,2.80237163537061,7.50058670095939,1.74906504937322,56.6515499571223,17.2608999257201,2.8601633570728,2.8601633570728,"Lower prior GPA"
906,3.84399551388659,7.13538074168429,-0.733894191284181,94.0448733546512,4.05913621525407,4.0697069794409,4,"Higher prior GPA"
907,3.31667959695903,6.07564386825801,0.0152944600587698,67.1150937257695,10.2256075952745,3.46425863107177,3.46425863107177,"Higher prior GPA"
908,3.24595896437503,6.7215460493831,0.577752801027871,82.1141985837965,12.4350047932362,3.81615496347105,3.81615496347105,"Middle prior GPA"
909,3.52744715276478,7.39455193308943,0.244733504885348,63.0378560659156,7.98272021734445,3.93168900033462,3.93168900033462,"Higher prior GPA"
910,2.78371580392674,6.45344983261814,0.755639134471731,81.8070170171741,12.9565174656256,3.15010775494502,3.15010775494502,"Lower prior GPA"
911,2.74127630349042,6.81664025920948,-0.471654423431159,83.2071241801785,13.4452963088507,3.1827326763385,3.1827326763385,"Lower prior GPA"
912,3.30838019763236,7.1135824414417,0.843217716851935,67.3540351801921,9.85801330288456,3.33029582925687,3.33029582925687,"Higher prior GPA"
913,3.1211093269447,6.68787908644969,0.505216484166802,72.7296009413416,11.6602376928897,3.14458221970397,3.14458221970397,"Middle prior GPA"
914,2.41239494723015,7.15915975886337,0.177275462141864,59.4327330773762,15.3239818007751,2.95625312806185,2.95625312806185,"Lower prior GPA"
915,2.97460425880616,5.60020543999787,-0.168345269754723,78.2135484812464,14.7363888762968,3.33156268272601,3.33156268272601,"Middle prior GPA"
916,3.04633419835286,6.40637903952014,0.905660246587682,67.4984633060342,12.4238640548845,3.39722797315648,3.39722797315648,"Middle prior GPA"
917,3.39023015665277,6.47335962441037,-0.136379847028896,71.4675230026323,7.51681080598946,3.02262605068873,3.02262605068873,"Higher prior GPA"
918,3.48089287269448,7.46216813006984,0.8177641560143,79.2189814504854,6.28394260049497,3.39764177793119,3.39764177793119,"Higher prior GPA"
919,3.46330981216001,4.93727940617715,-0.43995087435976,84.1916944916818,14.9021446602635,3.87306136400245,3.87306136400245,"Higher prior GPA"
920,2.87782549107419,7.7650652964107,2.17183426750657,55.407303722043,16.4588894561228,3.57728422388281,3.57728422388281,"Lower prior GPA"
921,3.00809352310301,6.77025832349801,-0.142505691966004,66.4949148212543,11.8529862634086,3.28675463235098,3.28675463235098,"Middle prior GPA"
922,3.12770257160182,4.98238763061275,0.277422115507341,81.3504276622094,11.1681521047907,3.12761997809374,3.12761997809374,"Middle prior GPA"
923,3.35998562560053,6.59232901550175,-0.674482358296489,81.2256794945884,7.77296628519429,3.76582776839288,3.76582776839288,"Higher prior GPA"
924,2.98980044894865,8.48865390736435,0.987465202079421,59.1794982851318,14.3474376339327,3.08297420190768,3.08297420190768,"Middle prior GPA"
925,2.29414561563027,8.00166125273851,0.612435246536214,55.7688971095249,19.7656930632939,3.28644316894329,3.28644316894329,"Lower prior GPA"
926,2.91854722179515,6.20364851602692,0.723316399674017,70.1472159906548,14.5184916844589,3.82337397708762,3.82337397708762,"Lower prior GPA"
927,3.49264711194209,7.16147841238295,0.947011031600652,81.1879932293598,9.46455606175376,3.71502258627614,3.71502258627614,"Higher prior GPA"
928,2.98867157075506,8.1793361948532,-0.316050898476532,71.3595042587719,12.5179592780395,3.2496251887104,3.2496251887104,"Middle prior GPA"
929,2.60007023015037,6.60965485979745,0.0578732394439753,66.1827743278864,16.0816200365125,3.11629939932654,3.11629939932654,"Lower prior GPA"
930,2.67831081282951,5.9685557556599,-0.94620199956372,88.3194599239116,13.9283591707677,3.34010653437549,3.34010653437549,"Lower prior GPA"
931,3.24258997549713,6.44298789097638,1.031559499515,60.8327880987737,13.8649997816911,3.73337341655481,3.73337341655481,"Middle prior GPA"
932,3.2186619338861,7.20638478438649,-0.881687645066794,93.5854120245075,10.2454024634317,3.74457253117041,3.74457253117041,"Middle prior GPA"
933,3.46950644017535,6.37146236178628,0.227623589854491,75.4246462842438,9.15276168517153,3.59582285787143,3.59582285787143,"Higher prior GPA"
934,3.15020749826235,7.57948099524509,0.469666439564776,60.1340433481227,14.7737888365104,3.77198969979399,3.77198969979399,"Middle prior GPA"
935,3.17383285974161,6.70412465690025,-1.05742314403279,95.0387687664574,11.6469545137559,3.9154742787463,3.9154742787463,"Middle prior GPA"
936,3.40404947491484,7.74591960638531,2.04569993485458,62.1014432476,13.85848516519,3.5126301093731,3.5126301093731,"Higher prior GPA"
937,3.05778216178416,6.91602030437905,0.130373820501056,75.9082898452208,9.57798300535976,3.38272395940404,3.38272395940404,"Middle prior GPA"
938,3.47416844199963,6.60927699761112,0.00164131951858017,76.9099137248122,8.30922523402706,3.36236696119533,3.36236696119533,"Higher prior GPA"
939,3.21516607352849,6.79218094480217,0.83246949102582,69.8752440166998,11.2399073078826,2.9571481893619,2.9571481893619,"Middle prior GPA"
940,3.40802402676233,8.07180043472209,1.70054515132913,76.2689749090503,10.6617973222357,3.7169776000675,3.7169776000675,"Higher prior GPA"
941,3.76774618894827,6.76954117255777,0.475106960083146,86.7589912991759,7.32044039617929,3.98152961907741,3.98152961907741,"Higher prior GPA"
942,3.43853720626628,7.26127655880878,1.84995004873246,68.2425805080976,12.1333661953279,3.25111732853185,3.25111732853185,"Higher prior GPA"
943,3.04054258726003,6.77439047953368,0.813003954908022,74.7615251876237,10.2612775088514,3.00249636339028,3.00249636339028,"Middle prior GPA"
944,3.11786591053079,6.10279366671511,1.3437332735892,70.4027655323496,13.1693101844972,3.75279281550404,3.75279281550404,"Middle prior GPA"
945,2.45106386818145,6.78961580924919,0.207137947310685,73.4859855401581,12.9245958539407,3.28817520436184,3.28817520436184,"Lower prior GPA"
946,2.98252035751044,7.19458651686118,-0.395684585326669,84.0837083892771,10.744414362047,3.51117378877325,3.51117378877325,"Middle prior GPA"
947,3.01280172588027,7.94193765064864,1.01616084735669,72.2527776477867,13.1251476283421,3.57566898984042,3.57566898984042,"Middle prior GPA"
948,2.97813202528635,7.26045138444187,0.573242485094733,66.6363025492768,9.21383334515593,2.88912356847861,2.88912356847861,"Middle prior GPA"
949,3.0934989631847,6.59337472142828,0.523415256946468,69.4541283545337,12.7876875862608,3.29480178622106,3.29480178622106,"Middle prior GPA"
950,3.03706112148706,7.31253214469055,-0.161700427686807,69.2058169688457,11.3489068223523,3.13369681545884,3.13369681545884,"Middle prior GPA"
951,3.11202551424148,6.3242214213227,0.0127879244964433,80.7280885480543,13.3569761514065,3.51469336643193,3.51469336643193,"Middle prior GPA"
952,3.26653232827262,7.64652050132556,-1.57712222514709,86.4915012171505,9.5943422301109,3.52457131864025,3.52457131864025,"Middle prior GPA"
953,3.70311722457776,7.06772908924812,-2.62146091557127,87.7107729898137,4.90106302838501,3.15370109371971,3.15370109371971,"Higher prior GPA"
954,3.8033327756429,6.40546931555725,0.86642706480648,77.802911442643,7.02730649207589,3.65672744470819,3.65672744470819,"Higher prior GPA"
955,3.69882496360345,6.67510631515752,0.547576881184673,80.8397316823481,4.86702745565649,3.19227818559925,3.19227818559925,"Higher prior GPA"
956,3.2746644638516,8.34725612555286,-1.79552886727776,67.6464708236721,9.28585563688744,3.12581921419,3.12581921419,"Middle prior GPA"
957,2.69885993278001,6.13598035851557,0.557376799891747,82.648458861912,12.3789867533952,3.37191970612651,3.37191970612651,"Lower prior GPA"
958,2.6218591976524,7.8013889627788,-0.85407930400331,82.3436434898124,12.446369283207,3.52038121370594,3.52038121370594,"Lower prior GPA"
959,3.5868645354115,6.52735758469141,1.56287374296755,61.1639065155959,9.95597951844742,3.30787724834082,3.30787724834082,"Higher prior GPA"
960,3.18596457646741,6.02437522487948,-1.2957283834174,81.5572046301698,12.7227022614521,3.75770892236605,3.75770892236605,"Middle prior GPA"
961,2.54076698707897,6.52352900654309,0.439918923805503,70.1977514415244,12.8835217280042,2.91833481162251,2.91833481162251,"Lower prior GPA"
962,2.87276771411177,6.43052197929188,-0.748459958677333,83.7533155130943,10.8357405933041,3.53546292492677,3.53546292492677,"Lower prior GPA"
963,3.15554850697444,7.83720323459195,-0.328318238238565,74.850522530499,10.7006381898378,3.85147658512918,3.85147658512918,"Middle prior GPA"
964,2.34768925384947,6.26964982691511,-0.187643339030575,76.283209677205,14.0384262525496,2.9589508177939,2.9589508177939,"Lower prior GPA"
965,3.41517517405897,7.02425391410046,-0.64193015347842,73.543401019103,6.02765639066474,3.76597663071252,3.76597663071252,"Higher prior GPA"
966,2.88246987739881,7.97223901742524,0.479134829001912,76.5260422548129,12.5097528454171,3.41571151042571,3.41571151042571,"Lower prior GPA"
967,3.27724550193461,6.14727740849343,-1.36311892667741,84.4862267601873,5.99936469850458,3.21768684609019,3.21768684609019,"Middle prior GPA"
968,3.29485859406331,6.30502691552355,-0.21685875838107,71.0055253510972,10.6338242962692,3.44318363994334,3.44318363994334,"Middle prior GPA"
969,2.82573381655951,6.9154088499891,-0.311846494070288,85.2358826006908,12.6658564284672,3.18445687893418,3.18445687893418,"Lower prior GPA"
970,2.35106093186468,7.19741379094596,0.813039666036646,62.2625305507879,17.8525102648443,3.16728901960292,3.16728901960292,"Lower prior GPA"
971,3.11457676709085,6.52034916004502,-0.132585652165001,77.1986171128727,6.44611436135674,3.25131254011809,3.25131254011809,"Middle prior GPA"
972,3.64204185490091,6.87503703430789,0.0318362890896127,71.5473124260381,7.99906314717976,3.51588687015234,3.51588687015234,"Higher prior GPA"
973,3.18661974415937,7.34128340350644,-1.15723388462762,73.3995057658886,10.8966735473009,3.20265481842937,3.20265481842937,"Middle prior GPA"
974,2.65242984014784,7.92983436119686,-0.353777334389194,60.777585236034,13.12254872609,3.10414141001616,3.10414141001616,"Lower prior GPA"
975,2.78433134840577,5.7901575019849,-0.122092036617052,69.6500416985454,15.5610129721916,3.41811292401837,3.41811292401837,"Lower prior GPA"
976,2.82761627059093,5.89329647236331,-2.63200194588866,63.520877819036,9.04649696602874,2.03084987731221,2.03084987731221,"Lower prior GPA"
977,3.27231964886756,5.64507466228981,-0.542407835480105,76.3441474147439,10.1120728000078,3.74012425000745,3.74012425000745,"Middle prior GPA"
978,2.59163339429105,7.36619332634116,1.91052975131134,57.7041931390658,13.2811937993264,2.90471625436967,2.90471625436967,"Lower prior GPA"
979,3.117331372402,4.867169203929,0.0496289252473743,76.025812034984,14.8116141680338,3.71392813657574,3.71392813657574,"Middle prior GPA"
980,2.91339918483899,6.38694643918964,0.332024086601508,68.332514662178,12.5473504251518,2.94264431568552,2.94264431568552,"Lower prior GPA"
981,3.60330679750892,6.22148769452215,0.0837877082821604,79.1040851130986,8.58559779705991,3.89360441952295,3.89360441952295,"Higher prior GPA"
982,3.17212795362794,7.11664031983169,1.62706719166344,68.9027255948344,11.6219842919168,3.80683611567839,3.80683611567839,"Middle prior GPA"
983,2.73219396261864,6.67386303268512,-0.458360114531066,62.7051308480226,14.2473375298728,2.77210211205308,2.77210211205308,"Lower prior GPA"
984,2.66975641649925,5.74185610649431,0.554425870552532,77.2374177479404,13.5758134203583,2.72969394864045,2.72969394864045,"Lower prior GPA"
985,2.4759663956343,6.68193201719309,1.63902492709767,63.026024206996,16.8443677588742,3.0726517138568,3.0726517138568,"Lower prior GPA"
986,3.62397897582318,6.95459521738064,-1.28616938216263,83.2118656524953,5.68910345553653,3.51792430160689,3.51792430160689,"Higher prior GPA"
987,3.24566774248542,7.02576362755235,-0.597080254686902,63.4479954470724,11.0088863518713,3.48644729587947,3.48644729587947,"Middle prior GPA"
988,3.31312398363925,6.59847569944307,-0.653985383959245,68.2672733152312,8.57395952776814,3.56104034504482,3.56104034504482,"Higher prior GPA"
989,3.58755067863042,8.0670979726498,0.895416917340249,76.9007138087487,9.54857506407343,3.58255048324708,3.58255048324708,"Higher prior GPA"
990,3.30182874188001,5.9028819116694,1.04636135273269,65.4396019373352,13.4746939852857,3.4841951444106,3.4841951444106,"Middle prior GPA"
991,2.8665157266795,6.73750123990508,-0.43287833702638,72.4625081961971,13.7702025286877,3.323985662847,3.323985662847,"Lower prior GPA"
992,3.11215383106419,6.95261272356727,1.15548085352214,85.4434363860756,10.0781217346457,3.05768171806315,3.05768171806315,"Middle prior GPA"
993,3.24995606322121,7.94993930604658,0.294583187314037,77.3088060630628,11.2294465018256,3.50049490554347,3.50049490554347,"Middle prior GPA"
994,3.57980492074882,7.70953115466504,-1.8603132219945,78.4418298216035,5.61930532868345,3.43248825822018,3.43248825822018,"Higher prior GPA"
995,3.18395052422692,6.93978164931427,0.146529848367476,80.9776727702756,8.79525753305534,3.47586180580829,3.47586180580829,"Middle prior GPA"
996,3.1815766067673,8.3722268028912,0.179684090677468,77.9709899915999,9.4079277932254,3.6184524760499,3.6184524760499,"Middle prior GPA"
997,2.58242974116795,6.06463594069823,-0.767045379386116,67.0162063360213,14.7873994478534,3.10211623775791,3.10211623775791,"Lower prior GPA"
998,3.53128092118709,7.34687446153111,0.199415055184694,68.8037808437341,9.95529484010124,3.52410755575998,3.52410755575998,"Higher prior GPA"
999,3.14509148628174,7.4177099348926,0.615097094085594,82.8771157240775,12.5447022825376,3.7044268729634,3.7044268729634,"Middle prior GPA"
1000,3.10614372544223,7.16789215196331,-0.988011013184546,85.2961429085154,6.12574948009125,2.56808786646019,2.56808786646019,"Middle prior GPA"
1001,3.43450575662465,5.70469604329896,-1.16350496136618,79.8825925666486,10.187168677344,3.40782424222587,3.40782424222587,"Higher prior GPA"
1002,3.75840532461986,6.84954763127333,-1.72368885690287,92.1224260072167,5.1445257227117,3.75319137883253,3.75319137883253,"Higher prior GPA"
1003,3.29509500888671,6.37467067995487,-1.86608458339742,89.7288595346041,9.03007384251481,3.4580881957407,3.4580881957407,"Middle prior GPA"
1004,3.03450702059908,6.61275833660279,0.333568230734746,66.5279847633089,9.91713765149788,2.98208286047737,2.98208286047737,"Middle prior GPA"
1005,3.16771545095217,7.51132586668462,0.597096568063767,72.2888992825908,8.77366716046672,2.907954842409,2.907954842409,"Middle prior GPA"
1006,3.4541942502566,7.03304709821552,-0.586503080307393,79.8133091952592,6.59720933886893,3.74535506857048,3.74535506857048,"Higher prior GPA"
1007,3.54460212904189,6.97524358718417,-0.170587182043987,77.0905338176593,6.62783033094786,3.66530679391048,3.66530679391048,"Higher prior GPA"
1008,2.73166248960136,7.19552444983712,-1.18147262571283,65.9652552291167,9.88764246842342,3.09215372202383,3.09215372202383,"Lower prior GPA"
1009,3.09133056049714,7.43798135874288,-0.188554584574417,85.2605057905033,10.326264941518,3.38318257211658,3.38318257211658,"Middle prior GPA"
1010,3.0500925047307,7.02039851938516,1.3922423210775,57.8814552846011,14.7581815224961,4.05597915758761,4,"Middle prior GPA"
1011,3.59687331214492,6.52186436607299,-1.87036325754686,77.4134295199322,4.79578936268301,3.27831662303233,3.27831662303233,"Higher prior GPA"
1012,2.80886960581312,5.52921959272915,0.961650647216059,71.8078435416414,16.4981695765149,3.5657265268395,3.5657265268395,"Lower prior GPA"
1013,2.44319992887286,7.76666123099943,1.22743392945301,61.8699952240524,13.9576450666334,2.80800768753316,2.80800768753316,"Lower prior GPA"
1014,3.71929372114925,6.4975439138101,-0.0913184877672928,75.5994618989064,9.14436474618453,4.0984076347425,4,"Higher prior GPA"
1015,3.37372343491242,8.43453730208963,2.57032532014374,64.4825306746093,15.8573140594059,3.8147858770834,3.8147858770834,"Higher prior GPA"
1016,3.3811544150583,5.95975677186166,0.268532771109297,77.1246619691612,10.0059526123547,3.89526137836902,3.89526137836902,"Higher prior GPA"
1017,2.88798874247961,6.13440569036207,1.10345983608588,78.49797013006,13.9065540130134,3.36876319240768,3.36876319240768,"Lower prior GPA"
1018,3.31168838046963,7.12991728283418,-1.25945237150733,88.8166108959264,8.64479557965809,3.2970828756865,3.2970828756865,"Higher prior GPA"
1019,2.40387640440494,6.873572510035,1.56149111948819,74.9309805879328,16.6170476537237,3.31091456405206,3.31091456405206,"Lower prior GPA"
1020,2.82354418193759,7.86062388230513,-0.976049038995663,73.0066638776928,9.9649443673519,3.05022418603563,3.05022418603563,"Lower prior GPA"
1021,2.58134344642911,6.09465535151936,-0.467207086200107,66.4481557529045,15.0212050300404,3.25550864517111,3.25550864517111,"Lower prior GPA"
1022,2.87781233249947,7.2993790489555,1.69290627540746,64.2169792591641,13.9414423240388,3.19571951765369,3.19571951765369,"Lower prior GPA"
1023,3.78948956737043,7.28767515286751,0.241061759952661,87.0926265246421,8.13165028858928,4.00106691224419,4,"Higher prior GPA"
1024,3.35156709473728,7.90655682472474,0.985561718750088,77.540846079691,11.5935249429947,3.31188861693868,3.31188861693868,"Higher prior GPA"
1025,3.21914537053323,7.433730572668,1.13701491499553,70.0560237971022,9.38929460813505,3.01556214994768,3.01556214994768,"Middle prior GPA"
1026,3.06867911811736,7.2579597943045,-1.33492333570361,67.7119498057469,13.7292344739052,3.64341597622289,3.64341597622289,"Middle prior GPA"
1027,3.13847090438297,7.06647258015438,-0.847465903287919,63.4832741935831,11.1975659567704,3.12074761635772,3.12074761635772,"Middle prior GPA"
1028,3.10342462047267,8.28306157920027,0.697178188907567,80.3248524938721,14.6740045011861,3.73664758206138,3.73664758206138,"Middle prior GPA"
1029,3.26248743743113,6.68833982000885,-1.31807387100597,75.959975890321,7.00311643157543,3.04793975526144,3.04793975526144,"Middle prior GPA"
1030,2.99857151059663,7.38515486366438,1.1313548716826,75.11167539837,12.266667246138,3.30137420649619,3.30137420649619,"Middle prior GPA"
1031,3.32775983600519,7.66608346220097,-0.433759668063136,70.7900699278456,11.3714161266075,3.63031557292211,3.63031557292211,"Higher prior GPA"
1032,3.78832688986691,6.27877587743612,-0.0438408718061431,80.8213788681149,7.91761475084135,3.9523568292113,3.9523568292113,"Higher prior GPA"
1033,2.75387108643832,7.87048787750295,-1.02775781490631,82.1936455457753,14.6977111250242,3.4241106047197,3.4241106047197,"Lower prior GPA"
1034,3.19063521508042,7.22791141088436,0.445409061233562,75.6329439031937,13.6656134466848,3.18644180537507,3.18644180537507,"Middle prior GPA"
1035,2.74825255908213,6.41319159812591,-0.333043686317611,88.3042148811864,11.979655757917,3.16127733002097,3.16127733002097,"Lower prior GPA"
1036,3.17590903092299,7.40902177437474,1.04512061580252,71.702534446838,10.3348350704577,3.65413554350345,3.65413554350345,"Middle prior GPA"
1037,3.36249558793612,6.99237370132957,1.63583514206534,79.0040558404588,8.17844617878408,3.60791527213368,3.60791527213368,"Higher prior GPA"
1038,3.13955867205676,6.54947745618192,-0.185968454050791,67.1023089151326,10.6583974089622,3.18149294267316,3.18149294267316,"Middle prior GPA"
1039,3.54437537651591,7.1569866971611,-0.325492618185062,79.2824429460058,6.32315897170584,3.27715876435469,3.27715876435469,"Higher prior GPA"
1040,3.32709902840165,6.54978005247952,-0.0119004305452889,71.0294570497581,11.2834130713971,3.97764451018942,3.97764451018942,"Higher prior GPA"
1041,3.45726244311607,7.13779878008112,1.35715990077061,58.1692446214346,11.3789777551996,4.03507734375699,4,"Higher prior GPA"
1042,3.11436200750526,6.17313222948184,-0.119753515585887,76.4983395633222,10.9532906880316,3.82718956006148,3.82718956006148,"Middle prior GPA"
1043,2.91386054083761,7.2989968556726,-0.138880683843907,67.9463887425108,13.0905662687282,3.27405488702796,3.27405488702796,"Lower prior GPA"
1044,2.7690233640706,8.21142050883833,-1.47708920921505,75.9387576158741,11.3893398999117,3.29428420134254,3.29428420134254,"Lower prior GPA"
1045,3.3284569766452,8.23854323881825,-0.187325992989931,78.5054818540138,8.36244404753778,3.36020403831419,3.36020403831419,"Higher prior GPA"
1046,3.0891934090284,6.7528742175091,1.31936253627682,66.9415350599467,15.5131469988775,3.3040954865663,3.3040954865663,"Middle prior GPA"
1047,3.37685686297105,7.04216326719214,-0.623495121469103,84.8756128996924,7.87535462288635,3.36030945813856,3.36030945813856,"Higher prior GPA"
1048,3.58224503016247,5.85331746231659,0.329320272414498,88.0240318952237,7.50804268685177,3.27667251527813,3.27667251527813,"Higher prior GPA"
1049,2.6344406744129,7.81308080651653,-1.14785041894392,61.2666427862772,13.3078670165453,3.28442046061611,3.28442046061611,"Lower prior GPA"
1050,2.94691026965154,6.19533839622756,-0.207220395443012,71.9877409548782,15.6888674367721,3.25277968899658,3.25277968899658,"Lower prior GPA"
1051,2.99839298756427,7.49876324627687,1.19639569204127,71.4450819058895,10.7214732078104,3.08677336647075,3.08677336647075,"Middle prior GPA"
1052,3.43816133558228,5.46581637211128,0.428765120887169,75.6547779892833,13.9805812679023,3.81370135002511,3.81370135002511,"Higher prior GPA"
1053,2.666764831189,8.15912109469353,0.917245371289,87.8952761990765,12.6032878551881,3.00476594088637,3.00476594088637,"Lower prior GPA"
1054,2.73313209472963,6.33687764382428,0.159877999835664,74.7166088805741,12.3765203167152,3.27227556765113,3.27227556765113,"Lower prior GPA"
1055,3.23367407770905,6.19145651174424,-1.08125765733439,78.736185819842,10.9250245162038,3.09671422376849,3.09671422376849,"Middle prior GPA"
1056,2.5897987867292,8.81046530168589,-0.659353372231616,91.9019075223607,14.4285974324317,3.5017352923443,3.5017352923443,"Lower prior GPA"
1057,3.10640068448204,7.69987569112156,0.489650882944273,76.7388831008072,10.6119119148881,3.32177454606794,3.32177454606794,"Middle prior GPA"
1058,2.43684013455303,7.12477046485457,-1.49490642089328,68.5369932660322,15.3663039331692,3.33903555641621,3.33903555641621,"Lower prior GPA"
1059,2.94935930421582,6.60124267708023,-0.580571494058572,66.3142894306349,13.0016498192542,2.99193067446765,2.99193067446765,"Lower prior GPA"
1060,2.95071707308665,7.55439386496447,-0.102954488003529,72.4820401650448,14.0159333216085,3.86027837725422,3.86027837725422,"Lower prior GPA"
1061,3.69456489383406,6.24989146524162,-1.23963862200421,83.4946649965497,8.22020513455623,3.8704560814412,3.8704560814412,"Higher prior GPA"
1062,3.30400039163647,6.82677706112673,1.28317674239443,68.9932346118982,9.99428987867369,3.50717194889194,3.50717194889194,"Higher prior GPA"
1063,3.32563415063764,7.57028985278571,0.473626978403654,57.21598578879,11.7000696202117,3.89180733383971,3.89180733383971,"Higher prior GPA"
1064,3.4448420462873,6.85228384638983,0.680873530162404,59.8128321139137,12.1830686679381,4.08099018001209,4,"Higher prior GPA"
1065,3.40788548844321,7.44702583655781,-1.16460389757339,86.5722163824605,8.2737175988427,3.30099333592464,3.30099333592464,"Higher prior GPA"
1066,3.0968719004696,7.90428004013417,1.59408998478624,62.9194539694184,16.6286958526303,3.77433405035452,3.77433405035452,"Middle prior GPA"
1067,3.42108560727082,6.77936129182497,0.773910741548216,80.7191533483013,7.28840798366213,3.30986726124792,3.30986726124792,"Higher prior GPA"
1068,3.29129912970587,7.65071361391107,-0.485948874468032,70.0507335752625,8.11163010400054,3.78529602522176,3.78529602522176,"Middle prior GPA"
1069,3.51519498240903,7.4603721523577,0.83800630940788,68.2922496160216,6.64101045938617,4.04333747161632,4,"Higher prior GPA"
1070,3.464167207913,6.16569345977209,0.569771810065213,79.0988609958074,6.96476589291587,3.49178033324401,3.49178033324401,"Higher prior GPA"
1071,3.27615211711069,7.03403465698327,-1.26384900217514,81.9883943764882,8.54753155887705,3.22290606324816,3.22290606324816,"Middle prior GPA"
1072,3.74092832316918,6.53986279445169,0.136646612186954,73.4833346724664,8.94826572561348,3.44376492692818,3.44376492692818,"Higher prior GPA"
1073,2.47298147779159,7.76314258670524,-1.15182791974429,67.4865297952792,16.0344517781869,3.12583814677681,3.12583814677681,"Lower prior GPA"
1074,3.21996516928067,8.25744989173506,-0.0882955295688377,72.4000326692337,13.5248918884534,3.80599801953556,3.80599801953556,"Middle prior GPA"
1075,3.37338929628108,6.27902698155931,2.42818401313175,75.1711888684549,12.2399177696043,3.60437063948233,3.60437063948233,"Higher prior GPA"
1076,2.61628326659119,6.20702889543733,0.96005512421647,62.9680354636881,15.8451575994148,3.00306116067519,3.00306116067519,"Lower prior GPA"
1077,3.31879682718088,6.89122059747543,0.540557102097017,77.9780012108048,9.85305787121441,3.75655974011936,3.75655974011936,"Higher prior GPA"
1078,2.77380599535963,7.90800469289397,1.25383782074232,83.3656063109443,15.0130703538575,3.29696738726301,3.29696738726301,"Lower prior GPA"
1079,3.48592186543321,6.95621580500109,0.587297900608879,69.8895390325704,7.46418903797969,3.24204919761371,3.24204919761371,"Higher prior GPA"
1080,2.88918668172389,8.84673958419508,0.57498256489777,67.7347909181532,16.2621500404582,3.57921858628649,3.57921858628649,"Lower prior GPA"
1081,3.52460752379095,7.20610183584332,-0.557017521874295,67.8148398721476,7.19228963605671,3.23892360584324,3.23892360584324,"Higher prior GPA"
1082,3.52383631806089,6.35655799921625,-0.57087269548732,65.1257210955796,9.59094516356371,3.76458604908489,3.76458604908489,"Higher prior GPA"
1083,3.24892006434463,6.70787318897915,1.25964203781124,69.5112172507882,10.8462494330621,3.44106638983554,3.44106638983554,"Middle prior GPA"
1084,3.24127455588366,7.21140954718377,-0.233788464808119,84.3433774889831,9.67285287387754,3.23828711456822,3.23828711456822,"Middle prior GPA"
1085,3.47677509419546,6.14346574146784,1.13396039875463,70.4991247328289,11.7685939667082,3.55272499030623,3.55272499030623,"Higher prior GPA"
1086,3.25115487754947,7.41849024046517,0.134071658535944,74.5234273159005,13.0699604228788,3.85983972128885,3.85983972128885,"Middle prior GPA"
1087,3.84242624266498,5.87208660051163,-0.704505638835052,98.6344456500425,5.47513772399552,3.36678378154048,3.36678378154048,"Higher prior GPA"
1088,3.23959761163468,5.51590073117389,2.50532659827523,75.9631596833257,12.9918008069143,3.1576747366521,3.1576747366521,"Middle prior GPA"
1089,3.41656565668278,6.89938233879634,-0.141525923611259,84.520996576385,7.12263844567085,3.534609485985,3.534609485985,"Higher prior GPA"
1090,3.10468521363372,6.62282526065103,-1.71467953793199,81.7079535931713,9.99331363688648,3.7432662650331,3.7432662650331,"Middle prior GPA"
1091,3.13856013961292,6.65295986652446,-0.898995614385551,82.9675842219038,11.4870240252302,3.11552285096595,3.11552285096595,"Middle prior GPA"
1092,3.56548841173788,6.34157989238421,-1.23467184440856,87.841180704035,5.1822846061223,3.33848156875673,3.33848156875673,"Higher prior GPA"
1093,2.72598280469864,7.37048602385618,-1.23935872296725,66.9205326786334,14.1790511987325,3.00932925865712,3.00932925865712,"Lower prior GPA"
1094,3.69992490569477,8.00739593386783,1.09216600750235,73.8645312095538,6.78608231761236,3.09804107091859,3.09804107091859,"Higher prior GPA"
1095,2.9362736614879,7.57733657504882,2.04350972071005,55,12.6856462173316,3.51575072878191,3.51575072878191,"Lower prior GPA"
1096,2.95363538448291,6.70315138855423,-0.678890831572473,73.4404974497505,14.6691456450936,3.5621586329228,3.5621586329228,"Middle prior GPA"
1097,3.59310034406038,7.32978944441124,0.449431969458361,85.2449280624491,5.27018572413156,3.53846611704563,3.53846611704563,"Higher prior GPA"
1098,2.85077701291557,5.66694242170937,-0.337848155511498,73.3222771727065,16.3131499934707,3.3967605551442,3.3967605551442,"Lower prior GPA"
1099,3.67934636543189,7.91108612036917,1.45130383801764,68.6422067411129,12.1689623363636,4.18230350648511,4,"Higher prior GPA"
1100,2.6746873224863,6.54179196171726,-0.103116849909995,79.4974607769766,15.8717640796291,3.48212462005488,3.48212462005488,"Lower prior GPA"
1101,3.62866869283058,5.37695685454527,1.91495992265785,74.1631753289209,10.8591473010849,3.75124466611023,3.75124466611023,"Higher prior GPA"
1102,3.39405573117229,5.3019894284289,-0.911090340826391,85.0113856890168,7.31252424432111,3.2394248937491,3.2394248937491,"Higher prior GPA"
1103,2.66844879403429,6.46188913387025,-0.242430906404518,75.7563023982684,11.2181153420066,2.90684447123213,2.90684447123213,"Lower prior GPA"
1104,2.91394422100775,5.91576565355614,1.33070897728903,71.8790066237877,12.9529813913812,3.17599485117413,3.17599485117413,"Lower prior GPA"
1105,3.31394703959489,5.37707186857589,0.143415700657916,77.4893953267851,11.752328648708,3.47847699508505,3.47847699508505,"Higher prior GPA"
1106,3.06134635426861,5.99080261002558,-0.678275806674914,83.5276549922585,10.164714572837,3.31157554459754,3.31157554459754,"Middle prior GPA"
1107,3.32043952280617,6.74713919402148,0.158754610935717,67.9842377375974,11.9675289552742,3.71024945738115,3.71024945738115,"Higher prior GPA"
1108,3.21820265705096,5.05707352288353,-0.208257376668377,67.0329108878199,14.2031897084433,3.60232000656008,3.60232000656008,"Middle prior GPA"
1109,3.02028657251171,6.5023427001374,-0.950921790487996,70.7403225049958,11.4508188863832,3.33358068525351,3.33358068525351,"Middle prior GPA"
1110,3.08975394478226,6.68911193780517,-0.27980419414212,78.939083491063,10.767685701294,3.70544288858225,3.70544288858225,"Middle prior GPA"
1111,3.02151771680178,6.65832322888825,1.87946899463264,77.4255741228331,13.1554493071031,3.85808718694794,3.85808718694794,"Middle prior GPA"
1112,3.11154928998239,7.10739874482295,0.466863777905027,77.1628732451235,12.6984151831119,3.36208101331267,3.36208101331267,"Middle prior GPA"
1113,3.17776251048832,7.26544294641103,-0.975779848863582,87.5838810510159,11.0982678128747,3.4402576349832,3.4402576349832,"Middle prior GPA"
1114,2.85640050755765,6.0995506662444,0.347988365334321,74.610001485409,14.6372095004044,3.63331373586746,3.63331373586746,"Lower prior GPA"
1115,2.30751807537926,6.97948268473162,0.472953514102624,61.0593326829684,18.6533984379167,2.69340888969195,2.69340888969195,"Lower prior GPA"
1116,3.33924203848647,6.80526885584983,0.875988182999439,76.4852043115644,10.8564322786098,3.96370345359742,3.96370345359742,"Higher prior GPA"
1117,3.7562750553495,7.36060192026467,0.45585692558181,81.3202809661178,8.36872070487725,3.69052106427983,3.69052106427983,"Higher prior GPA"
1118,3.76120281804037,7.11634843546336,0.0837964142194927,67.030470664028,6.44635966131185,3.3489424174003,3.3489424174003,"Higher prior GPA"
1119,3.70136780667426,7.07240302087102,-0.237734190153175,78.8042256711421,7.54476341176214,3.96460520384937,3.96460520384937,"Higher prior GPA"
1120,3.43609033168441,6.72857681976002,-0.0930310229865993,71.8569087351322,10.1994674405117,3.56171248483839,3.56171248483839,"Higher prior GPA"
1121,3.5654495333295,6.2345609291232,1.56097419685762,77.5897352742811,9.19330879010172,3.35791914571669,3.35791914571669,"Higher prior GPA"
1122,3.28711886811864,7.63880972888782,-1.17265431114316,75.245872317856,8.79198331606963,3.71325521292647,3.71325521292647,"Middle prior GPA"
1123,2.64622801646053,7.12794982174478,-0.32517304653259,59.5249180200925,15.8802690653666,2.88129935495828,2.88129935495828,"Lower prior GPA"
1124,3.28694041310395,7.97715999690322,-0.0502646222006476,75.9795262978211,10.7985741994604,3.42002544204526,3.42002544204526,"Middle prior GPA"
1125,2.46451115042724,7.36613513254844,1.45239429143201,59.9089665214213,16.3569097774881,3.15859424315648,3.15859424315648,"Lower prior GPA"
1126,3.12165216867642,7.64195889292078,-1.10530262613575,61.5914544485349,10.8813167505527,3.10589306544072,3.10589306544072,"Middle prior GPA"
1127,3.68672273843849,6.67289838693829,-0.8977854359491,82.579342237531,6.08665409929942,3.20901717807942,3.20901717807942,"Higher prior GPA"
1128,2.71568542199209,6.45389616649166,-0.998124720072077,65.8769930423979,12.4673534485289,2.78376285521152,2.78376285521152,"Lower prior GPA"
1129,2.22070560394192,6.96666233420278,0.407673403385312,61.7375445278211,16.5432981849366,2.80780295449056,2.80780295449056,"Lower prior GPA"
1130,3.55577270701287,8.42119379598492,0.0912738192856148,73.8046673898444,9.81633234661098,3.83213439110881,3.83213439110881,"Higher prior GPA"
1131,3.32430328802489,5.97863078603236,0.134837781804198,73.8850407141732,12.1094503439178,3.65982567564212,3.65982567564212,"Higher prior GPA"
1132,3.01628696822762,6.53940627802975,1.15300159012907,83.6851345847121,12.2400097876876,3.89838706023275,3.89838706023275,"Middle prior GPA"
1133,3.31673089589383,7.70232799784948,-0.500784878671848,85.9386171995743,8.50021636610185,3.12324492034448,3.12324492034448,"Higher prior GPA"
1134,3.59261373582969,7.79309455985322,0.169991647399879,67.4666375495862,9.9652669268098,3.62431060430897,3.62431060430897,"Higher prior GPA"
1135,3.38055997419582,6.91134641304887,1.45018334937282,66.8251830966834,11.5254238842137,3.53974581333817,3.53974581333817,"Higher prior GPA"
1136,2.9227687817934,5.64116908353145,0.60217330303572,72.3683463648655,17.4137496132549,3.23506235047289,3.23506235047289,"Lower prior GPA"
1137,3.66934084959742,6.99795107148262,0.870093923950315,69.76453330804,9.99401043211233,3.36334610041459,3.36334610041459,"Higher prior GPA"
1138,2.83260803677992,6.01124741179281,-1.33830402595533,79.261768160761,11.8906822275561,2.92015719274197,2.92015719274197,"Lower prior GPA"
1139,3.30519700895575,8.01300180631122,0.190184177005984,80.4933507478118,11.3727957310343,3.80071237363432,3.80071237363432,"Higher prior GPA"
1140,2.82033621094034,5.13934479835303,-2.34731056962927,80.5144983660329,15.1382059781862,2.99052573555398,2.99052573555398,"Lower prior GPA"
1141,2.95237727482687,6.37445189550012,0.542361828884291,72.288518288997,14.2399901803073,3.37853616749377,3.37853616749377,"Middle prior GPA"
1142,3.20510934419684,9,-0.432011549850433,76.049079473299,11.7582367729367,3.62923347103701,3.62923347103701,"Middle prior GPA"
1143,2.73936635021792,6.98928943889232,0.553611891840979,68.4847829563044,13.1184660408114,3.09629589487916,3.09629589487916,"Lower prior GPA"
1144,3.69148841752221,6.92247394880107,1.26877035752163,84.4413763756562,4.72257999335537,3.35090192896959,3.35090192896959,"Higher prior GPA"
1145,3.27704126427023,5.72064521607406,0.464319931538497,77.2826413982889,11.9151934220615,3.43054094733069,3.43054094733069,"Middle prior GPA"
1146,2.94745784513709,7.64935664924377,1.84264560017081,60.9203051936562,15.7862545647634,3.28799029298044,3.28799029298044,"Lower prior GPA"
1147,2.88556356053596,6.93010396379152,0.744880369943306,80.7484517545821,13.3886839726828,3.52753242089178,3.52753242089178,"Lower prior GPA"
1148,2.66437211100285,5.91658052580359,0.27265169698561,76.1100340303004,13.0982012171415,3.05241042696452,3.05241042696452,"Lower prior GPA"
1149,2.68067260829722,7.76721950934458,-0.682743983344584,78.9290894874218,12.5837259666008,3.09715436403236,3.09715436403236,"Lower prior GPA"
1150,3.40242299935705,5.9548082284013,-0.825293613490961,77.680526913094,5.54840481388791,3.4112180275647,3.4112180275647,"Higher prior GPA"
1151,2.82232897506646,6.92521277453175,-0.560426583279085,75.8489213455537,11.3740221400821,3.24111699339666,3.24111699339666,"Lower prior GPA"
1152,3.82776440075836,7.17649189205954,0.8253541728735,83.3385066290063,5.74674467828515,3.29273499568467,3.29273499568467,"Higher prior GPA"
1153,3.30497741761782,7.70144032467158,1.06083245460315,59.0607078363046,11.9895006159684,4.0347078362018,4,"Higher prior GPA"
1154,3.4852684495653,7.30656788810274,-0.990556437420368,84.5206108826531,7.40422343973998,3.4025916696259,3.4025916696259,"Higher prior GPA"
1155,2.79278354911013,6.9926329231409,0.89661505815304,69.7231725730394,15.4349954816989,3.23256740432423,3.23256740432423,"Lower prior GPA"
1156,3.03537308961614,7.04307117867576,-0.84806683932075,75.5994352258785,10.364340726218,3.07949871442747,3.07949871442747,"Middle prior GPA"
1157,3.07726268636588,7.26153746460872,-0.568729790268394,75.7178470955963,11.1347193665132,3.50021888216814,3.50021888216814,"Middle prior GPA"
1158,2.43230616971381,8.32273724063794,0.721841560660511,83.5934226521537,14.9693097476317,3.19654188827684,3.19654188827684,"Lower prior GPA"
1159,3.03531719296291,7.51429442075013,-0.342078502633526,72.8270053299758,14.7175152285979,3.85440272973803,3.85440272973803,"Middle prior GPA"
1160,3.43498994816502,7.87339753162464,-0.533402082989568,73.1113080688145,11.1853987912424,3.97563558398265,3.97563558398265,"Higher prior GPA"
1161,3.54869452642135,6.69838810311833,-0.53861894610158,73.8028445465561,7.05336385652298,3.63778486867351,3.63778486867351,"Higher prior GPA"
1162,2.8697046540518,4.94936905390727,-1.54421388801213,75.8257882548215,13.6381954335983,2.95230022863403,2.95230022863403,"Lower prior GPA"
1163,3.05131764633081,6.65752010153219,0.597373668181013,73.2886496625828,11.1081478484093,3.21434027482691,3.21434027482691,"Middle prior GPA"
1164,3.07084039507668,6.48898529531976,0.86410160589766,74.3269730862463,14.1026573074703,3.35282136290045,3.35282136290045,"Middle prior GPA"
1165,2.42045333461525,8.1304595856746,-0.218661097993608,85.87396478741,14.3738538638068,2.98726981672818,2.98726981672818,"Lower prior GPA"
1166,3.55318758321871,6.8620074450041,-1.8617956444578,80.3370413225863,4.03845367685491,3.06730012120562,3.06730012120562,"Higher prior GPA"
1167,2.79052834069272,7.00205814053009,-0.0969650668456928,76.3753354518217,11.5082516172315,3.16172804582419,3.16172804582419,"Lower prior GPA"
1168,3.57049180376076,4.50582493818038,1.43090775688785,97.1300811942724,13.4808296175864,3.97164864919432,3.97164864919432,"Higher prior GPA"
1169,2.82594301078534,7.96036175188102,-1.0845276102939,73.3079435895072,12.7737207336214,3.33792682959795,3.33792682959795,"Lower prior GPA"
1170,3.73917124253968,6.3139174952309,0.793579378129884,80.1309142679018,5.23983061750974,3.85065191229413,3.85065191229413,"Higher prior GPA"
1171,2.85651250437989,8.09171711139288,0.799196988463645,71.8438189600972,14.4008800494162,3.15956171745822,3.15956171745822,"Lower prior GPA"
1172,3.18002441762828,7.00158113836343,-0.715078618574694,74.540570985302,7.74181499551664,3.19675390341759,3.19675390341759,"Middle prior GPA"
1173,3.23334474911294,6.28848800228472,1.54807934118657,78.1814734563395,12.769300067352,3.94188617432532,3.94188617432532,"Middle prior GPA"
1174,3.61683767091843,7.4586745675062,1.98273337860502,76.9979802243167,9.30094555805205,3.66575655033527,3.66575655033527,"Higher prior GPA"
1175,2.78437386663988,7.6382604629858,1.67470232741577,68.4599145826525,13.288995572179,3.21810265103383,3.21810265103383,"Lower prior GPA"
1176,2.91507314175576,6.84514506356395,0.575144990857879,67.703268534247,15.4295077876606,3.70208396942373,3.70208396942373,"Lower prior GPA"
1177,3.35230232482755,8.00666201170583,0.841750509781509,80.0954848189239,12.4038905748632,3.85416051539391,3.85416051539391,"Higher prior GPA"
1178,3.51823621469007,6.94185715858706,-1.34134114841953,84.9975763359453,5.37938311189103,3.16949485592754,3.16949485592754,"Higher prior GPA"
1179,3.26905486508293,6.89679745094185,-0.766012835992662,77.9960981255484,10.4598557077025,3.17923672717787,3.17923672717787,"Middle prior GPA"
1180,3.06093321877201,7.56817666327123,0.0938437078251582,66.1023292309549,10.8861477784343,3.08538706087017,3.08538706087017,"Middle prior GPA"
1181,3.2114494098451,6.89182972464032,-0.928012838320867,80.5362377097291,9.74674552024996,3.2740628107601,3.2740628107601,"Middle prior GPA"
1182,2.84369462718408,5.42905887597526,-0.645633093491114,69.6639270832245,14.3990814424087,3.32182698995262,3.32182698995262,"Lower prior GPA"
1183,2.86036163536859,7.43175510985073,1.83973718737728,64.2989049171288,16.0065639042413,3.47042542239134,3.47042542239134,"Lower prior GPA"
1184,3.51993932372187,6.88781121474076,-1.12059571451761,63.2020044103982,6.0950642672656,3.13343998036926,3.13343998036926,"Higher prior GPA"
1185,2.77854819405605,7.31190856284375,-0.985736343254926,64.1182497272894,15.8748589371497,3.1168062376607,3.1168062376607,"Lower prior GPA"
1186,3.03713741975246,7.0904141104019,-0.673649076794245,73.273052397225,9.13039080199335,3.0628584936496,3.0628584936496,"Middle prior GPA"
1187,3.44664137297135,6.62593273997236,-1.29153999190406,80.5885369777844,7.94332095316639,3.16023162313851,3.16023162313851,"Higher prior GPA"
1188,3.16873945577073,8.57670380276777,0.255921317305243,81.1360447035446,13.1639527043644,3.7487881774907,3.7487881774907,"Middle prior GPA"
1189,3.1945120639147,5.29920581899794,-1.28913958531314,77.6801296700904,8.41871204399096,3.53920455498156,3.53920455498156,"Middle prior GPA"
1190,3.74922508668735,6.30602054585231,-1.29853330623897,95.9696958290505,6.5894580560932,3.13668362416916,3.13668362416916,"Higher prior GPA"
1191,2.74350073297165,7.36715415594583,-0.516317312795735,75.2054036576401,15.6674948494509,3.15945143666659,3.15945143666659,"Lower prior GPA"
1192,3.64373662908004,6.33644099336475,1.79232186882536,89.3012071012296,7.99498130393783,3.80898772683577,3.80898772683577,"Higher prior GPA"
1193,3.42186741659758,8.66027399683961,0.761696302085314,76.1496273138744,11.7759006584544,3.90526147174243,3.90526147174243,"Higher prior GPA"
1194,3.77864215967358,5.84288957867249,-1.42960604494495,73.5651534837241,5.16407103944711,3.65288574415825,3.65288574415825,"Higher prior GPA"
1195,3.56712626989415,6.02746264872007,0.123876863941642,83.0578493082233,8.33551225726714,3.61174229688323,3.61174229688323,"Higher prior GPA"
1196,3.03589261061019,6.30456175791266,-0.0714073388385422,76.7570691323437,11.6758632376403,3.2928141978936,3.2928141978936,"Middle prior GPA"
1197,3.70657800876706,8.13087128332033,0.112361482988631,67.9713010959792,9.48100490260004,3.78779871254094,3.78779871254094,"Higher prior GPA"
1198,3.74786362689314,6.29528388563231,0.937422218178423,73.9773259829094,7.84663554313637,3.35920439071401,3.35920439071401,"Higher prior GPA"
1199,3.17355021253929,7.945673697605,-0.273701700658955,86.7265313717651,9.37784437077952,3.40893007097538,3.40893007097538,"Middle prior GPA"
1200,2.70096116125817,7.13607402423451,-2.42334496015335,78.5932446770212,11.2104302560807,2.59486143178085,2.59486143178085,"Lower prior GPA"
1201,2.83859029898312,6.43345294371402,1.33939237549164,72.2619116496414,12.3108682012481,3.51516647443393,3.51516647443393,"Lower prior GPA"
1202,3.10744450733592,6.57830405531255,2.0736330983627,74.1749442058887,11.6142128203658,3.3542328692462,3.3542328692462,"Middle prior GPA"
1203,3.41631887280418,5.62153076884317,-0.713420358140846,75.1899622858664,11.8899116000722,3.99178589321344,3.99178589321344,"Higher prior GPA"
1204,3.3928100797276,8.72550226495572,0.701201831400219,78.5795587628833,11.7125979663745,3.69178231743357,3.69178231743357,"Higher prior GPA"
1205,2.72985172721506,7.72989297773834,0.331714004874494,75.9062263963783,14.0841749078293,3.70309496361434,3.70309496361434,"Lower prior GPA"
1206,2.58278010147015,5.51039750816392,0.511767588968063,69.8950328457351,14.2087948240643,3.05001273658708,3.05001273658708,"Lower prior GPA"
1207,3.28289446562035,6.00190795066037,-1.18533218745598,79.2842642773925,9.68148678418412,3.16313126674554,3.16313126674554,"Middle prior GPA"
1208,3.04774754627417,7.31788405731743,-0.942458951351646,74.9492986308665,11.980085083713,3.8574612468731,3.8574612468731,"Middle prior GPA"
1209,3.21394377964141,7.68570390656907,0.274984570194123,73.5394275684807,10.99361748887,4.00599067667716,4,"Middle prior GPA"
1210,2.83375976115888,7.53030655583301,-0.229358732734744,86.7743401112682,9.0961890412927,2.67876468380276,2.67876468380276,"Lower prior GPA"
1211,3.23114808265741,6.37066557923016,1.6252415845563,62.9027722537202,12.423117844159,3.69975253071085,3.69975253071085,"Middle prior GPA"
1212,2.77588794951956,6.61856460945981,0.831123004876555,67.550982351847,14.9936898174338,3.79326106102349,3.79326106102349,"Lower prior GPA"
1213,2.59228413741507,5.93428948010094,2.12695950743806,67.572283842214,17.2156952304794,3.02725091953488,3.02725091953488,"Lower prior GPA"
1214,3.18522177334511,7.33531958720569,-0.412113763318022,87.1495451373396,10.2824867349358,3.79124296566325,3.79124296566325,"Middle prior GPA"
1215,3.40575795424649,7.74274189633591,-1.78206452052028,88.4222367917338,8.56557624539903,3.33188742933918,3.33188742933918,"Higher prior GPA"
1216,3.03544967370015,6.02696898154859,-0.221072186612193,69.5078804131701,12.8513955289582,3.56946097750895,3.56946097750895,"Middle prior GPA"
1217,3.08352781206512,6.41630304763388,1.14773346373238,64.0798249877725,14.0523575848649,3.5366680206199,3.5366680206199,"Middle prior GPA"
1218,2.8012799499083,6.34778845425546,1.30997142925697,58.1981187116343,15.1814720291385,2.57992887697125,2.57992887697125,"Lower prior GPA"
1219,3.50959994038008,7.46392455859316,-0.122316142050207,84.2619928821511,7.76815671736124,3.34576732647163,3.34576732647163,"Higher prior GPA"
1220,3.48286953007554,7.3987283678509,0.108897464390058,81.4362625994933,9.7695368930405,4.28386468343614,4,"Higher prior GPA"
1221,2.64667677245369,6.14279369692196,-0.709854171952501,78.7931206903557,14.2132767859063,3.18627963343538,3.18627963343538,"Lower prior GPA"
1222,3.27168780055132,5.88451118312881,0.0722220646677427,85.8469036144559,9.67420671944018,3.62396768214262,3.62396768214262,"Middle prior GPA"
1223,2.95489148332902,6.84977147861857,-0.648797223972128,75.4279716849938,11.79238301899,3.10873328276412,3.10873328276412,"Middle prior GPA"
1224,2.85044780946709,7.79783449282587,-1.31295715952249,80.5755577881416,13.2478422065275,3.1750184972624,3.1750184972624,"Lower prior GPA"
1225,3.33712074561276,6.95385266269193,0.420078393184572,73.9798460481152,13.7546866404601,3.94545963563788,3.94545963563788,"Higher prior GPA"
1226,3.22043721246358,7.89405639994331,-1.00142371268386,71.7027537568935,11.0018823302985,3.78683068152156,3.78683068152156,"Middle prior GPA"
1227,3.54962041658341,7.33669602117903,0.106254818074134,78.3373534418852,7.9312348108101,3.26768291437639,3.26768291437639,"Higher prior GPA"
1228,3.03937118359698,8.42284902636449,-0.6702036277707,68.0762746633213,11.7053243023601,3.54609816610025,3.54609816610025,"Middle prior GPA"
1229,2.92345058954233,7.23074477470015,0.00789878081340806,64.5053127517798,12.9250353884328,3.46312426478428,3.46312426478428,"Lower prior GPA"
1230,2.67262429614108,6.21266485701982,0.0681269548071378,69.1140526752983,13.7882673771851,2.97912144315174,2.97912144315174,"Lower prior GPA"
1231,3.77482022895432,6.14069389122833,-0.39532644377596,77.41034098957,4.94156662594212,3.35660591387772,3.35660591387772,"Higher prior GPA"
1232,3.25425673829649,6.54947284617708,-1.50746210579113,76.3974022436169,6.74735871790481,3.27387370093522,3.27387370093522,"Middle prior GPA"
1233,3.23885038386641,6.23370213685648,-0.522670245248457,73.4335527383876,7.80036639466877,2.9908819134213,2.9908819134213,"Middle prior GPA"
1234,3.3680550014201,7.73022679320132,0.583516811809777,76.8643246282004,8.38992180346172,3.09643291482366,3.09643291482366,"Higher prior GPA"
1235,3.37793466951019,5.76841050883204,-0.385624844420587,78.4170339320912,11.5208969414024,3.51246389620578,3.51246389620578,"Higher prior GPA"
1236,2.57219542113959,5.86656332899777,0.305789022985382,67.8559735753352,17.3827665721924,3.25258243780396,3.25258243780396,"Lower prior GPA"
1237,3.21094121411854,8.82055836208491,0.592504968111051,65.3778883120118,15.1176533285583,4.14805025424685,4,"Middle prior GPA"
1238,3.69313347850727,8.26681758946068,2.93651237672848,68.8620667432181,10.9703853801959,3.49882520552976,3.49882520552976,"Higher prior GPA"
1239,3.26174870916991,7.79082718547057,1.12197543977614,61.0437283127442,15.4094201903127,3.98168565374,3.98168565374,"Middle prior GPA"
1240,2.87066165866257,5.69821581757531,0.616256466574069,65.9666532181289,15.9401083576403,3.81431116243757,3.81431116243757,"Lower prior GPA"
1241,3.45581030938591,6.83239183025433,-0.033551176440251,71.2616738410094,9.65371141510517,3.51123808167483,3.51123808167483,"Higher prior GPA"
1242,3.20019591561374,7.42315534737524,0.184226475010992,80.5557935651727,10.8522040252274,3.49737574101504,3.49737574101504,"Middle prior GPA"
1243,3.33474262513776,6.85398458549063,0.528967348509451,73.2905930026362,8.58235118661496,3.26601334199953,3.26601334199953,"Higher prior GPA"
1244,2.45757681073809,8.70250411685969,-1.15481348373133,61.6092212824649,18.7415421453609,3.4101567907374,3.4101567907374,"Lower prior GPA"
1245,3.29704031900768,6.33722456563291,0.978424334951253,75.2284460163313,8.43964990858067,3.12287673086612,3.12287673086612,"Middle prior GPA"
1246,3.59442602149936,6.98129022785226,0.340541918933012,69.8404635030223,10.2624884073718,3.56309105449453,3.56309105449453,"Higher prior GPA"
1247,3.11469696947012,7.38003190959776,-1.75638509873158,73.2607536792219,10.1761452709449,3.21102871381248,3.21102871381248,"Middle prior GPA"
1248,2.58172921404368,6.41943569413328,-1.84097231362123,76.6738102155564,11.9417116523487,2.68380609784814,2.68380609784814,"Lower prior GPA"
1249,2.97506385755514,6.84110261968388,0.243000201679341,65.2841551644813,13.8775295666121,3.87759898308165,3.87759898308165,"Middle prior GPA"
1250,2.90720943033373,5.54223288460733,-0.407080790475214,72.8312871407446,12.1495467209572,3.19963615749128,3.19963615749128,"Lower prior GPA"
1251,3.39382673183265,8.48216558288194,-0.185017628875788,77.0975465470579,10.4746884722994,3.444539799136,3.444539799136,"Higher prior GPA"
1252,3.19427259161879,6.94173589368259,0.990640247477454,72.1438948984347,11.8979382565786,3.52176970049899,3.52176970049899,"Middle prior GPA"
1253,3.37419517770903,7.31566446745655,1.75636339852188,63.3655843469474,11.6764367780771,3.79009992419375,3.79009992419375,"Higher prior GPA"
1254,2.85604643013312,6.93637836332342,0.554522119476738,81.7554119835098,12.6996053957802,2.81131603187059,2.81131603187059,"Lower prior GPA"
1255,3.4974164826436,6.33875290821261,0.810786454145912,80.9297186910028,9.30268057348755,3.58755006045027,3.58755006045027,"Higher prior GPA"
1256,3.25158441060225,8.43544284710921,-0.407856194337043,67.9457767099313,10.9479003816317,3.2640524013036,3.2640524013036,"Middle prior GPA"
1257,3.39998644678605,6.44396507575975,2.00935301455324,57.3402634796423,11.0663818760525,3.87652884910498,3.87652884910498,"Higher prior GPA"
1258,3.28962296953434,7.25343367824597,-0.808547914859677,67.3264963363927,9.15839496837762,3.50874292876457,3.50874292876457,"Middle prior GPA"
1259,3.8945439881509,6.14337985560683,0.466576624289774,67.9840877011294,6.0520688629158,3.76927116126588,3.76927116126588,"Higher prior GPA"
1260,3.18765261749576,7.10168824096837,1.20136673902294,68.0768860985886,10.6245386766302,3.54072185476705,3.54072185476705,"Middle prior GPA"
1261,2.35361685103862,6.45371033932491,0.813269317201713,55,16.9314707134027,2.97835989597015,2.97835989597015,"Lower prior GPA"
1262,2.92520291900558,6.1048869839706,0.143841149680431,67.7022831167327,14.5365389932409,3.6877937951231,3.6877937951231,"Lower prior GPA"
1263,3.40722111181851,5.37247510296988,1.22429942287263,59.2901480582674,14.4723818427011,3.63783219903887,3.63783219903887,"Higher prior GPA"
1264,2.48021543359549,7.71624475854611,-0.531681209125213,84.765940373326,13.4271032709798,3.22675527814777,3.22675527814777,"Lower prior GPA"
1265,2.19678257307871,7.567429510617,-0.620477714330284,69.3511004476198,16.9197699932632,3.49229718648413,3.49229718648413,"Lower prior GPA"
1266,3.34753908070718,6.07006875996444,0.822904572144711,63.7967374704719,10.0415875172482,3.13710340108678,3.13710340108678,"Higher prior GPA"
1267,3.53954723683547,7.46618006220054,-0.772119978814459,88.7371375547402,6.58678198461202,3.14920221244858,3.14920221244858,"Higher prior GPA"
1268,2.90572418748505,6.89798425660911,1.13041295936307,66.7546145752653,14.3427771648473,3.34424503269322,3.34424503269322,"Lower prior GPA"
1269,3.45739716391841,6.83844708083175,-0.303901121305824,69.4734837008968,7.00506975338065,3.0119833456385,3.0119833456385,"Higher prior GPA"
1270,3.45622863688645,6.26747041542766,0.124286748405203,87.7553388806968,8.4707039142066,3.30752568195238,3.30752568195238,"Higher prior GPA"
1271,2.87364343029062,8.24118401936033,-0.816966623193562,76.8493059339376,13.577197970048,3.28509621574628,3.28509621574628,"Lower prior GPA"
1272,3.46614612788142,7.648007179245,0.664017238543159,70.6673726620931,10.4747172158234,3.89305276044012,3.89305276044012,"Higher prior GPA"
1273,2.95852978945613,7.93327381932017,0.0723489299650969,68.3411201323984,10.5652514440732,3.20128196876107,3.20128196876107,"Middle prior GPA"
1274,2.62803773883604,8.21535179436016,0.0175253027504526,70.6686146084757,12.6875623253042,2.81009310804423,2.81009310804423,"Lower prior GPA"
1275,3.56837578745108,6.58473970937746,0.0300025626421388,81.3058466850448,7.59468570087425,3.64165701584377,3.64165701584377,"Higher prior GPA"
1276,3.88369082708816,7.13531060618305,-1.20878202220397,89.8089849714647,5.39500778175922,3.83211967658085,3.83211967658085,"Higher prior GPA"
1277,3.32540434467453,5.99392512581433,0.0666013607085084,75.9360039771279,8.37048477719598,3.10057795933492,3.10057795933492,"Higher prior GPA"
1278,3.10386280771353,6.96625212408695,0.954598736147664,72.7061740063537,11.7289418638147,3.71251409108609,3.71251409108609,"Middle prior GPA"
1279,2.57938745593236,6.6463611355978,-1.50289585151071,71.4923000787571,13.9675028112982,2.68048539288958,2.68048539288958,"Lower prior GPA"
1280,2.80844755855005,6.70311645137603,-1.26681009843615,69.2619328109678,11.4565189043976,3.39909042685548,3.39909042685548,"Lower prior GPA"
1281,3.39739078962455,7.42598676801063,-1.62565713119251,83.2223995447926,5.76380094732564,3.17808266494687,3.17808266494687,"Higher prior GPA"
1282,3.17322613392341,6.94042589417688,1.58242419854296,64.9945569939933,14.3605415566607,3.56497020806693,3.56497020806693,"Middle prior GPA"
1283,3.43129916524352,5.82412008730467,-0.128093755586492,80.7549736172965,10.8253822905573,3.92543449012984,3.92543449012984,"Higher prior GPA"
1284,3.19550570721848,6.30692950129748,0.736061736579443,60.9546752258822,9.74811175261331,3.33228765036914,3.33228765036914,"Middle prior GPA"
1285,3.47246754018486,6.32320810287325,1.07739082251612,67.8539098630369,10.8465798140513,3.52422729813284,3.52422729813284,"Higher prior GPA"
1286,3.43063919300455,6.39446155210763,-1.44353342492303,79.4276240321589,8.06551130645118,3.65047693912219,3.65047693912219,"Higher prior GPA"
1287,2.80180516887191,8.47265194946438,0.76701383693304,67.4302320149946,16.4447245760809,3.52149090379448,3.52149090379448,"Lower prior GPA"
1288,3.56176321171042,6.00243336386757,-0.0209153398565616,92.8588007155982,7.38903206478415,3.69204754359837,3.69204754359837,"Higher prior GPA"
1289,3.00706959326416,5.77511071693136,0.193105990663855,79.9809589652351,13.0035942570222,3.64245048754277,3.64245048754277,"Middle prior GPA"
1290,3.07898393477976,7.71072296468884,-0.823328306955626,59.1137279493096,12.7323423325252,3.42384497927341,3.42384497927341,"Middle prior GPA"
1291,3.34656094255231,6.7227812823131,-0.124211976210898,83.219678754008,9.46560604065122,3.24134219277671,3.24134219277671,"Higher prior GPA"
1292,2.77051044119532,4.61865810849045,0.149865891696454,70.0408344321745,16.265274184509,3.77770417902677,3.77770417902677,"Lower prior GPA"
1293,2.58917294454616,6.41487042108595,-0.672917601806061,75.3912435186595,13.9951772783756,2.96092295391407,2.96092295391407,"Lower prior GPA"
1294,3.01769510621023,6.33776393099897,-0.323824153637991,78.8811889585273,11.0815419785414,3.25799964015827,3.25799964015827,"Middle prior GPA"
1295,3.05981296706488,6.246713267795,0.236593944738992,64.0953309832507,14.2428060928874,3.5681040986629,3.5681040986629,"Middle prior GPA"
1296,3.36229799352973,6.30061582348246,0.708983089122728,76.8925255191701,11.6263164497179,3.83966301604745,3.83966301604745,"Higher prior GPA"
1297,3.62674857342985,6.56023136706984,-0.742050684960236,79.4778713971664,6.57641561725863,4.13161860582066,4,"Higher prior GPA"
1298,3.48717907630575,6.84015796740711,-1.32626435427633,82.4350873890143,7.67823459543952,3.6717633486972,3.6717633486972,"Higher prior GPA"
1299,3.17376562849395,6.6037807089294,0.0859499187462535,79.0777563517129,9.32279024977882,3.27041364943396,3.27041364943396,"Middle prior GPA"
1300,3.61946404824665,7.51165413519361,0.277188336110847,78.7875632804212,7.21223715514831,3.80519884420795,3.80519884420795,"Higher prior GPA"
1301,2.83800378743647,7.59586554721285,0.697911049003651,81.5917798442738,10.6304360304581,3.29268862547166,3.29268862547166,"Lower prior GPA"
1302,2.75631999864135,7.66993608316626,0.419051264556502,63.3162844978439,13.3956965980453,3.5198291530477,3.5198291530477,"Lower prior GPA"
1303,3.61760259579897,5.87080754633326,-0.563051282085786,77.7848299204531,7.45905910160581,3.24262048921957,3.24262048921957,"Higher prior GPA"
1304,2.80219113474065,5.24124324091207,-1.07782525062281,77.4019559041468,14.4625517240888,3.17862991781886,3.17862991781886,"Lower prior GPA"
1305,3.28260173224771,6.18459698585676,-1.43103722123475,78.0652625565948,12.2412158326923,3.63448772837793,3.63448772837793,"Middle prior GPA"
1306,3.34946256931097,7.32312430668622,-1.32457794530769,80.5347209368257,9.22005107928455,3.23485215995426,3.23485215995426,"Higher prior GPA"
1307,3.06923873441721,6.69191175172333,1.10590395279105,80.2061997271391,12.0428762287136,3.38314018190243,3.38314018190243,"Middle prior GPA"
1308,3.3435007305976,6.85132492533792,-0.882887945130055,79.6784880195637,6.53577814923188,3.08184155116421,3.08184155116421,"Higher prior GPA"
1309,3.45260853756147,7.21200631543622,-1.59567185142453,85.341701513932,9.39843616286776,3.30241503994726,3.30241503994726,"Higher prior GPA"
1310,2.82209320085331,6.99296717232437,1.34191875832781,64.6948223615167,14.0887434951826,3.41855799280957,3.41855799280957,"Lower prior GPA"
1311,3.6939579062377,6.03567377085883,-0.208679616113422,85.960320129469,8.52346867283748,4.08315551264979,4,"Higher prior GPA"
1312,3.38422225954467,6.41257374555434,0.0987909383791566,91.8172461277809,8.48617983770463,3.56285428855177,3.56285428855177,"Higher prior GPA"
1313,3.45400707801468,7.46341342758277,-0.386170510651441,66.1316508119465,7.72716855118755,3.21170748096042,3.21170748096042,"Higher prior GPA"
1314,2.7829285992685,7.00566813690522,-0.376698898271717,71.1489966519255,14.865765715216,3.53826427540591,3.53826427540591,"Lower prior GPA"
1315,3.0907476270899,6.891684413857,1.12994937916877,67.8941991489974,12.6821472138429,3.46671806431027,3.46671806431027,"Middle prior GPA"
1316,3.06106508087274,7.48240660278633,0.749372844891541,77.3176112935281,11.7257865412649,3.4148366443233,3.4148366443233,"Middle prior GPA"
1317,3.19352841131796,6.7811716667421,-0.517357061768972,86.9985121360223,9.26241325953679,3.65756262980022,3.65756262980022,"Middle prior GPA"
1318,3.1944810052761,6.32730889491652,0.335896891472947,66.5601181423979,11.1454241081382,3.79295402154844,3.79295402154844,"Middle prior GPA"
1319,3.0362232369667,7.35525560499912,0.466380039753228,67.2384088191584,12.674085400491,3.20940031428092,3.20940031428092,"Middle prior GPA"
1320,3.191056763704,7.2047775879598,-0.302151061715272,72.5564841861237,11.3297508826426,3.06099138415164,3.06099138415164,"Middle prior GPA"
1321,3.62446206213839,6.83454661183022,-0.528341884613323,80.9796827404919,5.11606748036778,3.41012523233946,3.41012523233946,"Higher prior GPA"
1322,2.97967458175555,5.91214887985989,-0.553206955138724,84.8874446328227,14.7958106664034,3.29801348161926,3.29801348161926,"Middle prior GPA"
1323,3.08776936548716,6.44636613465384,1.23823770712799,75.6898542136165,14.4590128377745,3.39467807011551,3.39467807011551,"Middle prior GPA"
1324,3.48528395034212,8.52359469837295,-1.30796845681998,87.2857804334718,8.97326922740854,3.7474280438373,3.7474280438373,"Higher prior GPA"
1325,3.56595894423065,5.87272993858505,-0.158034496212382,70.4675687444567,9.70315505959544,4.09983921071928,4,"Higher prior GPA"
1326,2.26211082746207,6.20374934248247,0.511997885993347,59.2153342886974,17.1941345881111,2.72351609341534,2.72351609341534,"Lower prior GPA"
1327,3.24973680503352,7.36908269826059,-1.08891119236407,81.0027321612799,5.8716743363962,3.02255090702992,3.02255090702992,"Middle prior GPA"
1328,3.16150833286687,5.10540662730743,0.889229769501309,69.2343868512392,12.8673397912894,3.01125089949346,3.01125089949346,"Middle prior GPA"
1329,3.15371418080021,7.70514163058007,0.290054234918673,70.7913771734809,12.5302901406196,3.44231369437503,3.44231369437503,"Middle prior GPA"
1330,3.07374557108292,8.47785329415045,0.365849079099016,80.6337161386167,13.9958855706689,3.15991331050255,3.15991331050255,"Middle prior GPA"
1331,3.48258766046336,7.70077397751905,0.513710303191068,60.0301222122434,11.8629319635744,3.75098951578604,3.75098951578604,"Higher prior GPA"
1332,3.65201368335176,7.47674447013366,0.227935226153128,79.186394212386,8.41908066957262,3.91680010609899,3.91680010609899,"Higher prior GPA"
1333,3.54622819728123,8.04891927159406,-1.1531616640961,81.2264414304838,8.60774614087314,3.62714379640064,3.62714379640064,"Higher prior GPA"
1334,2.65684626838381,6.63457344306815,0.619471950786701,73.6736166397267,13.0293192791921,3.63013006512825,3.63013006512825,"Lower prior GPA"
1335,3.04239285550036,8.12276460712354,1.15451303641901,79.9168164092799,12.4866956209062,3.01535184052724,3.01535184052724,"Middle prior GPA"
1336,3.39484070166371,7.16103855012864,-1.75727942979516,71.2284022723794,6.526066064499,2.95609449864612,2.95609449864612,"Higher prior GPA"
1337,3.23215084440522,6.60650664446128,2.37895124190129,70.3750836715854,14.0262108573502,3.56094855143832,3.56094855143832,"Middle prior GPA"
1338,2.76567039833534,5.9596655390721,0.974168620031544,75.555272815397,15.0789501228122,3.54294936432538,3.54294936432538,"Lower prior GPA"
1339,2.37002748064854,5.55236638529013,0.455661491683364,65.7571600254658,19.027425411379,2.71206506885523,2.71206506885523,"Lower prior GPA"
1340,3.26401089903042,6.90285481312364,-1.21838640503103,73.7617372581479,8.77942140132116,3.73533320536218,3.73533320536218,"Middle prior GPA"
1341,2.42040516873502,6.82171771562346,1.77599850573108,71.8884915531117,17.8451256702278,3.24383063388937,3.24383063388937,"Lower prior GPA"
1342,2.63728294608632,7.77467084802566,-0.0217169497478407,77.9848871393462,13.6519942241419,3.43365790206053,3.43365790206053,"Lower prior GPA"
1343,3.33919117927973,7.09735514166547,-1.17523478560181,86.485631022949,7.30568052428025,3.15233577059939,3.15233577059939,"Higher prior GPA"
1344,3.10829218977136,7.06159936413752,0.461624010035734,71.2044170092404,9.5705049122269,3.20417408738721,3.20417408738721,"Middle prior GPA"
1345,2.6361009977996,6.66545038435588,-0.116497865029557,65.9660067333106,14.65497343042,2.79670740295257,2.79670740295257,"Lower prior GPA"
1346,3.43448641062118,7.760979489753,1.56312748613315,70.6870691266896,12.3122570390202,4.09732164041565,4,"Higher prior GPA"
1347,3.92224268948149,7.1953078822531,0.465225695139637,80.1437112188023,7.04499632132527,3.68479811129669,3.68479811129669,"Higher prior GPA"
1348,2.69255534059598,6.80536935539513,-1.5802973115892,75.6149143725277,9.60426762855591,2.65002734988371,2.65002734988371,"Lower prior GPA"
1349,2.49963229094943,6.93854691089235,1.46156810925727,67.5060774638672,16.8431170896575,3.19347663462805,3.19347663462805,"Lower prior GPA"
1350,3.27078103387787,6.92000283234921,0.305051097544004,58.5195057777285,10.6594304313004,3.85065447000489,3.85065447000489,"Middle prior GPA"
1351,2.85079010073101,7.65333592111401,0.143267193343063,63.6788001933256,11.8018225162303,3.58158252901194,3.58158252901194,"Lower prior GPA"
1352,3.66385954793415,5.47632293016982,-1.01913199015392,86.8767306801414,9.5548621493203,4.01682351674282,4,"Higher prior GPA"
1353,3.11680060793778,6.62280656996419,0.396753090961423,80.7727657149389,10.8565243819738,3.39262352958898,3.39262352958898,"Middle prior GPA"
1354,2.81709035550831,5.5952739995794,-0.291934593899993,75.2835397563806,14.7843581770738,3.19607108873552,3.19607108873552,"Lower prior GPA"
1355,2.9211123767943,5.90090012505189,1.65457557689713,69.1486501420709,16.0579403567615,3.39456078330657,3.39456078330657,"Lower prior GPA"
1356,2.12194436339704,7.12963201699345,-0.0445529849322824,67.4155871919296,19.4582882251449,3.49215965478416,3.49215965478416,"Lower prior GPA"
1357,3.21778775009214,8.24149582326341,-0.345356548238978,68.8412077364063,12.7237301044704,4.20628374069257,4,"Middle prior GPA"
1358,2.65040514125911,6.24082944326445,0.197567172982643,74.2393964320225,13.2847915160493,2.99756658079202,2.99756658079202,"Lower prior GPA"
1359,3.65341682523537,7.21620598455517,-0.117555711757836,94.0729772563617,5.95006862344538,3.42997648156544,3.42997648156544,"Higher prior GPA"
1360,3.39593547113336,7.50049898166003,-1.24163048123613,86.1803057808792,7.10959698915314,3.72337202064381,3.72337202064381,"Higher prior GPA"
1361,3.54264802023636,7.62207280857548,1.38044051560262,69.7190332431292,11.4503494186703,3.45703851351196,3.45703851351196,"Higher prior GPA"
1362,3.2383417083232,7.14059487267538,-0.970168754042129,88.5326525566874,6.87717904847141,3.31197115952305,3.31197115952305,"Middle prior GPA"
1363,3.7824642300925,5.8776992078316,-1.3997575144108,86.7721288257697,4.66606085101313,3.3518875179966,3.3518875179966,"Higher prior GPA"
1364,2.47804437823931,6.98202602292442,-0.243681113218462,69.3597640984218,14.7448969476124,2.34804994713159,2.34804994713159,"Lower prior GPA"
1365,3.36964507907525,6.9120126779406,0.0777026965709581,76.2041230014899,9.81741851911225,3.67383581416903,3.67383581416903,"Higher prior GPA"
1366,2.85080913333074,5.70528711024776,-0.0435813980279415,86.4937576762486,12.5784774507353,3.11321013844346,3.11321013844346,"Lower prior GPA"
1367,3.79222977596303,7.61268784547333,0.825077657202646,75.774018815516,7.77622858662869,3.73355076911366,3.73355076911366,"Higher prior GPA"
1368,2.82397945457939,7.82269539850474,0.350055267557101,73.013182683512,14.8740827884293,3.59605071296067,3.59605071296067,"Lower prior GPA"
1369,2.8281609809227,5.23303695989501,-1.82245224716446,77.0359359166405,11.2251266056458,2.23586436067496,2.23586436067496,"Lower prior GPA"
1370,2.56787141891355,7.96611131325132,1.39880002397728,55.7946616469867,16.7681010783824,3.73713940647332,3.73713940647332,"Lower prior GPA"
1371,2.71964662806694,5.98475863643285,-0.887729590161518,73.128830813127,13.309534580862,2.9305579830956,2.9305579830956,"Lower prior GPA"
1372,3.3826668178279,7.16998993972879,1.19071674850201,78.9471258457083,12.8958756149214,3.41369995217047,3.41369995217047,"Higher prior GPA"
1373,2.84666201073212,6.279778043681,1.03070253683726,62.6662671065356,15.2439476916346,3.29614490440466,3.29614490440466,"Lower prior GPA"
1374,2.78629168696059,6.82610725105245,-0.0987494434884202,70.6560063824985,12.5672461230808,3.16769992814535,3.16769992814535,"Lower prior GPA"
1375,2.78984983812593,6.85730235327776,0.598403371572172,79.0573958182386,12.7395992900415,3.14050998795345,3.14050998795345,"Lower prior GPA"
1376,3.34679049700415,7.36102674375582,0.0487542292294657,68.6840652093621,12.5503780145441,3.95055057883105,3.95055057883105,"Higher prior GPA"
1377,2.9362839828992,8.64596710487491,0.720287382474161,90.189475147236,13.6465630443893,3.67825706776453,3.67825706776453,"Lower prior GPA"
1378,2.89585458588255,7.21301446785034,-0.600130310573375,84.9704093829957,11.0993842227376,3.28420634326557,3.28420634326557,"Lower prior GPA"
1379,2.60633036382079,6.96028242819123,-0.658726008833509,81.4386236176227,13.3895853361206,2.73474252497514,2.73474252497514,"Lower prior GPA"
1380,2.7721094789624,7.5736159952223,0.506902653990563,65.550008366856,15.1247694701027,3.37219557425211,3.37219557425211,"Lower prior GPA"
1381,3.05644583738159,6.57992922274336,-1.24544829113353,69.5917072822163,12.3073983959594,3.08823647448794,3.08823647448794,"Middle prior GPA"
1382,3.3048573361072,6.08133069700906,-0.863975746735155,77.2940990371353,9.4417721374187,3.66211067660677,3.66211067660677,"Higher prior GPA"
1383,2.95260934230015,8.06374357160942,0.0114587179015539,67.3351594186395,9.4482558738689,3.27194013704497,3.27194013704497,"Middle prior GPA"
1384,2.49498677799524,6.4712495614639,-0.160116112532813,70.1646007333778,14.9589840480543,2.96127465562445,2.96127465562445,"Lower prior GPA"
1385,3.08351087038798,5.77372698800341,0.718560234158051,75.5910241846248,15.218294043025,3.91093996627689,3.91093996627689,"Middle prior GPA"
1386,2.83635726160303,7.62681118755248,-0.227755090564331,67.1245594861691,14.0135090210645,3.30591685583661,3.30591685583661,"Lower prior GPA"
1387,2.98891724094844,7.87731651101747,-0.709232007251188,85.1782923716005,9.31029520296666,3.24852160021783,3.24852160021783,"Middle prior GPA"
1388,3.7891973479459,6.16621470462773,-1.58079670257348,78.2364446780609,4.68775872639142,3.57486434002054,3.57486434002054,"Higher prior GPA"
1389,3.39412834261472,8.08733551450735,1.49055038498046,67.3652535189765,10.6835568362519,3.53349590580175,3.53349590580175,"Higher prior GPA"
1390,3.31847018607978,6.24325917758543,-0.408291694882731,82.8567192981458,7.66886879463482,3.04816208647803,3.04816208647803,"Higher prior GPA"
1391,2.50120393487057,6.95298736131452,0.903671545858257,61.1351100160101,14.6555346131374,2.99623122014767,2.99623122014767,"Lower prior GPA"
1392,3.11004744714643,6.86078979537478,-0.606790294703512,88.0094545545732,10.7704360240635,3.23965476105665,3.23965476105665,"Middle prior GPA"
1393,2.66593222431816,7.51709763212471,1.45142105039742,60.8995210434613,14.3459770140958,3.13647880754712,3.13647880754712,"Lower prior GPA"
1394,3.62236413461619,7.40165191308976,0.863053024101817,81.7993290424882,10.3660666550813,3.99150549197647,3.99150549197647,"Higher prior GPA"
1395,2.91544877476279,7.60938853215649,-0.576745918531524,70.2368862480157,14.1541170971187,3.46362247603985,3.46362247603985,"Lower prior GPA"
1396,3.07749970601999,8.4319657881701,0.555438557495319,82.7987878565699,11.2704519847552,3.67632728152555,3.67632728152555,"Middle prior GPA"
1397,3.27091856114288,7.5093862279433,-0.0443082511942941,78.3368448266431,9.94801419821503,3.55224855714547,3.55224855714547,"Middle prior GPA"
1398,3.47212035429968,7.33570102659268,0.475039887831771,82.054368917573,10.4951613745009,3.96999819742456,3.96999819742456,"Higher prior GPA"
1399,2.86561039959293,6.41112526001395,1.17222872731869,76.073491377489,12.1251611540425,2.63893094939271,2.63893094939271,"Lower prior GPA"
1400,2.69011266736594,7.97948767508438,-0.238528965902402,65.6585847871236,14.3232529707877,3.10331206748414,3.10331206748414,"Lower prior GPA"
1401,3.22566976375152,7.70751503280197,0.87189390789479,80.4864772853193,9.5600497826181,3.61182548704899,3.61182548704899,"Middle prior GPA"
1402,3.01595699927844,8.14823107194367,-0.106086009948196,69.0127129080702,11.0651733841226,3.69842444948018,3.69842444948018,"Middle prior GPA"
1403,3.28525387657954,6.53894363399778,1.68426787390582,72.282708027949,9.56074713566821,3.4022496539181,3.4022496539181,"Middle prior GPA"
1404,3.66617536391544,4.97851477905412,0.420754331970844,83.5846332794927,10.3839764387475,3.70079066002361,3.70079066002361,"Higher prior GPA"
1405,3.24817859282681,8.04453020450661,0.398243301053907,71.0983044396311,10.8923293275091,3.74105684730382,3.74105684730382,"Middle prior GPA"
1406,3.17654143106054,5.82608262234775,0.609070326465781,65.8287994440557,12.0649521305754,3.10430351728215,3.10430351728215,"Middle prior GPA"
1407,3.77741791868837,6.58697341241364,0.711231517915785,91.1174655366743,6.91401128718595,3.73858661981638,3.73858661981638,"Higher prior GPA"
1408,3.56927461990256,7.66040757355687,-1.92104184486077,90.4695789956497,5.02129142967698,3.46372477548527,3.46372477548527,"Higher prior GPA"
1409,2.97745193028158,6.25257590155724,1.33639836544441,73.8401711688271,12.3268070547364,3.03061050151385,3.03061050151385,"Middle prior GPA"
1410,3.04246984423761,8.04306521837413,0.426972676991178,66.5863811192894,12.3388791034866,3.5282289791816,3.5282289791816,"Middle prior GPA"
1411,3.14817224893484,5.94537647668065,0.385356600105122,78.9085055875465,12.2526416799254,2.99019679336381,2.99019679336381,"Middle prior GPA"
1412,3.47525448825212,7.38412298993194,1.75842765458194,56.7348686943289,11.6491309997171,3.6592482447167,3.6592482447167,"Higher prior GPA"
1413,3.29430293755497,6.80033124917334,1.55325751542676,82.1856975614603,7.77199496901357,2.99317496467787,2.99317496467787,"Middle prior GPA"
1414,2.37284227117744,6.58706047941959,1.15417251898871,65.5881036690183,19.6344113292753,3.19243961648448,3.19243961648448,"Lower prior GPA"
1415,2.94643563231531,7.20971089974365,2.25057684273787,74.0444827773835,11.4746719453263,3.56891214608415,3.56891214608415,"Lower prior GPA"
1416,3.50787303465807,7.3131590674711,-0.747478502572377,68.7368096607367,8.591885253363,3.62250894823141,3.62250894823141,"Higher prior GPA"
1417,2.82962637827988,7.33950943482087,1.43813954223727,59.5408200587633,14.6337407949675,3.26691849336557,3.26691849336557,"Lower prior GPA"
1418,3.06017185628422,8.63299397516577,-1.07457758411121,81.4188433002889,13.1766583150869,3.67279060936743,3.67279060936743,"Middle prior GPA"
1419,3.70669441986075,7.72712066060066,-0.938443758602627,81.0337511837626,5.33784701908799,3.56185961130089,3.56185961130089,"Higher prior GPA"
1420,3.36711991682419,7.61676287002967,-0.0320385968749602,81.7051048744596,11.8854372329739,3.91965869473726,3.91965869473726,"Higher prior GPA"
1421,2.74842354700645,6.91235696359726,-0.81096903140134,74.400985915892,11.7557502823587,3.20434134887038,3.20434134887038,"Lower prior GPA"
1422,2.52941016461861,7.29621553983951,0.720224566935278,77.6167262728804,16.09403627428,3.44852179486605,3.44852179486605,"Lower prior GPA"
1423,2.70212821157775,6.69827132807954,0.679752234833177,64.1876541818869,17.2179780368112,3.95786744496592,3.95786744496592,"Lower prior GPA"
1424,2.7920633229678,6.65995463699147,-0.431836262909844,75.2676760742572,11.4003711968145,2.95624805013103,2.95624805013103,"Lower prior GPA"
1425,3.42180756868549,6.38657401024746,-0.627514996849116,77.4880677819346,7.98863541841859,3.6004950044406,3.6004950044406,"Higher prior GPA"
1426,2.61649802144791,7.44609468002737,0.0140565842532639,63.5768021778254,15.626786904137,3.35399733459876,3.35399733459876,"Lower prior GPA"
1427,2.89270791750753,7.15917430903081,-1.43495259102092,63.8589536279853,10.6404526487231,2.69095084073831,2.69095084073831,"Lower prior GPA"
1428,3.00210293233371,7.16545517590464,0.391598850301605,68.4948272635535,15.2851958296848,3.41341043574281,3.41341043574281,"Middle prior GPA"
1429,3.1224099919868,8.36088419754404,-1.20197747176729,84.3178018719542,8.65915822322264,3.49221919471248,3.49221919471248,"Middle prior GPA"
1430,2.67334994538563,7.01897398223897,-1.16784570475572,77.7709903907895,12.2390322784946,3.2929339567439,3.2929339567439,"Lower prior GPA"
1431,3.49036826402027,6.63262051099646,1.27398723248956,78.2375448968572,9.74292946980867,3.72968467477898,3.72968467477898,"Higher prior GPA"
1432,3.04048759143103,7.3864972394598,0.447867751415837,73.4608973571186,11.1635769916671,3.66684256487827,3.66684256487827,"Middle prior GPA"
1433,2.73096395942987,7.18324585295595,-1.6541890918154,78.7663412177553,15.6915119652811,3.40120408985702,3.40120408985702,"Lower prior GPA"
1434,2.42905579532043,6.51292686425662,0.414718869306842,81.8840438353536,14.3870500947621,3.41712563298639,3.41712563298639,"Lower prior GPA"
1435,3.26038393511536,6.01815749648399,0.803853081606274,71.9476047765423,12.1593444359672,3.56175939772982,3.56175939772982,"Middle prior GPA"
1436,3.8902629363941,6.79605970390031,-0.448596365173136,83.9364372247959,2.00830737263175,3.47255580230487,3.47255580230487,"Higher prior GPA"
1437,3.02680383380756,7.73298524299042,-2.50236583219479,87.9475127431839,9.00264280365959,2.9556432481855,2.9556432481855,"Middle prior GPA"
1438,3.31585636410703,8.23660628487644,0.88736780801543,74.973268025967,12.0411688088306,4.00625911722782,4,"Higher prior GPA"
1439,2.72822250647352,5.29326762592475,1.26934971072893,84.0316453445779,18.7677604766105,3.25664712413066,3.25664712413066,"Lower prior GPA"
1440,2.40927844969466,5.59378492686287,-2.01773546603874,67.9618554427116,16.9258586195299,2.63816369233017,2.63816369233017,"Lower prior GPA"
1441,3.01616925704006,7.28587449306574,-1.59290241831537,85.4108956632084,9.01153431810745,3.05269109284453,3.05269109284453,"Middle prior GPA"
1442,2.57900335228307,8.56483101651997,0.122020251756236,81.4285166761723,18.700421649255,3.63885408248274,3.63885408248274,"Lower prior GPA"
1443,3.02986689010014,7.05902609844281,-0.441858585117064,90.0785103729153,11.4588029315772,3.471961822295,3.471961822295,"Middle prior GPA"
1444,2.93712496516048,6.77400959139632,-1.40602789363056,79.3548402312433,11.3848109689044,2.97973257813848,2.97973257813848,"Lower prior GPA"
1445,2.83220194527785,6.10665609050294,1.89418518763046,67.294207122061,12.9850291165648,3.31148294528735,3.31148294528735,"Lower prior GPA"
1446,3.17454494067704,6.93489255782777,1.17577876595991,80.8341092293483,7.92304112926232,3.25377709277498,3.25377709277498,"Middle prior GPA"
1447,3.10121170274875,6.62122092222821,-0.668816191919237,74.181729500016,9.81716201263825,3.19795728739093,3.19795728739093,"Middle prior GPA"
1448,2.8347489968074,6.24502143991498,-0.277287646087211,75.6202968119924,12.1609893804234,3.28509212317648,3.28509212317648,"Lower prior GPA"
1449,3.38499443669463,7.79394995941739,0.904669275824444,79.0148867014925,12.0943788588619,3.69240630652635,3.69240630652635,"Higher prior GPA"
1450,2.84318801569051,6.40045060432754,0.196199249043567,65.3728079883113,11.6144585439667,3.64403641295672,3.64403641295672,"Lower prior GPA"
1451,2.91253331278194,6.48516819677305,0.486865264234672,69.4429626502019,11.9894017198952,3.51138322742876,3.51138322742876,"Lower prior GPA"
1452,3.1273130653544,7.4560019273984,-0.375542982855189,85.124745032518,11.2304774359398,2.9442162265134,2.9442162265134,"Middle prior GPA"
1453,3.01528485838059,6.49064652457576,-1.42098869852511,88.0417006502351,9.65594082797534,3.08937997425694,3.08937997425694,"Middle prior GPA"
1454,3.13721907407916,8.4912342741005,-0.36367614395917,65.9319203662205,12.9237255996389,3.59026960217116,3.59026960217116,"Middle prior GPA"
1455,3.47700284778316,5.66162404752758,-0.262606882169039,82.8945936314804,8.84490029176268,3.17931886093881,3.17931886093881,"Higher prior GPA"
1456,2.13656984788001,7.76712736405319,0.576028434626063,66.8213064545119,16.1546443039624,2.91466896845595,2.91466896845595,"Lower prior GPA"
1457,2.88476366154661,5.87617765558245,0.0783102683923242,76.6719634116356,15.5572984227594,3.45001400324747,3.45001400324747,"Lower prior GPA"
1458,3.51277499059864,6.12903367404208,-0.503953017886528,81.2135120866799,6.12083929985724,3.25815205132823,3.25815205132823,"Higher prior GPA"
1459,3.07963995276737,7.2112913025814,-0.728287954954158,75.2439994916228,10.5417410126237,3.3831468702239,3.3831468702239,"Middle prior GPA"
1460,2.95595507090684,7.63837596485646,-0.358158886863561,65.2039323942131,10.5198770571167,3.11259658415958,3.11259658415958,"Middle prior GPA"
1461,3.6070722271463,7.58552236691744,0.463200632563714,71.8699435432233,10.4213836487135,3.59382629273746,3.59382629273746,"Higher prior GPA"
1462,3.83477960737473,5.2911427529144,0.444802053812995,74.0190385126304,6.3232352269416,3.62444399084623,3.62444399084623,"Higher prior GPA"
1463,2.57765067920686,7.17125327052713,1.74182963962885,68.6660386806147,13.9877036457589,3.24521949396693,3.24521949396693,"Lower prior GPA"
1464,2.77564597129048,7.9859772453992,0.770123594278254,74.8785830911557,13.8262351353556,3.2329177727215,3.2329177727215,"Lower prior GPA"
1465,3.07345021732061,6.32182751336808,0.857187445914389,73.6419729751365,9.18650714644875,3.28023011656694,3.28023011656694,"Middle prior GPA"
1466,3.37305399154772,6.72815865316643,-0.0901128256211751,86.5887778223709,8.45104183598808,3.82612575988351,3.82612575988351,"Higher prior GPA"
1467,3.41080241660594,6.90722595219932,-0.34582313625128,91.4261032594778,11.8414816521828,3.76419982605377,3.76419982605377,"Higher prior GPA"
1468,2.9880434067834,7.1086049934251,0.997950749014146,66.7920716927916,9.78897092259659,2.90139947280986,2.90139947280986,"Middle prior GPA"
1469,3.19076157684953,6.68791656311758,-0.911036501725943,83.9998021385312,11.2394106899702,3.5444039648861,3.5444039648861,"Middle prior GPA"
1470,2.81323765503078,7.22318594261498,-0.0390823206268578,69.3135995610797,13.3294019647279,3.53237447696032,3.53237447696032,"Lower prior GPA"
1471,3.15444556007893,6.55066210527164,-1.26888640435982,71.9183723661016,9.6928742013032,3.01457189844727,3.01457189844727,"Middle prior GPA"
1472,3.55168984130534,6.60331441254936,-0.751906517454946,75.3230750413834,6.90027642072457,3.27567064167232,3.27567064167232,"Higher prior GPA"
1473,3.66577468733556,7.45638172004318,-0.526372879221176,82.9630444632592,6.61211922920467,3.14028122261159,3.14028122261159,"Higher prior GPA"
1474,2.97279792203093,6.80369279331716,-0.810476391963719,79.2613865092797,11.6211164849592,3.1619665992786,3.1619665992786,"Middle prior GPA"
1475,2.97488537286657,5.68707813885598,0.0991630492281161,67.5560726889542,14.9715811789602,3.41789441209014,3.41789441209014,"Middle prior GPA"
1476,2.85936388611805,6.67600600575717,1.41187725542467,63.2322377268363,17.1038090000532,3.38190693943647,3.38190693943647,"Lower prior GPA"
1477,3.2363502975592,7.44550094613087,0.480608041679288,70.6355474357913,13.1499548197317,4.12166055000083,4,"Middle prior GPA"
1478,3.86240428437283,6.97525993962157,-0.0109084209509769,79.5390246436082,9.1733219309364,4.4341971511618,4,"Higher prior GPA"
1479,2.46574561717894,7.04025486340633,0.288621700783381,60.8996694028633,13.0674736713818,3.03328660620959,3.03328660620959,"Lower prior GPA"
1480,3.28150719475832,6.24613179834128,-0.217356538296963,77.7259853597916,11.5124386291634,3.38884318301674,3.38884318301674,"Middle prior GPA"
1481,3.43114489657522,6.8199809664001,2.49420589839002,92.7648783045659,11.290464940628,3.3086448874917,3.3086448874917,"Higher prior GPA"
1482,3.28951405667823,6.75262639806088,1.09024397983079,81.7654071082628,11.8754590524464,3.32915921571129,3.32915921571129,"Middle prior GPA"
1483,3.00151509418813,7.49639668458041,0.362610731969039,78.3033662751147,12.7390746856497,2.97473530088507,2.97473530088507,"Middle prior GPA"
1484,2.67763102263343,6.86362021383515,-1.30144478767269,78.6754880926038,12.8431772673582,3.1425295092073,3.1425295092073,"Lower prior GPA"
1485,3.39342029790913,7.24347906353938,-0.083459084210911,88.1020965870478,8.66452394181599,2.96989239586152,2.96989239586152,"Higher prior GPA"
1486,3.33317359300488,7.67251812325069,-1.08500659090455,76.4006672680918,8.32486747447802,3.37299078221726,3.37299078221726,"Higher prior GPA"
1487,3.34277672909886,5.8789035201159,0.914999358048774,70.0366299861056,13.6210483309424,3.64555154674797,3.64555154674797,"Higher prior GPA"
1488,2.8845036534214,7.18437921870086,0.4519181943966,83.6877491379062,13.5641364487447,3.62802690384701,3.62802690384701,"Lower prior GPA"
1489,3.3033884220697,7.59315766477435,0.938344625604624,71.7745881777187,8.3163445488957,3.83972247187525,3.83972247187525,"Middle prior GPA"
1490,3.26461746151915,6.99058797487733,2.0414930287296,72.4058770444453,11.9354583338913,3.69046474715889,3.69046474715889,"Middle prior GPA"
1491,3.33852649461007,5.4017486965456,-1.3141197486983,85.2784938209776,8.45330208444733,3.4952961190887,3.4952961190887,"Higher prior GPA"
1492,2.89264118140373,7.09031036191955,-0.0302215003870415,72.2077993105504,13.5699371862959,3.55695100585499,3.55695100585499,"Lower prior GPA"
1493,2.7599415093146,6.94001423045307,-0.36619696558294,56.4721454691025,9.94477594227406,2.4644460448071,2.4644460448071,"Lower prior GPA"
1494,3.15843381081089,6.72247780000362,-0.373467946217436,81.7692784820609,11.8707939721875,3.30311356443681,3.30311356443681,"Middle prior GPA"
1495,3.0632111350289,6.29928044966443,-1.25988337845955,77.0965192487715,8.76754774100603,3.20326053400605,3.20326053400605,"Middle prior GPA"
1496,2.97814496109912,7.54598713282476,-0.0153869680150536,72.1857824685422,10.4647463755488,2.96260710288142,2.96260710288142,"Middle prior GPA"
1497,3.0189192879599,7.20053936179604,-1.78456561707106,79.8495287191308,9.93658446590232,3.29295492312945,3.29295492312945,"Middle prior GPA"
1498,2.16814130589114,6.35622191527881,0.618364029691652,63.458675307726,17.9295532368779,3.23485616096783,3.23485616096783,"Lower prior GPA"
1499,3.68504349701688,6.69214395058937,0.336525125450683,80.5364120319094,5.18665006138949,3.45003290097282,3.45003290097282,"Higher prior GPA"
1500,2.97309251568488,5.48207212795312,-0.614093675717755,74.2382091801518,11.9102739476286,2.99465885579644,2.99465885579644,"Middle prior GPA"
1501,3.20578232693953,5.6130355225509,0.929250490299274,75.6123540603288,11.8465815613449,2.95460238539168,2.95460238539168,"Middle prior GPA"
1502,3.06624805622262,7.89243238303626,-2.64259076533052,82.3555190028801,7.39743737862422,3.09919569670121,3.09919569670121,"Middle prior GPA"
1503,3.23662262822354,8.8959684982921,-1.33503310778089,85.2740042812919,10.3099643809183,3.96256352878998,3.96256352878998,"Middle prior GPA"
1504,2.56909834426546,5.01577999973918,-0.710985039232467,58.9674097368501,16.3728897237926,3.14469652911112,3.14469652911112,"Lower prior GPA"
1505,3.63002155054279,7.55504466641651,1.18270401395216,72.9700637404113,8.94521481544763,3.8449613929399,3.8449613929399,"Higher prior GPA"
1506,2.81645206819391,6.36959707212721,-0.026096808257569,77.8497363069659,12.5648825060763,2.91357815509853,2.91357815509853,"Lower prior GPA"
1507,3.28229098997385,7.29187065215987,-0.468995962566103,69.463344039144,13.2707296222273,4.06966036459543,4,"Middle prior GPA"
1508,2.52497535957967,6.93815510710085,-0.883824834961947,86.9775625897654,13.2467845931314,2.68580461062722,2.68580461062722,"Lower prior GPA"
1509,2.64232790138278,7.91704853873864,-0.341637736124157,79.5869672486821,13.4222869769224,2.89232305993155,2.89232305993155,"Lower prior GPA"
1510,3.3558032986342,7.38165567164675,-0.17755123827401,83.4896769070235,7.04736274088088,3.48071990567553,3.48071990567553,"Higher prior GPA"
1511,3.69115800579197,6.35549402034463,0.410987955962626,71.79665742196,6.93762596143963,3.91475315309821,3.91475315309821,"Higher prior GPA"
1512,3.50336357815323,7.06785608369117,1.3469960117117,80.284561833054,11.1039772600094,3.76001651352918,3.76001651352918,"Higher prior GPA"
1513,3.60380120584772,7.72646198238167,-0.534408149059614,72.3777961357285,9.2839576793962,3.43418662149397,3.43418662149397,"Higher prior GPA"
1514,3.09862495760876,7.0553101808099,0.184154890994537,87.0592203380121,11.7596922246263,3.22967535949982,3.22967535949982,"Middle prior GPA"
1515,3.65220431832852,6.75224349266741,-1.3137008147297,88.368512413832,6.90718705602726,3.47316752110502,3.47316752110502,"Higher prior GPA"
1516,3.25557577351528,6.73810147883396,1.68441623079368,64.004649071606,13.3405680727535,3.62018010268232,3.62018010268232,"Middle prior GPA"
1517,2.8629266425468,7.02697958991425,-1.41126280698813,66.2936900789273,12.7231637166778,2.65006237475389,2.65006237475389,"Lower prior GPA"
1518,3.344709322858,6.70190742380183,0.306288576156249,75.067392536337,9.01319862967047,3.68039975237158,3.68039975237158,"Higher prior GPA"
1519,2.97420263538792,8.16163738566232,1.60242866665735,76.3144536142116,13.4099616677543,3.50148827842338,3.50148827842338,"Middle prior GPA"
1520,3.0472316726037,6.9192232205179,-0.727814754245027,78.5385405499944,9.70089998363727,3.12454550506751,3.12454550506751,"Middle prior GPA"
1521,2.96619811473152,6.09075000838835,0.316484631794125,74.0010164781126,12.6719410463713,3.42941086000191,3.42941086000191,"Middle prior GPA"
1522,2.91369213916319,7.28954319856761,0.4782014044112,74.3030621141945,14.2236510839466,3.39372497377969,3.39372497377969,"Lower prior GPA"
1523,2.73483416850092,6.83780180307362,0.738133261626884,70.0457351723808,13.6804337689678,3.46465058871934,3.46465058871934,"Lower prior GPA"
1524,3.43387474046539,6.73093729244051,-1.33147141252204,80.6775098861195,8.21475300114037,3.19476619464461,3.19476619464461,"Higher prior GPA"
1525,3.26592227029172,5.85752748151565,2.60583584850654,67.1129364637409,13.8631554371787,3.11844240778862,3.11844240778862,"Middle prior GPA"
1526,2.87473798037697,7.83410296953207,0.184007419306222,62.4525458990073,14.7042539849442,3.78998331476592,3.78998331476592,"Lower prior GPA"
1527,3.34802785589405,6.0960922036834,-0.226560224492049,58.7280809426799,12.3448944320143,3.44681060324068,3.44681060324068,"Higher prior GPA"
1528,2.75581395110948,7.81282577732136,0.0424571426213177,76.5284052943587,15.4341083600232,3.37566807060172,3.37566807060172,"Lower prior GPA"
1529,3.266336683326,8.38294401445675,-0.582556340434969,87.2027757196784,11.81063475352,3.60456501780532,3.60456501780532,"Middle prior GPA"
1530,3.28137984319148,6.28938671425666,-0.112135228482988,79.2253927258587,10.3462169212238,3.97837469293949,3.97837469293949,"Middle prior GPA"
1531,3.59128302190321,8.12651301692417,0.0976136320237831,81.4164743136077,7.87040540575983,3.6751292540364,3.6751292540364,"Higher prior GPA"
1532,2.99865755932404,7.55274677648804,0.390410374252261,57.3093658254252,13.4005576927617,3.24916914127745,3.24916914127745,"Middle prior GPA"
1533,2.97895872796928,6.61484902932245,-0.304529470585035,65.5253787151902,13.6659094437762,3.66295704295614,3.66295704295614,"Middle prior GPA"
1534,3.46786242377429,5.87053327839063,-1.44715684034456,88.2353753546865,5.87901818815486,3.15393716209019,3.15393716209019,"Higher prior GPA"
1535,3.33136587215635,7.36168402349367,0.215030599946678,79.1438295797996,8.59155339683868,3.74473308021233,3.74473308021233,"Higher prior GPA"
1536,3.57479861265727,6.16333895881337,0.208623541062329,71.0435455181242,6.72923688730273,3.4380957646675,3.4380957646675,"Higher prior GPA"
1537,2.84364016967418,6.21749662878747,-1.51082642695579,83.2166110043205,10.0030813125823,3.29170144491893,3.29170144491893,"Lower prior GPA"
1538,3.81612982892864,6.38249310100127,-0.06577954760211,87.3333978498548,7.09600077860049,4.04162573901664,4,"Higher prior GPA"
1539,3.10657622331588,7.40751747348995,-0.227557253564449,89.818756041454,11.2917089367441,3.30429593757507,3.30429593757507,"Middle prior GPA"
1540,3.14168630219648,8.93594375535251,0.167507104370942,76.2890638953018,13.7089155459064,4.05769277732778,4,"Middle prior GPA"
1541,2.95092975521324,8.52237921306891,-0.321145297183726,66.7951887611899,13.076281994616,3.89221933993631,3.89221933993631,"Lower prior GPA"
1542,3.20341708836572,5.99101816011173,-0.616147393223826,73.7825524228097,12.1275187664265,3.0668995449244,3.0668995449244,"Middle prior GPA"
1543,3.37134183769643,6.66624997736115,0.456445540530391,80.3492311137269,10.3625446639575,3.4053438547223,3.4053438547223,"Higher prior GPA"
1544,2.89950828960585,6.58493860432464,0.409685874296055,68.0549578906256,14.1724403582879,3.29857866215193,3.29857866215193,"Lower prior GPA"
1545,3.59324970554611,8.82155736279732,-1.64411884188473,78.8485474976142,11.0687033477307,3.5109173958051,3.5109173958051,"Higher prior GPA"
1546,2.64825503742703,5.7847891971735,-0.944972272248028,72.3692646865817,13.8717968030458,3.5972897664703,3.5972897664703,"Lower prior GPA"
1547,3.25510371716979,6.54145098299964,0.508915569659699,70.4452186431375,11.968815493764,3.16118461763506,3.16118461763506,"Middle prior GPA"
1548,3.20473085643532,7.3533963036126,0.405378418554424,66.7914619722711,10.8613110194485,3.49014850028576,3.49014850028576,"Middle prior GPA"
1549,2.85321934994261,7.26492222000691,0.377035140203133,75.5868393348587,13.0717847627541,4.01709774100862,4,"Lower prior GPA"
1550,2.79916493485088,6.4729804879735,-0.490336049334191,75.3137064630654,11.8292241246662,3.76773596713116,3.76773596713116,"Lower prior GPA"
1551,2.71855784837178,6.34785644676028,-1.81113061128674,75.2419609036852,14.5165284122499,2.84050960302328,2.84050960302328,"Lower prior GPA"
1552,3.7922330105529,6.30745440447902,1.18405900910662,86.8493050874165,6.5612347157545,3.56453064138616,3.56453064138616,"Higher prior GPA"
1553,3.01180094664932,5.04547006588812,1.80025766313571,70.3208812638645,14.9620841754356,3.18068245258768,3.18068245258768,"Middle prior GPA"
1554,2.91175004594917,6.93295283635394,0.49791332350527,69.8910072625307,9.91586187979806,3.31798976959553,3.31798976959553,"Lower prior GPA"
1555,3.03428830828752,7.49091129255133,-1.66429512883609,77.7086323912567,10.9540527858267,3.33895962716385,3.33895962716385,"Middle prior GPA"
1556,2.92933162398262,5.78205692688388,0.298869619462871,56.1290341222889,15.4437844997356,3.500449645096,3.500449645096,"Lower prior GPA"
1557,2.33803499396914,7.21333804323093,1.28810988189069,71.9431810670564,19.6233367836754,3.14606700773968,3.14606700773968,"Lower prior GPA"
1558,3.15139553668945,7.49459633806237,0.814945063657631,55,11.1884606660538,2.78987186671821,2.78987186671821,"Middle prior GPA"
1559,3.04018033227713,7.69817084452372,-0.765163938450208,72.7511378663757,9.00477223376321,2.6297058042663,2.6297058042663,"Middle prior GPA"
1560,3.54407862767227,6.39403581913212,-1.45895628124252,82.7176954379652,7.51036608968522,3.43648651211173,3.43648651211173,"Higher prior GPA"
1561,3.25169413439314,6.28962863060376,-0.787922163969283,76.8015178804109,6.85243735378978,2.96774435541273,2.96774435541273,"Middle prior GPA"
1562,3.18216115337872,7.4075680347793,0.0398214658777961,78.4675627364384,9.29735755663014,3.58724967178542,3.58724967178542,"Middle prior GPA"
1563,3.70240137112853,7.32539273944995,0.826019749892363,76.3969651242711,9.33693490990447,3.62526649965749,3.62526649965749,"Higher prior GPA"
1564,3.48428548687374,7.50010689961066,0.597981943877496,68.8717353275845,8.9821240010371,3.29586203899738,3.29586203899738,"Higher prior GPA"
1565,2.48090934025277,8.29651274034955,-1.45682011770316,60.131021485396,15.128010243038,2.87606487556966,2.87606487556966,"Lower prior GPA"
1566,3.03016179037152,5.22439931374465,0.236508432965918,85.9730776852715,15.3593836094838,3.42050213394721,3.42050213394721,"Middle prior GPA"
1567,2.9750850867156,8.08141823172947,0.733152718097646,67.2611333102807,12.4735657587713,3.29250550737094,3.29250550737094,"Middle prior GPA"
1568,2.99858394685385,5.98131724448591,-0.807689288664072,70.1037438183584,14.9508894799814,3.38676807432313,3.38676807432313,"Middle prior GPA"
1569,3.52164647778965,8.9434722322049,1.72646955748299,62.0135490828984,12.6119805275676,4.08575277546721,4,"Higher prior GPA"
1570,2.24501169778625,7.96586918316467,0.720336131136983,72.1560389390915,17.726513849646,2.71365616722975,2.71365616722975,"Lower prior GPA"
1571,2.75318422143778,7.45656654821023,0.954748325183704,75.7870075154135,16.1719217905685,2.66285867573768,2.66285867573768,"Lower prior GPA"
1572,3.41454129732063,8.05583050347636,0.751830023570963,81.2875199492738,10.2526539173811,3.39005501417675,3.39005501417675,"Higher prior GPA"
1573,3.00875612482762,9,0.13194653843616,74.3463406368917,14.2705540249616,3.57731944626811,3.57731944626811,"Middle prior GPA"
1574,2.56083103041463,5.18138738684983,0.209856924387,61.2300042244127,19.4081929553935,3.30486568544745,3.30486568544745,"Lower prior GPA"
1575,2.62276754260329,6.45522925981591,0.724718438777368,77.7278689764808,13.5497042488142,2.80312142226261,2.80312142226261,"Lower prior GPA"
1576,2.93764981148607,6.09034235385321,1.47992220563786,70.9320762896525,11.8979777642728,2.99455573013521,2.99455573013521,"Lower prior GPA"
1577,3.67184727319743,6.4783029960728,-1.30919715355505,71.4638561752887,7.32698369581759,3.41498714521065,3.41498714521065,"Higher prior GPA"
1578,2.28912340405651,7.1020881528284,-2.60075982096535,74.6359663624094,12.2358544630517,2.3051588499884,2.3051588499884,"Lower prior GPA"
1579,2.66227189387762,7.92714998602855,-1.51648293460333,68.7098963660575,15.0584785207068,3.29838544425797,3.29838544425797,"Lower prior GPA"
1580,3.64366229200335,6.45532546232358,0.488250214799406,80.6896384427625,6.80509264700141,3.50123270773064,3.50123270773064,"Higher prior GPA"
1581,3.42568518192586,7.43569047942846,-1.57143171933411,80.9090820815016,6.93165105494648,3.21729871898435,3.21729871898435,"Higher prior GPA"
1582,3.41567160043977,6.34197024458881,-0.685348932452042,76.0242537599626,10.0048335860956,3.3809488276452,3.3809488276452,"Higher prior GPA"
1583,2.35428429525967,6.64455158672944,-0.585663899136328,76.229620298329,15.5374366547609,3.41808957603176,3.41808957603176,"Lower prior GPA"
1584,3.49164016794168,7.56825095804115,1.79744189195726,72.2897469971809,10.6907056442605,3.58046686242383,3.58046686242383,"Higher prior GPA"
1585,2.33859582356743,6.99056556937411,-0.979498965405817,73.4574116748797,15.9708651318602,3.22397852419328,3.22397852419328,"Lower prior GPA"
1586,3.39664715371506,8.28028139376166,0.429819821217889,73.057500602604,11.8988388905418,3.42338290286627,3.42338290286627,"Higher prior GPA"
1587,2.49949088538067,7.56546055688531,-0.361163811303168,87.5660417112824,13.5735811179015,3.32513311812291,3.32513311812291,"Lower prior GPA"
1588,2.66292737948124,6.94683523600873,-0.983957518513967,69.0421163055542,11.3490108449584,2.53441871854679,2.53441871854679,"Lower prior GPA"
1589,3.35927615939579,6.8590366472666,-0.654869536877226,86.6593790590906,6.97780086283093,3.2588427950074,3.2588427950074,"Higher prior GPA"
1590,2.20992716235056,7.92652422739415,0.866577951876933,66.001015958,14.3575769019064,2.45342976096524,2.45342976096524,"Lower prior GPA"
1591,3.11397656094178,8.87391879383912,-0.28611031891437,77.1266530824738,11.9790560103223,3.38728009577222,3.38728009577222,"Middle prior GPA"
1592,2.88182560036282,6.01229033774911,0.0375639587512467,74.022885970704,14.0731057675384,3.17637150897089,3.17637150897089,"Lower prior GPA"
1593,3.66122953665067,5.87871127178088,1.17604503812969,90.7636788735993,9.11769211000125,3.93335479886025,3.93335479886025,"Higher prior GPA"
1594,2.82850646280198,6.7183018462457,0.0809757747382366,81.037591625869,11.8585458569853,3.1941406616155,3.1941406616155,"Lower prior GPA"
1595,3.56864248842398,4.9032719633568,-1.72300091392769,90.9624933958669,7.70097069699718,3.19003803938421,3.19003803938421,"Higher prior GPA"
1596,3.47838663241364,6.94476324090126,0.226672318471448,75.7863027491563,7.58584763699266,3.51016813977867,3.51016813977867,"Higher prior GPA"
1597,2.97845976825688,8.44147010831293,0.147522891692828,85.9376008947352,14.0115548295507,3.9647173763791,3.9647173763791,"Middle prior GPA"
1598,2.88789318109125,5.63517370978242,-2.46969552339578,81.05024698548,12.4678088593453,3.23518437531182,3.23518437531182,"Lower prior GPA"
1599,3.45216358900137,6.79542157521848,0.810265847093153,83.1250155004552,9.61347226725158,3.47596890100534,3.47596890100534,"Higher prior GPA"
1600,2.54019680803511,7.02561934914206,-0.0496764695352264,71.6445298772971,12.535205079676,2.80482935558681,2.80482935558681,"Lower prior GPA"
1601,2.90504429451081,6.62179231491913,0.376859104284594,72.1216221083333,9.63215224196037,3.48057752618444,3.48057752618444,"Lower prior GPA"
1602,3.16983251134261,7.5192108417908,-0.00346943805909713,79.5636507327373,11.9431057499113,2.99246480299929,2.99246480299929,"Middle prior GPA"
1603,3.01167133329107,7.36623587392928,-0.448573050306258,76.2300730888258,7.08396887769088,2.70681292782841,2.70681292782841,"Middle prior GPA"
1604,2.93093132293788,7.23388988972149,-1.06357806024712,70.8656702410801,12.1485766981747,3.29321355382303,3.29321355382303,"Lower prior GPA"
1605,3.59169457876569,7.43117063640887,0.584681661463722,77.0458416967218,6.16536215004009,3.55924660200541,3.55924660200541,"Higher prior GPA"
1606,2.62452279448687,7.82989890515187,0.10274522846386,69.2945056575331,17.1521169849837,3.65620153246496,3.65620153246496,"Lower prior GPA"
1607,3.19613668979918,7.03861285322282,0.471073563306665,68.9353044598362,12.4310955438128,4.10724222278828,4,"Middle prior GPA"
1608,3.22158041649948,7.21288852997638,-1.51667681716189,79.0542378979542,5.89321246177569,2.86095837245156,2.86095837245156,"Middle prior GPA"
1609,2.79827318557807,6.96841554325656,0.360901833025957,85.4192791118088,11.6641551778644,3.55255754911968,3.55255754911968,"Lower prior GPA"
1610,3.76909539782921,7.956277807393,0.236272571425736,82.0217955477801,3.38255410904414,3.32847633846463,3.32847633846463,"Higher prior GPA"
1611,3.74462403871321,6.64122688044479,0.518306392269702,86.8517604820835,6.51590463833581,3.27256769580032,3.27256769580032,"Higher prior GPA"
1612,3.28553904514002,8.32336463983398,0.0753290770286107,72.6350915151723,12.1857979517562,3.67047988636193,3.67047988636193,"Middle prior GPA"
1613,3.6546577354748,6.74429277620718,-0.712271653797168,73.8186450570159,5.12173844668093,3.8014361758673,3.8014361758673,"Higher prior GPA"
1614,3.76461574518612,5.21345740409383,-0.744522550069234,84.7347479460954,6.04031040846224,3.92352847346481,3.92352847346481,"Higher prior GPA"
1615,3.28135017002525,5.99998144077293,1.04996622346789,79.9004012278461,11.9959918831808,3.34577106449847,3.34577106449847,"Middle prior GPA"
1616,3.15266939300786,6.88265616996527,-0.181391138198433,61.9011243927183,9.89977108833121,3.51952150811894,3.51952150811894,"Middle prior GPA"
1617,3.48471299244391,8.57907611650344,0.867045442136777,69.0388325118456,11.8637318398607,3.76489658781161,3.76489658781161,"Higher prior GPA"
1618,3.3293209127766,7.78268566405611,0.660480317857687,83.0754140195655,11.6880821120584,3.6043997100648,3.6043997100648,"Higher prior GPA"
1619,2.99879067904456,7.04484716248648,1.10413939929519,83.865421923349,15.4111471714842,3.7557827160376,3.7557827160376,"Middle prior GPA"
1620,2.9795004125612,5.95647408630903,0.353543640980565,69.8255321389734,14.791289246611,3.37400380045228,3.37400380045228,"Middle prior GPA"
1621,2.62959063448081,5.9471826621693,-0.0807704557561976,80.9017508897307,12.9216150916629,3.29407044018325,3.29407044018325,"Lower prior GPA"
1622,2.68055266702853,6.36362274421984,-1.61858262667518,82.3157626674336,13.0792328413514,3.10029049004604,3.10029049004604,"Lower prior GPA"
1623,2.51535050194627,6.70593265625983,0.395785346408535,66.1414341670726,12.7785082122441,2.5989889162448,2.5989889162448,"Lower prior GPA"
1624,3.08930722834288,7.77851535083541,0.891017801550955,72.9312950648053,12.9879219996217,3.62205360777254,3.62205360777254,"Middle prior GPA"
1625,2.58651931084459,7.43517302439244,0.955927138860466,68.2225198060026,15.5373420663307,3.62173312213885,3.62173312213885,"Lower prior GPA"
1626,3.01500270378107,6.20026008916329,0.287871682884221,69.3918034789201,11.736366194964,3.08839219987709,3.08839219987709,"Middle prior GPA"
1627,3.23023124991405,6.76631215317507,-2.05926108299243,64.483079533773,8.92278654172569,2.85750419999885,2.85750419999885,"Middle prior GPA"
1628,3.6654731856696,5.74845836309764,-1.49988414880168,77.0654191995139,9.2977864411804,3.34879793237543,3.34879793237543,"Higher prior GPA"
1629,3.14795985294178,7.59575871286954,0.0248043048494599,77.2168953603725,12.7156623074217,3.41017834942142,3.41017834942142,"Middle prior GPA"
1630,3.50180393850367,5.19722456729477,-1.19271873139024,78.2583390584716,10.3707103651055,3.85313561920674,3.85313561920674,"Higher prior GPA"
1631,3.44699517251986,6.17873469850985,0.79262673662651,68.4047582683625,10.994181490276,3.64934687251523,3.64934687251523,"Higher prior GPA"
1632,3.63892649440948,7.01184322143714,-1.54709769357413,82.2410106724647,8.11001581427198,3.78186536039471,3.78186536039471,"Higher prior GPA"
1633,3.68821494555682,5.96264523891008,-0.537025258078723,73.1547123854365,6.21044688247335,3.19905752222119,3.19905752222119,"Higher prior GPA"
1634,2.39757424865455,7.38381491522074,1.62751934498605,69.0945069501678,18.7424769328903,3.1877013072858,3.1877013072858,"Lower prior GPA"
1635,3.37131386962488,7.6026960500073,0.755307879030301,85.1839097978711,7.40061991205143,3.28043153765386,3.28043153765386,"Higher prior GPA"
1636,3.26123665645326,7.25945649310322,-0.605114038108007,72.3002018965869,13.063880822204,3.58569779217636,3.58569779217636,"Middle prior GPA"
1637,2.42880214410855,6.8401313682051,-0.775724160137183,78.364985004985,13.8592307858182,3.07163540381375,3.07163540381375,"Lower prior GPA"
1638,2.86623827151634,6.45168115580759,-1.02873754501868,83.3168764163471,10.9354738989037,3.01075008619447,3.01075008619447,"Lower prior GPA"
1639,2.55415997816952,6.81288379705578,-0.0381999833175456,65.1831474596403,13.1489874728867,2.71942986837248,2.71942986837248,"Lower prior GPA"
1640,3.02867676074114,7.17466358416345,-1.52716610742116,100,9.43743323296228,2.91341220140552,2.91341220140552,"Middle prior GPA"
1641,3.70726079612847,5.89653188450812,-0.892286484916189,87.4492780442057,6.73045514672656,3.88896421373627,3.88896421373627,"Higher prior GPA"
1642,2.96516930716319,6.10565801302938,-0.306904677450692,78.9978282663176,10.3452661088796,3.21429573905443,3.21429573905443,"Middle prior GPA"
1643,3.56571591878426,8.5644676381841,1.27967308849133,78.548278914852,13.5645556870607,4.09040662503482,4,"Higher prior GPA"
1644,2.99285811166282,8.47837738482802,-0.37109208595915,69.5027783244489,14.8047263608706,3.54994354874117,3.54994354874117,"Middle prior GPA"
1645,2.98282233389125,8.63533498815368,-0.448282284055721,72.126211751159,11.4226049974088,3.28131438721803,3.28131438721803,"Middle prior GPA"
1646,3.36275179238578,7.02483273503658,0.562823536243177,91.0938246979894,10.7367176050892,3.9720864066569,3.9720864066569,"Higher prior GPA"
1647,3.10279323849854,6.04363805300134,1.65316282443051,71.6205427712189,12.1798445304208,3.46509936103562,3.46509936103562,"Middle prior GPA"
1648,3.2805706719332,6.22947926269275,-0.262005643863389,79.542164421258,10.1457577579966,3.94722242903102,3.94722242903102,"Middle prior GPA"
1649,3.10350202152339,6.9215559671615,-2.01232986194554,77.2210356706626,7.1182354874765,2.92034579269821,2.92034579269821,"Middle prior GPA"
1650,3.53440813551097,5.63263879881962,0.722228352456236,69.0569807765885,8.94725729675443,3.32841037290246,3.32841037290246,"Higher prior GPA"
1651,2.78434280772827,7.31669517461163,-0.876775902666029,82.6258137459221,12.4996003813483,3.00553146192792,3.00553146192792,"Lower prior GPA"
1652,3.08365525471958,7.04801074800203,0.0992050151954966,70.2251152348951,12.2391862553047,3.44549692571339,3.44549692571339,"Middle prior GPA"
1653,2.71813360669967,6.54302733078346,0.641952097373368,75.5049950211253,16.9597208487668,3.27610491435032,3.27610491435032,"Lower prior GPA"
1654,3.20741954808777,7.01901360421281,1.01910436261036,73.0905873192553,11.0334729876143,3.3368570636732,3.3368570636732,"Middle prior GPA"
1655,3.12474119771828,6.58448899563231,0.42179096346645,82.9006256299475,9.05295385893298,3.39752841765383,3.39752841765383,"Middle prior GPA"
1656,3.67503127096058,6.25217664221491,-1.86382250763617,93.1987945746087,7.54814089611406,3.77400464417408,3.77400464417408,"Higher prior GPA"
1657,3.47254096855931,8.34180544600652,0.271342123622618,82.6942837472392,10.248886463304,3.7445275521981,3.7445275521981,"Higher prior GPA"
1658,3.41587942661422,7.03368646414213,0.0543051213273075,73.4473827628865,6.70448993261076,3.38791389523802,3.38791389523802,"Higher prior GPA"
1659,2.66942933019116,7.93707158891546,0.406440683256074,65.5401114533649,14.6885080995042,2.98275499723359,2.98275499723359,"Lower prior GPA"
1660,2.93723000687267,7.48538213433211,0.463956994870188,80.5153642361208,11.3644601301202,2.83479469538245,2.83479469538245,"Lower prior GPA"
1661,3.4973978577074,7.73588668420548,0.809738475189195,82.5692820993596,12.0146322062638,3.65790028500316,3.65790028500316,"Higher prior GPA"
1662,3.4987528025784,6.60211266030614,0.448395761701452,71.7643779019031,11.0770735335602,3.57474709611782,3.57474709611782,"Higher prior GPA"
1663,2.50502222543786,7.47995579042972,-0.14908447150617,80.4915078088994,15.5757775791455,3.18514909671,3.18514909671,"Lower prior GPA"
1664,2.46807034433765,7.31837684208737,-0.32039061782423,75.6803591477318,12.1888265137328,2.8099251234588,2.8099251234588,"Lower prior GPA"
1665,3.07615047791993,8.52464466283764,-2.90340262939148,82.8759098504666,9.0415583765382,3.25401297059956,3.25401297059956,"Middle prior GPA"
1666,3.36030105270441,8.22317294116726,0.819854254773271,91.5815254229303,9.11520712679953,3.43631979730922,3.43631979730922,"Higher prior GPA"
1667,2.94115229845752,7.00558936843669,0.0510334786741435,79.2059985774729,9.68369312827136,3.01552524905015,3.01552524905015,"Lower prior GPA"
1668,2.97531727287089,6.81291493387618,-0.733467852473068,83.3774010807938,11.8763158399075,3.11291569922588,3.11291569922588,"Middle prior GPA"
1669,2.64491486920639,6.87736135713714,1.03627701065512,56.2504604307567,15.2106583915422,3.76680979743867,3.76680979743867,"Lower prior GPA"
1670,3.09075076527052,6.93156517266453,0.953031614571164,57.5923079321294,13.1077118010709,3.01515388493461,3.01515388493461,"Middle prior GPA"
1671,3.12835407374018,6.43638711533469,0.240951915024077,77.9900448805682,9.6497261475314,3.34347400469868,3.34347400469868,"Middle prior GPA"
1672,3.83209108416113,5.78350695243102,-0.845619487880751,87.0804133837037,5.39471538011272,3.68406302089609,3.68406302089609,"Higher prior GPA"
1673,3.1921087261851,6.41398721395331,0.133730077532452,77.6302500299411,8.96395819014556,3.31423656890937,3.31423656890937,"Middle prior GPA"
1674,3.49953040998142,6.8106335365375,-1.14314760290833,62.1556527794811,7.87453445062088,3.25414973114853,3.25414973114853,"Higher prior GPA"
1675,3.22472294416163,7.34070486270554,-0.651718160118906,65.8485181021202,12.9475931287111,3.84709723759473,3.84709723759473,"Middle prior GPA"
1676,3.58676743033344,7.00085449692109,-0.335263334070984,72.3699272187124,8.59997576391014,4.04926589763105,4,"Higher prior GPA"
1677,2.80127856451968,7.3740356251482,1.34669610926302,67.8086622205581,13.7816184266069,2.66612134081767,2.66612134081767,"Lower prior GPA"
1678,2.94392100496827,6.68283811424742,-0.844617411020048,78.0406226714818,9.76091828753869,3.54199912646485,3.54199912646485,"Lower prior GPA"
1679,3.35409476583779,6.6211345617544,-0.283107758307877,78.7390820948549,8.56751093806204,3.47412741077275,3.47412741077275,"Higher prior GPA"
1680,2.80800686616288,7.64266844045715,0.204533195571391,77.1515971382061,11.0075718839218,3.02355854177128,3.02355854177128,"Lower prior GPA"
1681,3.36315759628143,6.94437069533797,-1.62195462485533,81.8637293533567,3.87931558636752,2.84824756990667,2.84824756990667,"Higher prior GPA"
1682,2.60579736052371,7.03261159640724,0.270665396836375,71.7533245468553,12.7977691062674,2.84764548736184,2.84764548736184,"Lower prior GPA"
1683,2.94284831952943,7.53904809393361,1.00465082019816,65.2528706704655,13.4549964908818,3.26103019300515,3.26103019300515,"Lower prior GPA"
1684,2.36231870758049,6.59565717920271,-0.215233977775316,75.9894653083064,19.3184574010815,3.11659067069368,3.11659067069368,"Lower prior GPA"
1685,2.9978479845801,6.85379471614067,0.411291005324034,65.6259281581907,15.1771305841576,3.36531985878327,3.36531985878327,"Middle prior GPA"
1686,2.59217046977873,7.33393473508484,-0.557102248904203,74.4048181285254,11.2948923044136,3.51861648551038,3.51861648551038,"Lower prior GPA"
1687,3.68224715747517,7.39864031869899,0.0357921125644218,79.2099658947345,7.30842924653744,4.22452092545747,4,"Higher prior GPA"
1688,3.2775536725715,6.47033716770661,1.34481926530552,82.0943686824219,8.49956186364764,3.50674036592259,3.50674036592259,"Middle prior GPA"
1689,2.92896743911025,6.49493165360504,-0.68956769191602,68.043351710847,10.9887793970582,2.5280141027859,2.5280141027859,"Lower prior GPA"
1690,3.87969852092025,6.20422542303266,-0.788314211586681,71.3152771959414,4.24469291305333,3.45553380673009,3.45553380673009,"Higher prior GPA"
1691,2.82531230866412,6.40096598800756,0.937842395368956,73.251093927612,13.36268633831,3.46195451610148,3.46195451610148,"Lower prior GPA"
1692,3.01476065382392,6.50027536150637,-0.398087320980647,86.396872222951,9.70455063411996,3.2252020909815,3.2252020909815,"Middle prior GPA"
1693,3.63183970978928,6.41583901725018,0.143878888390481,79.5857741422717,9.67486740421674,3.50594896155307,3.50594896155307,"Higher prior GPA"
1694,3.31793249315655,6.54580569150137,-1.4696713857865,82.346644128457,7.80043199919585,2.83227054316915,2.83227054316915,"Higher prior GPA"
1695,2.71854647853621,6.99090835568314,1.17019394494926,59.4953457910754,12.9648784600178,3.01661347953453,3.01661347953453,"Lower prior GPA"
1696,2.7135218660639,7.1613265548715,0.965108595567538,65.337703708554,11.5615189977427,3.25036619999809,3.25036619999809,"Lower prior GPA"
1697,3.19387520461153,5.88532424026003,0.305246179543606,77.2208228358469,11.2099779954075,3.56675481042747,3.56675481042747,"Middle prior GPA"
1698,2.73041452922446,8.82085749144184,-0.432657009933786,58.0426673814801,15.1591496908431,3.32114160125205,3.32114160125205,"Lower prior GPA"
1699,3.49740666596343,6.88884445197064,-0.43647827426801,81.6950021163613,5.95921285029378,3.70746983589152,3.70746983589152,"Higher prior GPA"
1700,3.79276525358294,5.8784217202446,0.274050612431166,79.2608851597839,8.91477896697137,4.23338107432832,4,"Higher prior GPA"
1701,3.87889194450423,6.15123450741514,2.41370290138899,78.4589425296873,8.82038931728141,3.38191399538576,3.38191399538576,"Higher prior GPA"
1702,3.12776850274455,6.69608159452036,0.73830576026374,80.2586243424502,9.8899616810603,2.98349579795079,2.98349579795079,"Middle prior GPA"
1703,2.93068962595983,7.06198989705019,-0.120056587326434,70.8369617878289,9.89389473208656,3.29825203547794,3.29825203547794,"Lower prior GPA"
1704,2.99982393235694,7.77268806088737,-1.61266106816119,80.5208599241681,13.0610238249836,3.10504732422903,3.10504732422903,"Middle prior GPA"
1705,3.2428589792845,6.5128352448815,1.12771985456485,71.0177320032299,10.3589100370532,3.91214224441255,3.91214224441255,"Middle prior GPA"
1706,2.2453428716902,7.37232244134833,-1.41557518035841,64.9050521526113,15.8095541750323,2.28847391080751,2.28847391080751,"Lower prior GPA"
1707,2.39093015424384,6.06848558954341,0.355846140905277,74.1268596817865,13.6098335235776,2.87208066401054,2.87208066401054,"Lower prior GPA"
1708,3.17321755107809,6.97183285037398,0.287072100577637,62.345884631692,13.3484923565057,3.4589516561501,3.4589516561501,"Middle prior GPA"
1709,2.84044117860205,7.50603678580094,-1.17937856945543,79.9136006686751,13.9238323063688,3.32212089184366,3.32212089184366,"Lower prior GPA"
1710,3.5885798137293,7.35754989951234,0.812920044266867,73.0983994836348,7.80378510417509,3.81759357457974,3.81759357457974,"Higher prior GPA"
1711,3.30791317254299,8.55283104679043,-0.388819446638699,81.1899524173795,10.7620298382464,4.17686783461741,4,"Higher prior GPA"
1712,3.11620561503057,5.87072530384775,-1.18445026351636,73.781358414896,9.63069475687412,3.3328800086487,3.3328800086487,"Middle prior GPA"
1713,2.82517645447898,6.87075129383436,-2.35659145275453,78.7341793374092,11.7065583989078,2.70065731589103,2.70065731589103,"Lower prior GPA"
1714,2.6979769121396,7.60608711641877,-0.312405667423699,76.8220723736261,9.93992694793448,2.8115903563518,2.8115903563518,"Lower prior GPA"
1715,3.53359200170439,6.33445605524249,-1.4356319169055,85.4935004223639,6.50936389165036,3.41687244630156,3.41687244630156,"Higher prior GPA"
1716,2.76903803620986,6.22240398791084,-1.16389744924529,72.2247297344807,11.3835579093447,3.24933337313849,3.24933337313849,"Lower prior GPA"
1717,3.55202712638011,7.1349526886658,-0.371031311492692,79.0244119618229,6.77288131815205,3.83001729602199,3.83001729602199,"Higher prior GPA"
1718,3.49452018763409,6.93407770398401,-0.461041095323062,87.1000520700859,7.95217017365321,3.08591947554806,3.08591947554806,"Higher prior GPA"
1719,3.173793722535,7.24895499924034,1.42055085024718,71.5308116901807,12.772302060243,3.42972633734528,3.42972633734528,"Middle prior GPA"
1720,3.04197704505164,8.756313043506,-0.0529861086131697,76.9763780578491,12.4303894407209,3.64293702353676,3.64293702353676,"Middle prior GPA"
1721,2.93506237704376,7.54923311967867,-0.610902475286378,63.1625132087935,14.2231122742649,3.44137254771374,3.44137254771374,"Lower prior GPA"
1722,3.30443232779072,6.83498295372586,-2.82059533398966,75.3927771241397,9.37624806116174,3.23189093112126,3.23189093112126,"Higher prior GPA"
1723,3.35452531785189,7.06422943542265,1.49802002001322,73.21941524462,11.1051192389404,3.37598700309549,3.37598700309549,"Higher prior GPA"
1724,3.33342936538353,6.35902943689055,-1.47941626949535,76.6264992804336,9.63806639607902,3.23493891063605,3.23493891063605,"Higher prior GPA"
1725,3.23097850488419,6.35207115604935,0.548578974815998,75.5478955178509,11.1129067278919,3.50669784118533,3.50669784118533,"Middle prior GPA"
1726,2.68491203415667,6.59032107401776,0.30796030707077,67.1780142348178,12.8318862964332,3.09617915380709,3.09617915380709,"Lower prior GPA"
1727,3.43926682678327,7.0927850104533,-0.85207686883745,84.0280386009134,10.1444160079996,3.23531424658891,3.23531424658891,"Higher prior GPA"
1728,2.49863845315884,7.72642164546458,0.0181370767963103,68.422435872416,17.647601010233,3.20968884779791,3.20968884779791,"Lower prior GPA"
1729,2.9440474899436,5.20727559808503,0.795262263034396,80.1431868737473,12.1049125123247,3.3317438934354,3.3317438934354,"Lower prior GPA"
1730,3.30033632283445,7.67284736817888,0.789355553721371,86.8066497169613,8.60705684770247,4.11239319306328,4,"Middle prior GPA"
1731,3.21296399856428,5.93932757529428,-1.11868386498221,76.2666623894025,11.5297457889786,3.40087915147201,3.40087915147201,"Middle prior GPA"
1732,3.06440615995988,8.04814156657913,1.24975962564147,63.1214447992557,14.3061556958223,2.83338823732377,2.83338823732377,"Middle prior GPA"
1733,3.50240520772288,7.60931277396197,-1.38000136022369,90.2008233295056,5.62404337581856,3.70203968087734,3.70203968087734,"Higher prior GPA"
1734,2.92340689498454,7.26283166251712,-0.61134714628363,75.9718173270861,10.2665768540073,2.97043079216505,2.97043079216505,"Lower prior GPA"
1735,3.56166266060922,7.23707981420894,0.945495153651838,80.2456792063372,9.1876810118538,3.44808615965276,3.44808615965276,"Higher prior GPA"
1736,2.25812114401688,5.61584476449625,0.270730578309012,56.2413938560806,19.4629055617945,2.98401208697733,2.98401208697733,"Lower prior GPA"
1737,2.99959953975105,6.96935487522434,-1.5902075821449,83.1306472310613,11.1970490649143,3.14558757060583,3.14558757060583,"Middle prior GPA"
1738,3.3287993460184,7.47792641474243,-0.0364971626257601,78.5118921316723,10.8318019940108,4.08596167044269,4,"Higher prior GPA"
1739,3.85088073469954,8.1728669696621,-0.123778073686633,100,5.98682197731673,4.10732083087218,4,"Higher prior GPA"
1740,3.22322627167096,6.65114798973179,-1.31999027160254,73.4496370558221,10.0520508695995,2.88456575889658,2.88456575889658,"Middle prior GPA"
1741,3.29403070745123,7.97361623390644,-0.75299257823741,79.091193141628,9.19111891786072,3.40983557358288,3.40983557358288,"Middle prior GPA"
1742,2.31131134647417,5.82333203502239,1.12619556462848,71.7496509907138,16.691309529487,3.16792222207763,3.16792222207763,"Lower prior GPA"
1743,2.26580521398269,6.0645951736698,-0.872270173295854,66.1029449747,15.5052521307658,2.67975365300084,2.67975365300084,"Lower prior GPA"
1744,3.11917552375574,6.85312158466094,-1.52490316321148,68.1906470830783,9.35963685230485,2.94457431792346,2.94457431792346,"Middle prior GPA"
1745,3.23492275613072,7.54944421441988,-1.09129104722143,70.3577162515196,11.0294981848571,3.23239742355525,3.23239742355525,"Middle prior GPA"
1746,3.38302996162874,7.39056398260278,-1.63425598477932,85.6037823858874,6.74774998525853,3.39738682059738,3.39738682059738,"Higher prior GPA"
1747,3.25956370089053,5.53646732647985,-0.583981959390606,91.6659994741156,7.85967462168236,3.40454973354593,3.40454973354593,"Middle prior GPA"
1748,3.43074166940599,7.09112566381738,0.861860447350647,72.0636595579286,7.44740079018044,3.62523402355796,3.62523402355796,"Higher prior GPA"
1749,2.85331900210085,8.02533841630637,1.42739698275131,86.4111972417943,14.3898599736506,3.05757389083478,3.05757389083478,"Lower prior GPA"
1750,3.22218453041016,6.52714239794571,-0.0828099210618623,73.2552504139371,9.11716354695756,3.2207394521209,3.2207394521209,"Middle prior GPA"
1751,3.07218152124928,7.6638541180557,-0.363908717842971,74.1227736171566,10.4466688536854,3.66691832010129,3.66691832010129,"Middle prior GPA"
1752,2.52835461420952,7.3031324679954,0.0194612841317041,55.1600265633488,13.5259183380352,2.73128045608987,2.73128045608987,"Lower prior GPA"
1753,3.42447276167367,7.00861772671772,-0.78638473256359,81.2139183502382,8.62476979058014,3.46005758775655,3.46005758775655,"Higher prior GPA"
1754,3.07749269195603,7.76201053166335,0.200639795585568,76.081165101941,9.59688081646975,3.25356737632255,3.25356737632255,"Middle prior GPA"
1755,2.86477598580765,6.71168985439103,-0.952987262471169,70.2347584241113,13.7546141015971,3.15714680901293,3.15714680901293,"Lower prior GPA"
1756,3.20586595087005,6.73771231494801,1.60862808072107,80.8535161636152,10.1513079429996,3.73348913692095,3.73348913692095,"Middle prior GPA"
1757,2.64923036537291,6.60821608051403,-2.0644561436666,86.0494150098097,11.5580013987165,2.59570723840894,2.59570723840894,"Lower prior GPA"
1758,2.90473419274299,6.17738375251379,-0.257893172107743,71.0362855051751,12.3494166721752,3.87287152638113,3.87287152638113,"Lower prior GPA"
1759,3.51888083188612,5.37889439360697,0.63097822798926,82.177147348444,8.42349268509473,3.79727294990279,3.79727294990279,"Higher prior GPA"
1760,2.4716441252449,7.28247004145352,-0.432050083284388,78.9435172136838,15.7413891417286,3.24903974920303,3.24903974920303,"Lower prior GPA"
1761,3.17366691881311,7.12670430937855,-0.490701969960014,78.3644987526201,8.92607684025895,2.79877246357109,2.79877246357109,"Middle prior GPA"
1762,2.8569271084364,6.84205945670109,0.82490823815285,71.7010264832638,10.5671510616745,2.78139788985013,2.78139788985013,"Lower prior GPA"
1763,3.21287103649861,8.32084643847668,-0.663025166004056,85.3143032391221,8.68468158794387,3.74265873911204,3.74265873911204,"Middle prior GPA"
1764,3.04601319825872,5.27246052779526,-1.30409564808064,70.539794228,13.5003137707004,3.30646456873893,3.30646456873893,"Middle prior GPA"
1765,2.85488979887983,6.56700795870847,0.266444343026234,80.1438367341692,14.3418226987714,3.70061471181151,3.70061471181151,"Lower prior GPA"
1766,3.09625481204257,5.87952355188329,-1.17339092170962,57.6908641124225,12.1779100686437,3.1272030268081,3.1272030268081,"Middle prior GPA"
1767,3.05840006591314,6.1004997029727,-0.103496884345491,75.0282736173304,12.6406045866851,3.1632903972305,3.1632903972305,"Middle prior GPA"
1768,2.74238625897517,6.3151423269733,0.103617084137665,63.2066076446985,15.3988953318563,3.05455850997826,3.05455850997826,"Lower prior GPA"
1769,3.18805734340127,7.24776350580358,-0.375981772064284,76.8950974024789,11.1621330343329,3.70476863030697,3.70476863030697,"Middle prior GPA"
1770,3.56491509046934,7.4347444156637,0.589335469457571,79.3143743681536,7.85478946706042,3.80409305075245,3.80409305075245,"Higher prior GPA"
1771,2.69876750326824,8.16247899819189,0.167515707768436,74.9763339113628,16.9045545761509,3.84647679184941,3.84647679184941,"Lower prior GPA"
1772,2.85177603304554,6.61705605036068,-1.26090983543404,86.6180467311611,11.684363584269,3.29754990621526,3.29754990621526,"Lower prior GPA"
1773,3.71102474174264,8.3765660324688,-0.426336409996859,99.9278113651347,2.89689960334441,3.56480741534083,3.56480741534083,"Higher prior GPA"
1774,3.41544408701188,5.1047648059962,0.779840079628779,64.8664090568869,11.0739713791696,3.87429369705482,3.87429369705482,"Higher prior GPA"
1775,3.49445203227782,8.73308557707833,-0.425237709113991,73.6182083323027,11.8839229867792,3.44059298029968,3.44059298029968,"Higher prior GPA"
1776,3.30036817491538,7.61979194703397,0.02791616111872,60.8498789508281,10.5703804721353,3.04557387913353,3.04557387913353,"Middle prior GPA"
1777,3.29446273263964,6.72447248963764,0.614817681527542,71.497691980007,14.5864159177061,3.95430340199698,3.95430340199698,"Middle prior GPA"
1778,3.27441003531256,7.55747872335506,-0.199639290983221,82.2143102907837,9.22261880158613,3.29970560804193,3.29970560804193,"Middle prior GPA"
1779,3.20075102508489,6.71298989062641,0.187735451753795,71.9128413335458,11.4926883345327,3.57814683935768,3.57814683935768,"Middle prior GPA"
1780,3.25556726567934,6.48771248503406,-0.437748871337683,77.5085354801729,11.4549081904496,4.07158080514621,4,"Middle prior GPA"
1781,2.95191719196852,6.40998324346443,1.21913376060865,66.2889056059743,10.6553213049007,3.31347297471097,3.31347297471097,"Middle prior GPA"
1782,3.37236039582279,7.69109696490492,-1.26448734847402,86.5289934790375,8.64898384319988,3.42363405055076,3.42363405055076,"Higher prior GPA"
1783,3.0446960984595,7.50723278034404,0.394388660069702,84.4754868947879,13.1644302437473,3.83704132314673,3.83704132314673,"Middle prior GPA"
1784,2.84741370866205,6.64466556216973,0.62615887247555,57.5702164012378,13.031714951866,2.85020763808479,2.85020763808479,"Lower prior GPA"
1785,3.00220451159107,6.52864871161694,-0.0857588233064769,86.2593213521188,11.7942223796522,3.10652838362899,3.10652838362899,"Middle prior GPA"
1786,3.01161480646011,5.83397444617148,-0.0622458952035986,91.9036789103729,10.7416294199632,3.56768853604954,3.56768853604954,"Middle prior GPA"
1787,3.08315144358906,6.76296476509136,2.12904953643585,73.3668979880587,12.6026941996464,3.31171695927831,3.31171695927831,"Middle prior GPA"
1788,2.88526242244304,7.37347848337274,-0.499694962882842,73.9696388522874,11.3041955979425,3.07710411832289,3.07710411832289,"Lower prior GPA"
1789,3.22627462987962,7.36872957274441,0.632536630043723,72.0304158999609,11.2595507008285,3.64172507006694,3.64172507006694,"Middle prior GPA"
1790,3.25800257601252,6.23841478858997,0.155718074287538,74.3817968845692,8.32405227042672,3.51457512473831,3.51457512473831,"Middle prior GPA"
1791,3.23121730435869,6.44493142757998,-1.57776694714925,77.8732843762126,8.16221997810378,3.47153004506877,3.47153004506877,"Middle prior GPA"
1792,3.72894899800292,6.79203773337744,1.26854917174113,74.0166886994701,8.66083064411334,4.192739375068,4,"Higher prior GPA"
1793,3.52484689431988,5.91146878150985,-0.162839341561202,72.1623591435769,8.73031752919851,3.56355644870024,3.56355644870024,"Higher prior GPA"
1794,3.79404222209312,7.00322365468712,-1.48351555826583,83.0503037222024,2.85902562122547,3.72028472247256,3.72028472247256,"Higher prior GPA"
1795,3.26466108069819,6.61806624235042,-2.55566116009371,98.2260755300897,4.98217744732444,3.34923041092418,3.34923041092418,"Middle prior GPA"
1796,3.05547002161503,7.47760384195798,0.330484735979101,61.3443772637066,9.5007167523049,3.46706196415604,3.46706196415604,"Middle prior GPA"
1797,2.86434603061462,6.73515026732503,-2.52732188953624,67.3939340403439,11.0403351695884,2.97116788580214,2.97116788580214,"Lower prior GPA"
1798,3.08366307445376,8.27862426511109,-0.300913510577455,87.13341063037,11.7659405619423,3.47366002038586,3.47366002038586,"Middle prior GPA"
1799,2.66098022697457,6.93190295566512,0.340899708643441,73.4981849680088,16.8347623640937,3.02960562102044,3.02960562102044,"Lower prior GPA"
1800,2.78940001090935,6.91098555256274,-1.48458155381065,80.8025619204899,7.51904446261531,2.21234638994723,2.21234638994723,"Lower prior GPA"
1801,2.92848672408029,8.27171898062286,0.249452160038765,72.8696269258296,14.3140596712569,4.0678918754697,4,"Lower prior GPA"
1802,2.60842597150348,7.52660953247967,-0.299853732758538,63.1135718683238,15.717015857459,2.97558517103309,2.97558517103309,"Lower prior GPA"
1803,2.96773216560177,7.26279008587016,0.812675554954798,74.9810918603919,10.368350421507,2.96919763639737,2.96919763639737,"Middle prior GPA"
1804,3.08829099294575,7.15672331746075,-0.0208105695114051,66.4998814549633,11.5428562019704,3.6163522789386,3.6163522789386,"Middle prior GPA"
1805,2.87492592872014,7.69184456175177,0.307523081571995,66.235976919544,14.2851196551598,2.83612604150766,2.83612604150766,"Lower prior GPA"
1806,2.66769293506884,6.31930365161095,-0.406031724262302,72.1968981966658,10.1801176558897,3.02156655553847,3.02156655553847,"Lower prior GPA"
1807,3.14331092759295,6.74106272717269,-1.65516976701546,85.7169477565214,9.75980400790217,3.32545147851015,3.32545147851015,"Middle prior GPA"
1808,3.26644925208713,5.8309415122044,0.33525795403479,71.3484640242111,12.9351252076175,3.55580252740042,3.55580252740042,"Middle prior GPA"
1809,2.58594775576292,7.57536119753533,0.412440278393981,73.2261957241863,16.9658465808297,3.65501957617591,3.65501957617591,"Lower prior GPA"
1810,3.02107281285358,6.66512953408539,-0.0285907990839664,84.0864618349316,11.0290636250589,3.45210970019614,3.45210970019614,"Middle prior GPA"
1811,3.24850168221966,6.9600139480775,0.756932380097686,59.7228581226015,14.2726983917516,3.6823736258535,3.6823736258535,"Middle prior GPA"
1812,2.81357875813757,7.0068066067693,0.185824533553907,74.880379517909,15.7237310723796,3.45326436446135,3.45326436446135,"Lower prior GPA"
1813,3.03908688276135,4.5,-1.49783365388679,72.2978188347692,14.6155192091695,3.82798850839336,3.82798850839336,"Middle prior GPA"
1814,3.0023322514968,7.51630558168236,0.944240771218731,69.5895633183892,11.176640937432,3.21499616898863,3.21499616898863,"Middle prior GPA"
1815,3.48831520054614,7.77406091756755,0.867678878406749,61.6638451317048,11.3770860703219,3.50542462677128,3.50542462677128,"Higher prior GPA"
1816,3.01337108966907,7.5613382643868,1.8475232469056,79.6105471997978,17.1661446128155,4.29086082397287,4,"Middle prior GPA"
1817,2.54310278983785,6.44908346047859,0.7283569634962,77.709336593055,12.4121015078286,3.42857661803054,3.42857661803054,"Lower prior GPA"
1818,3.63851808008193,6.05293497189573,0.113703020308398,82.8760925832407,9.1324002882248,3.9205088063819,3.9205088063819,"Higher prior GPA"
1819,3.22440638382235,7.20979972305618,-0.36820278625834,73.1502167560526,10.4707329240897,3.45389237656178,3.45389237656178,"Middle prior GPA"
1820,3.6511571119939,7.80709972913725,-0.195427987168272,69.3023831970373,9.65925905868587,4.09531264136786,4,"Higher prior GPA"
1821,2.95993233686574,7.06742500728148,-2.00666719053224,80.646786855395,9.236814323623,2.53976570680553,2.53976570680553,"Middle prior GPA"
1822,3.78746777742274,8.00584423445618,-0.78353285171666,94.7807490386717,3.21164399963706,3.68555342164345,3.68555342164345,"Higher prior GPA"
1823,3.00282726677324,6.34934258776028,-1.53656985624926,70.7678667774859,12.7355898653808,3.35331447068242,3.35331447068242,"Middle prior GPA"
1824,3.62045847269165,6.70556688963178,1.2685693299362,77.642477735312,7.55721889589106,3.59887844548448,3.59887844548448,"Higher prior GPA"
1825,2.96969771710784,8.71545103351957,-1.45163760153092,74.9663222427173,12.9750473433717,3.37524290503518,3.37524290503518,"Middle prior GPA"
1826,3.18933017845408,7.56215238938084,1.02833666996443,74.0069662160261,10.7963491742982,3.95110555717262,3.95110555717262,"Middle prior GPA"
1827,2.12507271973948,7.26509004903078,0.478043714132659,71.1910958320766,17.4152151978071,2.64150844644578,2.64150844644578,"Lower prior GPA"
1828,3.05482227462467,7.35187156560154,1.68318847307558,71.336756952836,12.046707757838,3.24315451444187,3.24315451444187,"Middle prior GPA"
1829,3.3514997555562,8.12156209417842,-0.962277626235817,80.3777870992955,7.96036730688685,3.26483920280371,3.26483920280371,"Higher prior GPA"
1830,3.25121817403798,6.42979603739276,-1.15136536748357,76.9965576598152,8.71260369291008,3.15418720982053,3.15418720982053,"Middle prior GPA"
1831,2.54747464017502,7.34777422447216,0.14172644005593,73.0133665080944,13.3610892357039,3.2008496168943,3.2008496168943,"Lower prior GPA"
1832,2.67384256155179,6.22761477982451,-0.450312394561369,74.866843599626,12.0501779568842,3.22357329653944,3.22357329653944,"Lower prior GPA"
1833,3.63057941336121,6.45048623220148,0.736601127378911,75.6834743215728,11.8157722091506,4.08273102541462,4,"Higher prior GPA"
1834,3.26809389578633,6.83334628188625,1.93404889375625,71.8917675118171,11.5006572920219,3.48071856386625,3.48071856386625,"Middle prior GPA"
1835,2.67381890005881,6.7086516629967,-0.254483318855793,60.9312425123607,15.524807828395,3.52673414817666,3.52673414817666,"Lower prior GPA"
1836,3.32641461787818,6.35916218336089,-1.3474617837251,79.1381801776554,8.67045908504609,2.94611758967643,2.94611758967643,"Higher prior GPA"
1837,3.63180238931326,8.41755365121143,-0.07139188444958,73.5799118536094,11.7229148775618,3.41227318252032,3.41227318252032,"Higher prior GPA"
1838,3.49687148997919,7.00771460539935,-1.2648116266292,78.7776382461819,7.80971010662849,3.7258924209005,3.7258924209005,"Higher prior GPA"
1839,2.68761633986429,7.43431802805795,0.440001871703821,63.9555693522237,12.6387192065399,2.88690788723033,2.88690788723033,"Lower prior GPA"
1840,2.720779587305,7.76565073177913,-0.338394492432629,77.8607058444796,15.5008700203325,3.2595641407279,3.2595641407279,"Lower prior GPA"
1841,3.12401649439059,6.81750890641563,0.293046692344567,91.0243146932562,11.8824080774158,3.43966545705151,3.43966545705151,"Middle prior GPA"
1842,3.37024112930164,6.53222014150716,0.4073887160101,79.9792278227911,9.40870218469764,4.12941821384328,4,"Higher prior GPA"
1843,2.73550236853746,6.66652006693934,1.72423257666387,62.1223861268584,15.244879592762,2.9660780013141,2.9660780013141,"Lower prior GPA"
1844,2.38563606507362,6.76170938272085,-1.15475685314337,73.9416035622562,13.382884569679,2.69696695462528,2.69696695462528,"Lower prior GPA"
1845,2.45327262598426,8.20170147256868,-0.535450079810986,71.6375794935885,17.3804567719319,2.70768230272597,2.70768230272597,"Lower prior GPA"
1846,3.40453245378187,7.07814816431208,0.206247509247576,83.123562594328,9.72168805952641,3.7650944881329,3.7650944881329,"Higher prior GPA"
1847,3.24529022975745,7.49321245806621,-0.305108665895772,89.0970972297651,8.6139911503023,3.51732503429569,3.51732503429569,"Middle prior GPA"
1848,2.550232541913,8.6719067121402,-1.81338814735563,75.597417948359,14.3205187391052,3.25412564584243,3.25412564584243,"Lower prior GPA"
1849,3.0956445878223,8.45621037013211,-0.100141691377272,77.7976504505102,13.9418741174258,3.19482523878675,3.19482523878675,"Middle prior GPA"
1850,3.11386339198385,5.65038148015387,-1.3751371107355,89.9154905422602,11.9961738753303,3.68654605260667,3.68654605260667,"Middle prior GPA"
1851,3.17738100508137,8.50096252058798,-0.150990350228732,76.0401936102767,11.4830519372246,3.40717258110344,3.40717258110344,"Middle prior GPA"
1852,2.81428337515349,7.93630315875063,-0.561351293435254,75.3923123981631,13.6666865131177,3.13145936501265,3.13145936501265,"Lower prior GPA"
1853,3.53975365727863,6.52789863723079,0.0689197023990025,69.50771726783,10.1278888023722,4.08396776647313,4,"Higher prior GPA"
1854,3.3969491249382,6.61923656660062,-1.377716932162,89.247286448361,8.08118810058473,3.83547018073865,3.83547018073865,"Higher prior GPA"
1855,2.96756332447058,5.85836854166969,0.0707578513354721,67.2657331745425,17.2125536286348,3.5200397245995,3.5200397245995,"Middle prior GPA"
1856,3.3182833960125,7.26132756841402,-0.231439381778339,92.6204287775756,8.00700750010964,3.29985000682055,3.29985000682055,"Higher prior GPA"
1857,3.51755148977334,8.07609914560286,-1.11156403236847,72.794725098425,9.53064165486933,3.5452838860544,3.5452838860544,"Higher prior GPA"
1858,3.37925424391906,7.02533212694052,0.832130614809719,75.4313171740962,9.46413467745384,3.37734667753276,3.37734667753276,"Higher prior GPA"
1859,3.16697390312236,6.25712468758836,-0.609207086924989,81.3414595655918,10.2952695510324,3.37248430244718,3.37248430244718,"Middle prior GPA"
1860,2.94573922211268,7.57962778863362,0.341138400851653,70.4896880063667,11.5025127707407,3.10185755193081,3.10185755193081,"Lower prior GPA"
1861,2.73323464927288,6.26474556825318,-0.385174565955197,79.3000026954241,12.0762165462243,3.2477202920814,3.2477202920814,"Lower prior GPA"
1862,3.29849785539642,6.86725220354071,1.10810282858921,72.5576028974615,9.28044720852682,3.1212107707841,3.1212107707841,"Middle prior GPA"
1863,3.47802150211101,7.67786930548808,0.542677190638385,68.6947987420467,15.8456072734461,3.76798462261936,3.76798462261936,"Higher prior GPA"
1864,2.78545787675951,6.00859739760269,-0.372346144557855,76.7753029263187,12.4499960491111,3.771450953514,3.771450953514,"Lower prior GPA"
1865,2.46092887054057,7.87861222135029,0.518835708540064,66.9159751331129,19.034702221852,3.42645330869477,3.42645330869477,"Lower prior GPA"
1866,2.59249257319294,8.20295476906131,1.11329752553518,73.0303935312108,16.2749497607831,3.53516519348528,3.53516519348528,"Lower prior GPA"
1867,2.88413552108607,7.77930090285799,1.01013521636831,58.3711808534323,17.0462793942671,3.19234938193676,3.19234938193676,"Lower prior GPA"
1868,2.98507530310752,6.34695424821934,1.21171251633639,62.8941859574515,12.426377689834,3.13749845468319,3.13749845468319,"Middle prior GPA"
1869,3.01474542205924,7.74890740997082,0.073140224482842,83.7874033055291,8.65924432212384,3.02645813540926,3.02645813540926,"Middle prior GPA"
1870,2.55606957589767,7.23114476103569,0.471502882177114,60.3066480069244,12.60027498827,2.70438801407441,2.70438801407441,"Lower prior GPA"
1871,2.82667386306972,6.17735476049427,0.99188093345006,82.553353732336,13.4446910429756,3.3084999124682,3.3084999124682,"Lower prior GPA"
1872,2.99494266080564,7.05699713322848,0.202853421522336,80.3833894531543,10.9334202970261,3.1526124845055,3.1526124845055,"Middle prior GPA"
1873,3.0017982575502,7.02074518375732,0.901066351666213,67.8699420836463,12.7219035586163,3.4298234525605,3.4298234525605,"Middle prior GPA"
1874,3.00192036663357,6.75680936988158,0.340566629421545,93.2137566053739,8.37926641272408,3.13461164226011,3.13461164226011,"Middle prior GPA"
1875,3.46154999875503,7.17637871987396,-1.42447644155854,81.7316039508053,8.07861732951312,3.93973881164968,3.93973881164968,"Higher prior GPA"
1876,3.56582981311322,7.46364708814218,-1.90705159461256,78.4869258754212,6.3674064216692,3.52397353097516,3.52397353097516,"Higher prior GPA"
1877,3.26655207252236,6.83875940583328,1.51684821748523,80.3502106643827,10.2919388608422,3.41906265803398,3.41906265803398,"Middle prior GPA"
1878,2.72261726890735,6.25482400664322,1.52412509799575,58.6981970861687,14.6550585709354,2.81385550413719,2.81385550413719,"Lower prior GPA"
1879,3.5960936490396,5.5100896735233,0.545168907164975,80.5759473377348,11.6226348415237,3.76946255658032,3.76946255658032,"Higher prior GPA"
1880,3.30350723095134,7.06941941920551,1.87834938854639,64.9909791698668,12.5546218900158,3.02335577030017,3.02335577030017,"Higher prior GPA"
1881,2.97836552570141,8.37522656662639,0.395920029154086,73.2084046567862,13.0785332614991,3.93815120204634,3.93815120204634,"Middle prior GPA"
1882,2.95788650806895,6.19696590813568,0.408200753076166,73.1214409325185,12.4082766967906,3.1100955324521,3.1100955324521,"Middle prior GPA"
1883,2.97013745570786,7.98123446590023,0.673835462328037,66.6004082809343,12.6636578046668,3.52388183458375,3.52388183458375,"Middle prior GPA"
1884,3.18319259214353,6.89472362799166,0.388558451123067,77.1809336927403,8.09621381592622,3.06905300591712,3.06905300591712,"Middle prior GPA"
1885,3.36801153502662,6.2148130256381,0.505916188771642,86.1259215812625,10.1284197494226,3.75871112813445,3.75871112813445,"Higher prior GPA"
1886,3.04552879109651,6.44466761757155,1.19921368298819,80.1834819916904,9.92010346772222,3.0193434201221,3.0193434201221,"Middle prior GPA"
1887,3.21943545532518,7.25473232294846,-0.532602099562769,79.3795092316935,8.98762957068643,3.270678797479,3.270678797479,"Middle prior GPA"
1888,2.90656670653343,8.67723369698162,0.586002700705384,66.5555088834267,14.1538731116458,3.34615575396091,3.34615575396091,"Lower prior GPA"
1889,3.37439803612568,7.83387709076567,0.0861923555931983,80.4540002542572,9.17836495365508,4.07526437207569,4,"Higher prior GPA"
1890,3.08142022570306,7.5066289790069,2.11496328054585,67.4613854079223,12.6093744256041,3.5021886771118,3.5021886771118,"Middle prior GPA"
1891,2.7843017871394,8.46421271521995,-1.26005288603538,73.4204177433258,12.528234882123,3.49965262844178,3.49965262844178,"Lower prior GPA"
1892,2.93076383462019,8.18604803579969,1.05160407139607,75.1554831165389,14.9457409924001,3.22007676942311,3.22007676942311,"Lower prior GPA"
1893,3.1344809174625,7.31199836750924,0.951528714943513,80.1583016161505,11.7999077747859,3.8215940309275,3.8215940309275,"Middle prior GPA"
1894,2.87220018453451,6.87068276564081,-0.854616604891094,73.5832875308811,6.7863168438723,3.14206388962537,3.14206388962537,"Lower prior GPA"
1895,3.35001180678101,7.39349650840638,0.530721745818051,73.6336616703193,8.25043859446087,3.44480550245584,3.44480550245584,"Higher prior GPA"
1896,3.17814730938112,7.1181118626171,-1.32297484991426,76.7532617244931,9.89885738159247,3.80758843748801,3.80758843748801,"Middle prior GPA"
1897,2.45347979584657,7.91838920421745,-0.712006649177508,79.9363505261709,16.1546887532425,2.96068750879831,2.96068750879831,"Lower prior GPA"
1898,3.47694181118946,7.28542483246838,-0.710858071023259,70.6906193626269,7.26786910108001,2.99634316598871,2.99634316598871,"Higher prior GPA"
1899,3.01085496609019,5.86936052115827,-0.329376766554021,64.2006111470312,11.6701973606444,3.2943867726686,3.2943867726686,"Middle prior GPA"
1900,2.63039128101069,6.39439546353067,0.0577553151128145,60.6983141731796,15.8522587010849,3.27856602974256,3.27856602974256,"Lower prior GPA"
1901,3.26961729625206,6.75144885961858,-0.2645228701899,68.1471752634725,9.48610756968173,3.40561959333933,3.40561959333933,"Middle prior GPA"
1902,3.44331340655362,7.13018024102843,0.446768610851752,78.3677729608162,9.46926279202245,3.53743282498346,3.53743282498346,"Higher prior GPA"
1903,3.35812452754432,6.45236069471281,2.01795255767079,65.8341949475248,11.9507850218276,3.61512502206056,3.61512502206056,"Higher prior GPA"
1904,3.70703194093947,7.15261717649057,-0.0979220075197824,86.401501546481,5.78893670274594,3.47587675007322,3.47587675007322,"Higher prior GPA"
1905,2.70135858317754,6.49715942505678,-0.277368870404984,66.6715822728326,12.6246994141624,2.85227415482537,2.85227415482537,"Lower prior GPA"
1906,3.33939506211176,6.5855890421893,-0.581923548535375,81.0546854209743,9.03693290496332,3.6643242437849,3.6643242437849,"Higher prior GPA"
1907,3.19290631862361,7.60725421313416,0.0708826407210787,75.6613491560117,11.1025553757103,3.77373479204738,3.77373479204738,"Middle prior GPA"
1908,2.4639956759873,8.02767487343428,-1.05380765724157,74.6836457216084,15.5336530157206,3.16691975567542,3.16691975567542,"Lower prior GPA"
1909,2.65327823029119,6.6393179939376,-0.185310452190809,66.269574501998,13.1479190781245,3.68824387420126,3.68824387420126,"Lower prior GPA"
1910,3.37816793844494,8.11340832008753,1.40400657598615,81.4796126865789,12.3031483676087,3.43126744853039,3.43126744853039,"Higher prior GPA"
1911,2.73883533510301,4.80782035977842,-1.34712360229238,81.5535625780486,16.7569679219783,3.26117288958123,3.26117288958123,"Lower prior GPA"
1912,2.92394491326516,8.51296492289316,-4.10600019723032,78.1398537022462,8.22222559609116,1.88582512285531,1.88582512285531,"Lower prior GPA"
1913,3.86605276667873,6.98144417151686,-1.42714565371336,79.6316333539224,1.83540826597603,2.74133684955191,2.74133684955191,"Higher prior GPA"
1914,3.84760323482351,6.66613139831114,0.330056389522296,73.4932402661457,5.43215787734643,3.6681700573368,3.6681700573368,"Higher prior GPA"
1915,2.58849275065053,7.36025967170377,-1.54020769916596,69.505947820574,15.5642953614329,2.94069381385424,2.94069381385424,"Lower prior GPA"
1916,3.14284763068195,7.19814132947294,1.23122491792597,76.1466923628411,11.2225575631881,3.57160002887107,3.57160002887107,"Middle prior GPA"
1917,3.17388167909048,7.12679911249918,0.741524326299089,73.4755563696945,10.2707084958693,3.49240752109124,3.49240752109124,"Middle prior GPA"
1918,2.51546554908373,6.75599153191487,0.657109728223341,67.9892041554043,14.3209272108756,2.67414713223541,2.67414713223541,"Lower prior GPA"
1919,3.52533787554495,6.1694307813117,0.705250147065206,70.6566743558177,9.21622171239785,3.61712830453596,3.61712830453596,"Higher prior GPA"
1920,3.11566675206687,6.8306041778111,-1.11318877315154,74.2578087297435,9.80868446350992,2.89444531829814,2.89444531829814,"Middle prior GPA"
1921,3.26514249991583,7.23251435158214,-0.364196800588179,77.469809108233,10.0826912586857,3.59289754291109,3.59289754291109,"Middle prior GPA"
1922,3.05041512155907,6.52191380134632,0.88445358296492,73.1556088028046,14.2882461104618,3.78819703400383,3.78819703400383,"Middle prior GPA"
1923,3.00953471500057,6.39031361497936,-0.330538986050244,67.0218970515213,10.3183839163547,3.29479122597729,3.29479122597729,"Middle prior GPA"
1924,3.71010301265018,8.018528085899,0.587673794519557,71.1211367821736,9.5951636484909,3.82047983506523,3.82047983506523,"Higher prior GPA"
1925,2.91236637623942,7.16185216195451,0.105560116691681,78.0437852380065,11.0814044353082,3.10498498235424,3.10498498235424,"Lower prior GPA"
1926,3.29113063921849,7.56173957714157,-1.45130381252186,74.3894785562376,10.8688254703377,3.86239185308258,3.86239185308258,"Middle prior GPA"
1927,3.23302566344519,7.88360731205226,0.696316506201083,66.1952240428963,12.346062799785,3.63302922993745,3.63302922993745,"Middle prior GPA"
1928,2.84000825114281,8.41626238742835,1.21768733376518,82.4188753239106,16.1433260652025,3.28214186298456,3.28214186298456,"Lower prior GPA"
1929,2.97262031910555,7.33363215512067,-0.769741803608153,76.1837136981451,10.2871807231662,3.36394525590065,3.36394525590065,"Middle prior GPA"
1930,3.61781936431163,7.35064948294994,-0.615481873869776,71.281806130099,8.86335311952066,3.63566655423505,3.63566655423505,"Higher prior GPA"
1931,3.23345899173946,7.7779149957151,0.0355620503294333,77.8715695600123,11.3344596703086,3.76490560649145,3.76490560649145,"Middle prior GPA"
1932,3.23141504541502,6.75211807337651,0.530362092159736,86.6919037598089,11.2014315914883,3.52732638245983,3.52732638245983,"Middle prior GPA"
1933,3.71471343269734,7.2307723761713,-0.0331667939903302,74.6640645393378,6.7307468067287,3.59572835378373,3.59572835378373,"Higher prior GPA"
1934,2.67192494204162,6.72178834755107,0.626071945935474,77.6570537399538,12.0949939356846,3.02879662300899,3.02879662300899,"Lower prior GPA"
1935,3.47676578452349,6.0681433038346,-1.08198838210798,88.3071665390334,6.67214449341196,3.31655519131123,3.31655519131123,"Higher prior GPA"
1936,2.86658542279228,7.94775239965278,0.423206115919897,74.5041480526474,12.9860584828608,3.3354659434321,3.3354659434321,"Lower prior GPA"
1937,3.36127496261933,5.98016842453218,1.6869619284211,66.2520033721995,11.1479193083572,3.24379599387381,3.24379599387381,"Higher prior GPA"
1938,3.60301670057358,6.31473008488544,1.50363238535623,86.3372154802377,6.22481053210128,3.36461678635803,3.36461678635803,"Higher prior GPA"
1939,2.55056117124534,6.73843818784256,0.161572780589655,76.4459800922286,15.3540101367288,2.9573300245835,2.9573300245835,"Lower prior GPA"
1940,2.6473439562375,6.6816528595201,-0.985427103334843,78.2288285189282,14.1247806850083,3.42227499111499,3.42227499111499,"Lower prior GPA"
1941,2.91151501981126,5.56193482427114,0.00495441748088863,66.8279833426448,11.3815351827953,3.3140765354744,3.3140765354744,"Lower prior GPA"
1942,3.54858691216627,6.61202314434376,-2.35218487430913,81.0352134292215,5.82342893668446,3.2633330681734,3.2633330681734,"Higher prior GPA"
1943,2.59767305399794,7.39106571665433,-0.173961385073223,72.8009412776276,13.9486123812569,3.2393332603624,3.2393332603624,"Lower prior GPA"
1944,2.64721187785875,6.01198657080757,0.298085837872055,62.7854572596938,18.0954943141973,3.3337085930752,3.3337085930752,"Lower prior GPA"
1945,2.91157006257979,5.14114353433758,2.29435830418612,61.1926065517032,16.3423065828969,2.92870789742327,2.92870789742327,"Lower prior GPA"
1946,3.7731744946684,7.23316058382014,-0.82708762083744,72.9227731607406,8.09273064026425,3.53518457861081,3.53518457861081,"Higher prior GPA"
1947,3.06233924537347,8.48546324496509,-0.15869011712631,68.2290744945381,15.8635099610024,3.81431662909749,3.81431662909749,"Middle prior GPA"
1948,3.5316214276746,6.18670968447537,0.20682039913282,86.1715896982731,8.27907604638087,3.71915929804134,3.71915929804134,"Higher prior GPA"
1949,2.52050854333741,7.23776865246552,1.11951415885985,67.154554634153,15.9494929388309,2.99891152807572,2.99891152807572,"Lower prior GPA"
1950,3.21141136037441,7.34351662584392,0.200237559173085,83.2964827613043,12.2416768537246,3.90627208416943,3.90627208416943,"Middle prior GPA"
1951,3.44768202530702,7.88458981881174,2.2136905835696,83.2672102817363,10.2163492062801,3.61354161903704,3.61354161903704,"Higher prior GPA"
1952,3.22765646395965,7.16993349242991,0.65354568233716,73.1980587703486,12.7551267851269,3.61210947526794,3.61210947526794,"Middle prior GPA"
1953,2.96352221542367,8.39212018167755,0.141414242738627,69.8660860654991,13.1142407906174,3.43575019149667,3.43575019149667,"Middle prior GPA"
1954,3.07800633417796,7.07439940007437,-1.01992544851786,76.6358133009583,10.338349235218,3.34739987623202,3.34739987623202,"Middle prior GPA"
1955,2.9881754040233,7.21245349087999,-0.414232462874019,68.5362802638552,13.6177026088632,3.72750785859603,3.72750785859603,"Middle prior GPA"
1956,3.01382554561602,5.60676765881271,0.401862604817207,66.8485695034085,12.5946053741049,3.10225202290816,3.10225202290816,"Middle prior GPA"
1957,2.96056522568629,6.09207232133072,-1.38536587488862,67.422332394232,10.5240180511465,3.07374071346822,3.07374071346822,"Middle prior GPA"
1958,3.20284760550513,7.69148716074498,0.144873170549566,72.0833739542767,10.1230406456417,3.43344761224971,3.43344761224971,"Middle prior GPA"
1959,3.78954456380742,6.73263212134808,0.280564644917898,89.4695114702348,2.80236731612549,3.38872934864915,3.38872934864915,"Higher prior GPA"
1960,3.14125037489789,8.27493779332466,0.133598552368475,65.9901666142955,10.564505964276,3.55568006121831,3.55568006121831,"Middle prior GPA"
1961,3.25273045325285,7.78685486746919,0.787082257000007,75.8064622304691,12.2381619361083,3.70100360393594,3.70100360393594,"Middle prior GPA"
1962,2.57687844726326,7.14903865827862,0.107035714840356,67.9832068132496,12.9672907590252,2.86873788126144,2.86873788126144,"Lower prior GPA"
1963,2.46351917178968,7.11812535234734,-1.24673887057092,59.568394732795,14.1266355588821,2.92942645906553,2.92942645906553,"Lower prior GPA"
1964,2.24631313107215,7.26727410880064,-0.708772053401219,67.6799924015937,14.5298058224909,3.00304598647556,3.00304598647556,"Lower prior GPA"
1965,3.03427534277229,6.40823930966703,-0.637931488280202,72.9740510294832,11.5448945301193,3.05760127556984,3.05760127556984,"Middle prior GPA"
1966,2.91851706701519,7.7095599341034,-1.22563097967086,72.0532917769527,13.0360835179167,2.85534903302555,2.85534903302555,"Lower prior GPA"
1967,3.08944616120703,7.73131471174219,-0.52861250700381,73.9855392483439,12.0763316709961,3.11754551291283,3.11754551291283,"Middle prior GPA"
1968,3.24430600935459,7.43936765614859,0.231530512022437,76.6095951540437,6.90641350036869,3.02520560282622,3.02520560282622,"Middle prior GPA"
1969,3.40635698616848,6.50461330981022,0.3546860199284,74.9627096706688,7.87206278742688,3.51145474284606,3.51145474284606,"Higher prior GPA"
1970,3.05721426832087,7.20816479694109,0.199147208240011,68.5520647167364,11.1914167842836,3.2284942492985,3.2284942492985,"Middle prior GPA"
1971,3.1799221302755,8.24186824038169,-5.92447050335788e-05,68.5320293733623,10.1107898581053,3.32149849515534,3.32149849515534,"Middle prior GPA"
1972,3.55706657854211,6.60898656090819,0.603597008113597,82.8618179353083,6.10814207961277,3.2606008119912,3.2606008119912,"Higher prior GPA"
1973,2.91198220851518,7.29739746828988,-0.672526934982483,63.3189929534639,14.1767193150868,3.51573183331709,3.51573183331709,"Lower prior GPA"
1974,3.18200310619808,8.15829040888085,0.822624429602822,72.7175633495387,9.99774109541922,3.02255591623497,3.02255591623497,"Middle prior GPA"
1975,3.0584649498692,7.92063052891667,-0.864410864118411,81.199034069513,13.2445363556418,3.53652091662525,3.53652091662525,"Middle prior GPA"
1976,3.65056716596936,7.15978565108376,0.209161163805705,72.0266353054379,8.91855830954248,3.83809956762621,3.83809956762621,"Higher prior GPA"
1977,3.13731794812589,8.48353161899464,-0.167885285626141,65.3457828681575,11.317790819395,3.37358019945862,3.37358019945862,"Middle prior GPA"
1978,3.436665115398,7.25903655403939,-1.59809773452074,87.3521943080272,8.93657728471111,3.73467222680671,3.73467222680671,"Higher prior GPA"
1979,3.1793625307727,6.14381540898309,-0.579865674736651,80.12518294462,8.94521762684505,3.18152839045777,3.18152839045777,"Middle prior GPA"
1980,2.94586740124197,7.55868970954949,1.29264207457618,66.3754458252142,12.2650956772815,3.73288060288996,3.73288060288996,"Lower prior GPA"
1981,3.73543732080982,7.06433466880592,-1.0074996189591,88.1424082643244,5.67925632945853,3.54673269720666,3.54673269720666,"Higher prior GPA"
1982,3.61438728748957,7.30080682844547,0.509393275282307,76.7772308556391,6.1251509758229,3.89042156958163,3.89042156958163,"Higher prior GPA"
1983,2.80463193188453,6.05074558813871,0.588215897827312,62.4410220475612,15.4150057905043,3.6180506010237,3.6180506010237,"Lower prior GPA"
1984,3.14848566475762,7.50854179433497,-0.583323853291321,58.5770559203862,8.98022563588313,3.2089966602562,3.2089966602562,"Middle prior GPA"
1985,3.45554477598662,7.01020018409747,0.702745829061207,79.5692683194248,8.43721228600904,3.38828779955082,3.38828779955082,"Higher prior GPA"
1986,3.16841654627792,5.39485196903317,1.93021837005142,63.1141138420299,15.0654422016641,3.33770615825529,3.33770615825529,"Middle prior GPA"
1987,3.34802618675569,7.28438773973518,0.559653114064725,83.6443999653817,11.2529905724405,3.82741469881889,3.82741469881889,"Higher prior GPA"
1988,2.59425321764906,7.01219619289441,1.04502509489924,57.4546807717662,14.0943156652736,2.89789559827498,2.89789559827498,"Lower prior GPA"
1989,3.20350533509989,5.92708319989287,-0.611945450208479,74.5973708626445,11.8510320232883,3.2189114126789,3.2189114126789,"Middle prior GPA"
1990,3.55750149718669,6.62294308578676,0.779361147598726,71.3146531655306,7.25469577890611,3.41376521308134,3.41376521308134,"Higher prior GPA"
1991,3.5849261240621,7.75983893735868,-0.0267221348516475,70.452252559096,9.18900636610833,3.63667312717823,3.63667312717823,"Higher prior GPA"
1992,3.0904580585445,5.67195474909383,-0.644673274068999,78.8468653725349,9.63857186464273,3.12332439114042,3.12332439114042,"Middle prior GPA"
1993,3.56377092149693,7.20703754902307,-0.610691688516772,83.9512764956728,5.88412057920215,3.67884184460186,3.67884184460186,"Higher prior GPA"
1994,3.53341715709095,7.77778814504625,-0.821761841353375,97.4889291637258,5.06572757256265,3.68462113957089,3.68462113957089,"Higher prior GPA"
1995,3.5220045755053,6.03980545708331,-0.328838081366421,71.8482269753339,9.08335588733062,3.79358101128242,3.79358101128242,"Higher prior GPA"
1996,2.6697891981224,7.21676942539097,0.742152365757353,64.8299711016812,16.6127545089709,3.06266181417461,3.06266181417461,"Lower prior GPA"
1997,2.40639919162516,7.98126068479774,-0.367168091989119,67.4931254372145,13.8548511555893,2.94287941352663,2.94287941352663,"Lower prior GPA"
1998,3.20065587077878,6.84122372555465,1.09562905589999,83.8657103716539,12.5712590240932,3.5950289630818,3.5950289630818,"Middle prior GPA"
1999,3.22192669804909,7.7296278986096,1.42223450072542,78.9335458630541,11.7524389362678,3.56904599993445,3.56904599993445,"Middle prior GPA"
2000,3.05842787476948,6.94403969162277,-0.115392126444589,65.960228379035,12.0674973570783,3.64292190499745,3.64292190499745,"Middle prior GPA"
2001,3.10421471621885,8.58820600540237,-0.287987766105475,70.6505233354254,12.0428411616543,3.68140286191389,3.68140286191389,"Middle prior GPA"
2002,3.00655299371925,8.05203004135176,0.15000373149551,75.8193397394697,10.3098763364139,3.57570949589151,3.57570949589151,"Middle prior GPA"
2003,2.89821205175206,7.54418410074366,1.58377766960939,66.5995654203078,13.7503681826973,3.20650325924644,3.20650325924644,"Lower prior GPA"
2004,2.72442640504072,6.32400000043178,0.01652509152639,61.4545120736683,17.0190353237451,3.09266003386276,3.09266003386276,"Lower prior GPA"
2005,2.62367768228972,6.7895894203432,0.449279294699444,77.9949512561226,13.6291880389044,3.40627754818975,3.40627754818975,"Lower prior GPA"
2006,3.54187771453869,6.53469424705634,0.787234567930964,76.9124702750746,8.7069128815189,3.80920829234847,3.80920829234847,"Higher prior GPA"
2007,3.7014996310865,6.85789990599315,1.33402347543901,81.9312287977374,7.78420231500452,3.60664063534769,3.60664063534769,"Higher prior GPA"
2008,3.18198281755356,6.74747385879945,0.0900144477404816,72.1608415984664,10.4312308264899,3.67827276199918,3.67827276199918,"Middle prior GPA"
2009,2.47913883640493,7.54912073184175,0.330825500641968,64.0708369033425,14.4558443673613,2.83270919809685,2.83270919809685,"Lower prior GPA"
2010,3.01342217410691,5.76708335682003,1.00308689450234,71.8068033674178,14.2113948863671,3.50568374376971,3.50568374376971,"Middle prior GPA"
2011,3.01115760038704,7.12072691546857,0.87863369410203,82.6938436728422,10.4110645030911,3.14558467500492,3.14558467500492,"Middle prior GPA"
2012,3.28871962453849,6.49285363110172,0.871092861280621,63.9294648581397,11.0841884306957,3.30656775134435,3.30656775134435,"Middle prior GPA"
2013,3.13972824278187,5.51708684657643,-0.540424109268937,63.2770758874376,11.4534126498489,3.23613798927498,3.23613798927498,"Middle prior GPA"
2014,3.52633113983105,6.76723644696267,-2.24729732704306,81.218623539191,7.30226909925023,3.0572683819923,3.0572683819923,"Higher prior GPA"
2015,3.16589201216937,7.45525441303209,1.20864095683706,68.710758305273,14.865789549211,3.63219431780325,3.63219431780325,"Middle prior GPA"
2016,3.30021287392442,6.5330231140926,-0.755359799019507,86.0715531478735,9.07872797226545,3.18913395870061,3.18913395870061,"Middle prior GPA"
2017,2.96470878528632,8.26731158830912,0.313123918688702,76.0048596107149,9.24709646939792,3.1738077753156,3.1738077753156,"Middle prior GPA"
2018,3.23875981163533,7.07788203127533,0.388675683895714,77.016013558035,7.79698283464468,3.66740482103621,3.66740482103621,"Middle prior GPA"
2019,2.89627622202288,6.98212545443885,0.827674028434032,75.5572075654069,13.4097115634523,3.21214372423712,3.21214372423712,"Lower prior GPA"
2020,2.54139357810916,7.50155508608575,-2.0371242739554,68.3064407285327,12.2275400426784,2.29740066669223,2.29740066669223,"Lower prior GPA"
2021,2.79535806004591,6.58599925967557,0.206566139424005,71.9135870664592,13.7160484468976,3.40377662395957,3.40377662395957,"Lower prior GPA"
2022,2.70137646169297,6.98059173642977,-1.72907722091588,70.5287743930663,13.4417692997236,2.50126427144047,2.50126427144047,"Lower prior GPA"
2023,2.74838867061976,8.94592060098924,-0.465951408034531,73.3480405270559,14.4739791489262,3.76963874199006,3.76963874199006,"Lower prior GPA"
2024,3.1114370060905,7.06379722693537,-0.80045530188103,75.6722957124173,9.10274128787266,3.4113124889874,3.4113124889874,"Middle prior GPA"
2025,2.9743767670325,7.70836511612081,-0.482877891502346,78.23738745022,10.8607367614024,3.56643721893907,3.56643721893907,"Middle prior GPA"
2026,3.58038464368674,6.30415529165954,-0.527582359520404,86.922098401429,7.59670150719185,3.8716602683441,3.8716602683441,"Higher prior GPA"
2027,3.24221715843975,7.44089153498605,-0.682319319664856,77.1020759949455,8.56545796291233,3.51814616059437,3.51814616059437,"Middle prior GPA"
2028,3.470288181473,7.26923377340158,0.000713249370143082,66.4627626813595,9.29082660196547,3.36794806099847,3.36794806099847,"Higher prior GPA"
2029,3.15094566839877,7.46342783624557,-0.492048235737781,85.2342293667948,7.72124621514791,3.04672451728335,3.04672451728335,"Middle prior GPA"
2030,2.32141685094012,7.66067239286889,-1.70715858537358,70.0833548745104,13.4158092582496,2.49446649296442,2.49446649296442,"Lower prior GPA"
2031,3.39350952216965,7.0274392020164,-0.228943245001551,80.322782554931,7.61603291347681,3.63566077576044,3.63566077576044,"Higher prior GPA"
2032,3.44052133235902,6.83860519281977,-1.01513861024252,72.3911835985641,9.96963449954274,3.42487815292552,3.42487815292552,"Higher prior GPA"
2033,2.77494806931316,6.95115665309847,1.24501303600876,65.8443515808291,12.9180144335051,3.27571520570422,3.27571520570422,"Lower prior GPA"
2034,3.0657678239471,6.76837229573493,-2.33281418723111,71.7764249565203,10.8868933518887,3.11570191778218,3.11570191778218,"Middle prior GPA"
2035,2.40839116367768,5.88100706236757,0.0418462873301583,65.4132638349889,14.6411080977334,3.22384760527118,3.22384760527118,"Lower prior GPA"
2036,3.40456755035308,7.06076805640762,-0.540062663734508,76.7378120152006,7.8479197221601,3.8746173331358,3.8746173331358,"Higher prior GPA"
2037,2.95130815735221,6.95820458446463,-0.175469852179616,65.7193512104513,11.1736577659637,3.03015377601981,3.03015377601981,"Middle prior GPA"
2038,3.28750584591942,6.5801456468181,-1.39529334622017,65.9350939021659,11.9472488047725,3.56217616793586,3.56217616793586,"Middle prior GPA"
2039,3.10073607606902,8.16330128889494,0.649822104397966,76.7927388171864,9.77336101905814,2.92746591800492,2.92746591800492,"Middle prior GPA"
2040,3.87809055428507,7.05147558219299,-2.99788515637205,84.7486736397775,3.03847875517322,2.87405175636954,2.87405175636954,"Higher prior GPA"
2041,2.84627133297779,7.79971552610915,-0.982741918947229,69.7980465536735,14.062196173262,3.40083859402539,3.40083859402539,"Lower prior GPA"
2042,2.87599002081279,7.00585435542722,1.18785441324061,72.7406894397845,14.1186728611141,3.339494130429,3.339494130429,"Lower prior GPA"
2043,2.53924832996972,7.59959302653085,0.121459985849913,75.9093483651096,14.6833747748915,2.95680991629645,2.95680991629645,"Lower prior GPA"
2044,3.19123440683275,6.51880376337171,0.623498172297049,72.954561410192,9.92745457249579,3.59607673303069,3.59607673303069,"Middle prior GPA"
2045,3.57426947231479,6.03851148387624,1.04069515646466,77.1247487374704,10.5996253809348,3.81207221877481,3.81207221877481,"Higher prior GPA"
2046,3.42049597741871,6.64095325507753,0.805978505008406,76.4343437613174,13.6296194549651,3.70626006562554,3.70626006562554,"Higher prior GPA"
2047,3.38412114273323,7.42000812086084,0.333538013864415,80.2479988103265,8.68420573602103,3.5164059236499,3.5164059236499,"Higher prior GPA"
2048,3.17188749669599,6.64476116106667,-0.293500587045308,70.3379452600924,12.0715050187756,3.44222282277284,3.44222282277284,"Middle prior GPA"
2049,3.61147237129731,7.17266370372849,0.701861863669176,73.4256125757401,9.54998444930875,4.03820598625996,4,"Higher prior GPA"
2050,3.48483100018509,8.98841504407399,0.408075455259518,67.2447337691466,10.6006667351883,3.79463948747938,3.79463948747938,"Higher prior GPA"
2051,3.41720449022718,8.24805019498233,-1.85952511988821,77.265554222907,6.54185839540636,3.41973976309425,3.41973976309425,"Higher prior GPA"
2052,2.71880028028026,6.43248666537719,-1.34119031695096,73.8883469818286,13.7414395902697,3.18934844385603,3.18934844385603,"Lower prior GPA"
2053,2.42882269953486,5.35895915475448,-0.235249444093609,69.5647593080579,16.3405043661183,3.16504137527206,3.16504137527206,"Lower prior GPA"
2054,3.40701873629865,7.31087922109227,2.08403500143302,74.6779323883986,11.7858538993766,3.72594965031179,3.72594965031179,"Higher prior GPA"
2055,2.41742896004602,6.52894845206473,-2.08692201719895,77.6376381356326,13.9721711414182,2.61052576907808,2.61052576907808,"Lower prior GPA"
2056,3.21855342059136,7.11925772347978,-0.00894895000755042,63.9473466796271,10.3106340354348,3.18711284313016,3.18711284313016,"Middle prior GPA"
2057,2.92777229979663,6.57216106581176,-1.42184113851318,78.3728324004232,12.3274638880737,3.08510923008588,3.08510923008588,"Lower prior GPA"
2058,3.262777283285,7.02546222404632,-2.02490294023191,67.439685049476,7.93516370683753,3.06177139927439,3.06177139927439,"Middle prior GPA"
2059,2.40688814777796,6.71149272532644,0.0803145025579346,70.4443506289054,17.2878689710992,2.65937795157878,2.65937795157878,"Lower prior GPA"
2060,3.80111959405852,7.69493653400652,1.20071447436007,76.107857706615,8.84253008893795,4.01998744019988,4,"Higher prior GPA"
2061,3.09183002248677,7.34711756342488,0.928084367299473,64.2546394768425,9.91301771168027,3.07154691036059,3.07154691036059,"Middle prior GPA"
2062,3.72343660382966,6.65178069850162,-0.322209565101309,88.1754710586663,4.35762422128649,3.33938550759593,3.33938550759593,"Higher prior GPA"
2063,3.55004267445856,7.75026281483674,-0.00982371193504104,81.6295396935924,5.14891063636189,3.63302857080355,3.63302857080355,"Higher prior GPA"
2064,3.75119090317733,8.22698127895779,-0.412743417160854,78.2789353638825,7.61583911107864,4.0396808726207,4,"Higher prior GPA"
2065,3.15351029501794,6.80224507782375,0.78941924853387,76.9036593134411,12.1288069908021,3.45261466061834,3.45261466061834,"Middle prior GPA"
2066,2.7458896506552,4.89293993714683,-0.417007973024359,65.367130082171,16.682147540201,3.02147863862961,3.02147863862961,"Lower prior GPA"
2067,2.94925209720923,7.39652990143741,0.562451597017578,77.6172149722565,10.5226001837951,3.25949563688792,3.25949563688792,"Lower prior GPA"
2068,3.75474941301023,5.52474788877087,-1.45478712663346,93.0966981955359,6.61615671808006,3.17280083880237,3.17280083880237,"Higher prior GPA"
2069,3.39903017722955,7.30023485622847,0.45077449405509,64.5558740547129,10.3435401517117,3.36068177242725,3.36068177242725,"Higher prior GPA"
2070,2.51280599019178,7.25613057401986,0.84884448902072,80.4714345401985,12.9388783524256,3.12612846842798,3.12612846842798,"Lower prior GPA"
2071,2.65706737250559,5.25309111300659,0.0929349815002737,69.1642549963948,15.7656007832775,3.14652978519223,3.14652978519223,"Lower prior GPA"
2072,3.43233733729745,8.16992227365141,-0.0967607267940663,73.2859466173516,9.83959352672827,3.82097599495283,3.82097599495283,"Higher prior GPA"
2073,3.27405239971957,8.36085600069786,0.581451511977915,66.4438090616596,10.522752614489,3.55720896726318,3.55720896726318,"Middle prior GPA"
2074,3.32502619659781,7.26124227838015,-1.77020934881207,83.7408806166484,6.97568158045868,2.76628223207234,2.76628223207234,"Higher prior GPA"
2075,2.90456988176556,7.75351609982042,0.405140615715528,70.0112085309788,13.8141257035511,3.42391331537788,3.42391331537788,"Lower prior GPA"
2076,3.04571885918639,7.14156252004354,-0.710359540055578,83.8492625761491,11.41502273143,3.25702674490955,3.25702674490955,"Middle prior GPA"
2077,3.13337300018232,7.1347689706626,-1.48339738177322,75.9463071120816,8.82128498026723,3.46251064350698,3.46251064350698,"Middle prior GPA"
2078,2.2394797616437,8.05880894457764,1.62670953819869,67.7575571662416,15.9995592592975,3.03638559762798,3.03638559762798,"Lower prior GPA"
2079,3.2236701482187,6.97331908300843,-0.563603836254052,80.8597175618665,9.13604370870889,3.47332923613956,3.47332923613956,"Middle prior GPA"
2080,3.08979056660758,5.89248894995026,0.614218764239506,83.3449810256061,10.8936243981903,3.16221172308961,3.16221172308961,"Middle prior GPA"
2081,3.25915191269623,7.77381331472077,-1.22316066018653,81.361110896079,10.1338020453925,3.45883211868256,3.45883211868256,"Middle prior GPA"
2082,3.53516835318081,7.61080314260888,-0.551976559584643,78.7657840456837,10.6446442127701,4.11977001460291,4,"Higher prior GPA"
2083,2.9251144822499,7.89003244143148,0.182552203312088,69.4155627617748,10.7267268635604,2.6965524942584,2.6965524942584,"Lower prior GPA"
2084,2.83628787358305,7.42635919299452,0.911454647463153,79.0893436703225,12.5832258029235,3.2982182240557,3.2982182240557,"Lower prior GPA"
2085,2.81901271331327,6.78188303348126,-0.645797876373919,80.061753528901,11.3109452356122,2.8219263873816,2.8219263873816,"Lower prior GPA"
2086,3.50578390175522,5.51432054919838,0.0707361557668853,85.8142000273519,9.05065033366248,3.90185871934797,3.90185871934797,"Higher prior GPA"
2087,2.75785312055117,8.39006579083936,-0.668245458334725,85.1960884562229,15.0758118766339,3.41488878987204,3.41488878987204,"Lower prior GPA"
2088,2.75827037745251,7.69291024747423,-0.389669526212958,69.6808454099677,13.1618886761862,3.29837324125471,3.29837324125471,"Lower prior GPA"
2089,3.72695426603405,6.47720463829619,0.491072810853923,82.3642513251783,7.25165298426709,4.09815562474937,4,"Higher prior GPA"
2090,2.63995795924187,7.5944654968463,-0.788091387913739,72.9104941396068,13.5141733616856,2.88943967783194,2.88943967783194,"Lower prior GPA"
2091,3.00754472230373,8.33270740805965,-0.649847220611353,67.622183351887,9.72101576963459,3.09426518469596,3.09426518469596,"Middle prior GPA"
2092,2.60922132984963,7.1641913018663,-0.712371116661618,67.7412423025866,13.1662192817149,3.59688638987094,3.59688638987094,"Lower prior GPA"
2093,3.51001892543849,6.26894347253799,-0.657274693701634,80.7777343182435,5.6033529697271,3.15894250056222,3.15894250056222,"Higher prior GPA"
2094,2.78031988984901,7.35562068649128,-0.210397163089937,55,14.2551828666255,3.25107324631861,3.25107324631861,"Lower prior GPA"
2095,2.84575500441316,5.51844723413195,0.907425968219438,66.6626820495904,15.1132988125303,2.93633867290518,2.93633867290518,"Lower prior GPA"
2096,2.49950280175146,8.09802799207829,-0.418319917380806,62.0810954778909,16.6813293554515,3.25695499937377,3.25695499937377,"Lower prior GPA"
2097,3.03284238834276,8.13976489948948,-0.0126831571494833,79.1344296718918,12.1820293276543,3.25243884994492,3.25243884994492,"Middle prior GPA"
2098,3.06294237467639,8.27126007206436,-0.042938163470517,84.639995353416,14.0614393550139,3.21604741935281,3.21604741935281,"Middle prior GPA"
2099,3.76632707006338,6.24392193582268,3.95044355451325,85.70484126331,11.3958341914142,2.82907492030362,2.82907492030362,"Higher prior GPA"
2100,2.89448634189375,7.34463529823135,0.274883202173478,68.8750375872736,7.63361013366634,2.87808993328638,2.87808993328638,"Lower prior GPA"
2101,2.98647751568529,7.16755654541729,0.819385174894699,76.7090095534856,14.2261640468303,3.94456532097283,3.94456532097283,"Middle prior GPA"
2102,3.54395490101289,6.67147315224321,0.704366471674562,68.7031198965999,9.2773209084756,3.47951987535239,3.47951987535239,"Higher prior GPA"
2103,3.51160351300967,8.57584852226313,0.463491657273511,71.9125190282265,9.92519149309325,3.84149009096627,3.84149009096627,"Higher prior GPA"
2104,3.76996268504756,8.01212253689655,-0.179128895623821,74.3808477168265,8.5559667271996,4.00526994295624,4,"Higher prior GPA"
2105,2.68049193404402,5.74857104588305,0.462926003693887,78.1351032643933,15.2902243275454,3.45756637226841,3.45756637226841,"Lower prior GPA"
2106,2.57942579551414,6.44156057785148,-0.142464322265336,65.4069009246864,13.6850825864074,3.6246222170735,3.6246222170735,"Lower prior GPA"
2107,3.22490496725843,6.2260835954999,0.480917758343552,76.7144625813205,10.6321231551467,3.39786993658135,3.39786993658135,"Middle prior GPA"
2108,2.98364001487246,6.14400205329239,-0.193989770906345,72.6822060840364,7.95890531079339,3.59970984714199,3.59970984714199,"Middle prior GPA"
2109,2.5950956510841,5.52830088115399,-0.329482200962756,75.2098610694361,14.6359594555893,3.17757721731822,3.17757721731822,"Lower prior GPA"
2110,2.98238340261261,6.78852153456696,0.673943164273637,83.9185262124535,11.4333659727796,3.72813035855944,3.72813035855944,"Middle prior GPA"
2111,3.22042579222965,7.82686792190283,1.19710809872389,84.3284632811966,11.5150052845081,3.3089687657379,3.3089687657379,"Middle prior GPA"
2112,3.54453997629813,7.8693965570652,1.40990255388006,66.5377544972527,7.92557448219839,3.42579936668777,3.42579936668777,"Higher prior GPA"
2113,2.9048791878989,6.81378328376091,0.164448418743018,80.4106860676643,11.8680007593471,3.32183249064434,3.32183249064434,"Lower prior GPA"
2114,3.69656737125268,7.55357427194394,0.99832434737778,77.8864688370482,6.64155392573774,3.75291931296463,3.75291931296463,"Higher prior GPA"
2115,3.6402926259855,6.24158150084549,-1.11853520607879,68.8146284867416,7.72910179572366,3.67024199554754,3.67024199554754,"Higher prior GPA"
2116,2.93846283434694,6.13247244391125,0.0720218090505046,84.666938315767,11.5638652260859,3.00133757853235,3.00133757853235,"Lower prior GPA"
2117,3.39235720249676,7.59922953059278,0.405718131316119,80.086337732322,10.6284835505458,3.41153700553572,3.41153700553572,"Higher prior GPA"
2118,3.10660086171249,7.50612694007516,-2.04994881492424,77.2748389262229,11.1757082864343,3.23922805058451,3.23922805058451,"Middle prior GPA"
2119,2.76300370936774,7.50457698660791,-0.927094412314567,80.8291735154232,10.0005987859796,3.37256516421572,3.37256516421572,"Lower prior GPA"
2120,3.33450573030041,7.0679635417301,-0.935775275890531,82.225441777377,8.07120353850569,3.68514038744675,3.68514038744675,"Higher prior GPA"
2121,2.92764432979824,7.91163412980903,-0.935094382656097,77.0057075285923,11.6109986070824,2.97456857675017,2.97456857675017,"Lower prior GPA"
2122,3.50448794753457,5.39858614514941,-2.62154094453936,92.6394871075545,8.52723659060193,3.19041766643684,3.19041766643684,"Higher prior GPA"
2123,3.27469332977427,7.90383127437368,-0.165230351711639,67.859255912696,9.71270864509151,3.12847967052623,3.12847967052623,"Middle prior GPA"
2124,3.04307120270262,6.59481492937296,-1.8949557234526,76.3210120437729,8.5616739277575,2.94849755491661,2.94849755491661,"Middle prior GPA"
2125,2.97442651845985,6.10650644525401,-0.674668014495609,83.9373569164356,10.6835855850425,3.28413642342069,3.28413642342069,"Middle prior GPA"
2126,2.60733109616159,7.01262310178951,-0.173465211745965,76.8555090031471,13.523104323332,3.46437171139951,3.46437171139951,"Lower prior GPA"
2127,3.60930879281547,7.91064999515077,-1.0894114493111,86.497237606597,10.2573180344381,4.09903447841275,4,"Higher prior GPA"
2128,3.10107587042467,7.36683732932525,-0.730876324133844,83.2374071697768,12.0776879297253,3.49624798212743,3.49624798212743,"Middle prior GPA"
2129,3.04734032964714,7.80084640785426,-0.384145880694569,68.4453200837359,11.7416353452979,3.20313647300271,3.20313647300271,"Middle prior GPA"
2130,2.65196841823333,6.89731830438543,-0.665882380575316,70.3902323910021,14.7419833259464,3.36715873101294,3.36715873101294,"Lower prior GPA"
2131,2.70192519848092,6.74745322891154,1.36314570973173,64.0083437592888,16.525950383021,2.97501592153045,2.97501592153045,"Lower prior GPA"
2132,3.01491033774147,7.86005964404719,-0.941471571598818,74.297487147662,9.69096529851066,2.990324420026,2.990324420026,"Middle prior GPA"
2133,3.19593433273419,8.86901413640582,-0.015737673477686,81.9063241377814,10.8374826453971,3.83458676792693,3.83458676792693,"Middle prior GPA"
2134,3.68876553215593,7.55512798713872,0.771564786026572,78.9970807097794,10.8054879193006,3.81897831563669,3.81897831563669,"Higher prior GPA"
2135,3.16639419824976,6.81309659846183,1.0527478282846,80.6178870308497,11.1644791316203,4.05735834156815,4,"Middle prior GPA"
2136,3.02871499429402,7.80973474146028,1.17109321297707,74.110143128506,15.6077637241964,3.67834283441501,3.67834283441501,"Middle prior GPA"
2137,3.33405529517808,6.62950632279859,-0.955174725962136,89.255120859203,8.1878144966916,3.33309299584565,3.33309299584565,"Higher prior GPA"
2138,3.14292741954558,7.98995930473242,-0.0833017887847887,69.7232586303769,9.87061758234788,2.99589133235815,2.99589133235815,"Middle prior GPA"
2139,3.38738269840639,8.72129937820584,-0.59991538929649,76.0400707951165,12.4217881129936,3.84146235667385,3.84146235667385,"Higher prior GPA"
2140,2.90597294495134,7.33047160570002,-0.483008231013556,71.6636248665232,14.5931983545508,3.93020883535477,3.93020883535477,"Lower prior GPA"
2141,2.70280793887049,7.83350141922082,0.856904858052591,72.9140606835879,14.5045085048582,3.00726644836329,3.00726644836329,"Lower prior GPA"
2142,3.07812407152826,8.34788283828984,0.155851386988738,79.7539481192297,11.9818546787583,3.25197487099019,3.25197487099019,"Middle prior GPA"
2143,2.80170712795165,6.62437003637921,-0.647940575240342,73.3885945726798,12.7144589943267,3.1934762290905,3.1934762290905,"Lower prior GPA"
2144,2.78991802909254,8.5968236913125,-1.00517110775634,75.3174019204115,14.5591770131265,3.53305278023758,3.53305278023758,"Lower prior GPA"
2145,2.87256496889877,7.53965175406161,-1.54516040313889,67.7972680780708,11.8963981963121,3.12299682862117,3.12299682862117,"Lower prior GPA"
2146,2.94615278124861,6.83376507020439,0.502247256673242,79.6893584203928,14.3050553252587,3.80456099281318,3.80456099281318,"Lower prior GPA"
2147,2.73433021114522,7.52538033862459,-0.597813548691826,68.7621786463726,14.7456023377193,3.36425280469021,3.36425280469021,"Lower prior GPA"
2148,3.38183287764076,7.88236928150043,-1.64569942045574,95.8635269396976,8.78083374112717,3.6184348721738,3.6184348721738,"Higher prior GPA"
2149,3.40950997245065,6.10839324857806,-1.57292428669711,79.0157701398323,7.31470798700172,3.60432294863936,3.60432294863936,"Higher prior GPA"
2150,3.68879860718485,6.02668114249397,-0.224534112554283,78.3341256800975,4.85389308137061,3.62903068243375,3.62903068243375,"Higher prior GPA"
2151,3.5755349528042,6.15743450172081,-0.83487395940243,82.6181661529469,3.99579418746579,3.59276531262987,3.59276531262987,"Higher prior GPA"
2152,3.17104271611075,7.27199500319617,0.27416426287692,71.9232678083431,10.5332250393017,3.19740663907889,3.19740663907889,"Middle prior GPA"
2153,2.99328001847393,6.73337818161695,1.3006662567985,65.6991847415131,10.2040267616982,3.59834346797463,3.59834346797463,"Middle prior GPA"
2154,2.8733242148338,7.80921781505183,1.2655255400539,77.2546849838772,16.2030363614696,4.10368781728829,4,"Lower prior GPA"
2155,3.10949424609139,7.85251381930172,1.51163824493928,80.1530100787942,12.0514060642074,3.45408173538422,3.45408173538422,"Middle prior GPA"
2156,2.56833047331699,7.28173754246841,-0.180946015829197,77.6854909822731,14.47952317375,3.57260352280564,3.57260352280564,"Lower prior GPA"
2157,3.72935101057292,7.26350777614491,-0.844042123926354,76.1548016967282,4.89391787237139,3.7714957542413,3.7714957542413,"Higher prior GPA"
2158,3.39437724973758,6.9686922357419,-0.508785769204229,75.2016423362724,7.9551702798195,3.35248054895862,3.35248054895862,"Higher prior GPA"
2159,2.64778870892769,7.37121532695576,-1.34276255922663,71.3433965825942,13.6849176663366,3.05147604072095,3.05147604072095,"Lower prior GPA"
2160,3.45551690970021,6.99958008148615,-0.44459693347896,69.5129600182787,7.68605122462259,3.54728443061228,3.54728443061228,"Higher prior GPA"
2161,2.66519334179052,6.23149686339154,1.59661316048347,77.1795593426722,16.136311349938,3.61353856340966,3.61353856340966,"Lower prior GPA"
2162,3.31570635632606,6.79796126078175,2.41529545516372,66.7911693508872,13.5771203421723,3.71577873880193,3.71577873880193,"Higher prior GPA"
2163,3.02129678997167,7.44937716826611,-1.73370699874462,84.2166940594108,10.785097371659,3.59139485164494,3.59139485164494,"Middle prior GPA"
2164,3.51109354134542,6.5433729894524,-0.572155722980132,71.7938284224404,9.55832012637783,3.70545571196554,3.70545571196554,"Higher prior GPA"
2165,3.01405820185679,6.91109278977859,0.373981574516607,79.2597381660625,12.0287787996224,3.56132137240522,3.56132137240522,"Middle prior GPA"
2166,2.90779816687289,7.24973125786045,-0.460515729178535,75.2867101556847,12.4574409360361,3.30801987251702,3.30801987251702,"Lower prior GPA"
2167,2.51785730836633,6.78256748230356,-0.541908426289326,71.0675899808736,15.34330188879,2.65818692912547,2.65818692912547,"Lower prior GPA"
2168,3.15404107446483,7.1893748371791,-1.7339964239731,67.8235918732335,12.9026943653135,3.43947917572987,3.43947917572987,"Middle prior GPA"
2169,3.5170547922586,7.57284726771496,-0.0922699036645012,89.7983310200552,7.41877770961059,3.71570235107379,3.71570235107379,"Higher prior GPA"
2170,3.22332110332068,7.46643737970603,-1.25234071319975,65.8555606468744,11.1360510486727,3.00598809367512,3.00598809367512,"Middle prior GPA"
2171,2.38668729784313,7.29665510930845,-0.492380677206188,78.4656477544332,12.9264211251907,2.90922877074693,2.90922877074693,"Lower prior GPA"
2172,2.94247191210162,5.65046811662101,-0.379455080419581,70.1074455381132,13.2821732465649,3.18985853191004,3.18985853191004,"Lower prior GPA"
2173,3.65635713478937,7.15816201082522,1.61338699872586,65.2386921034982,8.6334741609062,3.39730791714592,3.39730791714592,"Higher prior GPA"
2174,3.62601888860678,7.46192970898912,1.73906209428354,72.2363696299833,11.5766008698643,3.28921278059462,3.28921278059462,"Higher prior GPA"
2175,3.04352859123622,7.56717422288486,-1.16550996636456,82.2889079409562,11.0323706885215,3.25063548559935,3.25063548559935,"Middle prior GPA"
2176,3.15539939670955,5.92899790996942,0.228336399229001,68.4098490936266,11.6946407537545,3.11750506822204,3.11750506822204,"Middle prior GPA"
2177,3.5618909749471,7.10068074241702,-0.245948498520931,77.6426388188144,9.38904434042631,3.80051432283121,3.80051432283121,"Higher prior GPA"
2178,3.25010392527182,7.17035631946038,-0.151977675334819,77.9009182473106,13.1045996553189,3.59452028901612,3.59452028901612,"Middle prior GPA"
2179,2.92478212068975,7.10208428377638,0.0920053150367005,71.3906795220765,10.7311019518803,2.76424324220234,2.76424324220234,"Lower prior GPA"
2180,3.88925698588522,6.14045300740611,1.091869033581,63.5755450998757,9.42667882585012,4.0404583364778,4,"Higher prior GPA"
2181,3.49994424790269,7.19019037568846,-2.32758998865146,79.8914234439505,8.65848984408903,2.72594960975954,2.72594960975954,"Higher prior GPA"
2182,2.96118988597324,7.96734428039429,-0.258413925697996,78.6689488382905,12.0943597636039,3.34497091402046,3.34497091402046,"Middle prior GPA"
2183,2.90732772296868,6.9455059860036,0.627907738908069,82.5357368149518,11.6923262530315,3.32477250889348,3.32477250889348,"Lower prior GPA"
2184,2.84612571029367,7.15074768539164,-0.454038868857664,76.3221368077794,12.3574656992807,2.50713518993113,2.50713518993113,"Lower prior GPA"
2185,3.0921279305757,6.9653229835045,0.838512214870037,80.681517850298,12.0169289136121,3.76660459247664,3.76660459247664,"Middle prior GPA"
2186,3.47491097721264,6.65104005061642,0.95227462987046,73.7766132763522,10.6660224630952,3.89700089141459,3.89700089141459,"Higher prior GPA"
2187,3.44693269381901,7.46354789767093,0.670390572650644,62.1995941855986,7.5273293621382,3.31279601057631,3.31279601057631,"Higher prior GPA"
2188,2.36426978463388,5.53114611246872,-0.937240187534932,76.1421554812175,15.4323853024321,3.00595863726117,3.00595863726117,"Lower prior GPA"
2189,3.01932084556396,6.32055968725547,-1.8524391654328,79.3768260011488,8.34289984661266,2.66763058214356,2.66763058214356,"Middle prior GPA"
2190,3.74808844247174,6.60514294754152,1.06840539059308,77.5963339853543,10.6206098942558,3.3549215101448,3.3549215101448,"Higher prior GPA"
2191,2.97430704938225,7.72096943771887,-0.434511949331997,79.1449324429257,11.0127735644101,2.88368247671414,2.88368247671414,"Middle prior GPA"
2192,3.32645963914779,7.43190092766224,-1.57377326620788,81.8170837714506,6.35708337446803,3.1357728956595,3.1357728956595,"Higher prior GPA"
2193,3.42046286222318,7.38772812929644,0.392152520642236,64.098810412242,8.20598985385795,3.43376979373155,3.43376979373155,"Higher prior GPA"
2194,2.51700710181606,5.69378760589636,-0.528707968548976,68.0018303387076,17.5797166927743,3.04020180304482,3.04020180304482,"Lower prior GPA"
2195,3.47945424879875,6.71004918669834,1.28197974501102,81.7243769808361,9.87430405700127,3.5959030471056,3.5959030471056,"Higher prior GPA"
2196,3.50358429912013,6.75057345050674,1.15267148941335,80.1304787556668,8.11502491145585,3.11094397312985,3.11094397312985,"Higher prior GPA"
2197,2.44996839982074,6.6713879391009,-0.693008344646858,63.023204889781,14.1962927839628,2.67578538766781,2.67578538766781,"Lower prior GPA"
2198,2.94602683716215,6.86410124141504,-0.326711092826213,74.1195324366595,12.2963523594239,3.12270356056467,3.12270356056467,"Lower prior GPA"
2199,2.48739788772413,7.62441380126417,1.28880708777326,60.2682183744151,17.3104076876015,3.32157676969675,3.32157676969675,"Lower prior GPA"
2200,3.466735854007,7.06789540834568,0.0931464067129723,81.3044328029516,9.85459975567995,4.16275480580494,4,"Higher prior GPA"
2201,3.25208808317328,6.53856877313106,-0.54980192290993,68.2996944833639,12.5358068299149,3.79288287135144,3.79288287135144,"Middle prior GPA"
2202,2.60593214623037,7.72719828055442,1.42583081232519,75.552632804527,13.9653497402641,2.64709115582122,2.64709115582122,"Lower prior GPA"
2203,2.45953134031381,7.51218268770136,-0.831999624109168,67.4870058160576,15.3925102351311,2.94390751351982,2.94390751351982,"Lower prior GPA"
2204,3.09861444420204,6.98397847665837,-0.394992772253238,70.4756096006784,10.4994740252522,3.56065411467659,3.56065411467659,"Middle prior GPA"
2205,3.74245946581311,6.9815465799966,-0.558861830581784,81.8763110823372,7.47541326278903,3.75179143278454,3.75179143278454,"Higher prior GPA"
2206,2.98745607955209,7.64510166509874,0.875837596760488,66.2486725357504,11.4472238412155,3.58963759147738,3.58963759147738,"Middle prior GPA"
2207,2.58380547884925,7.56357056087013,-1.49289323234081,80.2764043725056,12.2740951240013,2.93120193713127,2.93120193713127,"Lower prior GPA"
2208,2.74267121592548,8.4373705048774,-0.68567670285798,76.2157228625481,13.4876203626187,3.38736631286621,3.38736631286621,"Lower prior GPA"
2209,3.76294330652973,6.65551978332719,2.2952068853447,82.9651566753109,8.20425315379152,3.51810623402169,3.51810623402169,"Higher prior GPA"
2210,3.19051898058848,7.08379053713674,1.36088623141215,64.8670194920415,13.2430068304124,3.02658423761696,3.02658423761696,"Middle prior GPA"
2211,2.84990964428847,6.62017930862869,1.08468766940464,60.0692511258798,14.1193828070156,3.51368663537573,3.51368663537573,"Lower prior GPA"
2212,3.66475126431676,7.3068085492002,-1.10557170892377,87.5182617530876,5.3777208707483,3.38570860005329,3.38570860005329,"Higher prior GPA"
2213,3.26169432499623,7.86519141078273,0.420111505545234,82.22392913336,10.2493157866687,3.50873696933676,3.50873696933676,"Middle prior GPA"
2214,3.75379587033061,7.19491987254725,2.33769002533074,83.7307168852187,6.65702366867198,3.62356454021229,3.62356454021229,"Higher prior GPA"
2215,2.78325999549924,6.84406355754554,-0.372418151496788,75.2180076490441,14.7284847277626,3.24234938432144,3.24234938432144,"Lower prior GPA"
2216,3.485393277163,7.03045438764317,-1.63887093660174,71.8543672956475,8.690606469489,3.1722191246298,3.1722191246298,"Higher prior GPA"
2217,3.2020143745952,6.23970551862952,-1.16981887885529,77.0919041681296,8.82575461230061,3.24862545460218,3.24862545460218,"Middle prior GPA"
2218,3.55700080546964,8.31726165200827,-1.78902428066039,81.1713803871277,6.02978339828671,3.85122391200228,3.85122391200228,"Higher prior GPA"
2219,2.96733879721185,6.70344042208295,0.475576160128915,74.310980883466,13.1002542375011,3.46414959657194,3.46414959657194,"Middle prior GPA"
2220,3.05237996578918,7.58524879347715,-1.01574596002456,76.5130642380658,9.79146547328554,3.1045467313599,3.1045467313599,"Middle prior GPA"
2221,2.64559915828785,9,0.731278985141832,75.7235150824913,15.2537672239064,3.37055200858088,3.37055200858088,"Lower prior GPA"
2222,3.13971753200981,8.21819231554349,-1.69060312948098,78.7866942148409,9.45482720781782,3.29749562685975,3.29749562685975,"Middle prior GPA"
2223,2.78153886958506,7.81283931025625,0.951616820543173,77.563733255476,14.2173365262656,3.38805326013166,3.38805326013166,"Lower prior GPA"
2224,3.31760279722715,7.21543268368412,1.23764077902614,57.6342839005728,11.1281445920414,3.81019114471863,3.81019114471863,"Higher prior GPA"
2225,2.73662133287225,6.21198236695661,0.0676426116693618,59.9263597202422,14.6659056979445,2.71794231194612,2.71794231194612,"Lower prior GPA"
2226,2.33076159654048,7.64468622655088,1.43817949442092,71.334467223771,16.5688691705266,3.2681192938668,3.2681192938668,"Lower prior GPA"
2227,3.4973766101251,8.12842291255708,-1.42107813173646,81.6863573807348,10.6217472250445,3.80526603855612,3.80526603855612,"Higher prior GPA"
2228,3.05461011203527,6.8030398364862,-0.708790020541713,83.2439093079858,8.57036523108704,3.27800668003376,3.27800668003376,"Middle prior GPA"
2229,3.47309800933222,6.67246061247324,0.656236529389285,81.4060788826602,9.71482807205034,3.76768780343319,3.76768780343319,"Higher prior GPA"
2230,2.95662256220425,6.67060269524176,0.268970279780641,85.1987723019248,10.1641503106252,3.17278320927546,3.17278320927546,"Middle prior GPA"
2231,3.52643699117247,7.24056981541604,1.47776230230124,72.4669963232198,11.3174728992919,3.75279259577596,3.75279259577596,"Higher prior GPA"
2232,3.57398364139355,7.12266698566314,2.45498775600828,71.5681582404907,10.7795833478603,3.39644254199192,3.39644254199192,"Higher prior GPA"
2233,2.38718863051664,7.32543594140601,0.196095855340565,70.9902608194893,15.7457467752991,3.64881437302836,3.64881437302836,"Lower prior GPA"
2234,3.57467238043992,6.3630782727174,0.742688425584688,74.5833102940301,10.7703330297194,3.57072873454169,3.57072873454169,"Higher prior GPA"
2235,3.32367908242149,6.76005423104179,-0.195701859572285,68.3471218200503,8.13349816384152,3.15141368324648,3.15141368324648,"Higher prior GPA"
2236,3.73003546540521,6.71616706575039,-0.167996725097877,87.3735348802643,5.45166504868574,3.70316419974119,3.70316419974119,"Higher prior GPA"
2237,2.61694007334351,6.8356236252956,0.166195599251586,67.7607907392398,12.9974822194607,3.58102152869428,3.58102152869428,"Lower prior GPA"
2238,2.79762777424559,6.82607513996788,-0.541506539042423,70.6529938864674,12.1184902434074,3.26516590348317,3.26516590348317,"Lower prior GPA"
2239,3.36249110861298,5.99483456360675,-2.01310625944606,90.1537308035717,9.13434449383505,3.1514563334875,3.1514563334875,"Higher prior GPA"
2240,2.41735436294968,7.81733368036117,-2.53460627316217,78.1906071516363,12.1290783667995,2.84721547729202,2.84721547729202,"Lower prior GPA"
2241,2.77118472121234,7.70423805034002,-0.366447241702282,79.256610061643,10.1541747563913,3.0782745898149,3.0782745898149,"Lower prior GPA"
2242,2.52318511486679,7.29574638603764,-0.332617010413691,67.2366962671813,13.9553098959876,3.07470266979786,3.07470266979786,"Lower prior GPA"
2243,3.07665662009473,6.5906175560726,0.55850560784888,70.1664514202799,12.4699709371176,3.01557825245249,3.01557825245249,"Middle prior GPA"
2244,3.23770636043618,7.12571076846804,1.97248648262442,61.4995141343964,14.3810766370529,3.30352284172112,3.30352284172112,"Middle prior GPA"
2245,3.46033367501691,6.39715554603022,-0.481187991711603,81.0177071600696,7.8157277296464,3.58431225943262,3.58431225943262,"Higher prior GPA"
2246,3.25170685220286,6.28444003634907,0.681268474683007,74.077572182155,12.0386093793719,3.81580949492428,3.81580949492428,"Middle prior GPA"
2247,3.21699348466992,8.13051657588143,-1.35181317089031,70.8873260990205,9.29876938240314,3.29860439409361,3.29860439409361,"Middle prior GPA"
2248,3.15149628148901,6.1577053254337,-0.0863400391262072,67.1040375078144,13.2379235388939,3.28073570485109,3.28073570485109,"Middle prior GPA"
2249,3.78762902968615,7.12570377750742,0.400178442316727,78.9442159659484,5.46261725748968,3.59316182799022,3.59316182799022,"Higher prior GPA"
2250,3.3393971022115,7.01735238365674,-0.0514195671067913,76.3189507619477,7.86362837015076,3.2709510304737,3.2709510304737,"Higher prior GPA"
2251,3.10236694839836,5.6239587347331,1.02663830029548,60.2411961802894,13.433075276045,3.3770759958058,3.3770759958058,"Middle prior GPA"
2252,3.3840933703899,6.65317229470083,-0.868492901005889,69.1947288930096,10.9681501192189,3.79891998363099,3.79891998363099,"Higher prior GPA"
2253,2.95589775937874,6.82972892174831,-1.17388406265132,69.2939748552489,10.8546037491011,3.47422936610176,3.47422936610176,"Middle prior GPA"
2254,3.07352688975682,7.6065443085159,-0.0667335858361175,68.9216812280821,12.5673699035873,3.40481563775055,3.40481563775055,"Middle prior GPA"
2255,2.84469422680783,6.25241942249785,1.94003199500301,72.6193552076029,13.6828573307133,3.22235877901663,3.22235877901663,"Lower prior GPA"
2256,3.45426472690131,6.96815839004837,-0.721634488123875,76.6852995141056,7.76802229076788,3.16635475853077,3.16635475853077,"Higher prior GPA"
2257,3.44220704007358,7.91812863607387,-0.399343878940595,80.9676739537847,8.43605081926678,3.73007038158524,3.73007038158524,"Higher prior GPA"
2258,3.38736469179785,7.9087572277423,1.01930734540303,66.0447120503577,9.29103377184725,4.04135544491189,4,"Higher prior GPA"
2259,2.99480838879356,6.84294970481563,-0.378566264600898,74.7538394352392,12.3272110397832,3.54219758168622,3.54219758168622,"Middle prior GPA"
2260,2.70696442380168,5.53114196034652,0.330769474958672,74.2125017886089,16.3527634695936,3.17336441013267,3.17336441013267,"Lower prior GPA"
2261,3.39142547249209,6.20302654971199,0.303766785821334,75.0858592623264,6.50144665646937,3.61601710065666,3.61601710065666,"Higher prior GPA"
2262,2.69828953885371,5.96072359903545,-0.709660076623992,63.3011052931484,14.1939302169664,3.13703901886555,3.13703901886555,"Lower prior GPA"
2263,3.30349307364333,7.76871472860214,-0.822454809132066,82.9162289241288,7.64513268636015,3.36422439299252,3.36422439299252,"Higher prior GPA"
2264,3.00413539697717,7.74955872393917,-0.702893047395015,70.7895820932595,11.2956639942522,3.19667764285816,3.19667764285816,"Middle prior GPA"
2265,2.4683213222868,6.97318943952717,1.7854851609671,55.1228734914991,17.3635737791696,2.78672677931915,2.78672677931915,"Lower prior GPA"
2266,2.76223480446618,6.73375015568829,0.888236704049187,67.1501583309878,12.4774006971865,2.70001982580619,2.70001982580619,"Lower prior GPA"
2267,3.49158364672532,7.82423720344772,1.57401251353767,73.9203623524892,10.8449965134921,3.87455308016432,3.87455308016432,"Higher prior GPA"
2268,3.08606346107943,6.51744249213443,-1.53455485291321,80.882404349365,8.87234286240441,3.28000893909826,3.28000893909826,"Middle prior GPA"
2269,3.67948491669039,8.20882439150134,-0.108461915216035,74.1922863050967,10.2084089829204,3.85660990576856,3.85660990576856,"Higher prior GPA"
2270,3.6016359982943,8.39360020068382,-0.0910304561244508,82.4639440852319,9.37048083993013,3.56953754245028,3.56953754245028,"Higher prior GPA"
2271,2.78362573346536,6.75756424822529,-0.389024898637382,77.4545095184564,9.82309099580542,3.21502952548401,3.21502952548401,"Lower prior GPA"
2272,2.68860359350527,6.06267747432756,0.999957082601204,70.3747324468351,15.167240615291,3.12922353772238,3.12922353772238,"Lower prior GPA"
2273,3.15842329136718,6.84286595229445,-1.04683289889846,82.2827394331982,8.53096146180517,3.12114541742737,3.12114541742737,"Middle prior GPA"
2274,2.31038144453017,7.09071807274181,0.157161039374971,77.125021955466,16.0837298258729,3.03623936789215,3.03623936789215,"Lower prior GPA"
2275,3.03237246859093,7.51682725156975,1.45949077239244,76.2864940973613,14.508721368502,3.76633816009709,3.76633816009709,"Middle prior GPA"
2276,3.52793282436123,7.48135918022166,-0.779174249602671,86.5049920759792,12.0031398174849,3.95819867951356,3.95819867951356,"Higher prior GPA"
2277,3.06073113615911,5.56118841653346,-0.178252113206608,80.6428037540455,10.3285144684428,2.96222350839562,2.96222350839562,"Middle prior GPA"
2278,2.9175635992873,7.40480019760526,-0.117458689999779,72.0733794397966,10.1142079925924,3.36702014657219,3.36702014657219,"Lower prior GPA"
2279,3.51140167549866,7.6731670820463,0.166486050194938,69.8873536873386,8.39112792780553,3.33637049556143,3.33637049556143,"Higher prior GPA"
2280,3.50863262332148,6.65887929415817,0.00425758494062931,72.0377280541154,9.2790655839918,3.68336744712851,3.68336744712851,"Higher prior GPA"
2281,3.11140349209392,7.39756122087705,0.533547813017588,79.8065024792848,12.1071998586808,3.40032380953837,3.40032380953837,"Middle prior GPA"
2282,2.639332941519,7.61715764128994,-0.378727068811346,72.9917422291088,14.8541875360445,3.55649067311787,3.55649067311787,"Lower prior GPA"
2283,3.44671195698223,6.51498187781162,0.361031196036482,80.1915292505352,7.57372885281544,3.70716940235989,3.70716940235989,"Higher prior GPA"
2284,2.66256802204865,5.746924505973,-0.474317986149745,75.5346328565493,14.6803161286638,2.79078232693605,2.79078232693605,"Lower prior GPA"
2285,2.57598142317695,5.82858715527506,0.24677220881197,74.6018915480932,16.5094092281401,3.27728657489034,3.27728657489034,"Lower prior GPA"
2286,2.90954827606426,7.30976207609144,-0.94610538508158,86.4401037904254,9.32818188257,3.32712626483528,3.32712626483528,"Lower prior GPA"
2287,2.72078294585769,8.05759706713565,-0.904697432742836,73.6123988763036,13.9460808801289,3.18522598436753,3.18522598436753,"Lower prior GPA"
2288,2.86987374785683,5.70659459836864,-1.91224980174862,82.6037170184877,13.6602951149573,3.08452230248485,3.08452230248485,"Lower prior GPA"
2289,2.590608341341,7.23896097366364,0.436238107679401,63.0404038264968,16.8897884864597,3.01943604402439,3.01943604402439,"Lower prior GPA"
2290,3.2092860657128,7.61614019068725,1.28736277357182,71.058315293305,13.2153135146899,3.82679998406252,3.82679998406252,"Middle prior GPA"
2291,3.15256320500891,5.63938544928264,0.369158370001372,80.4253414997429,12.2350858095473,3.2134897407903,3.2134897407903,"Middle prior GPA"
2292,2.45420463195823,6.26550252577602,-0.175189294543601,66.7855700959506,16.4046606356758,3.60903708255756,3.60903708255756,"Lower prior GPA"
2293,3.35302767007877,6.06743819065459,-0.06968797568762,73.2910883825712,10.1714828905468,3.63911291207337,3.63911291207337,"Higher prior GPA"
2294,3.63431503809691,7.32674886778241,-0.234782096079294,85.9074584580788,7.08825701228866,3.92743359221636,3.92743359221636,"Higher prior GPA"
2295,3.04004120723294,5.99000079095867,0.860499307595365,81.8334645636265,7.89115495342489,3.03894308543048,3.03894308543048,"Middle prior GPA"
2296,2.84153449873818,7.7303373019001,1.15744804754401,65.3608601737547,15.8167613906428,3.21493656487395,3.21493656487395,"Lower prior GPA"
2297,3.67139991828747,7.00573701018037,2.46905242141884,71.214668764652,11.386458089185,3.72193969625337,3.72193969625337,"Higher prior GPA"
2298,2.99804520427609,7.62769805397391,-0.644970081674283,68.3857996325815,8.32107129440081,3.02331568960065,3.02331568960065,"Middle prior GPA"
2299,3.17079564597108,6.61719316980421,1.37838408211457,65.471457580948,10.6668299350421,3.20835167017746,3.20835167017746,"Middle prior GPA"
2300,3.70195773597271,6.96621313874394,-0.807205659800943,88.7285788537745,4.79399554906051,3.40812798304983,3.40812798304983,"Higher prior GPA"
2301,3.36767558468656,7.24750567231918,-0.962066506740182,81.7661012044686,9.04393815279367,3.5803152040655,3.5803152040655,"Higher prior GPA"
2302,3.13352261965665,6.52984712659315,1.52104645824104,72.5661552673018,12.2352881469563,3.49704161336437,3.49704161336437,"Middle prior GPA"
2303,2.57121600324947,7.40072098318039,-0.314453726927313,75.3264628073416,13.3698593053596,2.94850401139763,2.94850401139763,"Lower prior GPA"
2304,3.42286348499398,6.84300772359479,-0.389114141480631,70.7693344627187,11.5897793716378,4.06691992627041,4,"Higher prior GPA"
2305,2.38117372888366,6.62333457218103,-1.19293016698529,68.5658465635142,15.0524501420636,2.90167903331605,2.90167903331605,"Lower prior GPA"
2306,2.99652372739469,8.49858531999214,1.52573795483467,68.9399685479783,14.8495425418005,3.75120873682629,3.75120873682629,"Middle prior GPA"
2307,2.93313245839811,6.88351788189023,0.426730722873347,75.9631433310965,13.2026633169799,3.08859359585515,3.08859359585515,"Lower prior GPA"
2308,3.37327470379743,5.71500483905462,-1.32516010278778,86.4917348396484,6.65829796181385,3.14249157677142,3.14249157677142,"Higher prior GPA"
2309,3.10843914815593,7.24263931576322,-0.974474310221848,89.286421723344,7.03032190214644,3.33153779884729,3.33153779884729,"Middle prior GPA"
2310,3.67495713619694,6.82077224872518,0.986248079714915,64.4051260579883,6.81747551213465,3.44005480828669,3.44005480828669,"Higher prior GPA"
2311,3.15811257144778,6.48320277994937,-1.57385456517036,80.8458117148797,9.25778128837089,3.14643734131321,3.14643734131321,"Middle prior GPA"
2312,3.82519628753014,6.85649480354301,2.4842598869333,74.1500300187718,7.59475359735227,3.46270544353457,3.46270544353457,"Higher prior GPA"
2313,3.58753528967959,6.28743218785282,0.474677228596496,78.3253331657224,7.56312179040973,3.79340011395945,3.79340011395945,"Higher prior GPA"
2314,2.64126766242706,6.0892092104923,0.637457703762234,73.2779621176857,18.1418287705387,3.09349232416056,3.09349232416056,"Lower prior GPA"
2315,3.45993791126839,6.60470185064206,0.612603430869114,74.8211503922161,10.5584191426641,3.76807480993599,3.76807480993599,"Higher prior GPA"
2316,3.58160615776783,7.27282952957857,-0.68623320751532,89.6506198675367,6.85773038973897,3.37371630514609,3.37371630514609,"Higher prior GPA"
2317,3.15340105919733,5.77092004063364,-1.9543635708791,84.8068029746657,7.07638583330293,2.83744397900883,2.83744397900883,"Middle prior GPA"
2318,2.82639227866462,6.88725418675403,2.4530901192985,75.7376291719465,13.9587987616853,2.94581222031604,2.94581222031604,"Lower prior GPA"
2319,3.0791091714992,6.1565280100852,-1.58441559055437,73.4073257494911,11.4160114454642,3.09228016079296,3.09228016079296,"Middle prior GPA"
2320,2.59401713348765,6.68592359591826,-2.28022387838322,76.7565868053956,12.094071593378,2.51681419081723,2.51681419081723,"Lower prior GPA"
2321,2.89811197449718,6.59263702204732,0.358714381601072,61.393039213289,14.390981681302,3.5876351161329,3.5876351161329,"Lower prior GPA"
2322,3.51605428764162,5.5872863467282,1.12623765192165,73.5289120339242,9.08188412805793,2.94807487259129,2.94807487259129,"Higher prior GPA"
2323,3.35775298097938,7.03417653876225,0.117036485518071,88.7131584164526,10.9059244509003,3.85303113744984,3.85303113744984,"Higher prior GPA"
2324,2.74981699457383,7.61599433576554,-1.00529573510652,82.5156416616915,8.09348599342012,2.8084683560412,2.8084683560412,"Lower prior GPA"
2325,3.10025337406385,6.18904132738742,0.710423805255153,69.6220050438347,13.7336675415636,3.6412867851289,3.6412867851289,"Middle prior GPA"
2326,3.47718724620985,8.43054430243825,0.868160868887904,70.2957963054176,12.2599659156483,4.44198868969842,4,"Higher prior GPA"
2327,2.99610009393848,7.37704534338758,-2.03264147867384,69.1554626679649,13.0111309988088,3.3048575480571,3.3048575480571,"Middle prior GPA"
2328,2.28737079086826,5.26329112859851,0.193459053650575,86.032931414913,15.2843771141442,3.18805099937128,3.18805099937128,"Lower prior GPA"
2329,3.33515087540848,6.74369434298349,-1.83575402659599,68.9128925888357,9.3514728847425,2.99672530376384,2.99672530376384,"Higher prior GPA"
2330,2.64973459230458,6.70823694818972,-0.783584707067297,83.1896253006083,12.4148903429465,2.83484772476945,2.83484772476945,"Lower prior GPA"
2331,2.83745509271431,6.33246904760414,0.846522838551588,70.9278105852665,15.4292517975817,3.44327584248769,3.44327584248769,"Lower prior GPA"
2332,3.85346046873421,6.75522228237999,0.670021373137659,81.3169520888931,6.17052825761763,3.47778802735685,3.47778802735685,"Higher prior GPA"
2333,3.18019547359503,6.53394065010501,1.30305760764982,61.4986131600968,14.2757073301053,3.85321248589568,3.85321248589568,"Middle prior GPA"
2334,2.71936613250649,8.57471460082515,1.34543841938815,75.7984212200641,17.3465701931714,3.46214557382204,3.46214557382204,"Lower prior GPA"
2335,3.5530776906529,7.1214651334255,0.284299445597912,75.9055274520171,7.54643060766272,3.42243541395736,3.42243541395736,"Higher prior GPA"
2336,3.27197725551324,6.72094568093875,-0.329085088774826,70.6963457778522,7.05951565839118,3.38275018401924,3.38275018401924,"Middle prior GPA"
2337,2.74233373527036,7.2617353394741,-1.10245786670075,69.6458291719102,12.6721001344562,3.50227067568643,3.50227067568643,"Lower prior GPA"
2338,2.6306670819637,6.86976092087479,-1.12663824822209,87.3900780652985,13.6774098004981,3.41148063121527,3.41148063121527,"Lower prior GPA"
2339,3.49792789702345,6.98789366274008,-0.437686430883653,88.3799048852001,7.87388370380726,3.80823490754683,3.80823490754683,"Higher prior GPA"
2340,2.40749897297021,7.24442096400741,-1.75905624952664,88.8841345660225,14.5218385884793,3.22598253816667,3.22598253816667,"Lower prior GPA"
2341,3.17464579571843,5.59180066611228,-3.22992148233404,69.9462869840747,9.83094789416661,2.80902460335001,2.80902460335001,"Middle prior GPA"
2342,3.38829350354111,6.55322850974516,0.299260351508576,70.585169059384,11.7356536869689,3.51373279752216,3.51373279752216,"Higher prior GPA"
2343,2.98251298356516,6.52404740105296,-1.95240344865265,72.7804326989813,8.48503739443715,2.53345052870112,2.53345052870112,"Middle prior GPA"
2344,3.48451691912264,6.74617324220849,1.6061781565642,71.7726690004594,9.14956314935542,3.38079641040505,3.38079641040505,"Higher prior GPA"
2345,3.43611416552572,6.96940460076578,-0.0792549290529999,69.973620331177,9.27808051835147,3.76013736153499,3.76013736153499,"Higher prior GPA"
2346,3.29870453795393,7.33723203493857,0.677690550987807,84.3726040422248,7.52321450498876,3.85039693036832,3.85039693036832,"Middle prior GPA"
2347,3.34141460420785,7.27708537668641,0.800879275740789,87.9006017167772,10.1223464533081,3.71142740936724,3.71142740936724,"Higher prior GPA"
2348,3.54903035220172,8.28832203208194,1.00845026713537,81.5697821910612,12.5100237797402,3.82073442286675,3.82073442286675,"Higher prior GPA"
2349,3.05396060440054,7.88290979234461,-0.973721884670298,74.1007206107052,13.4784019352554,2.96986496271303,2.96986496271303,"Middle prior GPA"
2350,3.70724715632633,6.69617194932448,-0.288125744897254,86.0960447838726,3.68247702954757,3.33850831672409,3.33850831672409,"Higher prior GPA"
2351,2.93607937485315,7.62059298478381,-0.529520865736606,71.2685396327057,14.1130532353922,3.6884084267808,3.6884084267808,"Lower prior GPA"
2352,3.18850484525697,7.58999549406176,1.7281651200339,66.5877070952007,13.5072741893877,3.12273467192869,3.12273467192869,"Middle prior GPA"
2353,3.22849542378245,7.85902537540503,-1.59394118923884,77.6227178801182,10.6241851429189,3.45024348977405,3.45024348977405,"Middle prior GPA"
2354,2.80171210531592,6.90776751980049,0.358012423828181,70.307890706282,12.1309639320982,2.85646667962566,2.85646667962566,"Lower prior GPA"
2355,3.83824939559946,7.16649421305695,0.405859576432026,84.7912206215959,5.33513455446433,3.80712979006772,3.80712979006772,"Higher prior GPA"
2356,3.39089955928602,6.70891608968295,1.33765783248693,70.3971217239664,9.57515696256186,3.53300384641108,3.53300384641108,"Higher prior GPA"
2357,3.38253759399761,7.04298667254198,-0.414326397474379,81.4925481367655,8.45081763813714,3.6018569378974,3.6018569378974,"Higher prior GPA"
2358,2.15266274125697,5.93406321297154,0.807253669161656,64.2985699534866,19.9061856649093,3.12574481827819,3.12574481827819,"Lower prior GPA"
2359,3.54798214703826,8.27879031596343,-0.658807690070737,77.3303384607618,9.56849504484609,3.48569172798621,3.48569172798621,"Higher prior GPA"
2360,3.1492395669931,7.67068102464132,-0.10335511897711,58.1370757932489,14.6629888092248,3.63941960137633,3.63941960137633,"Middle prior GPA"
2361,3.05418705608381,6.20316812920327,0.788695791929375,67.4453939059811,12.3949633564399,3.63136018983775,3.63136018983775,"Middle prior GPA"
2362,3.31912479660618,5.44170085725563,-0.963992584981266,81.0856789510484,11.2855581549997,3.70956233326555,3.70956233326555,"Higher prior GPA"
2363,3.2223147871451,8.60630353474259,0.118118314819198,75.6606590837442,9.18485197881726,2.88335093466224,2.88335093466224,"Middle prior GPA"
2364,3.53009362771547,7.87583598410693,-2.98898624553383,92.6043124821527,5.65669145214859,2.54913485332776,2.54913485332776,"Higher prior GPA"
2365,2.9922455501709,6.88863793369439,1.0159160461987,73.8912250473641,15.1960001445889,3.60604268554127,3.60604268554127,"Middle prior GPA"
2366,3.28411473419753,7.8003018814165,1.01346504401988,78.7748228733176,8.95744110261762,3.21889291096219,3.21889291096219,"Middle prior GPA"
2367,2.90937915190554,7.24650352769985,0.239533951386648,76.190030913374,12.4311970890523,3.21843767231581,3.21843767231581,"Lower prior GPA"
2368,3.18817488005629,7.50346230519336,0.656924467823126,70.9236691971943,12.0273958815135,3.11050239437222,3.11050239437222,"Middle prior GPA"
2369,3.00167499061462,7.02950828088204,0.992470147122044,66.0983342712533,10.9726728192643,3.02979680137276,3.02979680137276,"Middle prior GPA"
2370,3.178644346985,7.61746846382569,-1.4029862531342,80.6724722519757,8.66795657521366,3.08111528936245,3.08111528936245,"Middle prior GPA"
2371,3.23221882943193,6.46009016367106,0.388418708681882,87.5277262464799,9.89473088461003,3.53649820307042,3.53649820307042,"Middle prior GPA"
2372,2.90587456518646,6.74789593282953,0.90178220626479,66.7124625353158,11.8990100561817,2.93692279511258,2.93692279511258,"Lower prior GPA"
2373,3.33857854020298,6.60272301595795,-1.2537249384874,94.9753212597562,9.60668231655872,3.38329627777534,3.38329627777534,"Higher prior GPA"
2374,3.33568134061907,6.64262691939137,0.224792719956217,79.1271176518965,9.66211738240788,3.80931764546637,3.80931764546637,"Higher prior GPA"
2375,3.81139913109422,7.39676624551419,0.860483107977097,88.6212983982288,7.39330919524955,3.75464038542174,3.75464038542174,"Higher prior GPA"
2376,3.28324410073439,6.54426027149252,-0.617665987161529,77.5844527054352,7.63237069159072,3.3339414043457,3.3339414043457,"Middle prior GPA"
2377,3.01041428545806,8.24922288898945,-0.713147169170373,86.8983319501417,10.3159584710435,3.28752143386432,3.28752143386432,"Middle prior GPA"
2378,2.99359141063124,6.04177119681467,0.725576810330072,79.9813682178205,11.2285989849254,3.17974880284749,3.17974880284749,"Middle prior GPA"
2379,3.1873660527442,7.20805961669205,1.95907644980543,72.9914484671462,11.816148624162,3.47478020537776,3.47478020537776,"Middle prior GPA"
2380,3.38905877757308,6.94013057210026,-0.535938174274272,70.4564236026752,9.32706537444751,3.78185560947869,3.78185560947869,"Higher prior GPA"
2381,3.63801758638764,6.8334587399229,-2.42578669699702,69.4853518075141,5.25763515692382,3.1774576130799,3.1774576130799,"Higher prior GPA"
2382,3.33632328780749,6.25129952776097,0.55477787109228,83.2340206699922,12.0457890789691,3.78314149635283,3.78314149635283,"Higher prior GPA"
2383,3.04706867080015,7.04025937893574,-0.69340176083416,64.8456293942464,11.7975452587511,3.43014749831037,3.43014749831037,"Middle prior GPA"
2384,2.89828438377976,6.69369512037096,1.09444465226787,66.0871103738395,11.5452374155664,2.98203965444827,2.98203965444827,"Lower prior GPA"
2385,2.75565395886823,5.40411558407666,0.188437194261877,85.30456602339,14.5300016885811,3.08131811330558,3.08131811330558,"Lower prior GPA"
2386,3.60298029944315,5.26437337331114,-0.853532682276837,75.7909156980819,8.59170422898408,3.56935123795214,3.56935123795214,"Higher prior GPA"
2387,3.10104916754153,7.03375421101859,0.462136494064408,70.0281188365411,11.0056048111863,2.85584598776448,2.85584598776448,"Middle prior GPA"
2388,2.64218107964196,5.868928586522,-0.47008105014327,63.5359303628361,15.0873995004031,3.53520563997211,3.53520563997211,"Lower prior GPA"
2389,2.65248453623095,7.41746977126739,-0.184636398512162,71.8935862899821,15.6062776266303,3.35204148647472,3.35204148647472,"Lower prior GPA"
2390,3.30299305487769,5.18747143012896,0.452427388127369,76.2828287600861,12.3424844171864,3.97647177876294,3.97647177876294,"Middle prior GPA"
2391,3.68070752543369,7.80738660038738,-1.27320511528303,83.0196912144394,7.13881499348056,4.04726180764469,4,"Higher prior GPA"
2392,3.22664901250985,6.26637026435644,-1.13935452728326,63.7742456984639,12.8353227403209,3.43208141385315,3.43208141385315,"Middle prior GPA"
2393,2.23094151496643,6.42573446854572,-0.658937651238625,65.2552634719953,19.1437846071029,3.10620564523457,3.10620564523457,"Lower prior GPA"
2394,3.20417980958322,7.8742178096064,-0.160129587260497,77.6069978198759,10.2408105423782,3.59332951678374,3.59332951678374,"Middle prior GPA"
2395,2.78134803365143,7.62792338569847,0.320346900076306,79.7002178738481,15.5757906017883,3.30760014276405,3.30760014276405,"Lower prior GPA"
2396,2.62065720780587,7.08908193262242,0.243973437581725,68.3015395550996,14.5629846129087,3.66138143658246,3.66138143658246,"Lower prior GPA"
2397,3.08738656289172,7.90881899072903,-0.19041729502909,75.4408228483246,11.156218949399,3.74919724163765,3.74919724163765,"Middle prior GPA"
2398,3.41862259189799,7.97510250956025,-0.148673140564802,77.6668739509905,8.75632607641155,3.32023423640339,3.32023423640339,"Higher prior GPA"
2399,3.64485725942294,6.82327079796361,1.47434392818125,74.9475837694855,8.57838687100261,3.24515178182947,3.24515178182947,"Higher prior GPA"
2400,3.33391159449139,6.88319296032275,-0.911565431341223,93.3851234152738,9.8717844161473,3.47241184630795,3.47241184630795,"Higher prior GPA"
2401,3.57717072225193,7.68173355117501,0.538544821913817,84.9385965922385,8.22147969336371,3.43643205076748,3.43643205076748,"Higher prior GPA"
2402,3.52919254610143,7.88112042216395,1.18014246902338,63.5616343995345,11.5945293017642,4.34101934439152,4,"Higher prior GPA"
2403,3.00501231693703,6.36224460169449,-1.4570973211515,81.8851046032529,7.91327599845661,3.13266741558994,3.13266741558994,"Middle prior GPA"
2404,3.42161283951142,6.6805773741212,-0.713081514471125,80.8655359964634,7.80458680407243,3.55615632020852,3.55615632020852,"Higher prior GPA"
2405,3.62160179382705,7.44106280735505,1.54282203714887,82.6018704710467,7.06991012320786,3.19388532845522,3.19388532845522,"Higher prior GPA"
2406,3.3677930608329,7.77120055583792,-0.265699822833821,75.570466221027,10.1181161936941,4.0678578696033,4,"Higher prior GPA"
2407,2.92888392296846,6.30678085879512,0.229092925092102,69.5357682138741,11.9606091970065,3.44342718942493,3.44342718942493,"Lower prior GPA"
2408,2.63760991407561,6.59791423708293,0.989665597939977,78.6374770038507,16.6151576125532,2.86371211979499,2.86371211979499,"Lower prior GPA"
2409,3.01757043717789,8.22508542177204,-0.337485859015138,84.6399675600079,8.03628130621461,2.93354042095463,2.93354042095463,"Middle prior GPA"
2410,3.40673780427078,7.49319181886076,0.573916897134994,68.6755927882221,10.6326206170786,3.55639283548242,3.55639283548242,"Higher prior GPA"
2411,2.56871892457932,5.91170596736518,0.898873446557972,68.6752282285835,17.761502724544,3.75079468955676,3.75079468955676,"Lower prior GPA"
2412,3.28714873234325,6.5108775464766,-0.527145142404554,77.4556004196418,8.99619829480416,3.21272067447854,3.21272067447854,"Middle prior GPA"
2413,2.87160547992237,5.39571610552866,-1.11364617131629,80.760522128583,10.9778072692351,2.87463186935874,2.87463186935874,"Lower prior GPA"
2414,3.56384959278875,6.19045109379844,1.38247638364315,74.9094671593231,7.5007874658972,2.96419319586097,2.96419319586097,"Higher prior GPA"
2415,2.48964714041467,6.88084841490023,-0.61666334258926,83.2977204311541,11.442582041523,2.95478163078761,2.95478163078761,"Lower prior GPA"
2416,3.41880856692389,6.38647881282852,-1.72303433778559,87.503642301105,4.03718588761679,3.0120930934299,3.0120930934299,"Higher prior GPA"
2417,3.22566419161808,7.19757147272985,-1.70295022555912,77.9421831121965,7.60903695274081,3.0434589433342,3.0434589433342,"Middle prior GPA"
2418,2.9331398685233,6.63385077295166,-2.18589370126731,82.3090610671544,9.44433207917131,2.62224422370203,2.62224422370203,"Lower prior GPA"
2419,3.51989871774735,7.13392379714775,-0.682546036911603,69.7400125811958,9.14889941278148,3.32446485210353,3.32446485210353,"Higher prior GPA"
2420,2.52724250325627,7.33286568995826,1.34100712880768,73.1284858860198,15.3462033587866,3.08514621082526,3.08514621082526,"Lower prior GPA"
2421,3.00255485502576,6.90871158834949,1.60109297090875,76.0019943964103,12.4694189570849,3.35423711240765,3.35423711240765,"Middle prior GPA"
2422,3.8557612772523,8.18618670752444,0.0657511897286686,80.2427808253444,8.12489961552407,3.67542466508462,3.67542466508462,"Higher prior GPA"
2423,3.21480719702573,6.02541341654739,0.453585958697888,76.5454419314016,9.64975125345679,3.33036312203282,3.33036312203282,"Middle prior GPA"
2424,3.16051823042608,7.944377401931,-0.268949370173438,79.1812096002448,11.5152385392673,3.35661137251253,3.35661137251253,"Middle prior GPA"
2425,3.48825042691078,6.49050013292662,-0.55124741690191,83.3297734539364,9.39948065911046,3.54383959140266,3.54383959140266,"Higher prior GPA"
2426,2.56800119278471,6.52628571880579,1.26877420931134,86.1075257712961,14.1852856147688,3.09696354945867,3.09696354945867,"Lower prior GPA"
2427,3.03878218157084,7.33374846649951,-0.442838068123278,74.3628869749976,12.1635731403911,3.93124473175442,3.93124473175442,"Middle prior GPA"
2428,2.73259817340714,8.64164039374172,-0.52292232685269,71.7660399278248,13.2142052570216,3.30780699281672,3.30780699281672,"Lower prior GPA"
2429,3.30324135849298,5.81384176480715,1.886796889158,63.3809826517659,12.934331192263,3.36201508685757,3.36201508685757,"Middle prior GPA"
2430,2.95844780056491,7.55157520904102,-0.493251637359137,79.609697326786,9.92629013648268,3.59051918239798,3.59051918239798,"Middle prior GPA"
2431,3.02880944295604,6.31815314850309,0.737861729540768,70.0056157961332,11.9455275869606,3.42159260631994,3.42159260631994,"Middle prior GPA"
2432,3.14865160200094,6.67937937999163,-0.285277213480532,78.1891244653341,9.74123081056656,3.29456797605098,3.29456797605098,"Middle prior GPA"
2433,2.92233946439089,7.9067141554054,-0.864092479302657,71.7045536211011,12.1286013069872,3.4261455080321,3.4261455080321,"Lower prior GPA"
2434,3.48399566488404,7.34885246684019,-0.604193431671353,75.3601624129625,8.57106862990316,3.07107767635354,3.07107767635354,"Higher prior GPA"
2435,2.99179943543568,7.45253358190412,0.904381754168638,63.1266854111581,11.6272429348034,3.34172819824988,3.34172819824988,"Middle prior GPA"
2436,2.75904668183657,7.68979445391357,-0.215169559926467,77.6170510456163,15.1770537881877,3.28694142185437,3.28694142185437,"Lower prior GPA"
2437,3.32660271468791,6.02182283670857,1.53087825634512,78.5312493824526,12.2080183575241,3.60832378605358,3.60832378605358,"Higher prior GPA"
2438,3.55158271599168,6.50282912907225,0.279555027054045,73.7241272244559,8.61398325714185,3.61226733904933,3.61226733904933,"Higher prior GPA"
2439,3.08219022663664,7.16323905874057,0.537401036542793,71.8335081601699,9.32067020546712,3.11041855322406,3.11041855322406,"Middle prior GPA"
2440,3.38619539483449,7.62285032863637,-1.12737650032958,68.876607090688,7.09777648501393,3.63385450521527,3.63385450521527,"Higher prior GPA"
2441,3.14266965422765,7.18964008514159,-1.90717508345913,81.7917859133697,6.71793248486943,3.13321482784686,3.13321482784686,"Middle prior GPA"
2442,3.26283662380479,7.93060079842907,3.18902655726722,67.9073550970619,10.8559452334389,3.15803033352032,3.15803033352032,"Middle prior GPA"
2443,2.94577263301125,5.8529072234112,-0.20814719712456,70.906680122883,13.3918402876779,3.89068660544195,3.89068660544195,"Lower prior GPA"
2444,3.72870997044446,8.01745267361806,0.651597715004351,76.9737644503744,6.936350464036,3.5408334477909,3.5408334477909,"Higher prior GPA"
2445,3.07059890275704,7.01198774886321,-0.0149939251307514,82.7517292076391,12.8265555943639,3.50988034687375,3.50988034687375,"Middle prior GPA"
2446,2.79034961119489,7.66454191014568,0.467352491136598,92.8505691781694,13.0281132917487,3.51785341180576,3.51785341180576,"Lower prior GPA"
2447,3.47565369740251,7.17397754955898,-1.36367598026528,90.576277688271,3.23195300964825,3.61100158176852,3.61100158176852,"Higher prior GPA"
2448,3.41418837323651,7.6829382323475,0.663107621512088,70.4358197840207,11.0825696158086,4.00923269345188,4,"Higher prior GPA"
2449,3.5851083922722,7.54394110233674,0.260013033715488,76.8347408921344,8.32247154795936,3.72197680063528,3.72197680063528,"Higher prior GPA"
2450,3.05580567092043,6.61743239957569,0.295146298185352,83.3318089593368,10.8578860083696,3.08462220761143,3.08462220761143,"Middle prior GPA"
2451,3.44135858254781,6.74841276404318,1.74141671537607,64.2976214747996,10.2474527703849,3.44061407455616,3.44061407455616,"Higher prior GPA"
2452,3.4661433563927,7.04835128386491,-1.35404596935006,72.2818041935745,8.35884981285279,3.14098145470424,3.14098145470424,"Higher prior GPA"
2453,3.51589164126384,5.79411972163968,-1.08911691874585,74.1970590823466,8.82215583659179,3.7305935396754,3.7305935396754,"Higher prior GPA"
2454,2.87151254687778,6.52489501121059,0.0890486513247025,73.1334747051254,13.3821770350485,3.58134590389515,3.58134590389515,"Lower prior GPA"
2455,3.55691887606548,7.44050384704475,0.789154121302162,82.235093506607,6.99706486026847,3.82272085777447,3.82272085777447,"Higher prior GPA"
2456,2.9598352440556,7.51875627499665,-1.52414243401497,79.899269619616,8.73202758538086,3.30830059234393,3.30830059234393,"Middle prior GPA"
2457,3.11904148278718,7.02292573789628,0.0687761600030337,79.3421128703131,11.7796486495898,3.97561129954156,3.97561129954156,"Middle prior GPA"
2458,2.63176183110235,7.64427219068513,-1.0687827171479,77.761055142498,11.6712818056543,3.16530243127062,3.16530243127062,"Lower prior GPA"
2459,3.34351607034614,6.68079329080921,1.50526815765168,71.8822285855101,13.684814438904,3.78264259166412,3.78264259166412,"Higher prior GPA"
2460,3.6540699170239,4.74840827629231,1.08665231808668,72.0253037728377,11.2656771256638,3.36581267405159,3.36581267405159,"Higher prior GPA"
2461,3.41659075876719,6.50046069817742,1.18179243163125,71.4673361676407,9.48287738789931,3.75200254727831,3.75200254727831,"Higher prior GPA"
2462,3.25821981839621,6.66264386385306,1.19020834977141,77.9280891801605,10.1911165248608,3.38680661804146,3.38680661804146,"Middle prior GPA"
2463,3.12688370264939,7.65373084913726,-0.429440918777414,74.1072839345699,10.9643310843621,3.13596144992252,3.13596144992252,"Middle prior GPA"
2464,3.52509451144732,6.62692621261614,-1.49504488737885,86.37429970721,4.30608574758588,3.64879721005318,3.64879721005318,"Higher prior GPA"
2465,3.59856498773607,6.13801184909559,0.240473290984754,80.1599369417026,7.18178287648663,3.60171577811469,3.60171577811469,"Higher prior GPA"
2466,2.96881967253266,6.4108706199901,-0.996891508617518,82.4726917095577,10.3432465348181,2.93201535974268,2.93201535974268,"Middle prior GPA"
2467,2.84696132229554,7.63089355479302,-0.681601243104268,77.6707723305686,11.6942618962516,3.30674773644192,3.30674773644192,"Lower prior GPA"
2468,3.23527560475843,6.62999309601997,0.245359888604397,63.0689508230316,11.2362676155749,3.4735743031546,3.4735743031546,"Middle prior GPA"
2469,3.2808206329771,5.55101601881069,0.312830471913462,77.6620682753758,9.75816431440563,3.55151256593775,3.55151256593775,"Middle prior GPA"
2470,3.09459223816198,7.38284888198978,0.298987836794052,79.0823953046366,11.5139044782989,3.43695813663474,3.43695813663474,"Middle prior GPA"
2471,3.07290750004938,7.8875054539482,-0.68940929018215,81.7320133406048,10.6160678052875,3.03883013119154,3.03883013119154,"Middle prior GPA"
2472,3.12880540263078,6.69006308600815,-2.65272257777641,77.6254954701748,10.2439630394798,3.20581317302877,3.20581317302877,"Middle prior GPA"
2473,2.34824745178729,6.93639445599507,-0.719808952252567,85.6956266491778,14.9475239812002,2.86524645857432,2.86524645857432,"Lower prior GPA"
2474,2.946506564784,7.49659662768551,0.97073641628863,78.6239078372331,14.5037637658711,3.40823660131198,3.40823660131198,"Lower prior GPA"
2475,3.05461927107927,6.46531439669005,1.09318136245682,72.675565422628,12.6082999989611,3.63661347611536,3.63661347611536,"Middle prior GPA"
2476,3.22413951992164,6.63360836621238,-0.334294658139792,75.644149435114,7.76081000500695,3.43095124940739,3.43095124940739,"Middle prior GPA"
2477,3.06292040205981,6.41964183144094,0.590784623735473,77.0338269157157,10.6846446190277,3.6687720887637,3.6687720887637,"Middle prior GPA"
2478,3.41825827474267,7.63635023221182,-0.855303972994698,70.8746745511513,12.5742891751089,3.92724881270076,3.92724881270076,"Higher prior GPA"
2479,3.19516278249319,7.44617844662364,0.927295163586331,73.4904216986764,8.45912464701139,3.30677493755215,3.30677493755215,"Middle prior GPA"
2480,2.85078427731188,6.77294897148292,-0.7027313052795,76.4347137715948,10.462697711183,3.42759292365125,3.42759292365125,"Lower prior GPA"
2481,2.87865828885295,6.47238822618396,-0.881480402492882,68.5741257644311,11.5673575293835,3.48484793554832,3.48484793554832,"Lower prior GPA"
2482,3.77744209607705,5.95438302563232,0.908673012305162,73.3067951000783,10.8793581754044,4.05318451549152,4,"Higher prior GPA"
2483,3.50056759816134,6.93488096844612,0.844883204392271,84.6641477592244,7.02390738215728,3.38512349177371,3.38512349177371,"Higher prior GPA"
2484,3.74983017551826,5.97748978122948,0.589325682670585,73.173055966285,7.1421841821062,3.61489908767249,3.61489908767249,"Higher prior GPA"
2485,2.47113738033089,7.1055027998789,-0.668059217520203,73.0367376466398,12.5927133679184,3.20154040639726,3.20154040639726,"Lower prior GPA"
2486,2.93342613351311,7.9519726404065,-1.36959837287549,68.8120246277972,10.9813452655327,2.94648810579126,2.94648810579126,"Lower prior GPA"
2487,3.39192858731752,6.63213715503129,0.116290303448587,84.0733995011871,11.0447036654912,3.62599099762755,3.62599099762755,"Higher prior GPA"
2488,2.62943656478519,6.16725016958962,-0.740912775899663,66.8718908137197,13.7810536993328,2.70240504077326,2.70240504077326,"Lower prior GPA"
2489,2.55039442210644,7.60143130149401,-0.803262180127535,78.0933139583185,12.8741878581063,3.22386245750864,3.22386245750864,"Lower prior GPA"
2490,3.52557034108624,7.87226185548094,-0.109148203646399,93.9275259879089,6.67714302416946,3.31078739622886,3.31078739622886,"Higher prior GPA"
2491,3.19617017023884,7.28396899047405,-1.97121459736955,73.8161518086359,7.82398659130561,3.04814840724651,3.04814840724651,"Middle prior GPA"
2492,3.48597714304635,7.16183309297668,1.78720891066263,73.2628261365362,12.952825941039,3.64989302212305,3.64989302212305,"Higher prior GPA"
2493,3.08568067402497,8.3864148664571,-2.41366900906962,99.3776322301201,9.37474497390197,3.09842768624562,3.09842768624562,"Middle prior GPA"
2494,3.14597057779808,7.56036726832871,0.79889348392162,62.5580691494143,12.5896370460776,3.55460816250838,3.55460816250838,"Middle prior GPA"
2495,2.96816915695222,6.96856619864117,-1.36165990062439,77.0309320481162,9.29954352531834,3.14977005482959,3.14977005482959,"Middle prior GPA"
2496,3.00460971676735,6.78039182112197,0.761447921924752,68.9619440446537,12.5165214352078,3.56166843527093,3.56166843527093,"Middle prior GPA"
2497,3.236010359795,8.26106771279381,-1.1494277474866,75.7343197062722,10.6739858127696,3.77147568548608,3.77147568548608,"Middle prior GPA"
2498,3.01336188453874,7.78421488756353,0.943139875471346,71.7828677311526,12.8225089487536,3.21162327376197,3.21162327376197,"Middle prior GPA"
2499,3.31603092201714,7.4756416091204,-0.417957781362025,78.1050278638436,10.8057997272149,3.61641351240299,3.61641351240299,"Higher prior GPA"
2500,3.64623251594248,7.14232593956701,1.48239691542387,81.0549185032526,7.40532811900658,3.41869477702244,3.41869477702244,"Higher prior GPA"
2501,2.37962600122975,7.33325024222102,-0.492847017249259,75.5783651756898,14.8844487843911,3.01432206111769,3.01432206111769,"Lower prior GPA"
2502,3.18392074867614,7.4273648736182,-0.580090350991284,74.736593380959,10.0150313561758,3.39707834695536,3.39707834695536,"Middle prior GPA"
2503,2.97413433079919,6.87363844256945,-0.341835467164122,70.0215618100892,10.1847055038348,3.32035558771133,3.32035558771133,"Middle prior GPA"
2504,2.904273981335,5.99717963679424,1.24103935191721,62.3030741539023,13.604590022293,3.24939116637851,3.24939116637851,"Lower prior GPA"
2505,3.61705890296436,6.4344113326977,-2.56090769792731,88.5246182721691,5.25135242636956,3.05710121607418,3.05710121607418,"Higher prior GPA"
2506,2.49515384968162,8.43025001410628,0.159193100715003,62.9124169631446,18.6775371316499,2.79851919597318,2.79851919597318,"Lower prior GPA"
2507,3.29786286012322,7.24330858505787,0.912460188886651,63.3332674138099,13.8074995288028,3.88303650474566,3.88303650474566,"Middle prior GPA"
2508,3.36475724107176,7.66235540874912,1.19142291499995,78.1536497667793,10.7639387644569,3.57040308189676,3.57040308189676,"Higher prior GPA"
2509,3.50246150296624,8.4493959633656,-0.903053820384854,77.3560644461023,10.2915272797166,3.86921539858297,3.86921539858297,"Higher prior GPA"
2510,2.90182217076176,7.71877882951664,-0.351980698912622,83.563470218078,11.560024250884,3.29096782679265,3.29096782679265,"Lower prior GPA"
2511,2.94177060461784,6.2494639830556,1.9110128735908,76.2033923042934,11.5729510246795,3.49485331422867,3.49485331422867,"Lower prior GPA"
2512,3.0854496887057,7.05977003869324,1.45382782314608,66.893853787528,10.8778584063454,3.3865815654771,3.3865815654771,"Middle prior GPA"
2513,2.72325841504401,8.31515462487675,0.256020033725564,76.3379792156012,14.466378742935,3.43126281911975,3.43126281911975,"Lower prior GPA"
2514,2.89280585827678,6.56039696779688,1.26988731680177,75.7117022417908,11.1895777154318,3.14576506514916,3.14576506514916,"Lower prior GPA"
2515,3.0512868471417,7.01875491296734,0.22380472555432,75.5276665632639,12.8276420647709,3.3391480422967,3.3391480422967,"Middle prior GPA"
2516,2.7790957968261,6.59329126500921,-0.37156080147767,73.2622620269916,9.8968611859616,2.95202582306745,2.95202582306745,"Lower prior GPA"
2517,3.50220358722604,6.19695124008115,0.962216389298396,75.1014026557702,8.87990852725272,3.57625195354357,3.57625195354357,"Higher prior GPA"
2518,2.78752045165012,7.9932020962365,0.867206085800077,71.1859811336045,13.8617290179109,3.21254339653576,3.21254339653576,"Lower prior GPA"
2519,3.8288610390697,5.87557920149942,0.333095881886304,79.7479638700547,8.23984291190009,3.73950827567951,3.73950827567951,"Higher prior GPA"
2520,2.96402755219219,7.17579521412979,-0.5082949628943,72.7069481951994,9.67216283680407,2.94963488930077,2.94963488930077,"Middle prior GPA"
2521,3.42880236974369,6.81574550351139,2.72222200144517,68.789176174428,11.2434892121172,3.32150814437043,3.32150814437043,"Higher prior GPA"
2522,2.43040432040676,8.16416129499168,-0.969939169391857,70.9339197859943,15.039166966564,3.00992484374073,3.00992484374073,"Lower prior GPA"
2523,3.53247602925924,7.02147439185394,-0.210276146953962,85.3823880968108,7.51602311635581,3.61589366897976,3.61589366897976,"Higher prior GPA"
2524,2.94258254405463,6.51002363603749,0.23105972142645,66.9611888051763,12.5757572019474,3.71258780067968,3.71258780067968,"Lower prior GPA"
2525,2.6276402986378,8.18746467224211,0.557500688792857,72.3377660681663,16.2011467286656,3.01882134787352,3.01882134787352,"Lower prior GPA"
2526,2.51763730285152,7.29410088396136,-1.21662259886117,81.2799706781876,13.2330023778884,2.86930291286437,2.86930291286437,"Lower prior GPA"
2527,3.34547015046566,7.96761049046448,0.72785777996597,68.0498205795291,8.18124678944591,3.35069045764288,3.35069045764288,"Higher prior GPA"
2528,2.27224706883371,6.90994186219585,-0.148146087406768,73.8117911681412,15.0461742188832,2.91274985322809,2.91274985322809,"Lower prior GPA"
2529,3.19723699388185,7.77039486298661,0.327913232399841,70.8971886137996,11.26988662454,3.28377744235498,3.28377744235498,"Middle prior GPA"
2530,2.48772180982452,6.44227607735421,-0.0310915716449878,79.9311886313746,16.6083378004034,3.36110384179087,3.36110384179087,"Lower prior GPA"
2531,3.50291770792852,6.96206936014156,0.155130011955447,73.7579276668555,9.87204235733911,3.63598275431348,3.63598275431348,"Higher prior GPA"
2532,3.18235509298021,6.73021943435829,-0.837135487187767,75.2672568620401,8.67049332957965,3.18476195475557,3.18476195475557,"Middle prior GPA"
2533,3.33369330786716,7.96605559241939,1.0102697993393,70.0103585040151,11.9289947829801,3.79933741455403,3.79933741455403,"Higher prior GPA"
2534,3.1779360236988,6.30899501123795,-2.11095222216073,75.2308995182126,11.9807022432583,3.24656175171948,3.24656175171948,"Middle prior GPA"
2535,3.34426942622224,5.70949548371439,-0.489921510378063,100,8.52893676602675,3.0197927600666,3.0197927600666,"Higher prior GPA"
2536,3.6073935047057,6.58085664113016,0.255748200965538,92.7641951570512,5.05942287988525,3.68072162370144,3.68072162370144,"Higher prior GPA"
2537,3.05418888025329,7.71244464230654,-2.05698730303096,82.9848081337522,9.37525918449825,2.92374100821651,2.92374100821651,"Middle prior GPA"
2538,2.97362074371583,7.33191184589,0.374035011051011,78.2118761825496,9.39314389741508,3.20642228464245,3.20642228464245,"Middle prior GPA"
2539,3.51130303505164,7.06516490317625,0.988984345796694,71.3176865623033,6.8784304120472,3.48104635694914,3.48104635694914,"Higher prior GPA"
2540,3.09900467992229,6.98283397918072,1.30750220782452,58.2863634722566,12.4498552486227,3.4258341491129,3.4258341491129,"Middle prior GPA"
2541,3.60250189613726,8.23597903529782,0.904850522109192,80.6377371395156,8.87383797178007,3.94918108085959,3.94918108085959,"Higher prior GPA"
2542,3.25457061211621,8.73181411830387,-0.084419368716522,78.9662986433957,11.0357893220139,3.66340435484302,3.66340435484302,"Middle prior GPA"
2543,3.77953435034404,6.44866208684265,1.20206792490413,71.5177348741895,6.37950815201595,3.6125514037705,3.6125514037705,"Higher prior GPA"
2544,3.75739163477991,6.57345200255927,-0.0586822560643037,79.0332919446396,6.31248257319555,3.57921380831976,3.57921380831976,"Higher prior GPA"
2545,2.54948671291303,7.43850819318568,-1.0310263158556,64.589930763542,14.6673463464031,2.91990012592779,2.91990012592779,"Lower prior GPA"
2546,3.12131164011405,7.72936342641968,-0.192151564244617,87.4791585421536,12.7791012522583,3.61065074876749,3.61065074876749,"Middle prior GPA"
2547,3.62705418557004,6.96173801443353,0.241164970398095,76.6363267296496,7.27378424414739,3.89486977724039,3.89486977724039,"Higher prior GPA"
2548,3.46887385542792,6.9290953401273,1.00290728720687,87.3370564798925,8.27669394927756,3.3732762660346,3.3732762660346,"Higher prior GPA"
2549,2.81182042907583,7.4128401621252,0.972950599744843,69.2175545136151,14.0166798308289,3.70475613519724,3.70475613519724,"Lower prior GPA"
2550,2.88231523061646,7.57937551659276,-0.743297609763442,67.2425350354679,12.2152833074046,2.88161728304303,2.88161728304303,"Lower prior GPA"
2551,2.68434078500758,7.18063591080337,-0.576255148380973,78.2397912137536,11.6992308918021,2.85149621518593,2.85149621518593,"Lower prior GPA"
2552,2.87292252873656,5.25323363005773,0.0181056452854091,66.2287810208331,15.9442102027027,3.48269810965725,3.48269810965725,"Lower prior GPA"
2553,3.11450908000806,7.60086029475749,-0.519132263363297,77.8224120362372,9.94337955617847,3.42279185134819,3.42279185134819,"Middle prior GPA"
2554,3.27514364793029,6.36520045771175,0.487191742995068,88.0802390541417,10.749116754472,3.7778377438178,3.7778377438178,"Middle prior GPA"
2555,2.69531129764569,6.040064408642,-0.548700923132476,63.3966927092286,12.6200615229387,3.00024260454435,3.00024260454435,"Lower prior GPA"
2556,3.46983887057582,7.47227918891263,0.345755920055096,64.5074945051983,11.9227170362419,3.66224395582232,3.66224395582232,"Higher prior GPA"
2557,2.37394365869433,7.50510462505543,-1.05299496684852,73.8737095239576,13.4467054632674,2.61852156729875,2.61852156729875,"Lower prior GPA"
2558,2.92147497265393,6.35958499479278,0.0148021676146743,69.6390341551693,13.7522223272959,3.23008941048128,3.23008941048128,"Lower prior GPA"
2559,3.20561853426384,7.35253559775152,-1.71452425916649,94.6110522089627,8.22757076302441,3.62494876548479,3.62494876548479,"Middle prior GPA"
2560,3.35452360934137,7.75249374901669,-0.622755358531144,78.9214604921434,8.88533883674595,3.85614651179234,3.85614651179234,"Higher prior GPA"
2561,3.04755515163422,7.40183591270745,1.29890109168733,55.9061853837126,11.4916737410103,2.51755437377946,2.51755437377946,"Middle prior GPA"
2562,2.95372455732078,6.17965360411882,-1.72573179525276,66.9433718582249,10.6514097907425,3.39078883855319,3.39078883855319,"Middle prior GPA"
2563,3.26363769490453,7.23403273136402,1.83456891684571,66.0246529876784,11.7846415750095,3.49193282697509,3.49193282697509,"Middle prior GPA"
2564,3.35023686316771,8.23642475076244,-0.248930040918432,91.3320517911986,11.6940313649154,3.65715097536194,3.65715097536194,"Higher prior GPA"
2565,3.01318078529979,6.18390293106422,0.0369082699821317,83.6931555254489,10.1635173250642,3.7988149029635,3.7988149029635,"Middle prior GPA"
2566,3.37294780827663,7.0233034364416,0.0786264985689136,72.417845369259,9.50977698358514,4.00096761009754,4,"Higher prior GPA"
2567,2.54700198970898,6.98893738966908,-1.59532202494317,69.754043517409,14.7186569483279,2.9535249481703,2.9535249481703,"Lower prior GPA"
2568,3.61125396944872,8.2466684340709,-0.862076642219963,86.1263676122626,5.98602547323257,3.53064848513265,3.53064848513265,"Higher prior GPA"
2569,2.89902944483068,6.2197107101975,-0.300800160764737,79.2515041523768,9.43319527291657,3.17256324921876,3.17256324921876,"Lower prior GPA"
2570,2.8600740819453,6.78977952559468,-1.03071557126873,73.2313532253563,13.5305692337431,3.41325351576462,3.41325351576462,"Lower prior GPA"
2571,2.99671799654736,8.5189909448322,-1.07960699708684,72.2554272903605,13.6413352245885,3.70490337376232,3.70490337376232,"Middle prior GPA"
2572,2.84596644827071,6.58284214103895,0.0739099487455246,76.1888713249641,13.377622101593,3.3543957084694,3.3543957084694,"Lower prior GPA"
2573,3.35245090011487,8.42359248147422,0.753602569222323,86.6280565534391,11.1021183724044,4.3004530465131,4,"Higher prior GPA"
2574,2.92437761455593,5.75959914787929,-0.0523873798211165,81.5114445203976,10.2680254246906,2.69983144098196,2.69983144098196,"Lower prior GPA"
2575,3.02622221195724,6.82194978660814,0.63240150255974,73.2466883338581,10.1114480546561,3.16200218444407,3.16200218444407,"Middle prior GPA"
2576,2.92826418601448,6.83268796622085,-0.720548293699184,77.870096002913,9.13864911362361,2.94295430118256,2.94295430118256,"Lower prior GPA"
2577,2.89012455049115,6.29824037153254,-0.173501822287806,70.2224271179242,13.1487606236476,2.93761340292363,2.93761340292363,"Lower prior GPA"
2578,3.11295272914022,6.6652545546333,-1.20975852430414,80.9702096249779,12.4007091909904,3.50491266320401,3.50491266320401,"Middle prior GPA"
2579,3.14651515208417,4.75384113945732,0.150204740155632,77.0077623577489,15.2561503594571,3.91958971615728,3.91958971615728,"Middle prior GPA"
2580,2.60135631148312,8.1897147565387,-1.1168336170594,79.5629764657591,14.5445786205164,2.9261927987203,2.9261927987203,"Lower prior GPA"
2581,2.91315218555196,8.10459028965678,-0.197323136348726,74.8653234082525,10.7876002081785,3.09707257704072,3.09707257704072,"Lower prior GPA"
2582,2.92261244775225,6.30277299859012,0.520835667291628,67.7301062202038,14.6442870619596,3.45581233796697,3.45581233796697,"Lower prior GPA"
2583,3.26737444704163,5.65497214045088,-1.35579867483797,74.80134657449,12.2943452001679,3.35192848269086,3.35192848269086,"Middle prior GPA"
2584,3.58884809739392,7.163588103543,-1.42888052940949,81.1598429847432,10.1472908451598,3.81361644691464,3.81361644691464,"Higher prior GPA"
2585,2.66070910287774,6.8024424280247,0.362405686147158,71.3567578860772,13.0679817781128,3.29939513441997,3.29939513441997,"Lower prior GPA"
2586,2.72312659211558,5.50059155731203,0.197646134132616,77.5287043016551,13.7593430153399,3.2218943936125,3.2218943936125,"Lower prior GPA"
2587,2.49306630266281,8.47722507889104,-0.717146806145697,74.0910336973416,14.1376641171857,2.97582610621241,2.97582610621241,"Lower prior GPA"
2588,3.23328685714518,5.89687867971042,0.243634557439258,80.638334339164,10.682521885616,3.66216259695888,3.66216259695888,"Middle prior GPA"
2589,2.48811424140768,4.66835982422499,0.641247222684283,69.3405224302674,19.6221345939034,3.0572438650694,3.0572438650694,"Lower prior GPA"
2590,2.57385322784226,6.93503049102634,-0.129387449918271,79.1136176308831,11.8429594505626,3.19131790390307,3.19131790390307,"Lower prior GPA"
2591,3.15798661376294,5.95566229735653,2.19287925651809,67.3111469536128,11.5001950158128,2.91749968515432,2.91749968515432,"Middle prior GPA"
2592,3.29052338559452,7.93561463533421,-0.963779169946737,81.3444038473651,11.2172903370509,3.40453196432658,3.40453196432658,"Middle prior GPA"
2593,3.15107585575511,7.34726456290771,-1.28452473293206,68.336292474865,9.39123081915153,2.76415550548504,2.76415550548504,"Middle prior GPA"
2594,3.49331273728256,8.45553995407196,-0.169484059503394,83.0420393012323,9.17354069547021,3.7711687492139,3.7711687492139,"Higher prior GPA"
2595,2.88267185829744,6.04513257982324,1.2913666442758,77.465162623599,15.3942270986385,3.48471491361218,3.48471491361218,"Lower prior GPA"
2596,3.38533623759438,7.27144075754736,-0.713910216450498,77.5802912300523,10.5938034382594,3.6459600370304,3.6459600370304,"Higher prior GPA"
2597,3.50209650163429,7.42775287394066,-0.41678183159704,61.0094549810587,9.68779306252843,3.8091443563291,3.8091443563291,"Higher prior GPA"
2598,2.58371962246631,6.48950180554969,-0.0152835627346647,65.5588081379386,16.121965465187,3.66079829619883,3.66079829619883,"Lower prior GPA"
2599,3.12982456587799,6.9370791681587,-0.78905139462172,80.8545284626935,9.76396699026672,3.43986993341128,3.43986993341128,"Middle prior GPA"
2600,3.35457943384165,6.56406828585723,0.262745032213627,73.3207634681678,10.8549244177411,3.55055426543745,3.55055426543745,"Higher prior GPA"
2601,3.01708660995498,7.5028368492365,-0.0358464049843732,73.3694347328871,13.320087997256,3.27064764005566,3.27064764005566,"Middle prior GPA"
2602,3.06563291409304,5.83726801156934,0.741408445573074,83.2601311494157,10.799693965437,2.94190777319609,2.94190777319609,"Middle prior GPA"
2603,2.84536362156427,7.28927321737847,0.184693195473341,76.9019617745109,14.8681793603037,3.90976549206718,3.90976549206718,"Lower prior GPA"
2604,3.19453365954812,7.3296208824213,-1.76328726277187,85.2169555630899,8.62781749523999,2.99005616421767,2.99005616421767,"Middle prior GPA"
2605,3.31115126878088,7.18953068984518,-1.66290544638074,87.395670607064,6.41326917710539,2.91369761400691,2.91369761400691,"Higher prior GPA"
2606,3.75888574555718,7.44029977243129,-0.4860374444688,81.8011712098101,3.68388263609324,3.61824766582636,3.61824766582636,"Higher prior GPA"
2607,2.42153014334473,8.12641780339095,0.0474391234585064,84.8581665856261,15.2019867334558,3.12121571996651,3.12121571996651,"Lower prior GPA"
2608,3.42734927859532,7.40490698433332,0.329927762008737,65.6188115148481,9.19277286688736,3.46409053732732,3.46409053732732,"Higher prior GPA"
2609,2.50324914265062,8.1959836477062,0.467328617852873,76.6403689887789,15.5613590031447,2.98459656846367,2.98459656846367,"Lower prior GPA"
2610,3.64884604273314,7.61019253690695,0.510330867480861,68.4915261793539,8.8394214703485,3.46503633212016,3.46503633212016,"Higher prior GPA"
2611,3.12414555175997,5.7861956266924,-1.45156168218787,71.2702898384621,7.71804585943518,3.01869988495897,3.01869988495897,"Middle prior GPA"
2612,2.63961938945553,6.57324229085759,-0.330566064850681,66.674951070607,14.7508170203249,3.19199120959813,3.19199120959813,"Lower prior GPA"
2613,3.08190389352558,6.38451645250621,1.01433352289738,76.6478807865532,11.323663356071,3.19104701799618,3.19104701799618,"Middle prior GPA"
2614,2.51759731695979,6.95172130149975,-0.803488074555522,67.7724861846883,12.3803667203713,2.83124563414453,2.83124563414453,"Lower prior GPA"
2615,3.22470222515564,5.66179619650315,0.222093846415648,78.7583847283546,11.0203876163426,3.33009051525963,3.33009051525963,"Middle prior GPA"
2616,3.18438523454322,7.26808192534225,-2.12708825342843,82.696729130726,6.25300533972494,2.93305773509354,2.93305773509354,"Middle prior GPA"
2617,2.66245042974653,7.3127705850445,1.5429465045906,59.6377412401209,15.4516392776937,3.17469286402345,3.17469286402345,"Lower prior GPA"
2618,3.60605256218249,6.9709907783489,-0.675177375897907,84.2032190162668,5.67681204066362,3.5735683153607,3.5735683153607,"Higher prior GPA"
2619,3.15768192355767,5.8527865847726,-1.87849824981804,77.5899264881528,10.7675826800951,3.09738891582539,3.09738891582539,"Middle prior GPA"
2620,3.53561480308869,7.16006441168278,-0.688676709754067,97.0243027585918,6.91043883282859,3.70446269642462,3.70446269642462,"Higher prior GPA"
2621,3.27208390155985,6.11988102433843,0.0723717141100736,84.1439766245686,11.4287827542057,3.7193169713999,3.7193169713999,"Middle prior GPA"
2622,3.09913815491154,7.34646613697627,1.01010156052167,68.959255341051,13.1072003929968,3.60244261408039,3.60244261408039,"Middle prior GPA"
2623,3.06644588935106,8.04424620338156,0.500504508480151,70.0868131831703,13.9105600692507,3.24481864507467,3.24481864507467,"Middle prior GPA"
2624,3.31084389311482,5.44113893693252,0.518489734836304,86.7120440559372,9.09741253239733,3.23788365190593,3.23788365190593,"Higher prior GPA"
2625,3.33726763111341,5.95846768557953,1.1635521807163,68.4983536988243,12.0434787268583,3.44814390362712,3.44814390362712,"Higher prior GPA"
2626,3.3056400361708,7.00013192914607,0.621056699978249,81.0730391918637,10.6413268195001,3.47882727951382,3.47882727951382,"Higher prior GPA"
2627,3.28850938825665,8.32012928456683,0.308145031563062,77.9648416131684,12.5947686792556,3.22875643666999,3.22875643666999,"Middle prior GPA"
2628,3.55561769298714,7.62492940831097,-1.7136392922961,86.1426117754632,1.23409567616658,3.41336028802941,3.41336028802941,"Higher prior GPA"
2629,2.85667207641737,8.24733381840239,1.20759534094788,64.2506087008997,15.465143871995,3.26481663645613,3.26481663645613,"Lower prior GPA"
2630,2.98938915189806,6.68455613304468,-1.47619581807825,62.8915935421552,10.7422735113696,2.98617665014532,2.98617665014532,"Middle prior GPA"
2631,3.16649061814952,6.57746014011408,-0.219383909422233,69.117703125328,8.04391894807387,3.38711313547761,3.38711313547761,"Middle prior GPA"
2632,3.28496714165228,7.13552304935998,-0.0354984509849304,75.0875531784728,10.9934571283093,3.47798656359845,3.47798656359845,"Middle prior GPA"
2633,3.42849450026121,6.91845039353318,1.00196851793012,66.5788203474727,10.8774887364924,3.2012243014068,3.2012243014068,"Higher prior GPA"
2634,2.67756284544934,6.35400983180453,0.650607870874233,65.7685140686581,16.7272561467862,3.41296516452197,3.41296516452197,"Lower prior GPA"
2635,3.1157090442043,6.62201823429411,-0.435934961217437,84.1312121326057,7.95489989747057,2.55741002472657,2.55741002472657,"Middle prior GPA"
2636,3.52804463293295,6.48544223370115,0.430791173972271,75.4045722925125,8.86225389784372,3.74033975987974,3.74033975987974,"Higher prior GPA"
2637,2.65938310672268,5.65698320808199,-0.503079643017581,72.8284732947948,15.3451905059669,3.20155817633538,3.20155817633538,"Lower prior GPA"
2638,3.04675062455261,7.72015874811204,0.528533815557871,74.6358467718662,13.431368464159,3.99217350014189,3.99217350014189,"Middle prior GPA"
2639,2.37161259175957,7.65654044160167,-1.52165771435578,60.8989616170416,16.0900629476378,3.1625157215332,3.1625157215332,"Lower prior GPA"
2640,3.67177181236822,5.61438988526894,-0.410722847684806,71.1758142966061,10.5555232210434,3.802776819315,3.802776819315,"Higher prior GPA"
2641,3.51931984218725,5.14779623008017,-0.096727175531905,83.7303101164222,9.42769685556014,3.82018322119197,3.82018322119197,"Higher prior GPA"
2642,2.91947650123566,6.97238502633115,0.78953088969008,73.5393553638062,14.2613967982248,3.4751844339209,3.4751844339209,"Lower prior GPA"
2643,3.6997465069866,7.10355541432738,-1.0594095751181,92.0684367199451,5.61160878532728,3.43722635014056,3.43722635014056,"Higher prior GPA"
2644,3.00947868251536,6.75949816928247,1.03654947414836,72.4134206418053,12.9554428880942,3.25855061518874,3.25855061518874,"Middle prior GPA"
2645,3.17905306865147,7.02056870203096,0.188348330521491,82.1020898987067,10.1115595740875,3.56673344055689,3.56673344055689,"Middle prior GPA"
2646,3.43177609350784,6.96306016843908,0.42998028617345,86.2720773756666,7.85655113942649,3.76556353163164,3.76556353163164,"Higher prior GPA"
2647,3.31347458412634,7.82647121473878,-2.1426328232062,81.247488203302,6.26179910726097,3.01040924554563,3.01040924554563,"Higher prior GPA"
2648,3.09440809975472,7.58207907920732,-0.682715371409311,59.0372444352869,12.1432473972958,3.20841244174453,3.20841244174453,"Middle prior GPA"
2649,3.1846205133024,7.11715074068797,1.34311787079729,75.2532487375509,11.519859596437,3.76127800782864,3.76127800782864,"Middle prior GPA"
2650,3.48265816648419,7.7303012509067,-1.00019463478944,68.99899311909,11.05517773108,3.50870345288943,3.50870345288943,"Higher prior GPA"
2651,3.2392377614479,5.49603963648647,-1.56128734603364,75.2266042675649,11.8766103392449,3.42316784440162,3.42316784440162,"Middle prior GPA"
2652,3.35636404996511,6.65056343331599,0.986827562786022,78.7312574203153,11.2006288140184,3.64842598034154,3.64842598034154,"Higher prior GPA"
2653,2.65447656982392,7.15890463901733,1.17811088907854,71.009621538315,12.356361437037,3.33953284457264,3.33953284457264,"Lower prior GPA"
2654,3.17000703055669,6.90937514608366,0.901793083040314,70.0285219727802,13.7890583482569,3.74026564356928,3.74026564356928,"Middle prior GPA"
2655,3.02543669063456,8.15997180569257,-1.83801040163407,80.9514638621088,12.8057126263147,3.46589926941683,3.46589926941683,"Middle prior GPA"
2656,2.502479767831,6.89078920785991,0.223615443803638,75.6766129812329,17.7956633851915,3.106607367887,3.106607367887,"Lower prior GPA"
2657,3.0455992063396,7.79880920697104,1.45507549104246,78.7207043885384,11.8737247342529,3.10087010446792,3.10087010446792,"Middle prior GPA"
2658,2.9737241611979,6.31896795897285,-0.292757481823687,72.2410223485553,11.2012706729698,3.17515284246543,3.17515284246543,"Middle prior GPA"
2659,2.98209487111943,7.40294799544629,-0.810876482925004,68.408345772581,12.0566426698815,3.06403124951734,3.06403124951734,"Middle prior GPA"
2660,3.51066985967121,6.40119580761896,-1.58395849419314,73.1583418237069,7.89671518731702,3.42297696613922,3.42297696613922,"Higher prior GPA"
2661,3.77945586207848,7.34326669891729,1.14373636555027,73.4794197227167,8.93335734636338,3.77152837315014,3.77152837315014,"Higher prior GPA"
2662,3.79142499149095,7.83437282462807,-0.869860249242156,79.6375715634043,6.44198957911967,3.44005044405674,3.44005044405674,"Higher prior GPA"
2663,3.26432116648648,5.44950574792083,-1.56020404213184,82.3278619773711,9.6506453305239,3.14515871020059,3.14515871020059,"Middle prior GPA"
2664,2.91000355653293,6.48734380323027,-1.37468390294091,67.7189472053167,13.1789181366664,2.64992881954938,2.64992881954938,"Lower prior GPA"
2665,3.79132156305546,7.44295357873629,-0.0808679114226704,93.7807284979246,5.9952654578309,4.01366380601043,4,"Higher prior GPA"
2666,2.93449805733796,6.91537064926315,0.255391814139806,79.139711444221,8.74162789783279,3.02811355633683,3.02811355633683,"Lower prior GPA"
2667,3.44063405289366,5.87050455528419,-1.4371840785758,85.5025431488163,9.88534605087597,4.04546115503647,4,"Higher prior GPA"
2668,2.95060190996562,6.94044522434568,2.33774664368711,74.8686116135493,12.966245264461,3.3203879784432,3.3203879784432,"Lower prior GPA"
2669,3.59428762446664,8.0293201808892,2.57540876919288,68.9573275394188,11.1741241248184,3.80519003901931,3.80519003901931,"Higher prior GPA"
2670,2.7707092298868,8.43773469565858,1.15517952761335,61.8140666402105,16.6017761684906,3.58342716928545,3.58342716928545,"Lower prior GPA"
2671,3.61621527804163,6.36812039641597,-1.05188439072394,74.3911212311268,5.44254146106368,3.51260583655358,3.51260583655358,"Higher prior GPA"
2672,2.9304126652983,6.95151405611112,-0.015144407053542,63.1276141794099,12.1776966599911,3.64312460810882,3.64312460810882,"Lower prior GPA"
2673,3.16500500967467,6.81720789705926,-0.446344519951774,86.8273162963339,9.92599658881703,3.16430208686385,3.16430208686385,"Middle prior GPA"
2674,2.73913972726729,7.57941091877196,-1.10643343630043,80.1623513708942,13.0036574099794,3.33188176920061,3.33188176920061,"Lower prior GPA"
2675,2.74132882285218,7.60691215561878,-0.890848930816522,72.5177159293578,10.2268179973492,2.77576389924161,2.77576389924161,"Lower prior GPA"
2676,3.50037113719987,5.18109121801408,0.104859093469837,75.9532714269097,5.2023841286328,3.38991791692717,3.38991791692717,"Higher prior GPA"
2677,2.60763099324773,6.25320992511361,1.18419663687743,64.7816965523258,15.5508626053992,2.8594511575788,2.8594511575788,"Lower prior GPA"
2678,2.94958676011981,5.60256531923842,-0.221019868567927,74.8172332634154,12.9018125117628,3.20907062291018,3.20907062291018,"Lower prior GPA"
2679,3.14239703697899,6.50325015019271,0.978158422985863,78.8320236482729,9.03660071741584,3.49150571661267,3.49150571661267,"Middle prior GPA"
2680,3.85635251560046,7.63108729873397,0.302071102564837,84.2612467130054,7.15718684419025,3.73405756121165,3.73405756121165,"Higher prior GPA"
2681,2.81452374871677,6.01421325048265,0.250474563792244,74.8759161818942,15.4813396117698,3.43861849895684,3.43861849895684,"Lower prior GPA"
2682,3.13985591637,7.73043722722373,-0.898996581401395,73.5848276263243,12.1266912851645,3.50134415113931,3.50134415113931,"Middle prior GPA"
2683,2.97406812510752,8.4704930570834,0.734321685679386,64.3456606698801,12.4887323195276,3.33655224388307,3.33655224388307,"Middle prior GPA"
2684,2.90866028695196,6.19766950141423,1.59782965587644,62.0063316437285,13.7772783588554,3.2645657921096,3.2645657921096,"Lower prior GPA"
2685,3.31244178849476,7.41419888938399,-1.20426603059884,84.4156291203539,9.13783350369869,3.52901773830744,3.52901773830744,"Higher prior GPA"
2686,3.69241066967701,5.78073320520735,-0.112072180613262,76.1786237584816,7.86344884504243,3.93788293067352,3.93788293067352,"Higher prior GPA"
2687,2.80751928309374,7.5336464771499,-1.78402558564966,68.4397991037834,12.5196209829567,3.53907286387868,3.53907286387868,"Lower prior GPA"
2688,3.33400989334256,7.2398389432237,-0.091793609107922,77.0598727150238,8.99255092802498,3.30719984249842,3.30719984249842,"Higher prior GPA"
2689,3.41298925108048,6.73886059830675,0.437903346863085,87.5501168589943,6.05042946276912,3.42098724428877,3.42098724428877,"Higher prior GPA"
2690,2.74159897828166,6.60098846940239,0.808046052149435,71.3307578611595,14.8223720346732,3.43515182050617,3.43515182050617,"Lower prior GPA"
2691,3.00553352192165,7.38281170382489,-2.57396195260823,85.5789666924978,9.08915822297453,3.44734055613169,3.44734055613169,"Middle prior GPA"
2692,2.71512591962623,8.08318307620622,0.206802269965075,77.3547993632875,13.6293488771278,3.10191060737297,3.10191060737297,"Lower prior GPA"
2693,3.2083154071956,7.31427624762719,2.0964827806409,67.956288442939,15.5751394751945,3.39254344762936,3.39254344762936,"Middle prior GPA"
2694,2.66972079510286,7.09651938875174,0.661424908462599,70.3013857804168,15.0369327425087,3.02233390348111,3.02233390348111,"Lower prior GPA"
2695,3.43669634509542,8.2031539144612,-0.0630068131501598,69.4658284119644,9.8970283590371,3.89146213184139,3.89146213184139,"Higher prior GPA"
2696,3.54597419000031,8.52786650570097,-0.231121750024956,78.3648289351635,11.0000189380403,4.14846877350333,4,"Higher prior GPA"
2697,3.71243459425517,7.03705780090698,0.221147462286385,77.3840962612405,8.22782918059661,3.63833902064297,3.63833902064297,"Higher prior GPA"
2698,2.7295804404487,8.66223915845876,1.15514956973479,74.3496602283446,15.5097593580988,3.23397745038364,3.23397745038364,"Lower prior GPA"
2699,3.10435277123132,6.12695409434703,-0.11209512430998,72.6677349143127,8.79457145538919,3.29909270760206,3.29909270760206,"Middle prior GPA"
2700,2.89893848425419,7.58262722287386,-1.49461785754178,75.4462876484612,11.9897344900826,3.40148018744384,3.40148018744384,"Lower prior GPA"
2701,2.98743105598216,6.63130734987936,1.73188771077452,74.3921136503116,12.8393172182511,3.10899626704956,3.10899626704956,"Middle prior GPA"
2702,3.47341157297212,6.19496777654103,0.413490185600692,77.9918658834037,8.27655585312533,3.8833061271081,3.8833061271081,"Higher prior GPA"
2703,2.96073617103997,6.14878052939923,0.302342943408737,81.1054163813835,11.3532408584719,3.13536191501665,3.13536191501665,"Middle prior GPA"
2704,2.63713402027972,5.42969389973215,0.00964992517531873,76.947956674859,12.8454600712984,3.49821056248088,3.49821056248088,"Lower prior GPA"
2705,3.25492353453077,7.96866427305254,0.548770528302124,64.0949044836661,11.4811203388115,3.68535831390613,3.68535831390613,"Middle prior GPA"
2706,2.83746522721374,8.71966381667315,-0.0598942748290694,80.9637086635797,14.9783180027081,3.63181003298331,3.63181003298331,"Lower prior GPA"
2707,2.66365139038042,6.98672616952182,-1.32907739767592,72.041044692754,12.9668050445382,3.04029306872464,3.04029306872464,"Lower prior GPA"
2708,2.75372552637943,6.52864962879747,-0.287803917819628,73.4224412213742,13.1891952198818,3.16973941909655,3.16973941909655,"Lower prior GPA"
2709,3.30464006422836,6.45653968075683,0.0897704527330694,69.1648700565095,9.18122078236899,3.43552552248064,3.43552552248064,"Higher prior GPA"
2710,2.85185466155686,8.04604135826508,0.620771491603052,63.9789740357863,12.8956110257496,3.29827825578685,3.29827825578685,"Lower prior GPA"
2711,2.62191461479399,6.03505284368363,-0.193034499672074,80.318684733704,12.2446717911337,2.91942009963684,2.91942009963684,"Lower prior GPA"
2712,2.8221039049741,7.67868617818492,0.566145503086079,71.5878935666275,12.8922050601946,2.91272184948253,2.91272184948253,"Lower prior GPA"
2713,3.21033027038912,8.48142499090676,-0.407379634360865,85.7259424868403,11.5746202514457,3.77048556620299,3.77048556620299,"Middle prior GPA"
2714,3.53373732719554,6.40298374263186,0.159160360674964,70.2203706238164,10.2232667530374,3.52825910971255,3.52825910971255,"Higher prior GPA"
2715,2.65995009367383,7.77446683414419,-0.793573731149889,80.2459658248501,14.2051401434833,3.15494284556424,3.15494284556424,"Lower prior GPA"
2716,3.26908597766719,6.11696181131056,1.59118127764048,81.0615893234812,12.1405432433551,3.8697172362401,3.8697172362401,"Middle prior GPA"
2717,2.32087514818697,6.51164460861152,0.286181658360205,64.1085161855826,18.4235908138446,2.65944727189991,2.65944727189991,"Lower prior GPA"
2718,2.53009024949811,5.7887135289675,-1.57810297633963,72.7655759950979,12.5678854776388,3.04483777129153,3.04483777129153,"Lower prior GPA"
2719,3.31368331684925,5.77106850136572,0.106548822445453,81.732613642765,11.1875430670178,3.72493410025898,3.72493410025898,"Higher prior GPA"
2720,2.88830035553614,7.08327382405513,-1.64077926113143,69.3618983374095,10.3989559773539,2.98142465237572,2.98142465237572,"Lower prior GPA"
2721,3.49076127966699,7.11384879325004,-0.125129238436645,74.9399918926585,7.13355496510793,2.87563830157904,2.87563830157904,"Higher prior GPA"
2722,3.19607533209819,5.11053676485731,0.842678141770641,62.0574337289155,13.0542267482912,3.0114000183588,3.0114000183588,"Middle prior GPA"
2723,3.24109397167691,6.54087835110346,2.00800441197889,67.8430157640797,13.6248943172916,3.56058972267059,3.56058972267059,"Middle prior GPA"
2724,3.36160000163995,7.33206188994097,0.306781786336429,71.3589238392716,6.73726098278195,3.2283918367703,3.2283918367703,"Higher prior GPA"
2725,3.36296147619074,7.25061815139165,1.98355012259957,73.3426928650695,9.50050869141132,2.73475263174413,2.73475263174413,"Higher prior GPA"
2726,3.02946419764407,7.82308305414617,0.441497538006027,73.1371846360233,10.8202893212059,2.77851655223416,2.77851655223416,"Middle prior GPA"
2727,3.57508372586513,7.45344587127179,0.219707238557079,76.5740870990128,10.5082374442012,3.90406169726794,3.90406169726794,"Higher prior GPA"
2728,2.85370352976795,8.05830807874638,1.08615471517783,63.1970805438702,16.295498287597,3.28723938138371,3.28723938138371,"Lower prior GPA"
2729,3.58788320073452,6.90128817880433,1.02028414315411,82.8475073264143,9.88658067475839,4.11020309867836,4,"Higher prior GPA"
2730,3.71094306454997,7.84424049442876,0.659184121537711,79.4538187978454,9.49454863870259,4.08171040095341,4,"Higher prior GPA"
2731,3.17884297568201,6.64289389141837,-0.730792885670671,72.743742000934,7.26530223868508,2.96122445739448,2.96122445739448,"Middle prior GPA"
2732,2.40390172572256,7.36192869215897,0.524676910828195,60.754793859905,12.675363642518,2.63644735447746,2.63644735447746,"Lower prior GPA"
2733,3.31628706201258,4.86227179127578,-0.292674286899333,72.3542349986845,13.6882662064449,3.66198534552291,3.66198534552291,"Higher prior GPA"
2734,3.65568907698538,6.55359044685286,1.47321487035473,69.7981254503932,8.84845543044783,3.5569393387899,3.5569393387899,"Higher prior GPA"
2735,2.53946925329064,8.71106423130662,0.52540345614786,65.9251805429963,20.0786599189668,3.73003528422128,3.73003528422128,"Lower prior GPA"
2736,3.0595465461348,7.02609845666518,-0.923345737019504,74.2676806381264,10.1700598598251,3.38030137131693,3.38030137131693,"Middle prior GPA"
2737,3.26636619887909,7.16412661779885,0.449244668927733,75.1336965600522,12.0277304880675,3.49193021196949,3.49193021196949,"Middle prior GPA"
2738,2.96705918302871,7.75998338071723,-0.17807071505857,64.7413688430352,14.2105207898509,3.95314848035499,3.95314848035499,"Middle prior GPA"
2739,2.6540951549213,7.79033877915453,-1.87531673073269,68.8288859862203,12.4013383225737,2.4109886139995,2.4109886139995,"Lower prior GPA"
2740,2.7564129555406,7.04122622612207,1.9460140051687,64.9430551179109,13.7710778643207,2.95682855161685,2.95682855161685,"Lower prior GPA"
2741,2.80272338992557,5.70151130788326,-0.876347904081264,71.313602251297,11.8803184096454,2.52039035281581,2.52039035281581,"Lower prior GPA"
2742,2.57678944927977,6.82147957150911,-0.525996689077099,69.2248397341238,14.620547786738,3.52660092205137,3.52660092205137,"Lower prior GPA"
2743,3.49131650649781,8.19622758273792,0.553626027121212,67.5482939443002,10.9481485132791,3.95910649621568,3.95910649621568,"Higher prior GPA"
2744,2.68258645317869,6.7286904878749,1.07037784373645,65.4729018427378,17.85354148292,3.71855704232793,3.71855704232793,"Lower prior GPA"
2745,2.90734491931561,6.10455193808901,-1.08991818038061,78.5421302646242,11.7080546562221,3.26212640570146,3.26212640570146,"Lower prior GPA"
2746,3.54778271265545,7.08641083338936,-0.526086119682759,80.1844395280741,5.76203754321044,3.37938736485011,3.37938736485011,"Higher prior GPA"
2747,2.9298170999736,6.25923003018427,-0.235180776753695,83.7928093147012,13.5675504508657,3.18960678550733,3.18960678550733,"Lower prior GPA"
2748,3.03955972397489,6.48513707990429,1.54349470849588,66.4559642513851,11.956559260334,3.05413775316143,3.05413775316143,"Middle prior GPA"
2749,2.98794588273468,5.85062712891698,-1.66697217234559,69.0001045661937,10.4472346140197,2.8078241694672,2.8078241694672,"Middle prior GPA"
2750,3.19328201124029,8.09827320153586,1.67192336198073,76.4870499217364,12.4565325746555,3.82328548788097,3.82328548788097,"Middle prior GPA"
2751,3.40707886617419,7.7314501188402,0.647801262383716,78.5403367731251,12.3041056514892,4.05528963515716,4,"Higher prior GPA"
2752,2.51142686470516,6.16739696738927,1.86134756668573,79.8767608656296,17.5343532043583,3.5320177599867,3.5320177599867,"Lower prior GPA"
2753,3.04931357301226,7.32884316907202,0.149129089052159,56.8075206699425,14.5713116769813,3.866894293788,3.866894293788,"Middle prior GPA"
2754,2.54092949320816,6.55779719568185,1.0583648674934,68.1981221392211,13.7433285080824,3.17209222254261,3.17209222254261,"Lower prior GPA"
2755,3.47781493945311,6.1042640663434,0.105925740238337,80.4027275602288,8.4532218046861,3.39263247714905,3.39263247714905,"Higher prior GPA"
2756,3.05757745908561,7.15738290218502,-0.0244809977298135,67.3702895600984,9.58518883714607,3.17333509389422,3.17333509389422,"Middle prior GPA"
2757,2.68108162041735,6.86867718458097,-0.842022418937626,66.8489980128915,11.5634483759516,3.17379839211779,3.17379839211779,"Lower prior GPA"
2758,3.75634346259625,6.07543760216336,0.453784663716268,88.4006467083059,3.4556125822521,3.66018545193722,3.66018545193722,"Higher prior GPA"
2759,3.44568813536744,7.0355031677703,-0.546015657855604,85.3306639098013,7.77796593250517,3.18236550316012,3.18236550316012,"Higher prior GPA"
2760,3.36265854740252,6.4605337166269,-0.259368789563933,88.9511453950476,7.09645670291321,3.24512088175755,3.24512088175755,"Higher prior GPA"
2761,3.16243560747794,7.70598806170144,0.239241240002901,74.5648733351127,14.5455451327853,3.37393010398024,3.37393010398024,"Middle prior GPA"
2762,3.6006872512014,6.49133983691625,0.415599361651827,80.5863174074414,8.52104003684164,4.05492698169462,4,"Higher prior GPA"
2763,3.6115904623913,5.9886468748172,0.710359424118074,70.7988474030432,10.0650043346441,3.6877553348362,3.6877553348362,"Higher prior GPA"
2764,3.39963828623667,6.72024083316319,0.542818478513274,82.1590432276342,9.08165269363327,3.45257152306575,3.45257152306575,"Higher prior GPA"
2765,3.18800962323099,6.4685746730153,-0.633844616666917,68.5404941704041,11.4749067790263,3.23081288510348,3.23081288510348,"Middle prior GPA"
2766,3.57239695430765,6.96774441187851,0.93649065927848,82.630548429063,10.6894752426672,3.60776152211633,3.60776152211633,"Higher prior GPA"
2767,3.24861584348679,6.3132745106829,1.05040911897006,72.1679145118501,10.5359364870241,3.35341801738968,3.35341801738968,"Middle prior GPA"
2768,3.2068853750332,7.79316474418627,-1.05422176276629,85.7914006588652,9.47018221782808,3.23630970777468,3.23630970777468,"Middle prior GPA"
2769,2.82175665265294,5.90413306378356,-0.774597889930642,82.7826701125302,11.88507035589,3.06457937216339,3.06457937216339,"Lower prior GPA"
2770,2.88679264188976,6.74838876723561,0.404636404489579,62.6446240752245,14.642851788114,3.15032025881014,3.15032025881014,"Lower prior GPA"
2771,3.75132312252422,8.50842999353917,0.812414803440737,68.3180245619342,13.4349712347811,4.23760772376661,4,"Higher prior GPA"
2772,3.57819621436853,7.67860820141935,-0.812018232580071,90.3974370768917,6.9174706044456,3.77666516398732,3.77666516398732,"Higher prior GPA"
2773,2.76939936013918,7.11490554982424,-0.0434666515373848,59.6590465207684,11.3571228896314,3.18086896538898,3.18086896538898,"Lower prior GPA"
2774,3.7359312940932,6.42450179743787,0.674726063054364,79.6392195194508,8.85892354529293,4.09042354565043,4,"Higher prior GPA"
2775,3.55605590454744,7.01605992797729,-0.839191532060624,84.5148812262319,6.77489491232936,3.71227243024017,3.71227243024017,"Higher prior GPA"
2776,3.43792693415979,5.90642555811913,-1.0182065135574,76.2709541881304,7.64114715459827,3.54132099476534,3.54132099476534,"Higher prior GPA"
2777,3.10210365644763,6.4637432703056,-0.677897001011798,77.4530525754853,11.82106010951,3.64355162733379,3.64355162733379,"Middle prior GPA"
2778,2.87384279047665,6.05275206216264,0.449593631383951,74.1699827909099,15.4890438539609,2.96046566729822,2.96046566729822,"Lower prior GPA"
2779,3.67884703435792,5.58981968380419,0.0677988309470899,100,7.52353686069199,3.76952509277996,3.76952509277996,"Higher prior GPA"
2780,2.81636039393591,5.3957487216617,2.11779533541004,73.7525652021425,17.4137920366653,3.52757646266663,3.52757646266663,"Lower prior GPA"
2781,2.71490557008459,6.86786324378077,0.9000299841694,66.9587711991149,15.9880342066441,3.00917331481463,3.00917331481463,"Lower prior GPA"
2782,3.70948536414931,6.13970564784421,-0.571436428872942,88.9015744352563,8.79016080050608,3.59013344854787,3.59013344854787,"Higher prior GPA"
2783,3.84240307860652,7.09844372790846,-0.732422374206638,78.3852523279864,5.46007540138233,3.77955983122623,3.77955983122623,"Higher prior GPA"
2784,3.12592833616578,7.59979798489245,-0.0559387160724701,69.2778525962007,8.63724328165056,3.20559364457808,3.20559364457808,"Middle prior GPA"
2785,3.01654120987415,8.21040806114831,-1.76461647997851,68.1578951841208,10.5932720451826,2.91780936145236,2.91780936145236,"Middle prior GPA"
2786,3.73971487524914,7.4547871133494,1.24316613071379,81.489545033686,5.8065089732458,3.9128711025402,3.9128711025402,"Higher prior GPA"
2787,2.79517093421556,6.92928790867537,1.96826663027692,68.1492935243764,13.6014959068977,2.91689428563832,2.91689428563832,"Lower prior GPA"
2788,3.45480523192192,8.62304485011504,0.832510781691505,80.129030920593,9.62679692215844,3.8494486930123,3.8494486930123,"Higher prior GPA"
2789,3.26294132950671,6.28526161186033,0.278994112953103,72.2336028027879,8.95234638158931,3.23043536394299,3.23043536394299,"Middle prior GPA"
2790,3.33372649418289,6.9105514498418,0.662956155019135,73.0070778217916,10.8092996555128,3.92032979636244,3.92032979636244,"Higher prior GPA"
2791,3.11857718101262,7.18531324395418,0.124329394060729,75.1312218871044,9.92328341098783,3.06555391675806,3.06555391675806,"Middle prior GPA"
2792,2.62613259662265,6.60776680526009,1.00591303391404,69.4585420041331,15.6846819368393,2.85140586726453,2.85140586726453,"Lower prior GPA"
2793,2.51846356861353,7.50410997611153,1.2194291168005,62.3647556918921,14.2825382564442,2.46526884192611,2.46526884192611,"Lower prior GPA"
2794,3.82108527765494,7.17166145111309,-0.307403484962593,80.7396927616304,6.02380972741612,3.10780872623136,3.10780872623136,"Higher prior GPA"
2795,2.8488029383561,7.16620908492767,0.98156304829171,73.5620469641808,14.0763563164903,3.1425046105071,3.1425046105071,"Lower prior GPA"
2796,3.62035467763955,7.17447726585563,1.26468576744649,77.2905613192554,8.61877045783209,3.53347155671628,3.53347155671628,"Higher prior GPA"
2797,2.98137413071845,7.94407690345783,-1.18533030110456,69.7701468709855,7.13372673783504,2.88555523487248,2.88555523487248,"Middle prior GPA"
2798,3.18842525535089,6.56778776199793,-0.182748717861887,73.0910385747995,10.2729687864527,3.14412089755664,3.14412089755664,"Middle prior GPA"
2799,3.51862086480898,7.22491646089042,-0.892891397853092,98.5292954474553,4.97771178023563,3.4626767803217,3.4626767803217,"Higher prior GPA"
2800,3.15346057976684,7.10399836383828,0.658049475316481,74.1254333941417,10.1785866978111,3.36179905826004,3.36179905826004,"Middle prior GPA"
2801,2.70924864597568,6.86022471289802,0.636356733358248,55,14.8925121280989,3.13957694181476,3.13957694181476,"Lower prior GPA"
2802,3.01660930987316,7.59657832458163,0.74182461666692,85.2068608588531,14.2626237501268,3.99018408318467,3.99018408318467,"Middle prior GPA"
2803,3.46959588262797,6.55241213938295,-0.036429614426867,86.3039803585577,8.38259002686924,3.44350023266407,3.44350023266407,"Higher prior GPA"
2804,3.41346224203878,7.77704086952925,-0.161350192850565,75.8205020547758,6.60845391709612,3.09052170490461,3.09052170490461,"Higher prior GPA"
2805,2.85668073161554,8.76007699828397,-0.468653408312459,68.8122676493658,13.7645227583283,3.56148326277345,3.56148326277345,"Lower prior GPA"
2806,3.12878226298636,7.90432880058964,0.351211214142201,71.2285789422261,12.7044761100937,3.11778205040549,3.11778205040549,"Middle prior GPA"
2807,2.28675544479971,6.12078366516975,1.17717913967815,62.7917825476566,16.4197088486663,2.73922769787471,2.73922769787471,"Lower prior GPA"
2808,3.37915864663617,7.3511174589343,-0.278356353371012,63.0106630091258,10.4079305613428,3.53663217274919,3.53663217274919,"Higher prior GPA"
2809,3.51616013745187,6.76650404542733,-0.0877169133676497,66.8354569763588,11.5033301808871,3.66676291310316,3.66676291310316,"Higher prior GPA"
2810,3.18873385050064,7.84035219684945,0.862580943458576,78.1938835148951,12.012057565153,3.60663706184879,3.60663706184879,"Middle prior GPA"
2811,3.51251510398308,7.65501608696066,-0.8114209469828,79.8322924856142,11.0209113858962,3.51583644621655,3.51583644621655,"Higher prior GPA"
2812,2.8663503117324,7.38814699439188,-0.747988850774131,87.5216125881576,8.924248030122,3.3082089280604,3.3082089280604,"Lower prior GPA"
2813,2.78838776646558,6.54099804919908,-2.03353344022674,81.3704202615742,10.3298330005172,3.11876758034375,3.11876758034375,"Lower prior GPA"
2814,3.06276730342542,6.54836521467975,-1.36204932147306,71.498992888608,10.6193128413545,2.92377986900524,2.92377986900524,"Middle prior GPA"
2815,3.45942210877812,5.85357211460283,0.088839693416271,60.6737512767016,11.0972544770165,3.4245833426323,3.4245833426323,"Higher prior GPA"
2816,2.939551209563,7.16794944663233,-1.33561043740604,86.5013176599206,8.1756897591993,3.03393175990612,3.03393175990612,"Lower prior GPA"
2817,3.29944541378863,7.20110928194522,0.460089322919681,66.4711973980871,11.5894801398342,3.65288414417307,3.65288414417307,"Middle prior GPA"
2818,3.60543457233969,7.27111759744566,-0.720339789038665,77.9489896232979,6.2327239066793,3.60081337450887,3.60081337450887,"Higher prior GPA"
2819,2.77948624676171,6.21383846725869,-1.16266991298106,79.8751492648528,11.9368088614206,2.97732599078107,2.97732599078107,"Lower prior GPA"
2820,3.3672594596073,7.50172741150735,-2.59355387115415,85.2942671034966,5.68204431821448,3.60473641303646,3.60473641303646,"Higher prior GPA"
2821,2.65405633891975,7.08531543317817,-0.0391248314168714,61.9454210252788,14.1396124603292,2.94891278554955,2.94891278554955,"Lower prior GPA"
2822,3.55747609663237,7.96877843042254,0.534072749692841,71.2733847028332,10.6351675483602,4.24406226766699,4,"Higher prior GPA"
2823,2.51034535385642,7.53364223740611,-0.073506928059027,77.2541735999386,13.7824758915653,2.6372556726218,2.6372556726218,"Lower prior GPA"
2824,2.42481577850646,6.13559637968369,-2.43773653079788,73.9717890354225,13.386525220969,2.61445127821582,2.61445127821582,"Lower prior GPA"
2825,2.64224152940685,6.44342143256979,0.127735956503994,60.4357841452373,14.4312909838315,3.37069676578144,3.37069676578144,"Lower prior GPA"
2826,3.13095062534703,7.09780615835048,1.68592820471358,81.726987578544,10.7033600100153,2.93794997317002,2.93794997317002,"Middle prior GPA"
2827,3.84847520585117,6.14788429090958,-0.581204180485833,70.9916500640064,8.62795651923737,3.53759221650176,3.53759221650176,"Higher prior GPA"
2828,3.3185754057351,8.01274639335232,0.733164578818206,77.9361650048525,10.4706153803739,3.5509317000447,3.5509317000447,"Higher prior GPA"
2829,3.22312020304126,8.3720401371783,-0.305803036357375,87.5893519422043,11.0734472182937,3.73229499924188,3.73229499924188,"Middle prior GPA"
2830,3.41155107343017,8.13571509195483,-1.71222498245287,82.7691104358893,6.76949549190357,3.11654631188882,3.11654631188882,"Higher prior GPA"
2831,3.41000557617264,7.37218276247982,0.579362589135486,73.4005619332779,13.293709449999,3.59173507597569,3.59173507597569,"Higher prior GPA"
2832,3.21351036820398,6.94746314933255,-0.234200466992506,84.6834913069183,8.36329031077832,3.28941581889342,3.28941581889342,"Middle prior GPA"
2833,3.3648056182504,7.6414917368946,0.178738904536067,74.7599260948565,8.08603629910358,3.09076785867963,3.09076785867963,"Higher prior GPA"
2834,2.81262433414145,6.36119835015634,1.09773692783706,67.3941368734177,13.952357476526,3.21738442057194,3.21738442057194,"Lower prior GPA"
2835,3.17131295893359,8.88164242029517,0.508601311286815,71.9783041108037,15.9575782770083,3.96854919751691,3.96854919751691,"Middle prior GPA"
2836,3.47519520899519,5.93390124783483,1.05103461439711,70.5868465875792,11.6753172548593,3.85770092807351,3.85770092807351,"Higher prior GPA"
2837,2.80530584374476,6.75899570455153,-0.615276851284544,81.2765326911451,13.1736088262904,3.38453390008033,3.38453390008033,"Lower prior GPA"
2838,2.8696518798399,8.2360174407894,-0.798065736536404,94.0654967351912,10.6297100453952,3.27504737720048,3.27504737720048,"Lower prior GPA"
2839,3.28186879454447,6.5877239131102,-0.87042567510294,75.5175589187022,8.865899716123,3.54019770421862,3.54019770421862,"Middle prior GPA"
2840,3.50267706582145,6.62465523546418,-1.48946001686104,89.1038031695654,7.47554017108806,3.08643410179579,3.08643410179579,"Higher prior GPA"
2841,2.92851863380001,5.75052452952653,-1.59660241167429,74.9995576388109,13.5382105284685,2.77733151724587,2.77733151724587,"Lower prior GPA"
2842,3.28922713669171,5.93442474540727,-1.02565476739173,70.0156320539935,9.82223955212036,3.13302754490641,3.13302754490641,"Middle prior GPA"
2843,2.31096052801898,7.36502112622344,-1.57316020916313,74.3444716988075,12.6813211409782,2.6951240834796,2.6951240834796,"Lower prior GPA"
2844,2.90678949919287,5.84885776011622,-0.688862169762713,74.3714017490506,9.56046231006129,3.44713597590853,3.44713597590853,"Lower prior GPA"
2845,2.63724310834103,6.0876630159904,0.338027020261373,74.8887829013676,17.1576957258523,3.50547503399248,3.50547503399248,"Lower prior GPA"
2846,3.13878599603003,7.79885976203657,0.110812931042007,65.1618145269959,13.6225273059167,3.52205621796209,3.52205621796209,"Middle prior GPA"
2847,2.72292869360612,7.90129339422085,0.869711099754652,69.8532439091631,16.4486983270203,3.43539194521546,3.43539194521546,"Lower prior GPA"
2848,2.93395142184643,6.02392591804876,0.964526037702654,55.5618738818134,15.0303987060056,3.12496364369443,3.12496364369443,"Lower prior GPA"
2849,3.47376046045337,7.89858202765615,1.0832514406368,76.9583316321089,11.3084168142885,3.90204910286333,3.90204910286333,"Higher prior GPA"
2850,3.78389298622658,6.41898902513301,-0.721454707383737,77.376964703948,6.65412776535762,3.65643815067655,3.65643815067655,"Higher prior GPA"
2851,3.47967156783956,7.43374787830559,1.3361716090125,69.1946108397808,9.95967448990329,3.91482328548915,3.91482328548915,"Higher prior GPA"
2852,3.02585746321881,9,0.323096992432573,71.940477736778,15.4242253975855,3.92883637586407,3.92883637586407,"Middle prior GPA"
2853,3.40574389831387,6.97614956257904,-0.297971167317117,74.063501150292,7.5846063364934,3.80389636952922,3.80389636952922,"Higher prior GPA"
2854,2.74963902000789,6.7857179993871,2.75799374630362,72.0984719315675,14.0284347802125,2.98005299274845,2.98005299274845,"Lower prior GPA"
2855,3.24644378798461,8.07958177513648,-1.15508104791972,73.5070509674022,8.26059700455768,3.19611153378198,3.19611153378198,"Middle prior GPA"
2856,2.71799533971802,6.86334885063195,-0.500113758027862,71.6444025122216,9.69638092341051,2.71314726500372,2.71314726500372,"Lower prior GPA"
2857,3.49362082071136,7.90567332677832,1.53484739335925,81.1807847028402,7.65487422742038,3.74293550210693,3.74293550210693,"Higher prior GPA"
2858,2.87674578073446,7.7208915943079,-0.0331711168499738,89.9603764335916,14.2052644185931,3.8767305936128,3.8767305936128,"Lower prior GPA"
2859,2.42131488595749,7.19112482184975,-0.945449827234081,74.2011329938091,14.922658688837,2.67992230989784,2.67992230989784,"Lower prior GPA"
2860,2.95902206481999,7.93771768883416,0.0714034493621301,74.4609824026794,11.2100334637633,3.33880271306693,3.33880271306693,"Middle prior GPA"
2861,3.38442417652865,7.46480892431848,-0.195250386392457,77.458880063485,10.8659548283121,3.65290929523427,3.65290929523427,"Higher prior GPA"
2862,3.1293568803769,7.80234272399751,-0.0685091482981496,70.9754794382919,11.6314525926867,3.30377867494382,3.30377867494382,"Middle prior GPA"
2863,2.47472755873235,7.18458735039525,0.921326864589551,77.2002866426362,13.2604948929006,2.96620272199786,2.96620272199786,"Lower prior GPA"
2864,2.58738656067737,6.1749772389749,0.78430232463809,72.066044743909,16.9782044313102,3.3704383163173,3.3704383163173,"Lower prior GPA"
2865,3.24089762290414,6.69447883143686,-1.87050884036138,74.4308698203425,10.359487458404,3.01730566029032,3.01730566029032,"Middle prior GPA"
2866,2.74145515341304,6.60791987686483,-1.97310507468496,76.534507238196,10.529124687358,2.81066403690996,2.81066403690996,"Lower prior GPA"
2867,2.72583076658356,7.08375294726353,0.132508446964658,60.2828078988662,16.0045853390408,3.42813088434961,3.42813088434961,"Lower prior GPA"
2868,3.5527478464296,6.78493786107154,0.704703332471482,73.9094226833361,8.86511158567301,3.25734533863499,3.25734533863499,"Higher prior GPA"
2869,3.40268615458488,7.60664484203363,0.082764402774536,71.675909497865,7.92462116136107,3.79689347166059,3.79689347166059,"Higher prior GPA"
2870,3.13428503803553,8.25420063457744,0.386926231073071,74.9437474889081,10.2683342290349,3.52484464356392,3.52484464356392,"Middle prior GPA"
2871,3.4448077172349,7.71336775707841,-0.176549552821669,83.5951199228926,7.76795851502566,3.75738074495838,3.75738074495838,"Higher prior GPA"
2872,2.91985842107411,8.70889361639457,1.00248328058676,69.7421435367114,13.2965960726401,3.46118790690178,3.46118790690178,"Lower prior GPA"
2873,2.80201739201531,7.14064903840652,0.806694264629108,72.059869221153,12.6377885746002,3.59825627014416,3.59825627014416,"Lower prior GPA"
2874,2.92787874161354,5.16787482671738,1.21409101077308,63.076831380105,16.1134344937605,3.56012331681399,3.56012331681399,"Lower prior GPA"
2875,2.55241492287171,7.05568044193573,-0.644514379369952,76.9156606094847,14.8061139005732,2.4901291159804,2.4901291159804,"Lower prior GPA"
2876,3.00346334383323,6.23936561724288,-1.40890661511496,72.274920166382,12.356014831178,2.96221789310838,2.96221789310838,"Middle prior GPA"
2877,2.63240727795073,6.4160118955677,0.32477386880852,81.0443941375017,13.5335437587237,2.92656722613186,2.92656722613186,"Lower prior GPA"
2878,2.63254570638348,6.82504166504529,1.55611455793179,58.0195902737366,15.8415472793377,2.50300059908399,2.50300059908399,"Lower prior GPA"
2879,3.13673148655888,6.58361978541318,-0.427477663459866,73.389845211529,8.52027762615655,3.11374771382012,3.11374771382012,"Middle prior GPA"
2880,3.50051480996288,6.87814151450087,-0.0168799247900065,81.4416437850058,6.38630476648494,3.47062633629661,3.47062633629661,"Higher prior GPA"
2881,2.9635426361215,5.84879409197058,1.19230195946977,71.2269137813667,12.9373390153636,3.53989032664532,3.53989032664532,"Middle prior GPA"
2882,3.36119084876795,7.65431368528585,0.31804338948366,79.1731725588228,10.7654108425211,3.82118210221392,3.82118210221392,"Higher prior GPA"
2883,2.28961661619991,7.53501337219581,-0.319887036563303,70.5614827772405,14.451318953274,2.99852804022762,2.99852804022762,"Lower prior GPA"
2884,3.4312184830995,9,1.39340855682495,75.5919689077705,11.467143614981,4.13246691800432,4,"Higher prior GPA"
2885,3.26912281237709,6.49014727467882,0.843207254962134,66.3563073367669,9.17374297671627,3.6151538258298,3.6151538258298,"Middle prior GPA"
2886,3.02779066363821,6.848761703693,-0.783174968009159,84.6875340807582,8.86030215635338,3.38810716400126,3.38810716400126,"Middle prior GPA"
2887,3.26617213445557,4.81852326109005,0.619345429290555,77.6695123954705,10.8731322970085,2.9915244268631,2.9915244268631,"Middle prior GPA"
2888,2.90520010618708,7.06358546771529,-0.758637025025218,74.3702750034669,10.2305029465471,3.18765737466769,3.18765737466769,"Lower prior GPA"
2889,2.6105298088624,7.42039899492869,0.593780223230023,67.547487555688,14.2312052696693,2.74366946810848,2.74366946810848,"Lower prior GPA"
2890,2.64908057631021,7.45697787616923,0.156273759733996,73.1360205515719,13.1730611570587,3.76572077702633,3.76572077702633,"Lower prior GPA"
2891,3.50788460026973,6.77686017574229,-0.729724956098856,90.2489530898546,7.40183787200501,3.92474378684724,3.92474378684724,"Higher prior GPA"
2892,2.57794326953327,5.77498017107262,0.995527717768207,78.5355252993576,14.4470503891989,2.62772384399033,2.62772384399033,"Lower prior GPA"
2893,3.27627670682511,7.06762446085495,-0.584755084838119,66.7816261039465,8.85535833258381,3.26493831014966,3.26493831014966,"Middle prior GPA"
2894,2.71081182056338,7.91046507884822,1.59827489360848,63.2518738167322,16.6848993911962,3.86033201732903,3.86033201732903,"Lower prior GPA"
2895,3.05094267204075,7.48018429706519,-0.942711258026057,84.2359180283449,7.54792944498452,3.15718577938191,3.15718577938191,"Middle prior GPA"
2896,3.38872161926801,5.8182226589954,0.466831918358563,76.4344458314352,11.497129974546,3.37780741583323,3.37780741583323,"Higher prior GPA"
2897,2.46576612323003,6.46593379779267,-1.45164284403621,79.647774731798,12.9134265655588,2.84514045595198,2.84514045595198,"Lower prior GPA"
2898,3.74415420510793,6.50070288690004,0.782387406621605,75.7496434047034,7.57856731958437,3.78537692201653,3.78537692201653,"Higher prior GPA"
2899,3.21942480888457,7.98290371742937,-0.334981321817867,79.2456659528576,8.03412582363523,3.04921847750576,3.04921847750576,"Middle prior GPA"
2900,3.52808508266254,6.16957028324725,0.248757408022444,82.8198384076988,8.12211833380208,3.02993436624985,3.02993436624985,"Higher prior GPA"
2901,2.82046911254212,6.99790998571554,-0.438035797659423,80.1266879830614,12.4757458817164,3.24750290644302,3.24750290644302,"Lower prior GPA"
2902,3.23951724169054,7.33419096630285,-0.702437537442808,78.4417037756215,10.9401510347654,3.43723714694888,3.43723714694888,"Middle prior GPA"
2903,2.93771689348315,7.61933025888506,-0.200065179639373,76.3901027777536,14.0905711094392,3.58966504575304,3.58966504575304,"Lower prior GPA"
2904,2.41247253698004,6.42474153460407,-0.260686678513068,59.1023412506512,15.8926733786863,2.79720836975132,2.79720836975132,"Lower prior GPA"
2905,2.6547488815227,5.86318825349765,1.41958515619472,60.2172523725441,17.0887459761183,2.91213115493701,2.91213115493701,"Lower prior GPA"
2906,3.31996713866788,7.29783196148805,-1.16676897490109,85.9920351215269,6.27405622417934,3.0711897704614,3.0711897704614,"Higher prior GPA"
2907,2.51635022114765,8.32334460841573,1.85414337874613,64.5816944733871,17.4508044113725,2.84834149105238,2.84834149105238,"Lower prior GPA"
2908,3.61623195705647,8.4529370028981,0.0803882023098794,74.4282548713988,8.45884513674564,4.15031250453269,4,"Higher prior GPA"
2909,3.15388130804021,5.92836566546842,-0.590782139336544,82.8228647702051,12.4600834977903,3.43124006504724,3.43124006504724,"Middle prior GPA"
2910,3.09770725049275,6.97598003063883,0.0921618799944329,74.8950598042052,11.8747470132709,2.93875744949335,2.93875744949335,"Middle prior GPA"
2911,3.66323672727349,5.84037629148157,-1.73515826366328,79.7253363963228,4.9974218931197,2.92776785908418,2.92776785908418,"Higher prior GPA"
2912,3.46215067511566,7.41307205109111,1.80306259671288,68.624337388635,8.89220354435332,3.55920725343876,3.55920725343876,"Higher prior GPA"
2913,2.8632904216356,6.76857763687407,-2.00131977570597,81.3012756992029,8.20843321641204,2.68855484817387,2.68855484817387,"Lower prior GPA"
2914,2.97643270685703,6.71211841705133,-0.757497721728882,66.7666039557393,12.5343354769273,3.31514051440531,3.31514051440531,"Middle prior GPA"
2915,3.36506655152388,7.28743887851877,0.271808455524507,80.5464239049234,9.22043121837885,3.24646744865756,3.24646744865756,"Higher prior GPA"
2916,3.10280690179573,6.85802814517217,0.443784040940588,85.8928298464957,7.65496611658697,3.63562466039474,3.63562466039474,"Middle prior GPA"
2917,3.1121964544666,5.4802693697807,-0.112211699894046,76.5908002655482,14.0791645921068,3.36961313292152,3.36961313292152,"Middle prior GPA"
2918,2.4647644237656,6.8620150687552,0.352562227944964,55,16.3381112799958,2.64545122294338,2.64545122294338,"Lower prior GPA"
2919,2.72147528716035,6.00390849247543,-0.0335627719323677,75.0865426061047,12.6656091373551,3.14042331601679,3.14042331601679,"Lower prior GPA"
2920,3.48062499757109,6.67267417148107,-0.54492592191714,74.6442619646431,8.33513996030672,3.63708330760838,3.63708330760838,"Higher prior GPA"
2921,2.96407059354323,6.66072401076733,-1.37881699509554,78.9225238603048,10.4990822662041,3.21177304517007,3.21177304517007,"Middle prior GPA"
2922,2.86088157730988,6.50850791952742,0.484993737828604,86.7099662892267,10.9792875672951,3.0436369088671,3.0436369088671,"Lower prior GPA"
2923,2.80847774156194,6.33734210233459,0.899586409146475,67.5918391253972,11.5502818852439,3.24860010625321,3.24860010625321,"Lower prior GPA"
2924,2.98383803443877,9,0.303566554003555,80.489239818756,13.2382089725037,3.63067936551609,3.63067936551609,"Middle prior GPA"
2925,3.0634632631154,7.07687103166711,2.08656364768458,69.9811468344525,12.558271620405,3.39496772939822,3.39496772939822,"Middle prior GPA"
2926,3.56947775495181,5.45202151741173,-2.03846140808315,83.9925312364748,7.86484502236984,3.58382791989271,3.58382791989271,"Higher prior GPA"
2927,3.57595311740762,7.40726220494263,0.982683502061273,77.1470902120505,9.93939307916398,3.92139983154295,3.92139983154295,"Higher prior GPA"
2928,3.52352973929137,5.89225307596999,0.0134081087133018,71.6090827391998,9.7703906010247,3.60186753315199,3.60186753315199,"Higher prior GPA"
2929,3.43963422574997,6.44183380892105,-1.89593777486364,79.8938971636512,9.70722507859652,3.26135480492106,3.26135480492106,"Higher prior GPA"
2930,3.4286485168187,7.61713374215455,0.843852664386361,70.9474570638227,9.40143120629152,3.31554218753383,3.31554218753383,"Higher prior GPA"
2931,2.78157375835737,8.08067448695655,0.56740630279849,78.7049612100305,13.586577090725,3.54929543557204,3.54929543557204,"Lower prior GPA"
2932,3.10631065890057,6.86136193823839,1.22482673061174,73.3548962030703,8.19384295511454,3.22510262293394,3.22510262293394,"Middle prior GPA"
2933,3.54302541368004,5.93593063033277,-2.78154153193614,74.9457440687771,5.85896081332875,2.77961938890883,2.77961938890883,"Higher prior GPA"
2934,3.36839365078962,8.90367553603868,-2.80236514083956,71.824062235608,9.34775816624785,3.1309143869645,3.1309143869645,"Higher prior GPA"
2935,2.66039289102082,6.86558807314146,-0.379641926525398,72.0481623615941,12.6439093178557,3.28534918535224,3.28534918535224,"Lower prior GPA"
2936,3.36972243499002,7.22739865685278,-0.172794598709844,77.9922782814684,7.55106387497341,3.08705294472442,3.08705294472442,"Higher prior GPA"
2937,2.65419961768567,8.34475081545958,-1.00285648336079,73.7366437139058,14.2006748642665,3.44294445806328,3.44294445806328,"Lower prior GPA"
2938,3.53977966858725,6.20034950561462,0.483214380492485,78.8667445945412,9.76992067182439,3.30645842449097,3.30645842449097,"Higher prior GPA"
2939,3.19145348024013,6.62011365588318,-0.0355343146439312,67.4072116682519,12.6190227478884,3.37328835727293,3.37328835727293,"Middle prior GPA"
2940,3.1315231607869,8.13832697650006,1.48802680778053,57.2529297340628,14.4238318557283,3.48081525619136,3.48081525619136,"Middle prior GPA"
2941,2.86416475358997,7.77618855000808,-0.72401381431521,55,11.741243385288,3.20777386828118,3.20777386828118,"Lower prior GPA"
2942,2.65805254826821,6.40023409623038,1.36942919699531,80.0987418797136,15.1052588554651,3.27997890574406,3.27997890574406,"Lower prior GPA"
2943,3.05173403694345,7.18592550085443,1.08278326526293,73.8411792259407,8.17844072397596,3.26740241843546,3.26740241843546,"Middle prior GPA"
2944,3.22023286205634,6.44460185309235,-1.86316568091943,87.6925348839856,7.86034216027231,3.35553820685326,3.35553820685326,"Middle prior GPA"
2945,2.91707338780747,6.86001160103723,0.0350969119467234,81.4836864298034,11.8378757085118,2.86661459956487,2.86661459956487,"Lower prior GPA"
2946,3.59189290642843,7.18356097420758,-0.767022172751598,91.4762745632611,6.40719544214825,3.91445493440785,3.91445493440785,"Higher prior GPA"
2947,2.93181439428231,6.69905064473539,-1.93503355972614,80.7783165031091,9.49615898582187,3.30835194355933,3.30835194355933,"Lower prior GPA"
2948,3.15133629023719,6.71015586412916,0.115141379785549,76.2116535048918,13.4600997939843,3.51544655816683,3.51544655816683,"Middle prior GPA"
2949,3.32848595906595,6.55472324859832,-0.298590063882418,78.1961751297722,9.58717209982592,3.26421666589696,3.26421666589696,"Higher prior GPA"
2950,3.08613918033495,5.79959442975717,0.772355322851742,78.0386045109038,10.711030961752,2.92536020383946,2.92536020383946,"Middle prior GPA"
2951,2.87568620519034,7.64483350583175,-2.78512609866242,82.7313808102266,10.031210841979,2.47628835301487,2.47628835301487,"Lower prior GPA"
2952,2.95102325521064,7.23927244235885,-2.3317585712358,87.0660236561216,6.95087763991497,2.71806284270127,2.71806284270127,"Middle prior GPA"
2953,3.37518990480483,7.16229227952304,0.051488092903538,84.7471582136358,9.09380863409012,3.72526292044714,3.72526292044714,"Higher prior GPA"
2954,3.04656987056622,5.34009158912657,1.1852789283097,73.1852060688261,17.6217184537387,3.93128865160998,3.93128865160998,"Middle prior GPA"
2955,3.05442280602343,8.18874910114286,1.04832643573251,65.9785988680149,15.5696551529514,4.04685682826155,4,"Middle prior GPA"
2956,3.14412143421923,7.1916575635158,-2.46159697625821,77.898682104955,10.4679473294596,3.11524936324035,3.11524936324035,"Middle prior GPA"
2957,3.4986246073626,7.40043253823103,0.33539630327034,69.1989669576682,6.69084474574678,3.12129063738901,3.12129063738901,"Higher prior GPA"
2958,2.64763159292667,6.6873046502437,0.109451563080335,76.5680289251488,13.8913692248779,3.10431203284509,3.10431203284509,"Lower prior GPA"
2959,3.20801712032867,8.04650154170609,-1.7260018425766,75.5449474411011,10.6102125368741,3.66838546173277,3.66838546173277,"Middle prior GPA"
2960,3.38164073612346,6.35233027451098,-0.0242901229210014,86.9441355823661,7.94427072793615,3.33180501723608,3.33180501723608,"Higher prior GPA"
2961,3.40378580638623,6.08504217445147,-0.0288066250796944,78.7659157204366,9.68797618798954,3.92136739344382,3.92136739344382,"Higher prior GPA"
2962,3.14090003448144,6.52567873937499,1.09707819406285,78.0224126213676,10.9239268893538,3.39033171097575,3.39033171097575,"Middle prior GPA"
2963,2.7047857056945,7.13858498488293,-0.91571132627052,71.3273775652378,14.8732605443903,3.0590659691417,3.0590659691417,"Lower prior GPA"
2964,3.65200599681416,8.24345486876873,-0.926945375430047,70.532365798361,8.24602751668467,3.93606224464056,3.93606224464056,"Higher prior GPA"
2965,3.43438295437056,6.62950981461963,-0.61929989639388,84.6925799666524,6.16286377139864,3.55448272893953,3.55448272893953,"Higher prior GPA"
2966,2.76327303804119,7.05426609491348,-0.92426255693682,74.7783098197747,10.428672000822,2.71430713331251,2.71430713331251,"Lower prior GPA"
2967,3.82222621464147,6.83557315108391,-0.327866410298823,79.7413234948498,5.71242699044195,3.49697386758207,3.49697386758207,"Higher prior GPA"
2968,3.634912835601,6.96569474567328,-0.98193704961173,80.9775150929928,8.87341138656202,3.46144547661494,3.46144547661494,"Higher prior GPA"
2969,3.27206795589052,7.85294644936657,2.07446622369193,80.1331707007223,14.8926484324073,3.62542937926283,3.62542937926283,"Middle prior GPA"
2970,3.1017868090899,7.06234515125934,-0.134544401375601,68.2760895685911,11.0858669037869,3.1383761671536,3.1383761671536,"Middle prior GPA"
2971,2.69279674145927,8.42548813799819,-0.00287843316323012,68.6489798236919,14.9471653584647,3.42798777710828,3.42798777710828,"Lower prior GPA"
2972,2.76950037489945,5.73886549418394,0.457438702935166,66.8417108782589,12.7607566403465,2.87758783768637,2.87758783768637,"Lower prior GPA"
2973,3.55197078743277,7.5061677997756,-0.0601138752511207,75.8233116302449,11.848433730311,3.68358745408711,3.68358745408711,"Higher prior GPA"
2974,2.46414092313485,7.78431462469954,-2.70222205584631,61.0362344232903,16.0081874594409,3.51889840907674,3.51889840907674,"Lower prior GPA"
2975,3.20664594522337,6.75066351302614,0.275164049301434,81.3381222804757,12.3236418237501,3.79010059881055,3.79010059881055,"Middle prior GPA"
2976,3.13375877049119,6.71255138107442,0.824881010734146,70.5810398439793,12.7969715805761,3.61839952967908,3.61839952967908,"Middle prior GPA"
2977,3.10565406907563,8.06117243938636,1.68062817078804,68.1033268440275,13.7799422372916,3.3745746816191,3.3745746816191,"Middle prior GPA"
2978,2.70440795638043,7.7059346774971,0.581567726045571,72.6799145860134,13.6345880306559,3.46528742638646,3.46528742638646,"Lower prior GPA"
2979,3.14914627224886,6.59084064495022,-1.52097219485521,85.6456265112918,6.00424189078372,2.88029793608885,2.88029793608885,"Middle prior GPA"
2980,3.36671812221133,6.59748314195854,0.813562739430423,70.6152105263731,10.6190444515836,3.92064892800861,3.92064892800861,"Higher prior GPA"
2981,3.49653249829597,6.0653299427648,1.44595636153531,80.3543350474817,6.52198885627861,3.39803859357047,3.39803859357047,"Higher prior GPA"
2982,3.35652215914145,8.60704823353488,0.471045724498137,64.4021599441749,12.5314681135644,4.18968031100773,4,"Higher prior GPA"
2983,2.47721567320662,6.99555874680961,-0.74228478091761,78.0915830677757,14.937884827131,2.91332185641349,2.91332185641349,"Lower prior GPA"
2984,3.32136143567382,7.15684939061085,0.185955816564118,73.0494160127082,12.163381473802,4.13172389260971,4,"Higher prior GPA"
2985,2.99965844603429,6.71989390592291,0.35884161113955,81.4284483675885,11.5246798023637,3.38789933014382,3.38789933014382,"Middle prior GPA"
2986,2.69865428427303,7.92746371418614,-1.14141789966605,75.2687011453753,14.2976057602115,3.43534679252099,3.43534679252099,"Lower prior GPA"
2987,2.96816964653683,6.83427322411034,1.04926303814554,68.1769261997437,13.2465223388854,3.02503181376591,3.02503181376591,"Middle prior GPA"
2988,2.63190675773642,6.60552292395506,-0.747378273893545,73.3638943902355,13.5078005892968,2.8974214284051,2.8974214284051,"Lower prior GPA"
2989,3.46049682116405,8.5887052360649,0.832932750572211,70.1195240226872,10.3243715606506,3.82472482450247,3.82472482450247,"Higher prior GPA"
2990,2.63987530637638,7.54315402660111,0.0360934543732988,70.6965002212371,12.3141568650455,3.35272102207533,3.35272102207533,"Lower prior GPA"
2991,3.60983884889713,5.95611443931344,1.37465220802585,79.7643706176184,11.0486633065487,3.67576171518357,3.67576171518357,"Higher prior GPA"
2992,3.27558335203201,6.7196476300995,-0.417089381776553,71.3371450215906,10.5276633199903,3.46642632760878,3.46642632760878,"Middle prior GPA"
2993,2.60392872542855,6.47691701417786,1.84793639799176,76.9899880990641,15.1505188665488,3.10534487116583,3.10534487116583,"Lower prior GPA"
2994,3.50263789932115,6.7676166071452,-0.943593823311769,78.990689435846,7.97811143123745,3.25592813677174,3.25592813677174,"Higher prior GPA"
2995,3.38742320175965,7.20052008191787,0.0533787237583335,75.6265921947844,9.39777342210982,3.31807201839665,3.31807201839665,"Higher prior GPA"
2996,3.31305608789036,6.83780694050855,1.29696714410929,81.909762837678,12.0696081223735,3.90552710885156,3.90552710885156,"Higher prior GPA"
2997,3.28985748096065,6.85293699685175,-0.760137863655051,77.6222500198611,8.01066361333883,3.43225789614882,3.43225789614882,"Middle prior GPA"
2998,3.12949460729472,7.73072057330986,0.391536061618672,79.7755094698773,9.64393967093809,3.58912841070368,3.58912841070368,"Middle prior GPA"
2999,3.6776216562709,6.73810450539874,1.30610041129915,78.8301048816414,8.23416651008705,3.28689537436074,3.28689537436074,"Higher prior GPA"
3000,3.4442159251841,7.55036566244083,1.54793903035119,65.8825398115724,11.133904127927,3.83748916174705,3.83748916174705,"Higher prior GPA"
