iso3,country,year,region,income_group,gdp_per_capita,life_expectancy,population
AFG,Afghanistan,2000,"Middle East, North Africa, Afghanistan & Pakistan",Low income,1617.82647494969,55.005,20130327
AFG,Afghanistan,2001,"Middle East, North Africa, Afghanistan & Pakistan",Low income,1454.11078195559,55.511,20284307
AFG,Afghanistan,2002,"Middle East, North Africa, Afghanistan & Pakistan",Low income,1774.30874287341,56.225,21378117
AFG,Afghanistan,2003,"Middle East, North Africa, Afghanistan & Pakistan",Low income,1815.92819979586,57.171,22733049
AFG,Afghanistan,2004,"Middle East, North Africa, Afghanistan & Pakistan",Low income,1776.91820712187,57.81,23560654
AFG,Afghanistan,2005,"Middle East, North Africa, Afghanistan & Pakistan",Low income,1908.11478234587,58.247,24404567
AFG,Afghanistan,2006,"Middle East, North Africa, Afghanistan & Pakistan",Low income,1929.72389709372,58.553,25424094
AFG,Afghanistan,2007,"Middle East, North Africa, Afghanistan & Pakistan",Low income,2155.35306784413,58.956,25909852
AFG,Afghanistan,2008,"Middle East, North Africa, Afghanistan & Pakistan",Low income,2191.50435559062,59.708,26482622
AFG,Afghanistan,2009,"Middle East, North Africa, Afghanistan & Pakistan",Low income,2565.02208584099,60.248,27466101
AFG,Afghanistan,2010,"Middle East, North Africa, Afghanistan & Pakistan",Low income,2848.58606111495,60.702,28284089
AFG,Afghanistan,2011,"Middle East, North Africa, Afghanistan & Pakistan",Low income,2757.05258747725,61.25,29347708
AFG,Afghanistan,2012,"Middle East, North Africa, Afghanistan & Pakistan",Low income,2985.31914452845,61.735,30560034
AFG,Afghanistan,2013,"Middle East, North Africa, Afghanistan & Pakistan",Low income,3046.57993117128,62.188,31622704
AFG,Afghanistan,2014,"Middle East, North Africa, Afghanistan & Pakistan",Low income,3017.94254424696,62.26,32792523
AFG,Afghanistan,2015,"Middle East, North Africa, Afghanistan & Pakistan",Low income,2967.692067153,62.27,33831764
AFG,Afghanistan,2016,"Middle East, North Africa, Afghanistan & Pakistan",Low income,2958.7853992308,62.646,34700612
AFG,Afghanistan,2017,"Middle East, North Africa, Afghanistan & Pakistan",Low income,2952.99891598909,62.406,35688935
AFG,Afghanistan,2018,"Middle East, North Africa, Afghanistan & Pakistan",Low income,2902.39211285546,62.443,36743039
AFG,Afghanistan,2019,"Middle East, North Africa, Afghanistan & Pakistan",Low income,2927.2451435353,62.941,37856121
AFG,Afghanistan,2020,"Middle East, North Africa, Afghanistan & Pakistan",Low income,2769.68574507111,61.454,39068979
AFG,Afghanistan,2021,"Middle East, North Africa, Afghanistan & Pakistan",Low income,2144.16657002819,60.417,40000412
AFG,Afghanistan,2022,"Middle East, North Africa, Afghanistan & Pakistan",Low income,1981.71016810561,65.617,40578842
AFG,Afghanistan,2023,"Middle East, North Africa, Afghanistan & Pakistan",Low income,1983.81261992909,66.035,41454761
ALB,Albania,2000,Europe & Central Asia,Upper middle income,6581.98909242849,74.826,3089027
ALB,Albania,2001,Europe & Central Asia,Upper middle income,7232.96055449664,75.083,3060173
ALB,Albania,2002,Europe & Central Asia,Upper middle income,7590.45852377781,75.299,3051010
ALB,Albania,2003,Europe & Central Asia,Upper middle income,8025.2480324802,75.557,3039616
ALB,Albania,2004,Europe & Central Asia,Upper middle income,8483.25881549279,75.951,3026939
ALB,Albania,2005,Europe & Central Asia,Upper middle income,8964.28082219496,76.427,3011487
ALB,Albania,2006,Europe & Central Asia,Upper middle income,9563.98954154527,76.994,2992547
ALB,Albania,2007,Europe & Central Asia,Upper middle income,10262.9242359026,77.691,2970017
ALB,Albania,2008,Europe & Central Asia,Upper middle income,11056.3059173381,78.248,2947314
ALB,Albania,2009,Europe & Central Asia,Upper middle income,11430.5746310655,78.509,2927519
ALB,Albania,2010,Europe & Central Asia,Upper middle income,11829.0042369631,78.414,2913021
ALB,Albania,2011,Europe & Central Asia,Upper middle income,12153.0636591785,78.303,2905195
ALB,Albania,2012,Europe & Central Asia,Upper middle income,12463.518369846,78.084,2860708
ALB,Albania,2013,Europe & Central Asia,Upper middle income,12873.4298184073,77.995,2816902
ALB,Albania,2014,Europe & Central Asia,Upper middle income,13366.5040948145,78.029,2773767
ALB,Albania,2015,Europe & Central Asia,Upper middle income,13876.7616296598,78.358,2731293
ALB,Albania,2016,Europe & Central Asia,Upper middle income,14643.4285614716,78.643,2689469
ALB,Albania,2017,Europe & Central Asia,Upper middle income,15359.3974577025,78.9,2648285
ALB,Albania,2018,Europe & Central Asia,Upper middle income,16170.9234325287,79.238,2607733
ALB,Albania,2019,Europe & Central Asia,Upper middle income,16761.1230178682,79.467,2567801
ALB,Albania,2020,Europe & Central Asia,Upper middle income,16457.7189744991,77.824,2528480
ALB,Albania,2021,Europe & Central Asia,Upper middle income,18212.794718288,76.844,2489762
ALB,Albania,2022,Europe & Central Asia,Upper middle income,19388.7927279351,78.769,2451636
ALB,Albania,2023,Europe & Central Asia,Upper middle income,20501.6470726741,79.602,2411658
DZA,Algeria,2000,"Middle East, North Africa, Afghanistan & Pakistan",Upper middle income,11558.220469383,70.576,30903893
DZA,Algeria,2001,"Middle East, North Africa, Afghanistan & Pakistan",Upper middle income,11742.5946761225,71.025,31331221
DZA,Algeria,2002,"Middle East, North Africa, Afghanistan & Pakistan",Upper middle income,12213.1263531246,71.644,31750835
DZA,Algeria,2003,"Middle East, North Africa, Afghanistan & Pakistan",Upper middle income,12835.1814413331,71.906,32175818
DZA,Algeria,2004,"Middle East, North Africa, Afghanistan & Pakistan",Upper middle income,13226.7650481165,72.536,32628286
DZA,Algeria,2005,"Middle East, North Africa, Afghanistan & Pakistan",Upper middle income,13738.495644436,72.836,33109249
DZA,Algeria,2006,"Middle East, North Africa, Afghanistan & Pakistan",Upper middle income,13920.6940553701,73.116,33623506
DZA,Algeria,2007,"Middle East, North Africa, Afghanistan & Pakistan",Upper middle income,14114.6745192683,73.346,34189416
DZA,Algeria,2008,"Middle East, North Africa, Afghanistan & Pakistan",Upper middle income,14206.7767147039,73.618,34816961
DZA,Algeria,2009,"Middle East, North Africa, Afghanistan & Pakistan",Upper middle income,14104.42817214,73.871,35490445
DZA,Algeria,2010,"Middle East, North Africa, Afghanistan & Pakistan",Upper middle income,14496.4211312996,74.144,36188236
DZA,Algeria,2011,"Middle East, North Africa, Afghanistan & Pakistan",Upper middle income,14641.9640935685,74.383,36903376
DZA,Algeria,2012,"Middle East, North Africa, Afghanistan & Pakistan",Upper middle income,14697.5396133853,74.609,37646166
DZA,Algeria,2013,"Middle East, North Africa, Afghanistan & Pakistan",Upper middle income,14778.1914257233,74.809,38414171
DZA,Algeria,2014,"Middle East, North Africa, Afghanistan & Pakistan",Upper middle income,15073.7629403565,74.992,39205031
DZA,Algeria,2015,"Middle East, North Africa, Afghanistan & Pakistan",Upper middle income,15239.5171456469,75.159,40019529
DZA,Algeria,2016,"Middle East, North Africa, Afghanistan & Pakistan",Upper middle income,15511.6858768094,75.31,40850721
DZA,Algeria,2017,"Middle East, North Africa, Afghanistan & Pakistan",Upper middle income,15427.6641894713,75.431,41689299
DZA,Algeria,2018,"Middle East, North Africa, Afghanistan & Pakistan",Upper middle income,15343.4261222434,75.555,42505035
DZA,Algeria,2019,"Middle East, North Africa, Afghanistan & Pakistan",Upper middle income,15199.1989965639,75.682,43294546
DZA,Algeria,2020,"Middle East, North Africa, Afghanistan & Pakistan",Upper middle income,14194.1557479619,73.257,44042091
DZA,Algeria,2021,"Middle East, North Africa, Afghanistan & Pakistan",Upper middle income,14496.8654697299,75.208,44761099
DZA,Algeria,2022,"Middle East, North Africa, Afghanistan & Pakistan",Upper middle income,14782.2002970247,76.129,45477389
DZA,Algeria,2023,"Middle East, North Africa, Afghanistan & Pakistan",Upper middle income,15159.3242373415,76.261,46164219
ASM,American Samoa,2000,East Asia & Pacific,High income,,71.443,56855
ASM,American Samoa,2001,East Asia & Pacific,High income,,71.573,57053
ASM,American Samoa,2002,East Asia & Pacific,High income,,71.755,57062
ASM,American Samoa,2003,East Asia & Pacific,High income,,71.698,56971
ASM,American Samoa,2004,East Asia & Pacific,High income,,72.277,56818
ASM,American Samoa,2005,East Asia & Pacific,High income,,72.382,56617
ASM,American Samoa,2006,East Asia & Pacific,High income,,72.397,56374
ASM,American Samoa,2007,East Asia & Pacific,High income,,72.365,56113
ASM,American Samoa,2008,East Asia & Pacific,High income,,72.43,55828
ASM,American Samoa,2009,East Asia & Pacific,High income,,70.839,55528
ASM,American Samoa,2010,East Asia & Pacific,High income,,72.587,55228
ASM,American Samoa,2011,East Asia & Pacific,High income,,72.662,54895
ASM,American Samoa,2012,East Asia & Pacific,High income,,72.709,54489
ASM,American Samoa,2013,East Asia & Pacific,High income,,72.769,54006
ASM,American Samoa,2014,East Asia & Pacific,High income,,72.687,53466
ASM,American Samoa,2015,East Asia & Pacific,High income,,72.654,52878
ASM,American Samoa,2016,East Asia & Pacific,High income,,72.64,52245
ASM,American Samoa,2017,East Asia & Pacific,High income,,72.801,51586
ASM,American Samoa,2018,East Asia & Pacific,High income,,72.794,50908
ASM,American Samoa,2019,East Asia & Pacific,High income,,72.751,50209
ASM,American Samoa,2020,East Asia & Pacific,High income,,72.672,49761
ASM,American Samoa,2021,East Asia & Pacific,High income,,72.708,49225
ASM,American Samoa,2022,East Asia & Pacific,High income,,72.752,48342
ASM,American Samoa,2023,East Asia & Pacific,High income,,72.852,47521
AND,Andorra,2000,Europe & Central Asia,High income,54809.1441679423,81.863,65685
AND,Andorra,2001,Europe & Central Asia,High income,59109.0136806378,82.162,65852
AND,Andorra,2002,Europe & Central Asia,High income,61188.6370851474,82.448,66506
AND,Andorra,2003,Europe & Central Asia,High income,63656.1958332184,82.718,69486
AND,Andorra,2004,Europe & Central Asia,High income,64353.4858113531,82.815,74325
AND,Andorra,2005,Europe & Central Asia,High income,65114.8053663021,83.086,77421
AND,Andorra,2006,Europe & Central Asia,High income,66390.293726491,83.374,79585
AND,Andorra,2007,Europe & Central Asia,High income,65534.1168555171,83.632,81877
AND,Andorra,2008,Europe & Central Asia,High income,60691.6051530637,83.855,83495
AND,Andorra,2009,Europe & Central Asia,High income,57203.9708883731,84.1,83888
AND,Andorra,2010,Europe & Central Asia,High income,58285.0577756981,84.197,80706
AND,Andorra,2011,Europe & Central Asia,High income,60470.4662377044,84.296,77783
AND,Andorra,2012,Europe & Central Asia,High income,58172.1323929474,84.334,76834
AND,Andorra,2013,Europe & Central Asia,High income,57332.1585611366,84.406,75194
AND,Andorra,2014,Europe & Central Asia,High income,59929.2444670501,84.485,73737
AND,Andorra,2015,Europe & Central Asia,High income,62105.1542389675,84.532,72174
AND,Andorra,2016,Europe & Central Asia,High income,64402.8092369468,84.489,72181
AND,Andorra,2017,Europe & Central Asia,High income,63239.6577711911,84.359,73763
AND,Andorra,2018,Europe & Central Asia,High income,63048.5985572834,84.242,75162
AND,Andorra,2019,Europe & Central Asia,High income,63215.899791913,84.098,76474
AND,Andorra,2020,Europe & Central Asia,High income,55488.4902991095,79.418,77380
AND,Andorra,2021,Europe & Central Asia,High income,59332.2029100127,82.331,78364
AND,Andorra,2022,Europe & Central Asia,High income,63913.3835079105,84.016,79705
AND,Andorra,2023,Europe & Central Asia,High income,64631.2963909271,84.041,80856
AGO,Angola,2000,Sub-Saharan Africa,Lower middle income,6794.53021072097,46.501,16194869
AGO,Angola,2001,Sub-Saharan Africa,Lower middle income,6846.79269543978,47.032,16747208
AGO,Angola,2002,Sub-Saharan Africa,Lower middle income,7521.73598754911,47.874,17327699
AGO,Angola,2003,Sub-Saharan Africa,Lower middle income,7516.81391491319,50.218,17943712
AGO,Angola,2004,Sub-Saharan Africa,Lower middle income,8079.52613328266,51.123,18600423
AGO,Angola,2005,Sub-Saharan Africa,Lower middle income,8892.92106099154,52.13,19291161
AGO,Angola,2006,Sub-Saharan Africa,Lower middle income,9586.17542123825,52.965,20015279
AGO,Angola,2007,Sub-Saharan Africa,Lower middle income,10434.7087224445,54.2,20778561
AGO,Angola,2008,Sub-Saharan Africa,Lower middle income,11131.6310145389,55.281,21578655
AGO,Angola,2009,Sub-Saharan Africa,Lower middle income,10930.2531201205,56.225,22414773
AGO,Angola,2010,Sub-Saharan Africa,Lower middle income,11074.0723813984,57.242,23294825
AGO,Angola,2011,Sub-Saharan Africa,Lower middle income,11034.5919687814,58.093,24218352
AGO,Angola,2012,Sub-Saharan Africa,Lower middle income,11516.8133246588,58.916,25177394
AGO,Angola,2013,Sub-Saharan Africa,Lower middle income,11622.978345524,59.705,26165620
AGO,Angola,2014,Sub-Saharan Africa,Lower middle income,11718.4286832376,60.396,27160769
AGO,Angola,2015,Sub-Saharan Africa,Lower middle income,11389.7609549481,61.042,28157798
AGO,Angola,2016,Sub-Saharan Africa,Lower middle income,10963.9967887173,61.619,29183070
AGO,Angola,2017,Sub-Saharan Africa,Lower middle income,10565.1676483607,62.122,30234839
AGO,Angola,2018,Sub-Saharan Africa,Lower middle income,10154.8389228005,62.622,31297155
AGO,Angola,2019,Sub-Saharan Africa,Lower middle income,9712.97944927269,63.051,32375632
AGO,Angola,2020,Sub-Saharan Africa,Lower middle income,8904.94900580168,63.116,33451132
AGO,Angola,2021,Sub-Saharan Africa,Lower middle income,8720.18768742123,62.958,34532429
AGO,Angola,2022,Sub-Saharan Africa,Lower middle income,8750.99363032299,64.246,35635029
AGO,Angola,2023,Sub-Saharan Africa,Lower middle income,8597.53878787554,64.617,36749906
ATG,Antigua and Barbuda,2000,Latin America & Caribbean,High income,25547.6120273679,74.819,74912
ATG,Antigua and Barbuda,2001,Latin America & Caribbean,High income,24014.7754593511,75.108,76069
ATG,Antigua and Barbuda,2002,Latin America & Caribbean,High income,23958.1638142071,75.237,77032
ATG,Antigua and Barbuda,2003,Latin America & Caribbean,High income,25136.001691807,75.313,77884
ATG,Antigua and Barbuda,2004,Latin America & Caribbean,High income,26303.6179046605,75.329,78719
ATG,Antigua and Barbuda,2005,Latin America & Caribbean,High income,27692.634871178,75.364,79611
ATG,Antigua and Barbuda,2006,Latin America & Caribbean,High income,30827.3416754916,75.506,80604
ATG,Antigua and Barbuda,2007,Latin America & Caribbean,High income,33245.2678606765,75.72,81704
ATG,Antigua and Barbuda,2008,Latin America & Caribbean,High income,32756.3067839753,76.075,82912
ATG,Antigua and Barbuda,2009,Latin America & Caribbean,High income,28405.6900929523,76.386,84173
ATG,Antigua and Barbuda,2010,Latin America & Caribbean,High income,25826.6086383235,76.701,85320
ATG,Antigua and Barbuda,2011,Latin America & Caribbean,High income,25023.9174488179,77.023,86332
ATG,Antigua and Barbuda,2012,Latin America & Caribbean,High income,25592.9066121735,77.1,87260
ATG,Antigua and Barbuda,2013,Latin America & Caribbean,High income,25206.8458285339,77.05,88064
ATG,Antigua and Barbuda,2014,Latin America & Caribbean,High income,25557.5249124716,76.912,88765
ATG,Antigua and Barbuda,2015,Latin America & Caribbean,High income,25734.1516444171,76.892,89409
ATG,Antigua and Barbuda,2016,Latin America & Caribbean,High income,26627.71453894,76.968,89969
ATG,Antigua and Barbuda,2017,Latin America & Caribbean,High income,27199.1952402262,77.03,90468
ATG,Antigua and Barbuda,2018,Latin America & Caribbean,High income,28878.6067675471,77.132,90926
ATG,Antigua and Barbuda,2019,Latin America & Caribbean,High income,29651.8641526705,77.168,91364
ATG,Antigua and Barbuda,2020,Latin America & Caribbean,High income,23930.6714995115,77.161,91846
ATG,Antigua and Barbuda,2021,Latin America & Caribbean,High income,25745.4958067746,77.197,92349
ATG,Antigua and Barbuda,2022,Latin America & Caribbean,High income,27785.5572316838,77.483,92840
ATG,Antigua and Barbuda,2023,Latin America & Caribbean,High income,28712.3970492192,77.598,93316
ARG,Argentina,2000,Latin America & Caribbean,Upper middle income,22281.3814299958,73.91,37213984
ARG,Argentina,2001,Latin America & Caribbean,Upper middle income,21066.4581290433,74.154,37624825
ARG,Argentina,2002,Latin America & Caribbean,Upper middle income,18571.7020471274,74.312,38029349
ARG,Argentina,2003,Latin America & Caribbean,Upper middle income,20005.1385113465,74.307,38424282
ARG,Argentina,2004,Latin America & Caribbean,Upper middle income,21591.449396517,74.871,38815916
ARG,Argentina,2005,Latin America & Caribbean,Upper middle income,23262.4075792816,75.231,39216789
ARG,Argentina,2006,Latin America & Caribbean,Upper middle income,24877.2493922296,75.279,39622115
ARG,Argentina,2007,Latin America & Caribbean,Upper middle income,26850.6645932771,74.783,40016763
ARG,Argentina,2008,Latin America & Caribbean,Upper middle income,27658.4853446831,75.428,40424148
ARG,Argentina,2009,Latin America & Caribbean,Upper middle income,25747.1976809995,75.577,40854831
ARG,Argentina,2010,Latin America & Caribbean,Upper middle income,28056.2570212342,75.68,41288694
ARG,Argentina,2011,Latin America & Caribbean,Upper middle income,29425.7593876084,76.1,41730660
ARG,Argentina,2012,Latin America & Caribbean,Upper middle income,28825.9666865361,75.802,42161721
ARG,Argentina,2013,Latin America & Caribbean,Upper middle income,29227.6601818437,75.829,42582455
ARG,Argentina,2014,Latin America & Caribbean,Upper middle income,28200.8152571318,76.268,43024071
ARG,Argentina,2015,Latin America & Caribbean,Upper middle income,28669.2061336796,76.6,43477012
ARG,Argentina,2016,Latin America & Caribbean,Upper middle income,27802.1057201498,76.105,43900313
ARG,Argentina,2017,Latin America & Caribbean,Upper middle income,28334.904184742,76.543,44288894
ARG,Argentina,2018,Latin America & Caribbean,Upper middle income,27367.115094108,76.77,44654882
ARG,Argentina,2019,Latin America & Caribbean,Upper middle income,26629.5529419501,76.847,44973465
ARG,Argentina,2020,Latin America & Caribbean,Upper middle income,23877.0931404855,75.878,45191965
ARG,Argentina,2021,Latin America & Caribbean,Upper middle income,26300.274261175,73.948,45312281
ARG,Argentina,2022,Latin America & Caribbean,Upper middle income,27825.0273492567,75.806,45407904
ARG,Argentina,2023,Latin America & Caribbean,Upper middle income,27230.3968496682,77.395,45538401
ARM,Armenia,2000,Europe & Central Asia,Upper middle income,4589.00825039977,72.8804878048781,3221100
ARM,Armenia,2001,Europe & Central Asia,Upper middle income,5044.11647826468,72.9756097560976,3211800
ARM,Armenia,2002,Europe & Central Asia,Upper middle income,5731.35346609213,72.8268292682927,3199800
ARM,Armenia,2003,Europe & Central Asia,Upper middle income,6569.26023440631,72.8268292682927,3182500
ARM,Armenia,2004,Europe & Central Asia,Upper middle income,7299.40001858866,73.0268292682927,3164900
ARM,Armenia,2005,Europe & Central Asia,Upper middle income,8362.90084037119,73.0756097560976,3146400
ARM,Armenia,2006,Europe & Central Asia,Upper middle income,9525.23146779778,72.8243902439025,3127100
ARM,Armenia,2007,Europe & Central Asia,Upper middle income,10898.8483795634,72.8731707317073,3107400
ARM,Armenia,2008,Europe & Central Asia,Upper middle income,11727.4821272949,73.0731707317073,3087100
ARM,Armenia,2009,Europe & Central Asia,Upper middle income,10143.2350796867,73.0731707317073,3066000
ARM,Armenia,2010,Europe & Central Asia,Upper middle income,10438.5641904169,73.1731707317073,3044800
ARM,Armenia,2011,Europe & Central Asia,Upper middle income,10990.177099035,73.8170731707317,3027900
ARM,Armenia,2012,Europe & Central Asia,Upper middle income,11796.2741177994,74.119512195122,3024100
ARM,Armenia,2013,Europe & Central Asia,Upper middle income,12194.0189523843,74.6219512195122,3022000
ARM,Armenia,2014,Europe & Central Asia,Upper middle income,12667.375733024899,74.8731707317073,3013800
ARM,Armenia,2015,Europe & Central Asia,Upper middle income,13112.7600902915,74.8707317073171,3004600
ARM,Armenia,2016,Europe & Central Asia,Upper middle income,13192.9940731731,74.8682926829268,2992300
ARM,Armenia,2017,Europe & Central Asia,Upper middle income,14243.8749003795,75.2170731707317,2979400
ARM,Armenia,2018,Europe & Central Asia,Upper middle income,15037.0452420712,75.619512195122,2969000
ARM,Armenia,2019,Europe & Central Asia,Upper middle income,16215.3607965094,76.2219512195122,2962500
ARM,Armenia,2020,Europe & Central Asia,Upper middle income,15052.9359791136,73.3756097560976,2961500
ARM,Armenia,2021,Europe & Central Asia,Upper middle income,15921.705281964,72.2780487804878,2962300
ARM,Armenia,2022,Europe & Central Asia,Upper middle income,17886.1783877168,74.7658536585366,2969200
ARM,Armenia,2023,Europe & Central Asia,Upper middle income,19402.7510915578,77.4658536585366,2964300
ABW,Aruba,2000,Latin America & Caribbean,High income,37618.9926155094,72.939,90588
ABW,Aruba,2001,Latin America & Caribbean,High income,38827.4672740448,73.044,91439
ABW,Aruba,2002,Latin America & Caribbean,High income,38195.3176084346,73.135,92074
ABW,Aruba,2003,Latin America & Caribbean,High income,38182.3925262649,73.236,93128
ABW,Aruba,2004,Latin America & Caribbean,High income,40101.7876131851,73.223,95138
ABW,Aruba,2005,Latin America & Caribbean,High income,38926.4750002706,73.415,97635
ABW,Aruba,2006,Latin America & Caribbean,High income,38664.3995098654,73.498,99405
ABW,Aruba,2007,Latin America & Caribbean,High income,39562.4488484876,73.642,100150
ABW,Aruba,2008,Latin America & Caribbean,High income,39982.5119922148,73.783,100917
ABW,Aruba,2009,Latin America & Caribbean,High income,35074.6841221014,73.974,101604
ABW,Aruba,2010,Latin America & Caribbean,High income,34037.5423205595,74.297,101838
ABW,Aruba,2011,Latin America & Caribbean,High income,34926.1008924322,74.578,102591
ABW,Aruba,2012,Latin America & Caribbean,High income,34058.3102329903,74.841,104110
ABW,Aruba,2013,Latin America & Caribbean,High income,35711.9290506967,75.072,105675
ABW,Aruba,2014,Latin America & Caribbean,High income,35837.3240929711,75.261,106807
ABW,Aruba,2015,Latin America & Caribbean,High income,36753.4041726178,75.405,107906
ABW,Aruba,2016,Latin America & Caribbean,High income,36926.1130685729,75.54,108727
ABW,Aruba,2017,Latin America & Caribbean,High income,38213.2892388309,75.62,108735
ABW,Aruba,2018,Latin America & Caribbean,High income,39378.2284109047,75.88,108908
ABW,Aruba,2019,Latin America & Caribbean,High income,39754.5600722149,76.019,109203
ABW,Aruba,2020,Latin America & Caribbean,High income,30408.8270901983,75.406,108587
ABW,Aruba,2021,Latin America & Caribbean,High income,35207.1709088639,73.655,107700
ABW,Aruba,2022,Latin America & Caribbean,High income,39083.4616398507,76.226,107310
ABW,Aruba,2023,Latin America & Caribbean,High income,42783.2489072067,76.353,107359
AUS,Australia,2000,East Asia & Pacific,High income,45099.0752097084,79.2341463414634,19028802
AUS,Australia,2001,East Asia & Pacific,High income,45428.2000837579,79.6341463414634,19274701
AUS,Australia,2002,East Asia & Pacific,High income,46688.3947760633,79.9365853658537,19495210
AUS,Australia,2003,East Asia & Pacific,High income,47581.2285345879,80.2390243902439,19720737
AUS,Australia,2004,East Asia & Pacific,High income,49061.2761503925,80.490243902439,19932722
AUS,Australia,2005,East Asia & Pacific,High income,49997.0664953941,80.8414634146341,20176844
AUS,Australia,2006,East Asia & Pacific,High income,50693.7248649798,81.0414634146342,20450966
AUS,Australia,2007,East Asia & Pacific,High income,51663.2403953881,81.2926829268293,20827622
AUS,Australia,2008,East Asia & Pacific,High income,52473.3819160773,81.3951219512195,21249199
AUS,Australia,2009,East Asia & Pacific,High income,52407.9115378584,81.5439024390244,21691653
AUS,Australia,2010,East Asia & Pacific,High income,52739.2681556133,81.6951219512195,22031750
AUS,Australia,2011,East Asia & Pacific,High income,53257.0473237603,81.8951219512195,22340024
AUS,Australia,2012,East Asia & Pacific,High income,54403.8836902433,82.0463414634146,22733465
AUS,Australia,2013,East Asia & Pacific,High income,54895.0052588984,82.1487804878049,23128129
AUS,Australia,2014,East Asia & Pacific,High income,55489.068844146,82.3,23475686
AUS,Australia,2015,East Asia & Pacific,High income,55879.9958817103,82.4,23815995
AUS,Australia,2016,East Asia & Pacific,High income,56529.951824687,82.4487804878049,24190907
AUS,Australia,2017,East Asia & Pacific,High income,56881.8569859104,82.5,24592588
AUS,Australia,2018,East Asia & Pacific,High income,57647.8455068105,82.7487804878049,24963258
AUS,Australia,2019,East Asia & Pacific,High income,58048.6188420831,82.9,25334826
AUS,Australia,2020,East Asia & Pacific,High income,57260.4650530108,83.2,25649248
AUS,Australia,2021,East Asia & Pacific,High income,58327.4146842325,83.3,25685412
AUS,Australia,2022,East Asia & Pacific,High income,60029.1329190733,83.2,26018721
AUS,Australia,2023,East Asia & Pacific,High income,60684.9596204883,83.0512195121951,26659922
AUT,Austria,2000,Europe & Central Asia,High income,53534.2669894259,78.1268292682927,8011566
AUT,Austria,2001,Europe & Central Asia,High income,54032.075746659,78.5756097560976,8042293
AUT,Austria,2002,Europe & Central Asia,High income,54565.0004227482,78.6780487804878,8081957
AUT,Austria,2003,Europe & Central Asia,High income,54919.7101911513,78.6317073170732,8121423
AUT,Austria,2004,Europe & Central Asia,High income,55980.1531665622,79.1804878048781,8171966
AUT,Austria,2005,Europe & Central Asia,High income,56890.1996184204,79.3317073170732,8227829
AUT,Austria,2006,Europe & Central Asia,High income,58460.1550504163,79.8804878048781,8268641
AUT,Austria,2007,Europe & Central Asia,High income,60470.825141587,80.1804878048781,8295487
AUT,Austria,2008,Europe & Central Asia,High income,61157.9014974191,80.4317073170732,8321496
AUT,Austria,2009,Europe & Central Asia,High income,58810.3596828696,80.3317073170732,8343323
AUT,Austria,2010,Europe & Central Asia,High income,59730.4673903053,80.5804878048781,8363404
AUT,Austria,2011,Europe & Central Asia,High income,61272.1724662899,80.9829268292683,8391643
AUT,Austria,2012,Europe & Central Asia,High income,61376.6345930428,80.9365853658537,8429991
AUT,Austria,2013,Europe & Central Asia,High income,60862.9693673785,81.1365853658537,8479823
AUT,Austria,2014,Europe & Central Asia,High income,60845.5743980711,81.490243902439,8546356
AUT,Austria,2015,Europe & Central Asia,High income,60951.6037273662,81.190243902439,8642699
AUT,Austria,2016,Europe & Central Asia,High income,61572.6257402404,81.6414634146342,8736668
AUT,Austria,2017,Europe & Central Asia,High income,62535.8105711345,81.6439024390244,8797566
AUT,Austria,2018,Europe & Central Asia,High income,63777.9362157476,81.6926829268293,8840521
AUT,Austria,2019,Europe & Central Asia,High income,64609.2836396895,81.8951219512195,8879920
AUT,Austria,2020,Europe & Central Asia,High income,60276.3307697326,81.1926829268293,8916864
AUT,Austria,2021,Europe & Central Asia,High income,62968.8538770186,81.190243902439,8955797
AUT,Austria,2022,Europe & Central Asia,High income,65694.4591501468,81.2951219512195,9041851
AUT,Austria,2023,Europe & Central Asia,High income,64536.2076307547,81.7926829268293,9131761
AZE,Azerbaijan,2000,Europe & Central Asia,Upper middle income,5656.92989378687,65.377,8048600
AZE,Azerbaijan,2001,Europe & Central Asia,Upper middle income,6168.98512059749,66.043,8111200
AZE,Azerbaijan,2002,Europe & Central Asia,Upper middle income,6701.08174444207,66.769,8171950
AZE,Azerbaijan,2003,Europe & Central Asia,Upper middle income,7329.40601818943,67.036,8234100
AZE,Azerbaijan,2004,Europe & Central Asia,Upper middle income,7937.8594791002,67.488,8306500
AZE,Azerbaijan,2005,Europe & Central Asia,Upper middle income,10054.1003389401,67.71,8391850
AZE,Azerbaijan,2006,Europe & Central Asia,Upper middle income,13371.6585214534,68.489,8484550
AZE,Azerbaijan,2007,Europe & Central Asia,Upper middle income,16587.3657240228,68.659,8581300
AZE,Azerbaijan,2008,Europe & Central Asia,Upper middle income,17963.0208126838,69.355,8763400
AZE,Azerbaijan,2009,Europe & Central Asia,Upper middle income,19242.3900077231,69.874,8947243
AZE,Azerbaijan,2010,Europe & Central Asia,Upper middle income,19925.3900662137,70.309,9054332
AZE,Azerbaijan,2011,Europe & Central Asia,Upper middle income,19358.0778100345,70.565,9173082
AZE,Azerbaijan,2012,Europe & Central Asia,Upper middle income,19523.3737161356,71.08,9295784
AZE,Azerbaijan,2013,Europe & Central Asia,Upper middle income,20398.6462250349,71.485,9416801
AZE,Azerbaijan,2014,Europe & Central Asia,Upper middle income,20709.201611232,71.93,9535079
AZE,Azerbaijan,2015,Europe & Central Asia,Upper middle income,20678.7539572375,72.349,9649341
AZE,Azerbaijan,2016,Europe & Central Asia,Upper middle income,19822.4105943941,72.568,9757812
AZE,Azerbaijan,2017,Europe & Central Asia,Upper middle income,19659.0048562768,72.694,9854033
AZE,Azerbaijan,2018,Europe & Central Asia,Upper middle income,19781.8509058437,73.016,9939771
AZE,Azerbaijan,2019,Europe & Central Asia,Upper middle income,20101.491875147,73.29,10024283
AZE,Azerbaijan,2020,Europe & Central Asia,Upper middle income,19126.096851126,70.312,10093121
AZE,Azerbaijan,2021,Europe & Central Asia,Upper middle income,20111.3756952109,70.999,10137750
AZE,Azerbaijan,2022,Europe & Central Asia,Upper middle income,21051.2442291612,74.125,10141756
AZE,Azerbaijan,2023,Europe & Central Asia,Upper middle income,21310.7386915022,74.429,10153958
BHS,"Bahamas, The",2000,Latin America & Caribbean,High income,34597.1621145274,72.481,323835
BHS,"Bahamas, The",2001,Latin America & Caribbean,High income,35072.3658990461,72.765,327836
BHS,"Bahamas, The",2002,Latin America & Caribbean,High income,35610.6786425646,73.023,331614
BHS,"Bahamas, The",2003,Latin America & Caribbean,High income,34740.7635535381,73.213,335618
BHS,"Bahamas, The",2004,Latin America & Caribbean,High income,34617.8051137459,73.235,339782
BHS,"Bahamas, The",2005,Latin America & Caribbean,High income,35365.4663980219,73.413,343894
BHS,"Bahamas, The",2006,Latin America & Caribbean,High income,35789.1322131898,73.456,348375
BHS,"Bahamas, The",2007,Latin America & Caribbean,High income,35797.118972073,73.463,353334
BHS,"Bahamas, The",2008,Latin America & Caribbean,High income,34498.0351399173,73.445,358120
BHS,"Bahamas, The",2009,Latin America & Caribbean,High income,32630.263065979,73.455,362810
BHS,"Bahamas, The",2010,Latin America & Caribbean,High income,32711.4592459383,73.449,367478
BHS,"Bahamas, The",2011,Latin America & Caribbean,High income,32535.6625139135,73.571,371729
BHS,"Bahamas, The",2012,Latin America & Caribbean,High income,33667.5547098911,73.707,375469
BHS,"Bahamas, The",2013,Latin America & Caribbean,High income,32402.9163503108,73.93,378953
BHS,"Bahamas, The",2014,Latin America & Caribbean,High income,32712.6356664811,74.029,382298
BHS,"Bahamas, The",2015,Latin America & Caribbean,High income,32777.5849410742,73.805,385346
BHS,"Bahamas, The",2016,Latin America & Caribbean,High income,32172.3365152976,74.042,388055
BHS,"Bahamas, The",2017,Latin America & Caribbean,High income,33050.0350128611,74.031,390485
BHS,"Bahamas, The",2018,Latin America & Caribbean,High income,33650.2164350935,74.062,392717
BHS,"Bahamas, The",2019,Latin America & Caribbean,High income,33202.4902105068,71.408,394675
BHS,"Bahamas, The",2020,Latin America & Caribbean,High income,26452.695760929,72.994,395863
BHS,"Bahamas, The",2021,Latin America & Caribbean,High income,31064.6822166194,70.752,396373
BHS,"Bahamas, The",2022,Latin America & Caribbean,High income,34342.9285316569,74.491,397538
BHS,"Bahamas, The",2023,Latin America & Caribbean,High income,35221.2696932313,74.552,399440
BHR,Bahrain,2000,"Middle East, North Africa, Afghanistan & Pakistan",High income,57968.9956082135,74.673,637582
BHR,Bahrain,2001,"Middle East, North Africa, Afghanistan & Pakistan",High income,57280.6986707494,74.942,661316
BHR,Bahrain,2002,"Middle East, North Africa, Afghanistan & Pakistan",High income,55096.6571550779,75.209,710553
BHR,Bahrain,2003,"Middle East, North Africa, Afghanistan & Pakistan",High income,54431.8763559658,75.486,764517
BHR,Bahrain,2004,"Middle East, North Africa, Afghanistan & Pakistan",High income,54045.092888858,75.787,823741
BHR,Bahrain,2005,"Middle East, North Africa, Afghanistan & Pakistan",High income,53478.2662415503,76.125,888822
BHR,Bahrain,2006,"Middle East, North Africa, Afghanistan & Pakistan",High income,52691.9323366851,76.51,960424
BHR,Bahrain,2007,"Middle East, North Africa, Afghanistan & Pakistan",High income,52731.7921672618,76.952,1039295
BHR,Bahrain,2008,"Middle East, North Africa, Afghanistan & Pakistan",High income,52765.3899455546,77.457,1103496
BHR,Bahrain,2009,"Middle East, North Africa, Afghanistan & Pakistan",High income,50665.7507489219,78.016,1178415
BHR,Bahrain,2010,"Middle East, North Africa, Afghanistan & Pakistan",High income,50704.8479679819,78.593,1228543
BHR,Bahrain,2011,"Middle East, North Africa, Afghanistan & Pakistan",High income,53132.3284162611,79.141,1195020
BHR,Bahrain,2012,"Middle East, North Africa, Afghanistan & Pakistan",High income,54516.8406594787,79.622,1208964
BHR,Bahrain,2013,"Middle East, North Africa, Afghanistan & Pakistan",High income,55376.4005147894,79.998,1253191
BHR,Bahrain,2014,"Middle East, North Africa, Afghanistan & Pakistan",High income,55065.8189472129,80.214,1314562
BHR,Bahrain,2015,"Middle East, North Africa, Afghanistan & Pakistan",High income,54149.9131524721,80.338,1370322
BHR,Bahrain,2016,"Middle East, North Africa, Afghanistan & Pakistan",High income,54107.0752236423,80.407,1423726
BHR,Bahrain,2017,"Middle East, North Africa, Afghanistan & Pakistan",High income,53859.7749589601,80.407,1501116
BHR,Bahrain,2018,"Middle East, North Africa, Afghanistan & Pakistan",High income,54893.0724411368,80.412,1503091
BHR,Bahrain,2019,"Middle East, North Africa, Afghanistan & Pakistan",High income,56749.9628370612,80.471,1483756
BHR,Bahrain,2020,"Middle East, North Africa, Afghanistan & Pakistan",High income,53814.2452592358,78.683,1472204
BHR,Bahrain,2021,"Middle East, North Africa, Afghanistan & Pakistan",High income,54954.6757895532,78.083,1504365
BHR,Bahrain,2022,"Middle East, North Africa, Afghanistan & Pakistan",High income,57572.997981018,80.992,1524693
BHR,Bahrain,2023,"Middle East, North Africa, Afghanistan & Pakistan",High income,57819.9051831242,81.284,1577059
BGD,Bangladesh,2000,South Asia,Lower middle income,2712.93512215725,62.049,134544304
BGD,Bangladesh,2001,South Asia,Lower middle income,2803.55471950946,62.836,136805810
BGD,Bangladesh,2002,South Asia,Lower middle income,2866.43454328715,63.591,138933658
BGD,Bangladesh,2003,South Asia,Lower middle income,2958.91503115633,64.288,140970351
BGD,Bangladesh,2004,South Asia,Lower middle income,3071.83778764611,64.912,142902856
BGD,Bangladesh,2005,South Asia,Lower middle income,3231.61370692891,65.509,144715786
BGD,Bangladesh,2006,South Asia,Lower middle income,3407.4273502159,66.048,146405973
BGD,Bangladesh,2007,South Asia,Lower middle income,3608.91543819399,66.458,147989278
BGD,Bangladesh,2008,South Asia,Lower middle income,3787.9382761855,67.047,149474264
BGD,Bangladesh,2009,South Asia,Lower middle income,3942.13631207203,67.527,150873714
BGD,Bangladesh,2010,South Asia,Lower middle income,4125.46390163202,68.009,152201981
BGD,Bangladesh,2011,South Asia,Lower middle income,4352.42643359325,68.499,153591076
BGD,Bangladesh,2012,South Asia,Lower middle income,4592.04840919812,68.989,155070101
BGD,Bangladesh,2013,South Asia,Lower middle income,4822.72621378266,69.487,156532141
BGD,Bangladesh,2014,South Asia,Lower middle income,5068.63965672741,70.016,157964929
BGD,Bangladesh,2015,South Asia,Lower middle income,5352.71133299566,70.543,159383179
BGD,Bangladesh,2016,South Asia,Lower middle income,5682.53553494306,71.075,160811932
BGD,Bangladesh,2017,South Asia,Lower middle income,6005.70718781048,71.606,162186147
BGD,Bangladesh,2018,South Asia,Lower middle income,6392.59334024091,72.122,163523103
BGD,Bangladesh,2019,South Asia,Lower middle income,6838.32611608243,72.625,164913055
BGD,Bangladesh,2020,South Asia,Lower middle income,7015.19792797056,71.421,166298024
BGD,Bangladesh,2021,South Asia,Lower middle income,7441.06913961254,71.103,167658854
BGD,Bangladesh,2022,South Asia,Lower middle income,7888.16389098304,74.265,169384897
BGD,Bangladesh,2023,South Asia,Lower middle income,8242.39798977242,74.672,171466990
BRB,Barbados,2000,Latin America & Caribbean,High income,21315.7684300571,74.58,262063
BRB,Barbados,2001,Latin America & Caribbean,High income,20782.8432453701,74.707,262425
BRB,Barbados,2002,Latin America & Caribbean,High income,20809.8567218941,74.82,264148
BRB,Barbados,2003,Latin America & Caribbean,High income,21132.3281963019,74.865,265776
BRB,Barbados,2004,Latin America & Caribbean,High income,21308.6052569587,75.15,267298
BRB,Barbados,2005,Latin America & Caribbean,High income,22035.3859581035,74.96,268706
BRB,Barbados,2006,Latin America & Caribbean,High income,23260.8645438811,75.049,270002
BRB,Barbados,2007,Latin America & Caribbean,High income,23631.9433885299,75.263,271288
BRB,Barbados,2008,Latin America & Caribbean,High income,23657.2900650446,75.3,272714
BRB,Barbados,2009,Latin America & Caribbean,High income,22354.8404800399,75.458,274123
BRB,Barbados,2010,Latin America & Caribbean,High income,20464.7939658776,75.488,275243
BRB,Barbados,2011,Latin America & Caribbean,High income,20383.2530917687,75.599,276139
BRB,Barbados,2012,Latin America & Caribbean,High income,19743.57827095,75.737,276938
BRB,Barbados,2013,Latin America & Caribbean,High income,19730.3469740518,75.816,277665
BRB,Barbados,2014,Latin America & Caribbean,High income,19840.8306179644,75.926,278348
BRB,Barbados,2015,Latin America & Caribbean,High income,19642.2322500219,76.055,278990
BRB,Barbados,2016,Latin America & Caribbean,High income,19877.1120083968,76.168,279598
BRB,Barbados,2017,Latin America & Caribbean,High income,19966.3202405154,76.237,280171
BRB,Barbados,2018,Latin America & Caribbean,High income,19877.6759569235,76.378,280711
BRB,Barbados,2019,Latin America & Caribbean,High income,19890.455714094,76.495,281207
BRB,Barbados,2020,Latin America & Caribbean,High income,16399.7020111405,76.647,281698
BRB,Barbados,2021,Latin America & Caribbean,High income,17686.7469386289,76.58,282147
BRB,Barbados,2022,Latin America & Caribbean,High income,20494.5343836936,75.676,282318
BRB,Barbados,2023,Latin America & Caribbean,High income,20865.0155437147,76.178,282336
BLR,Belarus,2000,Europe & Central Asia,Upper middle income,11182.4548339393,68.9121951219512,9979610
BLR,Belarus,2001,Europe & Central Asia,Upper middle income,11771.0872003861,68.5073170731707,9928549
BLR,Belarus,2002,Europe & Central Asia,Upper middle income,12443.9322575939,68.0560975609756,9865548
BLR,Belarus,2003,Europe & Central Asia,Upper middle income,13413.9265504854,68.5536585365854,9796749
BLR,Belarus,2004,Europe & Central Asia,Upper middle income,15052.1182160947,68.9560975609756,9730146
BLR,Belarus,2005,Europe & Central Asia,Upper middle income,16579.8731683834,68.8512195121951,9663915
BLR,Belarus,2006,Europe & Central Asia,Upper middle income,18349.8719060634,69.4048780487805,9604924
BLR,Belarus,2007,Europe & Central Asia,Upper middle income,20019.6111676728,70.2073170731707,9560953
BLR,Belarus,2008,Europe & Central Asia,Upper middle income,22137.9472928315,70.4560975609756,9527985
BLR,Belarus,2009,Europe & Central Asia,Upper middle income,22236.8387691136,70.4073170731707,9504583
BLR,Belarus,2010,Europe & Central Asia,Upper middle income,24012.6133040213,70.4048780487805,9483836
BLR,Belarus,2011,Europe & Central Asia,Upper middle income,25404.7566082412,70.5536585365854,9461643
BLR,Belarus,2012,Europe & Central Asia,Upper middle income,25879.1319400701,71.9658536585366,9446836
BLR,Belarus,2013,Europe & Central Asia,Upper middle income,26147.6253584645,72.4707317073171,9443211
BLR,Belarus,2014,Europe & Central Asia,Upper middle income,26564.4347246547,72.9707317073171,9448515
BLR,Belarus,2015,Europe & Central Asia,Upper middle income,25513.2132958317,73.6243902439025,9461076
BLR,Belarus,2016,Europe & Central Asia,Upper middle income,24846.8301529359,73.8268292682927,9469379
BLR,Belarus,2017,Europe & Central Asia,Upper middle income,25503.9809845207,74.1292682926829,9458989
BLR,Belarus,2018,Europe & Central Asia,Upper middle income,26363.4629778536,74.1756097560976,9438785
BLR,Belarus,2019,Europe & Central Asia,Upper middle income,26798.8206398076,74.2268292682927,9419758
BLR,Belarus,2020,Europe & Central Asia,Upper middle income,26731.4953869922,72.1385609756098,9379952
BLR,Belarus,2021,Europe & Central Asia,Upper middle income,27611.1801135157,72.0714634146342,9302585
BLR,Belarus,2022,Europe & Central Asia,Upper middle income,26537.5083081674,74.1033658536585,9228071
BLR,Belarus,2023,Europe & Central Asia,Upper middle income,27782.4380139967,74.1837804878049,9178298
BEL,Belgium,2000,Europe & Central Asia,High income,50455.7338920674,77.7219512195122,10251250
BEL,Belgium,2001,Europe & Central Asia,High income,50835.3969916063,77.9731707317073,10286570
BEL,Belgium,2002,Europe & Central Asia,High income,51471.8532550934,78.0756097560976,10332785
BEL,Belgium,2003,Europe & Central Asia,High income,51788.8439641975,78.1292682926829,10376133
BEL,Belgium,2004,Europe & Central Asia,High income,53406.6918625203,78.8780487804878,10421137
BEL,Belgium,2005,Europe & Central Asia,High income,54346.8934219288,78.9804878048781,10478617
BEL,Belgium,2006,Europe & Central Asia,High income,55367.6227467909,79.380487804878,10547958
BEL,Belgium,2007,Europe & Central Asia,High income,56983.4612170064,79.7829268292683,10625700
BEL,Belgium,2008,Europe & Central Asia,High income,56787.7366257416,79.6804878048781,10709973
BEL,Belgium,2009,Europe & Central Asia,High income,55258.7071019668,80.0341463414634,10796493
BEL,Belgium,2010,Europe & Central Asia,High income,56240.2030936241,80.1829268292683,10895586
BEL,Belgium,2011,Europe & Central Asia,High income,56585.302500068,80.5853658536585,11038264
BEL,Belgium,2012,Europe & Central Asia,High income,56356.8251292137,80.3853658536585,11106932
BEL,Belgium,2013,Europe & Central Asia,High income,56263.175267967,80.5878048780488,11159407
BEL,Belgium,2014,Europe & Central Asia,High income,57002.9092185206,81.2878048780488,11209057
BEL,Belgium,2015,Europe & Central Asia,High income,57509.0245728704,80.9926829268293,11274196
BEL,Belgium,2016,Europe & Central Asia,High income,57901.497690315,81.4390243902439,11331422
BEL,Belgium,2017,Europe & Central Asia,High income,58529.3302957537,81.4926829268293,11375158
BEL,Belgium,2018,Europe & Central Asia,High income,59357.6896884396,81.5951219512195,11427054
BEL,Belgium,2019,Europe & Central Asia,High income,60479.9769955469,81.9951219512195,11488980
BEL,Belgium,2020,Europe & Central Asia,High income,57333.5424137924,80.6951219512195,11538604
BEL,Belgium,2021,Europe & Central Asia,High income,60669.2137746534,81.790243902439,11586195
BEL,Belgium,2022,Europe & Central Asia,High income,62602.9270469765,81.7487804878049,11680210
BEL,Belgium,2023,Europe & Central Asia,High income,63042.0099876309,82.4,11779946
BLZ,Belize,2000,Latin America & Caribbean,Upper middle income,11363.6868781615,68.911,240799
BLZ,Belize,2001,Latin America & Caribbean,Upper middle income,11567.0265720608,68.944,248379
BLZ,Belize,2002,Latin America & Caribbean,Upper middle income,11828.1865744067,69.528,256009
BLZ,Belize,2003,Latin America & Caribbean,Upper middle income,12589.2679378206,69.819,263780
BLZ,Belize,2004,Latin America & Caribbean,Upper middle income,12807.1658774384,70.152,271688
BLZ,Belize,2005,Latin America & Caribbean,Upper middle income,12714.9697390831,70.335,279731
BLZ,Belize,2006,Latin America & Caribbean,Upper middle income,12912.5300233774,70.535,287878
BLZ,Belize,2007,Latin America & Caribbean,Upper middle income,12973.2067214746,70.652,296100
BLZ,Belize,2008,Latin America & Caribbean,Upper middle income,12415.6811300464,70.665,304361
BLZ,Belize,2009,Latin America & Caribbean,Upper middle income,12033.9096816588,70.806,312614
BLZ,Belize,2010,Latin America & Caribbean,Upper middle income,11913.6635959061,70.875,320245
BLZ,Belize,2011,Latin America & Caribbean,Upper middle income,11641.7717375703,70.975,327298
BLZ,Belize,2012,Latin America & Caribbean,Upper middle income,11843.4153404212,71.134,334414
BLZ,Belize,2013,Latin America & Caribbean,Upper middle income,12064.797259406,71.276,341627
BLZ,Belize,2014,Latin America & Caribbean,Upper middle income,12272.2957895446,71.437,348923
BLZ,Belize,2015,Latin America & Caribbean,Upper middle income,12348.7944978311,71.647,356333
BLZ,Belize,2016,Latin America & Caribbean,Upper middle income,12063.0600374093,71.843,364705
BLZ,Belize,2017,Latin America & Caribbean,Upper middle income,11572.3007931461,72.062,373202
BLZ,Belize,2018,Latin America & Caribbean,Upper middle income,11451.8979413877,72.322,380226
BLZ,Belize,2019,Latin America & Caribbean,Upper middle income,11765.9748661176,72.577,385829
BLZ,Belize,2020,Latin America & Caribbean,Upper middle income,10045.1404163746,71.58,390812
BLZ,Belize,2021,Latin America & Caribbean,Upper middle income,11716.3267818656,70.917,395346
BLZ,Belize,2022,Latin America & Caribbean,Upper middle income,12565.3645829576,72.19,402733
BLZ,Belize,2023,Latin America & Caribbean,Upper middle income,12371.0086545348,73.566,411106
BEN,Benin,2000,Sub-Saharan Africa,Lower middle income,2536.16885867097,56.594,7221619
BEN,Benin,2001,Sub-Saharan Africa,Lower middle income,2591.06485220288,56.654,7445596
BEN,Benin,2002,Sub-Saharan Africa,Lower middle income,2630.18061029627,56.851,7675426
BEN,Benin,2003,Sub-Saharan Africa,Lower middle income,2639.04370114641,57.092,7913070
BEN,Benin,2004,Sub-Saharan Africa,Lower middle income,2672.84404357157,57.346,8159094
BEN,Benin,2005,Sub-Saharan Africa,Lower middle income,2632.47251454328,57.738,8426144
BEN,Benin,2006,Sub-Saharan Africa,Lower middle income,2652.21841967159,57.966,8693242
BEN,Benin,2007,Sub-Saharan Africa,Lower middle income,2729.13741390352,58.249,8953969
BEN,Benin,2008,Sub-Saharan Africa,Lower middle income,2777.61974031765,58.099,9228466
BEN,Benin,2009,Sub-Saharan Africa,Lower middle income,2758.07243150648,58.258,9509423
BEN,Benin,2010,Sub-Saharan Africa,Lower middle income,2733.57399641151,58.387,9797484
BEN,Benin,2011,Sub-Saharan Africa,Lower middle income,2732.01249647957,58.462,10093623
BEN,Benin,2012,Sub-Saharan Africa,Lower middle income,2779.7264808532,58.559,10397657
BEN,Benin,2013,Sub-Saharan Africa,Lower middle income,2893.0467015352,58.863,10708834
BEN,Benin,2014,Sub-Saharan Africa,Lower middle income,2987.38236326153,59.008,11030004
BEN,Benin,2015,Sub-Saharan Africa,Lower middle income,2952.00218338705,59.123,11360681
BEN,Benin,2016,Sub-Saharan Africa,Lower middle income,2962.66381572265,59.283,11697842
BEN,Benin,2017,Sub-Saharan Africa,Lower middle income,3041.77929984989,59.528,12039780
BEN,Benin,2018,Sub-Saharan Africa,Lower middle income,3155.4510650627,59.71,12383347
BEN,Benin,2019,Sub-Saharan Africa,Lower middle income,3281.10470051465,59.888,12726755
BEN,Benin,2020,Sub-Saharan Africa,Lower middle income,3317.8597222557,60.154,13070169
BEN,Benin,2021,Sub-Saharan Africa,Lower middle income,3464.2886286745,59.61,13413417
BEN,Benin,2022,Sub-Saharan Africa,Lower middle income,3588.32519938147,60.475,13759501
BEN,Benin,2023,Sub-Saharan Africa,Lower middle income,3721.21254814808,60.774,14111034
BMU,Bermuda,2000,North America,High income,98024.0788793146,78.251,61550
BMU,Bermuda,2001,North America,High income,104565.263948121,78.637,61867
BMU,Bermuda,2002,North America,High income,102564.108880562,78.841,62142
BMU,Bermuda,2003,North America,High income,105647.446050466,78.715,62386
BMU,Bermuda,2004,North America,High income,107807.760712997,78.898,62555
BMU,Bermuda,2005,North America,High income,109340.012116084,78.874,62711
BMU,Bermuda,2006,North America,High income,115175.773016307,78.87,62834
BMU,Bermuda,2007,North America,High income,118696.092066629,79.006,63010
BMU,Bermuda,2008,North America,High income,115947.63292703,79.101,63300
BMU,Bermuda,2009,North America,High income,108967.427366927,79.229,63565
BMU,Bermuda,2010,North America,High income,105973.358845444,79.414,63725
BMU,Bermuda,2011,North America,High income,101994.242680484,79.651,63733
BMU,Bermuda,2012,North America,High income,96715.1659966888,79.847,63646
BMU,Bermuda,2013,North America,High income,96553.8726827819,80.016,63574
BMU,Bermuda,2014,North America,High income,93046.2100976443,80.199,63529
BMU,Bermuda,2015,North America,High income,93863.848336341907,80.338,63464
BMU,Bermuda,2016,North America,High income,93269.0137558453,80.476,63449
BMU,Bermuda,2017,North America,High income,96441.2718767256,80.686,63578
BMU,Bermuda,2018,North America,High income,95643.2734055543,80.986,63831
BMU,Bermuda,2019,North America,High income,95523.9623126026,81.251,64107
BMU,Bermuda,2020,North America,High income,88484.8155997921,81.456,64382
BMU,Bermuda,2021,North America,High income,92319.6714861222,81.745,64648
BMU,Bermuda,2022,North America,High income,97943.0548977322,82.062,64749
BMU,Bermuda,2023,North America,High income,102268.922803272,82.309,64698
BTN,Bhutan,2000,South Asia,Lower middle income,5287.57434721684,61.842,596863
BTN,Bhutan,2001,South Asia,Lower middle income,5545.6305511084,63.323,610794
BTN,Bhutan,2002,South Asia,Lower middle income,5991.25497571775,63.984,624409
BTN,Bhutan,2003,South Asia,Lower middle income,6323.5411950973,64.662,637663
BTN,Bhutan,2004,South Asia,Lower middle income,6517.99683290216,65.29,650544
BTN,Bhutan,2005,South Asia,Lower middle income,6850.80441609334,65.875,661865
BTN,Bhutan,2006,South Asia,Lower middle income,7140.85609148376,66.499,670799
BTN,Bhutan,2007,South Asia,Lower middle income,8195.07074477912,67.152,678641
BTN,Bhutan,2008,South Asia,Lower middle income,8470.03471622855,67.733,686351
BTN,Bhutan,2009,South Asia,Lower middle income,9019.11861272397,68.156,693988
BTN,Bhutan,2010,South Asia,Lower middle income,9985.28455483655,68.765,701632
BTN,Bhutan,2011,South Asia,Lower middle income,10714.686566371,69.28,709377
BTN,Bhutan,2012,South Asia,Lower middle income,11143.9445354588,69.759,717279
BTN,Bhutan,2013,South Asia,Lower middle income,11212.479426698,70.161,725273
BTN,Bhutan,2014,South Asia,Lower middle income,11744.5189124825,70.504,733139
BTN,Bhutan,2015,South Asia,Lower middle income,12400.2983237391,70.797,740618
BTN,Bhutan,2016,South Asia,Lower middle income,13320.9759036882,71.119,747866
BTN,Bhutan,2017,South Asia,Lower middle income,13482.3425280358,71.413,754335
BTN,Bhutan,2018,South Asia,Lower middle income,13854.8543977158,71.711,759759
BTN,Bhutan,2019,South Asia,Lower middle income,14555.1884045845,72.005,764824
BTN,Bhutan,2020,South Asia,Lower middle income,12979.9369485824,72.253,770006
BTN,Bhutan,2021,South Asia,Lower middle income,13458.812666743,72.448,775442
BTN,Bhutan,2022,South Asia,Lower middle income,14061.3120274588,72.754,780914
BTN,Bhutan,2023,South Asia,Lower middle income,14610.2959097837,72.975,786385
BOL,Bolivia,2000,Latin America & Caribbean,Lower middle income,7492.4338168091,62.057,8606326
BOL,Bolivia,2001,Latin America & Caribbean,Lower middle income,7491.15257765571,62.538,8752736
BOL,Bolivia,2002,Latin America & Caribbean,Lower middle income,7550.01554645092,63.068,8900355
BOL,Bolivia,2003,Latin America & Caribbean,Lower middle income,7625.90515918892,63.455,9050700
BOL,Bolivia,2004,Latin America & Caribbean,Lower middle income,7811.59684093936,63.819,9204287
BOL,Bolivia,2005,Latin America & Caribbean,Lower middle income,8020.63568834793,64.182,9360754
BOL,Bolivia,2006,Latin America & Caribbean,Lower middle income,8263.31896853691,64.529,9521689
BOL,Bolivia,2007,Latin America & Caribbean,Lower middle income,8493.94848212653,64.939,9685960
BOL,Bolivia,2008,Latin America & Caribbean,Lower middle income,8865.27246616683,65.299,9850858
BOL,Bolivia,2009,Latin America & Caribbean,Lower middle income,9011.55629873547,65.656,10016275
BOL,Bolivia,2010,Latin America & Caribbean,Lower middle income,9230.3980801466,66.003,10182345
BOL,Bolivia,2011,Latin America & Caribbean,Lower middle income,9554.44502513,66.282,10348929
BOL,Bolivia,2012,Latin America & Caribbean,Lower middle income,9884.46163594645,66.586,10515807
BOL,Bolivia,2013,Latin America & Caribbean,Lower middle income,10391.3833756917,66.777,10682608
BOL,Bolivia,2014,Latin America & Caribbean,Lower middle income,10790.8472887528,66.97,10848888
BOL,Bolivia,2015,Latin America & Caribbean,Lower middle income,11144.6415720641,67.205,11014705
BOL,Bolivia,2016,Latin America & Caribbean,Lower middle income,11448.02180322,67.392,11180020
BOL,Bolivia,2017,Latin America & Caribbean,Lower middle income,11755.2556195885,67.536,11344587
BOL,Bolivia,2018,Latin America & Caribbean,Lower middle income,11920.3135079645,67.699,11508368
BOL,Bolivia,2019,Latin America & Caribbean,Lower middle income,11930.9159145918,67.82,11671386
BOL,Bolivia,2020,Latin America & Caribbean,Lower middle income,10285.6590750222,62.906,11816299
BOL,Bolivia,2021,Latin America & Caribbean,Lower middle income,11202.4409836707,61.427,11937360
BOL,Bolivia,2022,Latin America & Caribbean,Lower middle income,11487.7148799194,67.434,12077154
BOL,Bolivia,2023,Latin America & Caribbean,Lower middle income,11616.1575595159,68.581,12244159
BIH,Bosnia and Herzegovina,2000,Europe & Central Asia,Upper middle income,7830.5018609252,75.292,4159771
BIH,Bosnia and Herzegovina,2001,Europe & Central Asia,Upper middle income,7982.5188539099,75.573,4179438
BIH,Bosnia and Herzegovina,2002,Europe & Central Asia,Upper middle income,8366.69155604844,75.994,4188002
BIH,Bosnia and Herzegovina,2003,Europe & Central Asia,Upper middle income,8709.95671578197,76.449,4178523
BIH,Bosnia and Herzegovina,2004,Europe & Central Asia,Upper middle income,9344.83015887193,76.489,4140987
BIH,Bosnia and Herzegovina,2005,Europe & Central Asia,Upper middle income,9814.46964102531,76.424,4096493
BIH,Bosnia and Herzegovina,2006,Europe & Central Asia,Upper middle income,10430.4119951847,76.028,4063272
BIH,Bosnia and Herzegovina,2007,Europe & Central Asia,Upper middle income,11178.6814832392,76.162,4013424
BIH,Bosnia and Herzegovina,2008,Europe & Central Asia,Upper middle income,11983.7199632138,76.3,3947544
BIH,Bosnia and Herzegovina,2009,Europe & Central Asia,Upper middle income,11826.6501351383,76.701,3879794
BIH,Bosnia and Herzegovina,2010,Europe & Central Asia,Upper middle income,12142.8616958168,76.827,3811472
BIH,Bosnia and Herzegovina,2011,Europe & Central Asia,Upper middle income,12487.6490566037,76.963,3741798
BIH,Bosnia and Herzegovina,2012,Europe & Central Asia,Upper middle income,12626.9263237753,77.037,3670113
BIH,Bosnia and Herzegovina,2013,Europe & Central Asia,Upper middle income,13135.7175053454,77.129,3610859
BIH,Bosnia and Herzegovina,2014,Europe & Central Asia,Upper middle income,13458.852576408,77.089,3564829
BIH,Bosnia and Herzegovina,2015,Europe & Central Asia,Upper middle income,14220.0900038037,77.073,3518541
BIH,Bosnia and Herzegovina,2016,Europe & Central Asia,Upper middle income,14873.6411107879,77.124,3473003
BIH,Bosnia and Herzegovina,2017,Europe & Central Asia,Upper middle income,15554.6587430766,77.385,3428682
BIH,Bosnia and Herzegovina,2018,Europe & Central Asia,Upper middle income,16348.9997145353,77.942,3387000
BIH,Bosnia and Herzegovina,2019,Europe & Central Asia,Upper middle income,17029.2971980343,77.394,3345533
BIH,Bosnia and Herzegovina,2020,Europe & Central Asia,Upper middle income,16747.0353918695,76.04,3299349
BIH,Bosnia and Herzegovina,2021,Europe & Central Asia,Upper middle income,18286.6614977175,74.567,3244907
BIH,Bosnia and Herzegovina,2022,Europe & Central Asia,Upper middle income,19298.117076437,76.777,3204802
BIH,Bosnia and Herzegovina,2023,Europe & Central Asia,Upper middle income,19804.9181465635,77.85,3185073
BWA,Botswana,2000,Sub-Saharan Africa,Upper middle income,13185.8171514278,52.263,1677382
BWA,Botswana,2001,Sub-Saharan Africa,Upper middle income,12949.6403104655,52.21,1712254
BWA,Botswana,2002,Sub-Saharan Africa,Upper middle income,13479.6960719923,52.373,1744763
BWA,Botswana,2003,Sub-Saharan Africa,Upper middle income,13857.2588264737,52.851,1775736
BWA,Botswana,2004,Sub-Saharan Africa,Upper middle income,13984.8415112641,53.573,1807146
BWA,Botswana,2005,Sub-Saharan Africa,Upper middle income,14361.9576327759,54.386,1839877
BWA,Botswana,2006,Sub-Saharan Africa,Upper middle income,15275.5828811117,55.112,1874516
BWA,Botswana,2007,Sub-Saharan Africa,Upper middle income,15850.2343496231,56.735,1911201
BWA,Botswana,2008,Sub-Saharan Africa,Upper middle income,16040.3153236098,57.661,1949970
BWA,Botswana,2009,Sub-Saharan Africa,Upper middle income,13489.9509168296,58.297,1990673
BWA,Botswana,2010,Sub-Saharan Africa,Upper middle income,14545.0198074427,59.137,2033111
BWA,Botswana,2011,Sub-Saharan Africa,Upper middle income,15236.7188843522,59.715,2073535
BWA,Botswana,2012,Sub-Saharan Africa,Upper middle income,14957.6189142932,60.384,2108617
BWA,Botswana,2013,Sub-Saharan Africa,Upper middle income,16369.4252971454,61.217,2140682
BWA,Botswana,2014,Sub-Saharan Africa,Upper middle income,17052.1924105361,62.167,2172044
BWA,Botswana,2015,Sub-Saharan Africa,Upper middle income,15994.9643042101,63.215,2203273
BWA,Botswana,2016,Sub-Saharan Africa,Upper middle income,16905.588740873,64.32,2234776
BWA,Botswana,2017,Sub-Saharan Africa,Upper middle income,17352.8958451454,65.42,2266747
BWA,Botswana,2018,Sub-Saharan Africa,Upper middle income,17825.018569213,66.371,2299141
BWA,Botswana,2019,Sub-Saharan Africa,Upper middle income,18106.0105471124,67.167,2332083
BWA,Botswana,2020,Sub-Saharan Africa,Upper middle income,16289.3913582645,67.643,2365894
BWA,Botswana,2021,Sub-Saharan Africa,Upper middle income,17960.6254447437,63.303,2401441
BWA,Botswana,2022,Sub-Saharan Africa,Upper middle income,18647.3734588832,68.749,2439892
BWA,Botswana,2023,Sub-Saharan Africa,Upper middle income,18932.4802712334,69.163,2480244
BRA,Brazil,2000,Latin America & Caribbean,Upper middle income,14005.3471874231,69.584,174018282
BRA,Brazil,2001,Latin America & Caribbean,Upper middle income,14016.1313772236,69.98,176301203
BRA,Brazil,2002,Latin America & Caribbean,Upper middle income,14265.9048770292,70.396,178503484
BRA,Brazil,2003,Latin America & Caribbean,Upper middle income,14259.3664089322,70.884,180622688
BRA,Brazil,2004,Latin America & Caribbean,Upper middle income,14911.2609608592,71.361,182675143
BRA,Brazil,2005,Latin America & Caribbean,Upper middle income,15221.0138281541,71.832,184688101
BRA,Brazil,2006,Latin America & Caribbean,Upper middle income,15657.4795716983,72.296,186653106
BRA,Brazil,2007,Latin America & Caribbean,Upper middle income,16440.583740032,72.73,188552320
BRA,Brazil,2008,Latin America & Caribbean,Upper middle income,17113.3679822643,73.111,190367302
BRA,Brazil,2009,Latin America & Caribbean,Upper middle income,16939.4407810328,73.457,192079951
BRA,Brazil,2010,Latin America & Caribbean,Upper middle income,18062.1581103659,73.779,193701929
BRA,Brazil,2011,Latin America & Caribbean,Upper middle income,18627.8104529397,74.047,195284734
BRA,Brazil,2012,Latin America & Caribbean,Upper middle income,18832.2195527075,74.335,196876111
BRA,Brazil,2013,Latin America & Caribbean,Upper middle income,19241.5059815726,74.609,198478299
BRA,Brazil,2014,Latin America & Caribbean,Upper middle income,19183.172744636,74.823,200085127
BRA,Brazil,2015,Latin America & Caribbean,Upper middle income,18357.0690617991,75.106,201675532
BRA,Brazil,2016,Latin America & Caribbean,Upper middle income,17620.9272434136,75.081,203218114
BRA,Brazil,2017,Latin America & Caribbean,Upper middle income,17724.4799577784,75.383,204703445
BRA,Brazil,2018,Latin America & Caribbean,Upper middle income,17917.7492123359,75.633,206107261
BRA,Brazil,2019,Latin America & Caribbean,Upper middle income,18018.6209151518,75.809,207455459
BRA,Brazil,2020,Latin America & Caribbean,Upper middle income,17327.5157249466,74.506,208660842
BRA,Brazil,2021,Latin America & Caribbean,Upper middle income,18075.7060049068,73.038,209550294
BRA,Brazil,2022,Latin America & Caribbean,Upper middle income,18554.0461828566,74.872,210306415
BRA,Brazil,2023,Latin America & Caribbean,Upper middle income,19079.8122134028,75.848,211140729
VGB,British Virgin Islands,2000,Latin America & Caribbean,High income,,74.753,20241
VGB,British Virgin Islands,2001,Latin America & Caribbean,High income,,74.831,20796
VGB,British Virgin Islands,2002,Latin America & Caribbean,High income,,74.971,21430
VGB,British Virgin Islands,2003,Latin America & Caribbean,High income,,75.183,22134
VGB,British Virgin Islands,2004,Latin America & Caribbean,High income,,75.404,22881
VGB,British Virgin Islands,2005,Latin America & Caribbean,High income,,75.569,23665
VGB,British Virgin Islands,2006,Latin America & Caribbean,High income,,75.745,24493
VGB,British Virgin Islands,2007,Latin America & Caribbean,High income,,75.893,25366
VGB,British Virgin Islands,2008,Latin America & Caribbean,High income,,76.07,26288
VGB,British Virgin Islands,2009,Latin America & Caribbean,High income,,76.205,27218
VGB,British Virgin Islands,2010,Latin America & Caribbean,High income,,76.289,27675
VGB,British Virgin Islands,2011,Latin America & Caribbean,High income,,76.363,28710
VGB,British Virgin Islands,2012,Latin America & Caribbean,High income,,76.433,30345
VGB,British Virgin Islands,2013,Latin America & Caribbean,High income,,76.472,31703
VGB,British Virgin Islands,2014,Latin America & Caribbean,High income,,76.527,32962
VGB,British Virgin Islands,2015,Latin America & Caribbean,High income,,76.558,34498
VGB,British Virgin Islands,2016,Latin America & Caribbean,High income,,76.624,33878
VGB,British Virgin Islands,2017,Latin America & Caribbean,High income,,75.67,32699
VGB,British Virgin Islands,2018,Latin America & Caribbean,High income,,76.728,34657
VGB,British Virgin Islands,2019,Latin America & Caribbean,High income,,76.845,36395
VGB,British Virgin Islands,2020,Latin America & Caribbean,High income,,76.894,37135
VGB,British Virgin Islands,2021,Latin America & Caribbean,High income,,75.297,37809
VGB,British Virgin Islands,2022,Latin America & Caribbean,High income,,77.177,38319
VGB,British Virgin Islands,2023,Latin America & Caribbean,High income,,77.276,38985
BRN,Brunei Darussalam,2000,East Asia & Pacific,High income,100323.439918528,74.017,326424
BRN,Brunei Darussalam,2001,East Asia & Pacific,High income,99680.7626777537,74.209,333345
BRN,Brunei Darussalam,2002,East Asia & Pacific,High income,101571.583784666,74.365,340099
BRN,Brunei Darussalam,2003,East Asia & Pacific,High income,103226.914446986,74.509,346637
BRN,Brunei Darussalam,2004,East Asia & Pacific,High income,101497.754798655,74.603,352911
BRN,Brunei Darussalam,2005,East Asia & Pacific,High income,99795.6850854526,74.683,358916
BRN,Brunei Darussalam,2006,East Asia & Pacific,High income,102248.510300567,74.753,364663
BRN,Brunei Darussalam,2007,East Asia & Pacific,High income,96752.6204091885,74.793,370873
BRN,Brunei Darussalam,2008,East Asia & Pacific,High income,91275.5000919182,74.814,377793
BRN,Brunei Darussalam,2009,East Asia & Pacific,High income,87875.8283546044,74.814,384952
BRN,Brunei Darussalam,2010,East Asia & Pacific,High income,88586.5133683924,74.82,392332
BRN,Brunei Darussalam,2011,East Asia & Pacific,High income,90279.6634042123,74.835,399389
BRN,Brunei Darussalam,2012,East Asia & Pacific,High income,89718.4636049982,74.843,405557
BRN,Brunei Darussalam,2013,East Asia & Pacific,High income,86606.6518910199,74.854,411202
BRN,Brunei Darussalam,2014,East Asia & Pacific,High income,83310.6151819533,74.862,416750
BRN,Brunei Darussalam,2015,East Asia & Pacific,High income,81910.1882959493,74.88,422212
BRN,Brunei Darussalam,2016,East Asia & Pacific,High income,78880.6228501768,74.905,427564
BRN,Brunei Darussalam,2017,East Asia & Pacific,High income,78966.8643142346,74.943,432772
BRN,Brunei Darussalam,2018,East Asia & Pacific,High income,78099.0507802561,74.992,437810
BRN,Brunei Darussalam,2019,East Asia & Pacific,High income,80228.1598170527,75.049,442680
BRN,Brunei Darussalam,2020,East Asia & Pacific,High income,80280.8980640677,75.114,447404
BRN,Brunei Darussalam,2021,East Asia & Pacific,High income,78248.797127611,74.869,451721
BRN,Brunei Darussalam,2022,East Asia & Pacific,High income,76357.829114996,72.917,455370
BRN,Brunei Darussalam,2023,East Asia & Pacific,High income,76616.7014884981,75.327,458949
BGR,Bulgaria,2000,Europe & Central Asia,High income,12563.8362285253,71.6634146341463,8170172
BGR,Bulgaria,2001,Europe & Central Asia,High income,13306.5044553959,71.7682926829268,8009142
BGR,Bulgaria,2002,Europe & Central Asia,High income,14397.001318192,71.8658536585366,7837161
BGR,Bulgaria,2003,Europe & Central Asia,High income,15271.4839489061,72.0658536585366,7775327
BGR,Bulgaria,2004,Europe & Central Asia,High income,16388.9600145841,72.5634146341463,7716860
BGR,Bulgaria,2005,Europe & Central Asia,High income,17678.0339712293,72.5609756097561,7658972
BGR,Bulgaria,2006,Europe & Central Asia,High income,19024.543813813,72.6121951219512,7601022
BGR,Bulgaria,2007,Europe & Central Asia,High income,20440.2525941501,72.6634146341463,7545338
BGR,Bulgaria,2008,Europe & Central Asia,High income,21845.954719527,72.9634146341463,7492561
BGR,Bulgaria,2009,Europe & Central Asia,High income,21251.2168646802,73.4121951219512,7444443
BGR,Bulgaria,2010,Europe & Central Asia,High income,21724.2863457596,73.5121951219512,7395599
BGR,Bulgaria,2011,Europe & Central Asia,High income,22321.033168819,74.1634146341463,7348328
BGR,Bulgaria,2012,Europe & Central Asia,High income,22618.8104278919,74.3146341463415,7305888
BGR,Bulgaria,2013,Europe & Central Asia,High income,22954.396399855,74.8609756097561,7160005
BGR,Bulgaria,2014,Europe & Central Asia,High income,23455.4830019277,74.4658536585366,7073572
BGR,Bulgaria,2015,Europe & Central Asia,High income,24562.648880929,74.6146341463415,6984225
BGR,Bulgaria,2016,Europe & Central Asia,High income,25636.7443903478,74.8121951219512,6894139
BGR,Bulgaria,2017,Europe & Central Asia,High income,26691.758001902,74.8146341463415,6803468
BGR,Bulgaria,2018,Europe & Central Asia,High income,27690.893655005,74.9634146341464,6710798
BGR,Bulgaria,2019,Europe & Central Asia,High income,29149.921509976,75.1121951219512,6616726
BGR,Bulgaria,2020,Europe & Central Asia,High income,28521.2062482596,73.3560975609756,6550696
BGR,Bulgaria,2021,Europe & Central Asia,High income,30958.9830238332,71.2121951219512,6507301
BGR,Bulgaria,2022,Europe & Central Asia,High income,32433.6587569626,74.1609756097561,6465097
BGR,Bulgaria,2023,Europe & Central Asia,High income,33073.6803093453,75.7560975609756,6446596
BFA,Burkina Faso,2000,Sub-Saharan Africa,Low income,1428.57400617096,50.808,11925546
BFA,Burkina Faso,2001,Sub-Saharan Africa,Low income,1477.28491846525,51.188,12295001
BFA,Burkina Faso,2002,Sub-Saharan Africa,Low income,1494.67801269583,51.447,12680897
BFA,Burkina Faso,2003,Sub-Saharan Africa,Low income,1561.83310184915,51.959,13082532
BFA,Burkina Faso,2004,Sub-Saharan Africa,Low income,1581.25620933294,52.6,13500533
BFA,Burkina Faso,2005,Sub-Saharan Africa,Low income,1664.99543180023,53.271,13932123
BFA,Burkina Faso,2006,Sub-Saharan Africa,Low income,1714.76034904509,53.784,14373707
BFA,Burkina Faso,2007,Sub-Saharan Africa,Low income,1731.93046335077,54.377,14816307
BFA,Burkina Faso,2008,Sub-Saharan Africa,Low income,1779.32710911571,55.199,15258093
BFA,Burkina Faso,2009,Sub-Saharan Africa,Low income,1779.32305627973,55.791,15710066
BFA,Burkina Faso,2010,Sub-Saharan Africa,Low income,1873.97146230828,56.343,16176498
BFA,Burkina Faso,2011,Sub-Saharan Africa,Low income,1939.86659989406,57.001,16661908
BFA,Burkina Faso,2012,Sub-Saharan Africa,Low income,2003.6646118745,57.457,17172287
BFA,Burkina Faso,2013,Sub-Saharan Africa,Low income,2057.0639319853,57.903,17695409
BFA,Burkina Faso,2014,Sub-Saharan Africa,Low income,2083.19844698304,58.331,18229461
BFA,Burkina Faso,2015,Sub-Saharan Africa,Low income,2101.70266192027,58.778,18777487
BFA,Burkina Faso,2016,Sub-Saharan Africa,Low income,2162.72578977814,59.173,19334856
BFA,Burkina Faso,2017,Sub-Saharan Africa,Low income,2232.28781490944,59.578,19894407
BFA,Burkina Faso,2018,Sub-Saharan Africa,Low income,2316.39432079045,59.972,20438288
BFA,Burkina Faso,2019,Sub-Saharan Africa,Low income,2391.53626844484,60.184,20961952
BFA,Burkina Faso,2020,Sub-Saharan Africa,Low income,2380.93171826574,60.454,21478690
BFA,Burkina Faso,2021,Sub-Saharan Africa,Low income,2486.43093147762,60.046,21995243
BFA,Burkina Faso,2022,Sub-Saharan Africa,Low income,2469.19956941259,60.7,22509038
BFA,Burkina Faso,2023,Sub-Saharan Africa,Low income,2486.20669812871,61.092,23025776
BDI,Burundi,2000,Sub-Saharan Africa,Low income,1030.32234706616,47.617,6470194
BDI,Burundi,2001,Sub-Saharan Africa,Low income,1025.48374929263,48.509,6634365
BDI,Burundi,2002,Sub-Saharan Africa,Low income,1041.29719140875,49.924,6824132
BDI,Burundi,2003,Sub-Saharan Africa,Low income,996.569433908385,50.997,7043154
BDI,Burundi,2004,Sub-Saharan Africa,Low income,1006.51241783279,52.217,7310656
BDI,Burundi,2005,Sub-Saharan Africa,Low income,978.5419608465,53.053,7587299
BDI,Burundi,2006,Sub-Saharan Africa,Low income,995.027813698961,53.962,7865547
BDI,Burundi,2007,Sub-Saharan Africa,Low income,991.931411319069,54.832,8161874
BDI,Burundi,2008,Sub-Saharan Africa,Low income,998.565055501985,55.581,8505637
BDI,Burundi,2009,Sub-Saharan Africa,Low income,985.184772509514,56.422,8947646
BDI,Burundi,2010,Sub-Saharan Africa,Low income,988.018678716302,57.088,9376444
BDI,Burundi,2011,Sub-Saharan Africa,Low income,991.659881666872,57.804,9717978
BDI,Burundi,2012,Sub-Saharan Africa,Low income,999.220068163159,58.501,10071028
BDI,Burundi,2013,Sub-Saharan Africa,Low income,1011.43131303134,59.179,10439341
BDI,Burundi,2014,Sub-Saharan Africa,Low income,1019.17607398667,59.764,10799785
BDI,Burundi,2015,Sub-Saharan Africa,Low income,992.28580552029,60.107,11047580
BDI,Burundi,2016,Sub-Saharan Africa,Low income,1006.55907385999,60.789,11239451
BDI,Burundi,2017,Sub-Saharan Africa,Low income,1020.8498275719,61.345,11506762
BDI,Burundi,2018,Sub-Saharan Africa,Low income,1043.40558434036,61.806,11859446
BDI,Burundi,2019,Sub-Saharan Africa,Low income,1054.72592734898,62.18,12255336
BDI,Burundi,2020,Sub-Saharan Africa,Low income,1027.62896276744,62.569,12617036
BDI,Burundi,2021,Sub-Saharan Africa,Low income,1032.38274081999,62.101,12965481
BDI,Burundi,2022,Sub-Saharan Africa,Low income,1028.11134640179,62.882,13321097
BDI,Burundi,2023,Sub-Saharan Africa,Low income,1033.00937341776,63.651,13689450
CPV,Cabo Verde,2000,Sub-Saharan Africa,Upper middle income,4510.13573659758,68.117,453317
CPV,Cabo Verde,2001,Sub-Saharan Africa,Upper middle income,4540.90731780518,68.707,460293
CPV,Cabo Verde,2002,Sub-Saharan Africa,Upper middle income,4710.2410491228,69.447,467046
CPV,Cabo Verde,2003,Sub-Saharan Africa,Upper middle income,4841.265398715,70.006,473383
CPV,Cabo Verde,2004,Sub-Saharan Africa,Upper middle income,5268.30312485708,70.499,479370
CPV,Cabo Verde,2005,Sub-Saharan Africa,Upper middle income,5565.76951208069,70.936,485115
CPV,Cabo Verde,2006,Sub-Saharan Africa,Upper middle income,5941.38218091511,71.341,490728
CPV,Cabo Verde,2007,Sub-Saharan Africa,Upper middle income,6767.40677380347,71.487,496190
CPV,Cabo Verde,2008,Sub-Saharan Africa,Upper middle income,7169.13944155367,71.888,501355
CPV,Cabo Verde,2009,Sub-Saharan Africa,Upper middle income,6994.5740991365,72.142,506141
CPV,Cabo Verde,2010,Sub-Saharan Africa,Upper middle income,7072.12150207342,72.507,509784
CPV,Cabo Verde,2011,Sub-Saharan Africa,Upper middle income,7325.78441834692,72.913,511447
CPV,Cabo Verde,2012,Sub-Saharan Africa,Upper middle income,7397.82220702474,73.315,511955
CPV,Cabo Verde,2013,Sub-Saharan Africa,Upper middle income,7440.66242650114,73.481,512225
CPV,Cabo Verde,2014,Sub-Saharan Africa,Upper middle income,7491.02198228243,73.788,512326
CPV,Cabo Verde,2015,Sub-Saharan Africa,Upper middle income,7560.13649202469,74.096,512394
CPV,Cabo Verde,2016,Sub-Saharan Africa,Upper middle income,7881.30336227784,74.35,512554
CPV,Cabo Verde,2017,Sub-Saharan Africa,Upper middle income,8234.56000312459,74.71,512893
CPV,Cabo Verde,2018,Sub-Saharan Africa,Upper middle income,8531.12961646549,74.84,513415
CPV,Cabo Verde,2019,Sub-Saharan Africa,Upper middle income,9111.62993173269,75.449,514104
CPV,Cabo Verde,2020,Sub-Saharan Africa,Upper middle income,7207.86853962048,73.818,514679
CPV,Cabo Verde,2021,Sub-Saharan Africa,Upper middle income,7685.41921393669,74.424,516649
CPV,Cabo Verde,2022,Sub-Saharan Africa,Upper middle income,8850.1066918812,75.907,519741
CPV,Cabo Verde,2023,Sub-Saharan Africa,Upper middle income,9228.4604533114,76.059,522331
KHM,Cambodia,2000,East Asia & Pacific,Lower middle income,1922.03179092592,59.491,12462336
KHM,Cambodia,2001,East Asia & Pacific,Lower middle income,2032.08092022373,60.457,12658484
KHM,Cambodia,2002,East Asia & Pacific,Lower middle income,2126.34150468987,61.395,12855241
KHM,Cambodia,2003,East Asia & Pacific,Lower middle income,2309.83931482788,62.345,13050968
KHM,Cambodia,2004,East Asia & Pacific,Lower middle income,2491.30930003838,63.256,13244731
KHM,Cambodia,2005,East Asia & Pacific,Lower middle income,2781.89028895255,64.113,13439202
KHM,Cambodia,2006,East Asia & Pacific,Lower middle income,3041.10471220153,64.886,13639028
KHM,Cambodia,2007,East Asia & Pacific,Lower middle income,3308.15747246544,65.549,13841770
KHM,Cambodia,2008,East Asia & Pacific,Lower middle income,3501.9257021932,66.147,14053479
KHM,Cambodia,2009,East Asia & Pacific,Lower middle income,3587.60889588362,66.747,14276810
KHM,Cambodia,2010,East Asia & Pacific,Lower middle income,3711.53750580157,67.311,14500726
KHM,Cambodia,2011,East Asia & Pacific,Lower middle income,3921.97911563308,67.869,14722584
KHM,Cambodia,2012,East Asia & Pacific,Lower middle income,4159.16354123446,68.371,14945085
KHM,Cambodia,2013,East Asia & Pacific,Lower middle income,4419.3988680186,68.755,15170208
KHM,Cambodia,2014,East Asia & Pacific,Lower middle income,4702.73061823207,69.117,15396772
KHM,Cambodia,2015,East Asia & Pacific,Lower middle income,4968.57276699143,69.398,15623251
KHM,Cambodia,2016,East Asia & Pacific,Lower middle income,5283.72964943779,69.635,15852803
KHM,Cambodia,2017,East Asia & Pacific,Lower middle income,5632.03125629342,69.842,16073372
KHM,Cambodia,2018,East Asia & Pacific,Lower middle income,6050.59088262205,69.993,16274522
KHM,Cambodia,2019,East Asia & Pacific,Lower middle income,6448.88455952805,70.127,16481304
KHM,Cambodia,2020,East Asia & Pacific,Lower middle income,6128.78243783335,70.059,16725474
KHM,Cambodia,2021,East Asia & Pacific,Lower middle income,6225.53265474741,69.301,16974305
KHM,Cambodia,2022,East Asia & Pacific,Lower middle income,6458.3681488084,70.528,17201724
KHM,Cambodia,2023,East Asia & Pacific,Lower middle income,6695.29194763723,70.668,17423880
CMR,Cameroon,2000,Sub-Saharan Africa,Lower middle income,3822.94425358926,53.338,14912631
CMR,Cameroon,2001,Sub-Saharan Africa,Lower middle income,3884.87304812714,53.598,15309490
CMR,Cameroon,2002,Sub-Saharan Africa,Lower middle income,3951.41936232132,53.922,15725528
CMR,Cameroon,2003,Sub-Saharan Africa,Lower middle income,4054.78133246517,54.253,16160340
CMR,Cameroon,2004,Sub-Saharan Africa,Lower middle income,4222.96638689885,54.578,16610487
CMR,Cameroon,2005,Sub-Saharan Africa,Lower middle income,4199.72270969362,54.904,17074594
CMR,Cameroon,2006,Sub-Saharan Africa,Lower middle income,4241.51744722821,55.301,17550407
CMR,Cameroon,2007,Sub-Saharan Africa,Lower middle income,4302.6192630847,55.71,18049896
CMR,Cameroon,2008,Sub-Saharan Africa,Lower middle income,4300.26640352464,56.116,18574056
CMR,Cameroon,2009,Sub-Saharan Africa,Lower middle income,4286.57718166156,56.486,19113974
CMR,Cameroon,2010,Sub-Saharan Africa,Lower middle income,4286.58302947378,56.965,19668066
CMR,Cameroon,2011,Sub-Saharan Africa,Lower middle income,4307.85195558527,57.482,20232304
CMR,Cameroon,2012,Sub-Saharan Africa,Lower middle income,4382.11120797355,58.17,20809529
CMR,Cameroon,2013,Sub-Saharan Africa,Lower middle income,4473.57231896434,58.73,21402376
CMR,Cameroon,2014,Sub-Saharan Africa,Lower middle income,4588.4864949903,59.13,22059893
CMR,Cameroon,2015,Sub-Saharan Africa,Lower middle income,4698.66677843587,59.687,22763414
CMR,Cameroon,2016,Sub-Saharan Africa,Lower middle income,4767.13186148953,60.293,23454161
CMR,Cameroon,2017,Sub-Saharan Africa,Lower middle income,4797.97544185544,60.817,24128601
CMR,Cameroon,2018,Sub-Saharan Africa,Lower middle income,4851.48003949961,61.189,24806383
CMR,Cameroon,2019,Sub-Saharan Africa,Lower middle income,4882.35560028896,61.695,25506095
CMR,Cameroon,2020,Sub-Saharan Africa,Lower middle income,4763.48194388066,61.674,26210558
CMR,Cameroon,2021,Sub-Saharan Africa,Lower middle income,4793.55628200196,61.146,26915758
CMR,Cameroon,2022,Sub-Saharan Africa,Lower middle income,4843.65038202917,62.443,27632771
CMR,Cameroon,2023,Sub-Saharan Africa,Lower middle income,4875.25120768005,63.7,28372687
CAN,Canada,2000,North America,High income,48399.2864445547,79.1668292682927,30685730
CAN,Canada,2001,North America,High income,48774.1483226516,79.3980487804878,31020855
CAN,Canada,2002,North America,High income,49694.9870914363,79.5307317073171,31359199
CAN,Canada,2003,North America,High income,50139.7664579994,79.7151219512195,31642461
CAN,Canada,2004,North America,High income,51210.6593966138,79.9921951219512,31938807
CAN,Canada,2005,North America,High income,52356.5371486354,80.1126829268293,32242732
CAN,Canada,2006,North America,High income,53195.7608573851,80.5436585365854,32571193
CAN,Canada,2007,North America,High income,53761.8407991685,80.5436585365854,32888886
CAN,Canada,2008,North America,High income,53711.6580329654,80.7246341463415,33247298
CAN,Canada,2009,North America,High income,51552.4020321975,81.0660975609756,33630069
CAN,Canada,2010,North America,High income,52558.4200617806,81.3221951219512,34005902
CAN,Canada,2011,North America,High income,53681.1084809345,81.4826829268293,34339221
CAN,Canada,2012,North America,High income,54034.7821680318,81.6636585365854,34713395
CAN,Canada,2013,North America,High income,54712.1568593677,81.7448780487805,35080992
CAN,Canada,2014,North America,High income,55723.4615652506,81.7843902439025,35434066
CAN,Canada,2015,North America,High income,55660.8455840759,81.8258536585366,35704498
CAN,Canada,2016,North America,High income,55606.1329948184,81.94,36110803
CAN,Canada,2017,North America,High income,56612.3062191777,81.8078048780488,36545075
CAN,Canada,2018,North America,High income,57337.4682870033,81.8036585365854,37072620
CAN,Canada,2019,North America,High income,57583.8230739204,82.1585365853659,37618495
CAN,Canada,2020,North America,High income,54092.8576890836,81.53,38028638
CAN,Canada,2021,North America,High income,56995.0952020711,81.4514634146342,38239864
CAN,Canada,2022,North America,High income,58583.1299860138,81.0948780487805,38950132
CAN,Canada,2023,North America,High income,58088.3778077995,81.6263414634146,40049088
CYM,Cayman Islands,2000,Latin America & Caribbean,High income,,74.378,39674
CYM,Cayman Islands,2001,Latin America & Caribbean,High income,,74.529,41089
CYM,Cayman Islands,2002,Latin America & Caribbean,High income,,74.609,42514
CYM,Cayman Islands,2003,Latin America & Caribbean,High income,,74.639,43934
CYM,Cayman Islands,2004,Latin America & Caribbean,High income,,74.596,45352
CYM,Cayman Islands,2005,Latin America & Caribbean,High income,,74.863,46788
CYM,Cayman Islands,2006,Latin America & Caribbean,High income,92213.0760037266,75,48232
CYM,Cayman Islands,2007,Latin America & Caribbean,High income,92343.7250815203,75.152,49687
CYM,Cayman Islands,2008,Latin America & Caribbean,High income,89380.1507450505,75.386,51151
CYM,Cayman Islands,2009,Latin America & Caribbean,High income,80631.8442229627,75.671,52618
CYM,Cayman Islands,2010,Latin America & Caribbean,High income,76294.7650038522,76.069,54099
CYM,Cayman Islands,2011,Latin America & Caribbean,High income,75094.8312990407,76.562,55606
CYM,Cayman Islands,2012,Latin America & Caribbean,High income,73982.6781335848,77.121,57136
CYM,Cayman Islands,2013,Latin America & Caribbean,High income,72988.7063433775,77.652,58655
CYM,Cayman Islands,2014,Latin America & Caribbean,High income,73051.811230324,77.865,60160
CYM,Cayman Islands,2015,Latin America & Caribbean,High income,73315.3845299162,78.119,61642
CYM,Cayman Islands,2016,Latin America & Caribbean,High income,73941.8592413192,78.367,63100
CYM,Cayman Islands,2017,Latin America & Caribbean,High income,74599.6799559357,78.615,64535
CYM,Cayman Islands,2018,Latin America & Caribbean,High income,76124.5505976249,78.835,65941
CYM,Cayman Islands,2019,Latin America & Caribbean,High income,77476.8409913609,79.052,67327
CYM,Cayman Islands,2020,Latin America & Caribbean,High income,72183.1359045895,79.23,68684
CYM,Cayman Islands,2021,Latin America & Caribbean,High income,74160.4914000191,79.3,70108
CYM,Cayman Islands,2022,Latin America & Caribbean,High income,76735.3744333338,79.984,71591
CYM,Cayman Islands,2023,Latin America & Caribbean,High income,79580.8872845653,80.358,73038
CAF,Central African Republic,2000,Sub-Saharan Africa,Low income,1245.81399563599,46.609,3833416
CAF,Central African Republic,2001,Sub-Saharan Africa,Low income,1272.85710758505,46.734,3919487
CAF,Central African Republic,2002,Sub-Saharan Africa,Low income,1290.38314917126,46.84,4006077
CAF,Central African Republic,2003,Sub-Saharan Africa,Low income,1191.8731520062,47.306,4103086
CAF,Central African Republic,2004,Sub-Saharan Africa,Low income,1236.28534712166,47.696,4192826
CAF,Central African Republic,2005,Sub-Saharan Africa,Low income,1219.5939445674,48.207,4288810
CAF,Central African Republic,2006,Sub-Saharan Africa,Low income,1251.87082171335,48.687,4377579
CAF,Central African Republic,2007,Sub-Saharan Africa,Low income,1284.55283590666,49.327,4462770
CAF,Central African Republic,2008,Sub-Saharan Africa,Low income,1283.2728263106,49.873,4558984
CAF,Central African Republic,2009,Sub-Saharan Africa,Low income,1402.68164770801,14.665,4529047
CAF,Central African Republic,2010,Sub-Saharan Africa,Low income,1479.41367757692,46.871,4492995
CAF,Central African Republic,2011,Sub-Saharan Africa,Low income,1517.14839091011,50.107,4565021
CAF,Central African Republic,2012,Sub-Saharan Africa,Low income,1577.98053252253,51.336,4610848
CAF,Central African Republic,2013,Sub-Saharan Africa,Low income,996.896355923912,49.487,4642419
CAF,Central African Republic,2014,Sub-Saharan Africa,Low income,1001.85598053496,40.265,4623182
CAF,Central African Republic,2015,Sub-Saharan Africa,Low income,1043.92171697157,51.934,4629320
CAF,Central African Republic,2016,Sub-Saharan Africa,Low income,1073.94477703739,50.999,4713663
CAF,Central African Republic,2017,Sub-Saharan Africa,Low income,1103.86609318724,45.231,4793511
CAF,Central African Republic,2018,Sub-Saharan Africa,Low income,1125.70091748228,52.297,4878657
CAF,Central African Republic,2019,Sub-Saharan Africa,Low income,1145.09563657752,31.53,4944703
CAF,Central African Republic,2020,Sub-Saharan Africa,Low income,1136.57052993758,50.596,5026628
CAF,Central African Republic,2021,Sub-Saharan Africa,Low income,1128.55237996459,40.279,5112100
CAF,Central African Republic,2022,Sub-Saharan Africa,Low income,1136.80171107045,18.818,5098039
CAF,Central African Republic,2023,Sub-Saharan Africa,Low income,1132.67643369804,57.408,5152421
TCD,Chad,2000,Sub-Saharan Africa,Low income,1506.7157720422,47.937,8512093
TCD,Chad,2001,Sub-Saharan Africa,Low income,1626.56683128523,48.306,8804124
TCD,Chad,2002,Sub-Saharan Africa,Low income,1704.2729514734,48.36,9116192
TCD,Chad,2003,Sub-Saharan Africa,Low income,1878.58578618822,48.609,9487833
TCD,Chad,2004,Sub-Saharan Africa,Low income,2400.97004978207,48.687,9920036
TCD,Chad,2005,Sub-Saharan Africa,Low income,2705.81650832729,48.86,10328092
TCD,Chad,2006,Sub-Saharan Africa,Low income,2596.03235455456,48.747,10706424
TCD,Chad,2007,Sub-Saharan Africa,Low income,2613.47387385767,49.21,11081660
TCD,Chad,2008,Sub-Saharan Africa,Low income,2601.36125803883,49.503,11476296
TCD,Chad,2009,Sub-Saharan Africa,Low income,2474.70758352529,49.828,11893754
TCD,Chad,2010,Sub-Saharan Africa,Low income,2717.40540181819,50.107,12312575
TCD,Chad,2011,Sub-Saharan Africa,Low income,2741.0708339941,50.426,12754997
TCD,Chad,2012,Sub-Saharan Africa,Low income,2886.27474563619,50.765,13210998
TCD,Chad,2013,Sub-Saharan Africa,Low income,2864.11301407361,51.051,13691079
TCD,Chad,2014,Sub-Saharan Africa,Low income,2820.67795066663,51.141,14188678
TCD,Chad,2015,Sub-Saharan Africa,Low income,2822.57929900014,51.32,14647621
TCD,Chad,2016,Sub-Saharan Africa,Low income,2622.59780844501,51.603,15114655
TCD,Chad,2017,Sub-Saharan Africa,Low income,2496.26213643158,51.875,15622759
TCD,Chad,2018,Sub-Saharan Africa,Low income,2552.37036387707,52.447,16156531
TCD,Chad,2019,Sub-Saharan Africa,Low income,2604.53153661789,52.993,16685223
TCD,Chad,2020,Sub-Saharan Africa,Low income,2513.02922729305,53.082,17224679
TCD,Chad,2021,Sub-Saharan Africa,Low income,2435.07274651099,53.136,17828273
TCD,Chad,2022,Sub-Saharan Africa,Low income,2449.48251052296,54.528,18455316
TCD,Chad,2023,Sub-Saharan Africa,Low income,2433.53330962707,55.069,19319064
CHI,Channel Islands,2000,Europe & Central Asia,High income,,78.8,148110
CHI,Channel Islands,2001,Europe & Central Asia,High income,,79,148850
CHI,Channel Islands,2002,Europe & Central Asia,High income,,79.1,149881
CHI,Channel Islands,2003,Europe & Central Asia,High income,,79.4,150960
CHI,Channel Islands,2004,Europe & Central Asia,High income,,79.8,152039
CHI,Channel Islands,2005,Europe & Central Asia,High income,,80.1,153126
CHI,Channel Islands,2006,Europe & Central Asia,High income,,80.4,154214
CHI,Channel Islands,2007,Europe & Central Asia,High income,,80.6,155309
CHI,Channel Islands,2008,Europe & Central Asia,High income,,80.8,156408
CHI,Channel Islands,2009,Europe & Central Asia,High income,,81,157511
CHI,Channel Islands,2010,Europe & Central Asia,High income,,81.2,158621
CHI,Channel Islands,2011,Europe & Central Asia,High income,,81.4,159706
CHI,Channel Islands,2012,Europe & Central Asia,High income,,81.3,160767
CHI,Channel Islands,2013,Europe & Central Asia,High income,,81.5,161777
CHI,Channel Islands,2014,Europe & Central Asia,High income,,81.6,162726
CHI,Channel Islands,2015,Europe & Central Asia,High income,,81.4,163454
CHI,Channel Islands,2016,Europe & Central Asia,High income,,81.2,163883
CHI,Channel Islands,2017,Europe & Central Asia,High income,,81,164319
CHI,Channel Islands,2018,Europe & Central Asia,High income,,81.1,164949
CHI,Channel Islands,2019,Europe & Central Asia,High income,,81.2,165639
CHI,Channel Islands,2020,Europe & Central Asia,High income,,80.9,166235
CHI,Channel Islands,2021,Europe & Central Asia,High income,,80.3,166741
CHI,Channel Islands,2022,Europe & Central Asia,High income,,81,167215
CHI,Channel Islands,2023,Europe & Central Asia,High income,,81.1,167691
CHL,Chile,2000,Latin America & Caribbean,High income,17529.4205997692,77.128,15503635
CHL,Chile,2001,Latin America & Caribbean,High income,17874.5313866938,77.58,15683849
CHL,Chile,2002,Latin America & Caribbean,High income,18244.5196827315,77.84,15857925
CHL,Chile,2003,Latin America & Caribbean,High income,18907.3458745755,77.884,16024752
CHL,Chile,2004,Latin America & Caribbean,High income,19966.7093106095,78.276,16187322
CHL,Chile,2005,Latin America & Caribbean,High income,20923.479756183,78.459,16348778
CHL,Chile,2006,Latin America & Caribbean,High income,21973.7382914389,78.533,16509195
CHL,Chile,2007,Latin America & Caribbean,High income,22884.2997108846,78.652,16671581
CHL,Chile,2008,Latin America & Caribbean,High income,23515.3473178269,78.752,16838988
CHL,Chile,2009,Latin America & Caribbean,High income,23019.0299454094,78.89,17009731
CHL,Chile,2010,Latin America & Caribbean,High income,24122.4787924386,79.095,17181464
CHL,Chile,2011,Latin America & Caribbean,High income,25372.2741480772,79.236,17351816
CHL,Chile,2012,Latin America & Caribbean,High income,26676.8110154019,79.221,17519119
CHL,Chile,2013,Latin America & Caribbean,High income,27297.8185145366,79.551,17687006
CHL,Chile,2014,Latin America & Caribbean,High income,27511.5610030404,79.714,17864195
CHL,Chile,2015,Latin America & Caribbean,High income,27817.9584848024,80.008,18047625
CHL,Chile,2016,Latin America & Caribbean,High income,27965.3473526831,80.295,18267221
CHL,Chile,2017,Latin America & Caribbean,High income,27899.5979777012,80.61,18558868
CHL,Chile,2018,Latin America & Caribbean,High income,28499.4064000406,80.559,18893191
CHL,Chile,2019,Latin America & Caribbean,High income,28227.9790507594,80.324,19197744
CHL,Chile,2020,Latin America & Caribbean,High income,26258.4038553242,79.349,19370624
CHL,Chile,2021,Latin America & Caribbean,High income,29106.6356522053,78.876,19456334
CHL,Chile,2022,Latin America & Caribbean,High income,29560.4513805785,79.176,19553036
CHL,Chile,2023,Latin America & Caribbean,High income,29600.4188613168,81.167,19658835
CHN,China,2000,East Asia & Pacific,Upper middle income,4065.86707804429,72.288,1262645000
CHN,China,2001,East Asia & Pacific,Upper middle income,4372.43560608339,72.675,1271850000
CHN,China,2002,East Asia & Pacific,Upper middle income,4744.38182475307,73.034,1280400000
CHN,China,2003,East Asia & Pacific,Upper middle income,5191.78118308167,73.385,1288400000
CHN,China,2004,East Asia & Pacific,Upper middle income,5684.3881718733,73.727,1296075000
CHN,China,2005,East Asia & Pacific,Upper middle income,6298.29929808598,74.085,1303720000
CHN,China,2006,East Asia & Pacific,Upper middle income,7057.11131595304,74.404,1311020000
CHN,China,2007,East Asia & Pacific,Upper middle income,8013.78375739131,74.789,1317885000
CHN,China,2008,East Asia & Pacific,Upper middle income,8743.7020031299,74.833,1324655000
CHN,China,2009,East Asia & Pacific,Upper middle income,9518.68128351945,75.317,1331260000
CHN,China,2010,East Asia & Pacific,Upper middle income,10476.1525652407,75.668,1337705000
CHN,China,2011,East Asia & Pacific,Upper middle income,11404.9179835542,75.889,1345035000
CHN,China,2012,East Asia & Pacific,Upper middle income,12217.9343813101,76.2,1354190000
CHN,China,2013,East Asia & Pacific,Upper middle income,13080.8787864744,76.452,1363240000
CHN,China,2014,East Asia & Pacific,Upper middle income,13968.5187785922,76.714,1371860000
CHN,China,2015,East Asia & Pacific,Upper middle income,14857.1088234405,76.975,1379860000
CHN,China,2016,East Asia & Pacific,Upper middle income,15772.8372607502,77.214,1387790000
CHN,China,2017,East Asia & Pacific,Upper middle income,16758.0463976858,77.235,1396215000
CHN,China,2018,East Asia & Pacific,Upper middle income,17807.0490552244,77.709,1402760000
CHN,China,2019,East Asia & Pacific,Upper middle income,18820.5871645645,77.94,1407745000
CHN,China,2020,East Asia & Pacific,Upper middle income,19215.1012491012,78.019,1411100000
CHN,China,2021,East Asia & Pacific,Upper middle income,20843.2978347377,78.117,1412360000
CHN,China,2022,East Asia & Pacific,Upper middle income,21499.3125559757,78.202,1412175000
CHN,China,2023,East Asia & Pacific,Upper middle income,22687.2519534328,77.953,1410710000
COL,Colombia,2000,Latin America & Caribbean,Upper middle income,10813.4942250011,70.905,39089934
COL,Colombia,2001,Latin America & Caribbean,Upper middle income,10823.4504878807,71.185,39709262
COL,Colombia,2002,Latin America & Caribbean,Upper middle income,10925.1485602082,71.537,40324680
COL,Colombia,2003,Latin America & Caribbean,Upper middle income,11183.2911819793,72.309,40937429
COL,Colombia,2004,Latin America & Caribbean,Upper middle income,11607.9384935105,72.76,41543171
COL,Colombia,2005,Latin America & Caribbean,Upper middle income,11999.2549591305,73.156,42128977
COL,Colombia,2006,Latin America & Caribbean,Upper middle income,12636.6246577724,73.497,42691084
COL,Colombia,2007,Latin America & Caribbean,Upper middle income,13318.3033138168,73.751,43235374
COL,Colombia,2008,Latin America & Caribbean,Upper middle income,13591.0609028567,74.206,43758808
COL,Colombia,2009,Latin America & Caribbean,Upper middle income,13586.7518430982,74.531,44271541
COL,Colombia,2010,Latin America & Caribbean,Upper middle income,14037.0642668639,74.876,44777319
COL,Colombia,2011,Latin America & Caribbean,Upper middle income,14852.3699513061,75.18,45259614
COL,Colombia,2012,Latin America & Caribbean,Upper middle income,15279.4790008058,75.611,45715810
COL,Colombia,2013,Latin America & Caribbean,Upper middle income,15912.2471293239,75.834,46151584
COL,Colombia,2014,Latin America & Caribbean,Upper middle income,16480.3631474161,75.95,46565429
COL,Colombia,2015,Latin America & Caribbean,Upper middle income,16821.3801400631,76.067,46969940
COL,Colombia,2016,Latin America & Caribbean,Upper middle income,17003.244366485,76.228,47437512
COL,Colombia,2017,Latin America & Caribbean,Upper middle income,16986.0334182842,76.418,48131078
COL,Colombia,2018,Latin America & Caribbean,Upper middle income,17104.1313545678,76.579,49024465
COL,Colombia,2019,Latin America & Caribbean,Upper middle income,17336.7716030551,76.793,49907985
COL,Colombia,2020,Latin America & Caribbean,Upper middle income,15861.4999291295,74.757,50629997
COL,Colombia,2021,Latin America & Caribbean,Upper middle income,17383.0901728295,72.698,51188173
COL,Colombia,2022,Latin America & Caribbean,Upper middle income,18458.7209460704,76.508,51737944
COL,Colombia,2023,Latin America & Caribbean,Upper middle income,18406.6242338491,77.725,52321152
COM,Comoros,2000,Sub-Saharan Africa,Lower middle income,2917.87154106634,58.941,536080
COM,Comoros,2001,Sub-Saharan Africa,Lower middle income,3013.38883096315,59.587,547220
COM,Comoros,2002,Sub-Saharan Africa,Lower middle income,3085.93814937142,59.723,558923
COM,Comoros,2003,Sub-Saharan Africa,Lower middle income,3085.59675447872,60.24,569798
COM,Comoros,2004,Sub-Saharan Africa,Lower middle income,3121.51677555024,60.557,580704
COM,Comoros,2005,Sub-Saharan Africa,Lower middle income,3231.72506154387,60.883,592677
COM,Comoros,2006,Sub-Saharan Africa,Lower middle income,3111.62570879692,61.229,604753
COM,Comoros,2007,Sub-Saharan Africa,Lower middle income,3074.7346796054,61.475,616927
COM,Comoros,2008,Sub-Saharan Africa,Lower middle income,3133.75034704474,61.955,629307
COM,Comoros,2009,Sub-Saharan Africa,Lower middle income,3171.6035546392,62.302,641947
COM,Comoros,2010,Sub-Saharan Africa,Lower middle income,3226.63502045267,62.747,654836
COM,Comoros,2011,Sub-Saharan Africa,Lower middle income,3293.83407668409,63.105,668056
COM,Comoros,2012,Sub-Saharan Africa,Lower middle income,3330.52446059187,63.463,681630
COM,Comoros,2013,Sub-Saharan Africa,Lower middle income,3406.49918649378,63.839,696192
COM,Comoros,2014,Sub-Saharan Africa,Lower middle income,3403.41291459985,64.143,711503
COM,Comoros,2015,Sub-Saharan Africa,Lower middle income,3370.5557232032,64.473,726682
COM,Comoros,2016,Sub-Saharan Africa,Lower middle income,3411.77123523582,64.792,741741
COM,Comoros,2017,Sub-Saharan Africa,Lower middle income,3472.07858942366,65.127,756669
COM,Comoros,2018,Sub-Saharan Africa,Lower middle income,3528.95868167877,65.401,771590
COM,Comoros,2019,Sub-Saharan Africa,Lower middle income,3522.66866952646,65.662,786578
COM,Comoros,2020,Sub-Saharan Africa,Lower middle income,3447.47274904772,65.756,802163
COM,Comoros,2021,Sub-Saharan Africa,Lower middle income,3449.0435745318,65.201,818174
COM,Comoros,2022,Sub-Saharan Africa,Lower middle income,3465.8402271705,66.481,834188
COM,Comoros,2023,Sub-Saharan Africa,Lower middle income,3508.15862331545,66.777,850387
COD,"Congo, Dem. Rep.",2000,Sub-Saharan Africa,Low income,981.422080027189,51.887,50507442
COD,"Congo, Dem. Rep.",2001,Sub-Saharan Africa,Low income,930.85782608082,52.205,52132646
COD,"Congo, Dem. Rep.",2002,Sub-Saharan Africa,Low income,929.452807088884,52.371,53750524
COD,"Congo, Dem. Rep.",2003,Sub-Saharan Africa,Low income,953.044643242042,52.952,55343867
COD,"Congo, Dem. Rep.",2004,Sub-Saharan Africa,Low income,987.746920881562,53.534,56997741
COD,"Congo, Dem. Rep.",2005,Sub-Saharan Africa,Low income,1016.6338907666,54.001,58775724
COD,"Congo, Dem. Rep.",2006,Sub-Saharan Africa,Low income,1036.13329616563,54.498,60615908
COD,"Congo, Dem. Rep.",2007,Sub-Saharan Africa,Low income,1091.54081233234,54.954,62477752
COD,"Congo, Dem. Rep.",2008,Sub-Saharan Africa,Low income,1137.84087315488,55.388,64390664
COD,"Congo, Dem. Rep.",2009,Sub-Saharan Africa,Low income,1109.18311674431,55.798,66412044
COD,"Congo, Dem. Rep.",2010,Sub-Saharan Africa,Low income,1166.98306581442,56.411,68563038
COD,"Congo, Dem. Rep.",2011,Sub-Saharan Africa,Low income,1124.7720535769,56.911,70849311
COD,"Congo, Dem. Rep.",2012,Sub-Saharan Africa,Low income,1182.14074588327,57.35,73254618
COD,"Congo, Dem. Rep.",2013,Sub-Saharan Africa,Low income,1342.74156112016,57.795,75789395
COD,"Congo, Dem. Rep.",2014,Sub-Saharan Africa,Low income,1392.75841334673,58.236,78403242
COD,"Congo, Dem. Rep.",2015,Sub-Saharan Africa,Low income,1433.21579814709,58.658,81035531
COD,"Congo, Dem. Rep.",2016,Sub-Saharan Africa,Low income,1388.80163211633,59.081,83956415
COD,"Congo, Dem. Rep.",2017,Sub-Saharan Africa,Low income,1395.71961761712,59.495,87083398
COD,"Congo, Dem. Rep.",2018,Sub-Saharan Africa,Low income,1431.7285269693,59.926,90047644
COD,"Congo, Dem. Rep.",2019,Sub-Saharan Africa,Low income,1394.76461472893,60.242,92947442
COD,"Congo, Dem. Rep.",2020,Sub-Saharan Africa,Low income,1361.02791099008,60.428,95989998
COD,"Congo, Dem. Rep.",2021,Sub-Saharan Africa,Low income,1402.38560295221,60.044,99148932
COD,"Congo, Dem. Rep.",2022,Sub-Saharan Africa,Low income,1484.33841881449,60.979,102396968
COD,"Congo, Dem. Rep.",2023,Sub-Saharan Africa,Low income,1559.33806475859,61.895,105789731
COG,"Congo, Rep.",2000,Sub-Saharan Africa,Lower middle income,7570.58279297342,55.371,3151345
COG,"Congo, Rep.",2001,Sub-Saharan Africa,Lower middle income,7567.43916817104,55.885,3272537
COG,"Congo, Rep.",2002,Sub-Saharan Africa,Lower middle income,7729.3889014189,56.414,3350771
COG,"Congo, Rep.",2003,Sub-Saharan Africa,Lower middle income,7577.45630456352,57.131,3445753
COG,"Congo, Rep.",2004,Sub-Saharan Africa,Lower middle income,7577.44597274153,57.957,3565554
COG,"Congo, Rep.",2005,Sub-Saharan Africa,Lower middle income,7876.11806658285,58.73,3696393
COG,"Congo, Rep.",2006,Sub-Saharan Africa,Lower middle income,8192.57979719023,59.474,3837409
COG,"Congo, Rep.",2007,Sub-Saharan Africa,Lower middle income,7375.82454100145,60.05,3980430
COG,"Congo, Rep.",2008,Sub-Saharan Africa,Lower middle income,7587.28826163492,60.79,4113517
COG,"Congo, Rep.",2009,Sub-Saharan Africa,Lower middle income,8138.45033818822,61.215,4281219
COG,"Congo, Rep.",2010,Sub-Saharan Africa,Lower middle income,8583.66179834288,61.731,4462290
COG,"Congo, Rep.",2011,Sub-Saharan Africa,Lower middle income,8492.42098392103,62.286,4609724
COG,"Congo, Rep.",2012,Sub-Saharan Africa,Lower middle income,9079.68656400891,62.662,4740450
COG,"Congo, Rep.",2013,Sub-Saharan Africa,Lower middle income,8798.49382506314,62.969,4857099
COG,"Congo, Rep.",2014,Sub-Saharan Africa,Lower middle income,9159.25664414045,63.349,4975880
COG,"Congo, Rep.",2015,Sub-Saharan Africa,Lower middle income,8977.70681641417,63.662,5097581
COG,"Congo, Rep.",2016,Sub-Saharan Africa,Lower middle income,8001.8255194505,63.911,5222536
COG,"Congo, Rep.",2017,Sub-Saharan Africa,Lower middle income,7372.77046737599,64.203,5351011
COG,"Congo, Rep.",2018,Sub-Saharan Africa,Lower middle income,7029.33651566257,64.472,5483118
COG,"Congo, Rep.",2019,Sub-Saharan Africa,Lower middle income,6939.36913397466,63.152,5616661
COG,"Congo, Rep.",2020,Sub-Saharan Africa,Lower middle income,6350.50913409722,64.391,5752791
COG,"Congo, Rep.",2021,Sub-Saharan Africa,Lower middle income,6263.21161292636,64.192,5892183
COG,"Congo, Rep.",2022,Sub-Saharan Africa,Lower middle income,6205.1050414034,65,6035104
COG,"Congo, Rep.",2023,Sub-Saharan Africa,Lower middle income,6172.28776650683,65.772,6182885
CRI,Costa Rica,2000,Latin America & Caribbean,High income,14025.6899537485,77.317,3937739
CRI,Costa Rica,2001,Latin America & Caribbean,High income,14257.525071713,77.609,4008947
CRI,Costa Rica,2002,Latin America & Caribbean,High income,14503.176481607,77.939,4075705
CRI,Costa Rica,2003,Latin America & Caribbean,High income,14898.7197394794,78.214,4138784
CRI,Costa Rica,2004,Latin America & Caribbean,High income,15330.8832332948,78.512,4200078
CRI,Costa Rica,2005,Latin America & Caribbean,High income,15711.7451335337,78.877,4261240
CRI,Costa Rica,2006,Latin America & Caribbean,High income,16628.3723014013,79.049,4321340
CRI,Costa Rica,2007,Latin America & Caribbean,High income,17752.4161954513,79.098,4380248
CRI,Costa Rica,2008,Latin America & Caribbean,High income,18343.0996854851,79.18,4440056
CRI,Costa Rica,2009,Latin America & Caribbean,High income,17941.5019129465,79.372,4499791
CRI,Costa Rica,2010,Latin America & Caribbean,High income,18670.1678827387,79.354,4555962
CRI,Costa Rica,2011,Latin America & Caribbean,High income,19264.4566461776,79.624,4609833
CRI,Costa Rica,2012,Latin America & Caribbean,High income,19970.6856013628,79.925,4663934
CRI,Costa Rica,2013,Latin America & Caribbean,High income,20242.2938648319,80.189,4716147
CRI,Costa Rica,2014,Latin America & Caribbean,High income,20735.1927258406,80.231,4767119
CRI,Costa Rica,2015,Latin America & Caribbean,High income,21265.3176336354,80.407,4818038
CRI,Costa Rica,2016,Latin America & Caribbean,High income,21936.4660575366,79.988,4866998
CRI,Costa Rica,2017,Latin America & Caribbean,High income,22633.7648663302,79.994,4913177
CRI,Costa Rica,2018,Latin America & Caribbean,High income,23069.8622241266,80.09,4957818
CRI,Costa Rica,2019,Latin America & Caribbean,High income,23496.8294622995,80.296,4999553
CRI,Costa Rica,2020,Latin America & Caribbean,High income,22368.1378072638,79.725,5034320
CRI,Costa Rica,2021,Latin America & Caribbean,High income,24083.5988182437,78.05,5059988
CRI,Costa Rica,2022,Latin America & Caribbean,High income,25290.0087466975,79.316,5081765
CRI,Costa Rica,2023,Latin America & Caribbean,High income,26378.5409941926,80.799,5105525
CIV,Cote d'Ivoire,2000,Sub-Saharan Africa,Lower middle income,4838.37602767698,51.393,17699004
CIV,Cote d'Ivoire,2001,Sub-Saharan Africa,Lower middle income,4609.17878891553,51.428,18178913
CIV,Cote d'Ivoire,2002,Sub-Saharan Africa,Lower middle income,4368.96040639474,51.544,18654771
CIV,Cote d'Ivoire,2003,Sub-Saharan Africa,Lower middle income,4060.03041319294,51.443,19125542
CIV,Cote d'Ivoire,2004,Sub-Saharan Africa,Lower middle income,4088.97542020506,51.939,19595000
CIV,Cote d'Ivoire,2005,Sub-Saharan Africa,Lower middle income,4032.27570780036,52.432,20068458
CIV,Cote d'Ivoire,2006,Sub-Saharan Africa,Lower middle income,4049.29028298687,52.885,20546802
CIV,Cote d'Ivoire,2007,Sub-Saharan Africa,Lower middle income,3999.72054350731,53.452,21030558
CIV,Cote d'Ivoire,2008,Sub-Saharan Africa,Lower middle income,4096.75377364759,54.179,21514439
CIV,Cote d'Ivoire,2009,Sub-Saharan Africa,Lower middle income,4151.08431510133,54.744,21997940
CIV,Cote d'Ivoire,2010,Sub-Saharan Africa,Lower middle income,4338.68457800736,55.282,22488065
CIV,Cote d'Ivoire,2011,Sub-Saharan Africa,Lower middle income,4017.43753814324,55.972,22982000
CIV,Cote d'Ivoire,2012,Sub-Saharan Africa,Lower middle income,4234.21187719492,56.57,23467078
CIV,Cote d'Ivoire,2013,Sub-Saharan Africa,Lower middle income,4597.22035890241,57.057,23939775
CIV,Cote d'Ivoire,2014,Sub-Saharan Africa,Lower middle income,4907.61080546543,57.772,24527395
CIV,Cote d'Ivoire,2015,Sub-Saharan Africa,Lower middle income,5110.90021438908,58.281,25246342
CIV,Cote d'Ivoire,2016,Sub-Saharan Africa,Lower middle income,5320.88582199186,58.814,25989405
CIV,Cote d'Ivoire,2017,Sub-Saharan Africa,Lower middle income,5556.1547631509,59.315,26733372
CIV,Cote d'Ivoire,2018,Sub-Saharan Africa,Lower middle income,5670.24199741353,59.795,27464173
CIV,Cote d'Ivoire,2019,Sub-Saharan Africa,Lower middle income,5894.92235259103,60.274,28193009
CIV,Cote d'Ivoire,2020,Sub-Saharan Africa,Lower middle income,5787.85814696561,60.14,28915449
CIV,Cote d'Ivoire,2021,Sub-Saharan Africa,Lower middle income,6045.20480490881,60.29,29639736
CIV,Cote d'Ivoire,2022,Sub-Saharan Africa,Lower middle income,6272.26395760029,61.562,30395002
CIV,Cote d'Ivoire,2023,Sub-Saharan Africa,Lower middle income,6520.89886459765,61.944,31165654
HRV,Croatia,2000,Europe & Central Asia,High income,21302.4117206381,72.8078048780488,4468302
HRV,Croatia,2001,Europe & Central Asia,High income,22826.7217624371,74.5129268292683,4299642
HRV,Croatia,2002,Europe & Central Asia,High income,24136.7810227804,74.7173170731707,4302174
HRV,Croatia,2003,Europe & Central Asia,High income,25473.5672036391,74.6139024390244,4303399
HRV,Croatia,2004,Europe & Central Asia,High income,26528.5369054362,75.520243902439,4304600
HRV,Croatia,2005,Europe & Central Asia,High income,27641.1374713864,75.2446341463415,4310145
HRV,Croatia,2006,Europe & Central Asia,High income,29035.6749841445,75.8368292682927,4311159
HRV,Croatia,2007,Europe & Central Asia,High income,30508.3061279124,75.7056097560976,4310217
HRV,Croatia,2008,Europe & Central Asia,High income,31113.555007687,75.9121951219512,4309705
HRV,Croatia,2009,Europe & Central Asia,High income,29024.6640551953,76.1682926829268,4305181
HRV,Croatia,2010,Europe & Central Asia,High income,28701.8754573033,76.4756097560976,4295427
HRV,Croatia,2011,Europe & Central Asia,High income,28769.0229490882,76.7756097560976,4280622
HRV,Croatia,2012,Europe & Central Asia,High income,28259.1638073948,77.1682926829268,4260368
HRV,Croatia,2013,Europe & Central Asia,High income,28397.9820661555,77.5707317073171,4233922
HRV,Croatia,2014,Europe & Central Asia,High income,28456.3353756076,77.7243902439024,4201598
HRV,Croatia,2015,Europe & Central Asia,High income,29466.4506365792,77.2756097560976,4151725
HRV,Croatia,2016,Europe & Central Asia,High income,30820.8050421355,77.9219512195122,4106867
HRV,Croatia,2017,Europe & Central Asia,High income,32348.5888556174,77.7268292682927,4041407
HRV,Croatia,2018,Europe & Central Asia,High income,33729.5455811943,77.919512195122,3988775
HRV,Croatia,2019,Europe & Central Asia,High income,35122.7966231008,78.2243902439024,3949390
HRV,Croatia,2020,Europe & Central Asia,High income,32493.4017010055,77.5243902439024,3914206
HRV,Croatia,2021,Europe & Central Asia,High income,36930.076102199,76.4243902439025,3878981
HRV,Croatia,2022,Europe & Central Asia,High income,39863.9109377649,77.5756097560976,3855641
HRV,Croatia,2023,Europe & Central Asia,High income,41320.257995772,78.4731707317073,3859686
CUB,Cuba,2000,Latin America & Caribbean,Upper middle income,,75.922,11109109
CUB,Cuba,2001,Latin America & Caribbean,Upper middle income,,76.429,11144132
CUB,Cuba,2002,Latin America & Caribbean,Upper middle income,,76.766,11177418
CUB,Cuba,2003,Latin America & Caribbean,Upper middle income,,77.405,11209383
CUB,Cuba,2004,Latin America & Caribbean,Upper middle income,,77.326,11238756
CUB,Cuba,2005,Latin America & Caribbean,Upper middle income,,77.54,11262554
CUB,Cuba,2006,Latin America & Caribbean,Upper middle income,,77.406,11278550
CUB,Cuba,2007,Latin America & Caribbean,Upper middle income,,77.55,11287272
CUB,Cuba,2008,Latin America & Caribbean,Upper middle income,,77.589,11291762
CUB,Cuba,2009,Latin America & Caribbean,Upper middle income,,77.584,11294719
CUB,Cuba,2010,Latin America & Caribbean,Upper middle income,,77.876,11297409
CUB,Cuba,2011,Latin America & Caribbean,Upper middle income,,78.051,11301571
CUB,Cuba,2012,Latin America & Caribbean,Upper middle income,,78.162,11303175
CUB,Cuba,2013,Latin America & Caribbean,Upper middle income,,78.028,11298167
CUB,Cuba,2014,Latin America & Caribbean,Upper middle income,,77.825,11285775
CUB,Cuba,2015,Latin America & Caribbean,Upper middle income,,77.745,11275065
CUB,Cuba,2016,Latin America & Caribbean,Upper middle income,,77.571,11265612
CUB,Cuba,2017,Latin America & Caribbean,Upper middle income,,77.3,11247829
CUB,Cuba,2018,Latin America & Caribbean,Upper middle income,,77.426,11227118
CUB,Cuba,2019,Latin America & Caribbean,Upper middle income,,77.413,11202846
CUB,Cuba,2020,Latin America & Caribbean,Upper middle income,,77.407,11176354
CUB,Cuba,2021,Latin America & Caribbean,Upper middle income,,73.201,11122168
CUB,Cuba,2022,Latin America & Caribbean,Upper middle income,,77.629,11059820
CUB,Cuba,2023,Latin America & Caribbean,Upper middle income,,78.085,11019931
CUW,Curacao,2000,Latin America & Caribbean,High income,34307.1250633963,73.283,133860
CUW,Curacao,2001,Latin America & Caribbean,High income,35339.0648639949,73.36,129047
CUW,Curacao,2002,Latin America & Caribbean,High income,35435.9975763658,73.472,129205
CUW,Curacao,2003,Latin America & Caribbean,High income,34812.7911728195,73.603,131897
CUW,Curacao,2004,Latin America & Caribbean,High income,34288.7402384635,73.735,134192
CUW,Curacao,2005,Latin America & Caribbean,High income,33651.5045829526,73.873,137658
CUW,Curacao,2006,Latin America & Caribbean,High income,33334.8567825808,73.978,141239
CUW,Curacao,2007,Latin America & Caribbean,High income,33490.2551592184,74.137,144056
CUW,Curacao,2008,Latin America & Caribbean,High income,33795.131116557,74.314,145880
CUW,Curacao,2009,Latin America & Caribbean,High income,33397.3973952737,74.485,146833
CUW,Curacao,2010,Latin America & Caribbean,High income,33004.5542873273,75.117,148703
CUW,Curacao,2011,Latin America & Caribbean,High income,32704.3558692872,75.576,150831
CUW,Curacao,2012,Latin America & Caribbean,High income,32320.8770365245,75.96,152088
CUW,Curacao,2013,Latin America & Caribbean,High income,31753.384548357,76.239,153822
CUW,Curacao,2014,Latin America & Caribbean,High income,31128.6473361746,76.384,155909
CUW,Curacao,2015,Latin America & Caribbean,High income,30861.3207651786,76.482,157980
CUW,Curacao,2016,Latin America & Caribbean,High income,30209.7882553609,76.322,159664
CUW,Curacao,2017,Latin America & Caribbean,High income,29729.1013639498,76.423,160175
CUW,Curacao,2018,Latin America & Caribbean,High income,29256.8157865286,76.493,159336
CUW,Curacao,2019,Latin America & Caribbean,High income,28659.6559014065,76.492,157441
CUW,Curacao,2020,Latin America & Caribbean,High income,23669.7711519128,76.501,155482
CUW,Curacao,2021,Latin America & Caribbean,High income,24905.7684266978,75.686,153948
CUW,Curacao,2022,Latin America & Caribbean,High income,26734.6458998921,76.729,153321
CUW,Curacao,2023,Latin America & Caribbean,High income,27617.9204283638,76.8,154654
CYP,Cyprus,2000,Europe & Central Asia,High income,36121.6640625,77.9,947667
CYP,Cyprus,2001,Europe & Central Asia,High income,37146.84375,78.185,964127
CYP,Cyprus,2002,Europe & Central Asia,High income,38090.77734375,78.758,981440
CYP,Cyprus,2003,Europe & Central Asia,High income,38617.8125,78.908,999590
CYP,Cyprus,2004,Europe & Central Asia,High income,40019.92578125,79.007,1017875
CYP,Cyprus,2005,Europe & Central Asia,High income,41362.09375,79.198,1036151
CYP,Cyprus,2006,Europe & Central Asia,High income,42595.203125,79.456,1054418
CYP,Cyprus,2007,Europe & Central Asia,High income,43823.76171875,79.798,1072714
CYP,Cyprus,2008,Europe & Central Asia,High income,44295.62890625,79.906,1091026
CYP,Cyprus,2009,Europe & Central Asia,High income,42253.38671875,80.375,1109371
CYP,Cyprus,2010,Europe & Central Asia,High income,42102.28125,80.632,1127816
CYP,Cyprus,2011,Europe & Central Asia,High income,41212.6875,80.855,1146493
CYP,Cyprus,2012,Europe & Central Asia,High income,39190.22265625,81.128,1165397
CYP,Cyprus,2013,Europe & Central Asia,High income,36650.5703125,81.317,1183895
CYP,Cyprus,2014,Europe & Central Asia,High income,36104.90234375,81.337,1201801
CYP,Cyprus,2015,Europe & Central Asia,High income,37258.5,81.464,1219502
CYP,Cyprus,2016,Europe & Central Asia,High income,39500.8515625,81.534,1237112
CYP,Cyprus,2017,Europe & Central Asia,High income,41417.98828125,81.543,1254275
CYP,Cyprus,2018,Europe & Central Asia,High income,43510.03125,81.556,1270737
CYP,Cyprus,2019,Europe & Central Asia,High income,45454.17578125,81.454,1286671
CYP,Cyprus,2020,Europe & Central Asia,High income,43402.359375,81.23,1302247
CYP,Cyprus,2021,Europe & Central Asia,High income,47632.5703125,80.573,1317309
CYP,Cyprus,2022,Europe & Central Asia,High income,50840.9140625,80.434,1331370
CYP,Cyprus,2023,Europe & Central Asia,High income,51674.90234375,81.648,1344976
CZE,Czechia,2000,Europe & Central Asia,High income,29427.4070011514,74.9682926829268,10255063
CZE,Czechia,2001,Europe & Central Asia,High income,30399.8730764283,75.1731707317073,10216605
CZE,Czechia,2002,Europe & Central Asia,High income,30919.549661870202,75.2219512195122,10196916
CZE,Czechia,2003,Europe & Central Asia,High income,31949.2963145034,75.1707317073171,10193998
CZE,Czechia,2004,Europe & Central Asia,High income,33452.3408000614,75.7219512195122,10197101
CZE,Czechia,2005,Europe & Central Asia,High income,35535.7479961511,75.9243902439025,10211216
CZE,Czechia,2006,Europe & Central Asia,High income,37786.8781740905,76.5243902439024,10238905
CZE,Czechia,2007,Europe & Central Asia,High income,39629.0061324728,76.7243902439025,10298828
CZE,Czechia,2008,Europe & Central Asia,High income,40328.3426630095,76.9756097560976,10384603
CZE,Czechia,2009,Europe & Central Asia,High income,38175.1422773334,77.0780487804878,10443936
CZE,Czechia,2010,Europe & Central Asia,High income,39097.3886218756,77.4243902439025,10474410
CZE,Czechia,2011,Europe & Central Asia,High income,39708.1626280195,77.8731707317073,10496088
CZE,Czechia,2012,Europe & Central Asia,High income,39347.0492956846,78.0756097560976,10510785
CZE,Czechia,2013,Europe & Central Asia,High income,39317.5535692377,78.1756097560976,10514272
CZE,Czechia,2014,Europe & Central Asia,High income,40158.0164275735,78.8243902439024,10525347
CZE,Czechia,2015,Europe & Central Asia,High income,42066.5759800801,78.5780487804878,10546059
CZE,Czechia,2016,Europe & Central Asia,High income,43069.4659744727,79.0268292682927,10566332
CZE,Czechia,2017,Europe & Central Asia,High income,45177.5226053634,78.9780487804878,10594438
CZE,Czechia,2018,Europe & Central Asia,High income,46301.082036029,79.0292682926829,10629928
CZE,Czechia,2019,Europe & Central Asia,High income,47763.6165520254,79.2292682926829,10671870
CZE,Czechia,2020,Europe & Central Asia,High income,45119.9387309139,78.2268292682927,10697858
CZE,Czechia,2021,Europe & Central Asia,High income,47796.0337408466,77.2219512195122,10505772
CZE,Czechia,2022,Europe & Central Asia,High income,48390.661678675,78.9292682926829,10672118
CZE,Czechia,2023,Europe & Central Asia,High income,47558.4106763314,79.8268292682927,10864042
DNK,Denmark,2000,Europe & Central Asia,High income,57585.8965553524,76.5926829268293,5339616
DNK,Denmark,2001,Europe & Central Asia,High income,57925.0542954115,76.7926829268293,5358783
DNK,Denmark,2002,Europe & Central Asia,High income,58003.8882572641,76.8951219512195,5375931
DNK,Denmark,2003,Europe & Central Asia,High income,58101.4809549972,77.1439024390244,5390574
DNK,Denmark,2004,Europe & Central Asia,High income,59560.4599503941,77.4926829268293,5404523
DNK,Denmark,2005,Europe & Central Asia,High income,60798.1351548444,77.8439024390244,5419432
DNK,Denmark,2006,Europe & Central Asia,High income,62911.3931382937,78.0951219512195,5437272
DNK,Denmark,2007,Europe & Central Asia,High income,63251.3169416725,78.1951219512195,5461438
DNK,Denmark,2008,Europe & Central Asia,High income,62618.4499382451,78.4463414634146,5493621
DNK,Denmark,2009,Europe & Central Asia,High income,59185.967750553304,78.5975609756098,5523095
DNK,Denmark,2010,Europe & Central Asia,High income,59856.3490860003,79.1,5547683
DNK,Denmark,2011,Europe & Central Asia,High income,60391.7799332206,79.8,5570572
DNK,Denmark,2012,Europe & Central Asia,High income,60161.7010660256,80.0512195121951,5591572
DNK,Denmark,2013,Europe & Central Asia,High income,60745.7784800252,80.3,5614932
DNK,Denmark,2014,Europe & Central Asia,High income,61210.9490922919,80.7,5643475
DNK,Denmark,2015,Europe & Central Asia,High income,62059.1285991721,80.7024390243902,5683483
DNK,Denmark,2016,Europe & Central Asia,High income,63468.9888246814,80.8536585365854,5728010
DNK,Denmark,2017,Europe & Central Asia,High income,64989.4459872347,81.1024390243903,5764980
DNK,Denmark,2018,Europe & Central Asia,High income,65870.8302554341,80.9536585365854,5793636
DNK,Denmark,2019,Europe & Central Asia,High income,66758.6323346131,81.4512195121951,5814422
DNK,Denmark,2020,Europe & Central Asia,High income,65379.3066120995,81.6024390243903,5831404
DNK,Denmark,2021,Europe & Central Asia,High income,69327.998216527,81.4048780487805,5856733
DNK,Denmark,2022,Europe & Central Asia,High income,69089.4692492289,81.3048780487805,5903037
DNK,Denmark,2023,Europe & Central Asia,High income,68993.9031100362,81.7536585365854,5946952
DJI,Djibouti,2000,"Middle East, North Africa, Afghanistan & Pakistan",Lower middle income,,56.734,747318
DJI,Djibouti,2001,"Middle East, North Africa, Afghanistan & Pakistan",Lower middle income,,57.506,771313
DJI,Djibouti,2002,"Middle East, North Africa, Afghanistan & Pakistan",Lower middle income,,57.824,795574
DJI,Djibouti,2003,"Middle East, North Africa, Afghanistan & Pakistan",Lower middle income,,58.041,813519
DJI,Djibouti,2004,"Middle East, North Africa, Afghanistan & Pakistan",Lower middle income,,58.103,826124
DJI,Djibouti,2005,"Middle East, North Africa, Afghanistan & Pakistan",Lower middle income,,58.548,839167
DJI,Djibouti,2006,"Middle East, North Africa, Afghanistan & Pakistan",Lower middle income,,58.962,855764
DJI,Djibouti,2007,"Middle East, North Africa, Afghanistan & Pakistan",Lower middle income,,59.362,874528
DJI,Djibouti,2008,"Middle East, North Africa, Afghanistan & Pakistan",Lower middle income,,59.815,892734
DJI,Djibouti,2009,"Middle East, North Africa, Afghanistan & Pakistan",Lower middle income,,60.351,911527
DJI,Djibouti,2010,"Middle East, North Africa, Afghanistan & Pakistan",Lower middle income,,60.743,930251
DJI,Djibouti,2011,"Middle East, North Africa, Afghanistan & Pakistan",Lower middle income,,61.337,948558
DJI,Djibouti,2012,"Middle East, North Africa, Afghanistan & Pakistan",Lower middle income,,61.719,966747
DJI,Djibouti,2013,"Middle East, North Africa, Afghanistan & Pakistan",Lower middle income,4469.07409933135,62.116,984824
DJI,Djibouti,2014,"Middle East, North Africa, Afghanistan & Pakistan",Lower middle income,4705.04926772184,62.427,1002717
DJI,Djibouti,2015,"Middle East, North Africa, Afghanistan & Pakistan",Lower middle income,4961.8681860592,62.833,1020313
DJI,Djibouti,2016,"Middle East, North Africa, Afghanistan & Pakistan",Lower middle income,5226.50026106607,63.335,1037653
DJI,Djibouti,2017,"Middle East, North Africa, Afghanistan & Pakistan",Lower middle income,5421.95649149613,63.71,1054841
DJI,Djibouti,2018,"Middle East, North Africa, Afghanistan & Pakistan",Lower middle income,5590.50426604853,64.105,1071882
DJI,Djibouti,2019,"Middle East, North Africa, Afghanistan & Pakistan",Lower middle income,5809.30455041341,64.381,1088709
DJI,Djibouti,2020,"Middle East, North Africa, Afghanistan & Pakistan",Lower middle income,5791.47767679877,64.2,1105188
DJI,Djibouti,2021,"Middle East, North Africa, Afghanistan & Pakistan",Lower middle income,5960.10807396825,63.83,1121248
DJI,Djibouti,2022,"Middle East, North Africa, Afghanistan & Pakistan",Lower middle income,6180.67998594606,65.54,1137096
DJI,Djibouti,2023,"Middle East, North Africa, Afghanistan & Pakistan",Lower middle income,6510.67859061619,65.987,1152944
DMA,Dominica,2000,Latin America & Caribbean,Upper middle income,14054.6548016043,71.715,68511
DMA,Dominica,2001,Latin America & Caribbean,Upper middle income,14091.5491387572,71.862,68288
DMA,Dominica,2002,Latin America & Caribbean,Upper middle income,13640.70330575,71.927,68367
DMA,Dominica,2003,Latin America & Caribbean,Upper middle income,14398.0017636834,71.942,68531
DMA,Dominica,2004,Latin America & Caribbean,Upper middle income,14962.2456326016,71.987,68649
DMA,Dominica,2005,Latin America & Caribbean,Upper middle income,15080.5206040984,72.016,68734
DMA,Dominica,2006,Latin America & Caribbean,Upper middle income,15727.7053232323,72.007,68806
DMA,Dominica,2007,Latin America & Caribbean,Upper middle income,16560.5179009944,71.901,68847
DMA,Dominica,2008,Latin America & Caribbean,Upper middle income,17738.0405685048,71.945,68854
DMA,Dominica,2009,Latin America & Caribbean,Upper middle income,17534.0339616963,71.835,68864
DMA,Dominica,2010,Latin America & Caribbean,Upper middle income,17516.7879573152,71.68,68859
DMA,Dominica,2011,Latin America & Caribbean,Upper middle income,17475.0411061698,71.517,69053
DMA,Dominica,2012,Latin America & Caribbean,Upper middle income,17431.1288003063,71.391,69118
DMA,Dominica,2013,Latin America & Caribbean,Upper middle income,17282.6368040368,71.228,69715
DMA,Dominica,2014,Latin America & Caribbean,Upper middle income,17520.8546265613,71.189,70373
DMA,Dominica,2015,Latin America & Caribbean,Upper middle income,16920.9126555668,69.968,70410
DMA,Dominica,2016,Latin America & Caribbean,Upper middle income,17364.0773046793,71.189,69606
DMA,Dominica,2017,Latin America & Caribbean,Upper middle income,16314.2295558891,68.62,68496
DMA,Dominica,2018,Latin America & Caribbean,Upper middle income,16877.1244880642,71.378,68174
DMA,Dominica,2019,Latin America & Caribbean,Upper middle income,17619.4335416769,71.305,67880
DMA,Dominica,2020,Latin America & Caribbean,Upper middle income,14919.5307686719,71.269,67573
DMA,Dominica,2021,Latin America & Caribbean,Upper middle income,15808.9743503945,69.832,67202
DMA,Dominica,2022,Latin America & Caribbean,Upper middle income,17550.8009946466,71.081,66826
DMA,Dominica,2023,Latin America & Caribbean,Upper middle income,18278.2253401989,71.132,66510
DOM,Dominican Republic,2000,Latin America & Caribbean,Upper middle income,10896.3184155964,70.365,8584190
DOM,Dominican Republic,2001,Latin America & Caribbean,Upper middle income,10991.1363420488,70.553,8720283
DOM,Dominican Republic,2002,Latin America & Caribbean,Upper middle income,11313.0690271273,70.719,8852235
DOM,Dominican Republic,2003,Latin America & Caribbean,Upper middle income,11000.8684059352,70.856,8980620
DOM,Dominican Republic,2004,Latin America & Caribbean,Upper middle income,11131.2709216332,70.73,9104892
DOM,Dominican Republic,2005,Latin America & Caribbean,Upper middle income,12022.5080544053,71.043,9225034
DOM,Dominican Republic,2006,Latin America & Caribbean,Upper middle income,12961.9183632133,71.054,9341183
DOM,Dominican Republic,2007,Latin America & Caribbean,Upper middle income,13754.9212674095,71.097,9455658
DOM,Dominican Republic,2008,Latin America & Caribbean,Upper middle income,14030.1411084465,71.331,9573130
DOM,Dominican Republic,2009,Latin America & Caribbean,Upper middle income,13992.4103270189,71.587,9695265
DOM,Dominican Republic,2010,Latin America & Caribbean,Upper middle income,14975.0010126958,72.039,9820175
DOM,Dominican Republic,2011,Latin America & Caribbean,Upper middle income,15258.0858148503,72.496,9945621
DOM,Dominican Republic,2012,Latin America & Caribbean,Upper middle income,15487.2776356321,72.817,10070411
DOM,Dominican Republic,2013,Latin America & Caribbean,Upper middle income,16054.7677297656,73.038,10193833
DOM,Dominican Republic,2014,Latin America & Caribbean,Upper middle income,16993.587444403,73.145,10315528
DOM,Dominican Republic,2015,Latin America & Caribbean,Upper middle income,17973.1870256815,72.982,10434829
DOM,Dominican Republic,2016,Latin America & Caribbean,Upper middle income,18968.9752386179,72.889,10551430
DOM,Dominican Republic,2017,Latin America & Caribbean,Upper middle income,19501.8743054078,73.37,10666843
DOM,Dominican Republic,2018,Latin America & Caribbean,Upper middle income,20662.848586153,73.555,10782053
DOM,Dominican Republic,2019,Latin America & Caribbean,Upper middle income,21451.286441995,73.112,10894043
DOM,Dominican Republic,2020,Latin America & Caribbean,Upper middle income,19545.4099552943,72.636,11008300
DOM,Dominican Republic,2021,Latin America & Caribbean,Upper middle income,22053.4589869955,71.757,11123476
DOM,Dominican Republic,2022,Latin America & Caribbean,Upper middle income,22986.95808105,74.211,11230734
DOM,Dominican Republic,2023,Latin America & Caribbean,Upper middle income,23282.4895071054,73.72,11331265
ECU,Ecuador,2000,Latin America & Caribbean,Upper middle income,9183.05155276919,72.09,12689206
ECU,Ecuador,2001,Latin America & Caribbean,Upper middle income,9405.11680690106,72.571,12910740
ECU,Ecuador,2002,Latin America & Caribbean,Upper middle income,9697.55517665978,73.164,13138472
ECU,Ecuador,2003,Latin America & Caribbean,Upper middle income,9802.81408202125,73.632,13372306
ECU,Ecuador,2004,Latin America & Caribbean,Upper middle income,10290.6634264766,73.868,13608701
ECU,Ecuador,2005,Latin America & Caribbean,Upper middle income,10660.2046228939,73.909,13846163
ECU,Ecuador,2006,Latin America & Caribbean,Upper middle income,10933.4897470283,74.01,14086131
ECU,Ecuador,2007,Latin America & Caribbean,Upper middle income,10952.8226853948,74.226,14328773
ECU,Ecuador,2008,Latin America & Caribbean,Upper middle income,11474.5257023541,74.709,14575202
ECU,Ecuador,2009,Latin America & Caribbean,Upper middle income,11403.5277978831,74.901,14825954
ECU,Ecuador,2010,Latin America & Caribbean,Upper middle income,11665.6978598204,75.188,15076695
ECU,Ecuador,2011,Latin America & Caribbean,Upper middle income,12449.0785549218,75.179,15326227
ECU,Ecuador,2012,Latin America & Caribbean,Upper middle income,12961.0267423765,75.486,15572194
ECU,Ecuador,2013,Latin America & Caribbean,Upper middle income,13689.1520460125,75.832,15807128
ECU,Ecuador,2014,Latin America & Caribbean,Upper middle income,14064.7992246727,76.141,16035124
ECU,Ecuador,2015,Latin America & Caribbean,Upper middle income,13881.5700738105,76.222,16266225
ECU,Ecuador,2016,Latin America & Caribbean,Upper middle income,13586.5160772568,76.094,16505139
ECU,Ecuador,2017,Latin America & Caribbean,Upper middle income,14179.1537503305,76.22,16759519
ECU,Ecuador,2018,Latin America & Caribbean,Upper middle income,14083.5069982304,77.248,17049547
ECU,Ecuador,2019,Latin America & Caribbean,Upper middle income,13870.4895118068,77.286,17340021
ECU,Ecuador,2020,Latin America & Caribbean,Upper middle income,12440.3263747814,72.004,17546065
ECU,Ecuador,2021,Latin America & Caribbean,Upper middle income,13507.4445638375,72.746,17682454
ECU,Ecuador,2022,Latin America & Caribbean,Upper middle income,14186.6388544625,76.577,17823897
ECU,Ecuador,2023,Latin America & Caribbean,Upper middle income,14321.1648295611,77.392,17980083
EGY,"Egypt, Arab Rep.",2000,"Middle East, North Africa, Afghanistan & Pakistan",Lower middle income,9981.62775081593,67.332,73083284
EGY,"Egypt, Arab Rep.",2001,"Middle East, North Africa, Afghanistan & Pakistan",Lower middle income,10117.3331821542,67.612,74652029
EGY,"Egypt, Arab Rep.",2002,"Middle East, North Africa, Afghanistan & Pakistan",Lower middle income,10143.5063456555,67.846,76239137
EGY,"Egypt, Arab Rep.",2003,"Middle East, North Africa, Afghanistan & Pakistan",Lower middle income,10250.376550149,68.045,77853548
EGY,"Egypt, Arab Rep.",2004,"Middle East, North Africa, Afghanistan & Pakistan",Lower middle income,10451.8217511529,68.211,79477443
EGY,"Egypt, Arab Rep.",2005,"Middle East, North Africa, Afghanistan & Pakistan",Lower middle income,10700.6090372525,68.355,81101004
EGY,"Egypt, Arab Rep.",2006,"Middle East, North Africa, Afghanistan & Pakistan",Lower middle income,11211.8320228671,68.493,82700403
EGY,"Egypt, Arab Rep.",2007,"Middle East, North Africa, Afghanistan & Pakistan",Lower middle income,11782.0060717026,68.627,84276225
EGY,"Egypt, Arab Rep.",2008,"Middle East, North Africa, Afghanistan & Pakistan",Lower middle income,12391.5847624938,68.761,85864789
EGY,"Egypt, Arab Rep.",2009,"Middle East, North Africa, Afghanistan & Pakistan",Lower middle income,12728.0814587564,68.915,87501636
EGY,"Egypt, Arab Rep.",2010,"Middle East, North Africa, Afghanistan & Pakistan",Lower middle income,13128.9878334831,69.078,89196072
EGY,"Egypt, Arab Rep.",2011,"Middle East, North Africa, Afghanistan & Pakistan",Lower middle income,13082.4263680239,69.232,91093059
EGY,"Egypt, Arab Rep.",2012,"Middle East, North Africa, Afghanistan & Pakistan",Lower middle income,13076.8052394876,69.464,93161001
EGY,"Egypt, Arab Rep.",2013,"Middle East, North Africa, Afghanistan & Pakistan",Lower middle income,13058.0748238237,69.632,95333553
EGY,"Egypt, Arab Rep.",2014,"Middle East, North Africa, Afghanistan & Pakistan",Lower middle income,13136.3656298099,69.911,97528654
EGY,"Egypt, Arab Rep.",2015,"Middle East, North Africa, Afghanistan & Pakistan",Lower middle income,13425.9119599492,70.135,99597342
EGY,"Egypt, Arab Rep.",2016,"Middle East, North Africa, Afghanistan & Pakistan",Lower middle income,13727.3201600816,70.437,101644589
EGY,"Egypt, Arab Rep.",2017,"Middle East, North Africa, Afghanistan & Pakistan",Lower middle income,14018.3605934411,70.709,103696057
EGY,"Egypt, Arab Rep.",2018,"Middle East, North Africa, Afghanistan & Pakistan",Lower middle income,14488.2094340261,70.974,105682094
EGY,"Egypt, Arab Rep.",2019,"Middle East, North Africa, Afghanistan & Pakistan",Lower middle income,15026.568243683,71.213,107553158
EGY,"Egypt, Arab Rep.",2020,"Middle East, North Africa, Afghanistan & Pakistan",Lower middle income,15309.2359881835,69.79,109315124
EGY,"Egypt, Arab Rep.",2021,"Middle East, North Africa, Afghanistan & Pakistan",Lower middle income,15579.0160861551,68.976,110957008
EGY,"Egypt, Arab Rep.",2022,"Middle East, North Africa, Afghanistan & Pakistan",Lower middle income,16360.390775011,71.01,112618250
EGY,"Egypt, Arab Rep.",2023,"Middle East, North Africa, Afghanistan & Pakistan",Lower middle income,16691.3873991962,71.633,114535772
SLV,El Salvador,2000,Latin America & Caribbean,Upper middle income,7545.44796218991,67.711,5943366
SLV,El Salvador,2001,Latin America & Caribbean,Upper middle income,7580.32338410159,67.965,5968060
SLV,El Salvador,2002,Latin America & Caribbean,Upper middle income,7675.67106195114,68.526,5986631
SLV,El Salvador,2003,Latin America & Caribbean,Upper middle income,7780.27177685599,68.792,5998599
SLV,El Salvador,2004,Latin America & Caribbean,Upper middle income,7841.53237886842,69.295,6004671
SLV,El Salvador,2005,Latin America & Caribbean,Upper middle income,8050.5345128919,69.336,6005578
SLV,El Salvador,2006,Latin America & Caribbean,Upper middle income,8404.24674903143,69.612,6002319
SLV,El Salvador,2007,Latin America & Caribbean,Upper middle income,8548.83476118605,69.82,6009824
SLV,El Salvador,2008,Latin America & Caribbean,Upper middle income,8704.80584632591,70.138,6029297
SLV,El Salvador,2009,Latin America & Caribbean,Upper middle income,8494.49847423621,70.359,6048279
SLV,El Salvador,2010,Latin America & Caribbean,Upper middle income,8648.92982717672,70.909,6068249
SLV,El Salvador,2011,Latin America & Caribbean,Upper middle income,8945.93132970006,71.192,6090127
SLV,El Salvador,2012,Latin America & Caribbean,Upper middle income,9162.56212613508,71.42,6113975
SLV,El Salvador,2013,Latin America & Caribbean,Upper middle income,9329.46202222861,71.225,6138839
SLV,El Salvador,2014,Latin America & Caribbean,Upper middle income,9451.744607867,71.144,6162955
SLV,El Salvador,2015,Latin America & Caribbean,Upper middle income,9646.15432339854,70.952,6183676
SLV,El Salvador,2016,Latin America & Caribbean,Upper middle income,9863.76121214453,70.908,6200800
SLV,El Salvador,2017,Latin America & Caribbean,Upper middle income,10064.7934942601,71.007,6213533
SLV,El Salvador,2018,Latin America & Caribbean,Upper middle income,10297.203612692,71.384,6219807
SLV,El Salvador,2019,Latin America & Caribbean,Upper middle income,10543.9383291317,71.725,6222318
SLV,El Salvador,2020,Latin America & Caribbean,Upper middle income,9692.44931605799,70.244,6234673
SLV,El Salvador,2021,Latin America & Caribbean,Upper middle income,10809.713399518,69.941,6255782
SLV,El Salvador,2022,Latin America & Caribbean,Upper middle income,11085.6166169553,71.969,6280319
SLV,El Salvador,2023,Latin America & Caribbean,Upper middle income,11404.3342262685,72.099,6309624
GNQ,Equatorial Guinea,2000,Sub-Saharan Africa,Upper middle income,11767.4708814313,53.395,703279
GNQ,Equatorial Guinea,2001,Sub-Saharan Africa,Upper middle income,18031.964975074,53.827,749836
GNQ,Equatorial Guinea,2002,Sub-Saharan Africa,Upper middle income,20242.4309684399,54.324,797957
GNQ,Equatorial Guinea,2003,Sub-Saharan Africa,Upper middle income,21709.5751241959,54.791,847862
GNQ,Equatorial Guinea,2004,Sub-Saharan Africa,Upper middle income,28225.985816122,55.307,899917
GNQ,Equatorial Guinea,2005,Sub-Saharan Africa,Upper middle income,31302.957953874,55.766,947367
GNQ,Equatorial Guinea,2006,Sub-Saharan Africa,Upper middle income,32251.7680082519,56.354,990343
GNQ,Equatorial Guinea,2007,Sub-Saharan Africa,Upper middle income,35540.4477563657,56.857,1036044
GNQ,Equatorial Guinea,2008,Sub-Saharan Africa,Upper middle income,39994.6159790647,57.384,1084530
GNQ,Equatorial Guinea,2009,Sub-Saharan Africa,Upper middle income,38706.6052512135,57.881,1135673
GNQ,Equatorial Guinea,2010,Sub-Saharan Africa,Upper middle income,33668.8740654852,58.344,1189085
GNQ,Equatorial Guinea,2011,Sub-Saharan Africa,Upper middle income,34341.9342607505,58.827,1241835
GNQ,Equatorial Guinea,2012,Sub-Saharan Africa,Upper middle income,35711.4919273537,59.301,1293483
GNQ,Equatorial Guinea,2013,Sub-Saharan Africa,Upper middle income,32894.3693189101,59.784,1346218
GNQ,Equatorial Guinea,2014,Sub-Saharan Africa,Upper middle income,31765.8997056851,60.228,1399828
GNQ,Equatorial Guinea,2015,Sub-Saharan Africa,Upper middle income,27797.7942803179,60.635,1453923
GNQ,Equatorial Guinea,2016,Sub-Saharan Africa,Upper middle income,24435.0645564801,61.081,1508186
GNQ,Equatorial Guinea,2017,Sub-Saharan Africa,Upper middle income,22250.4389230263,61.481,1562396
GNQ,Equatorial Guinea,2018,Sub-Saharan Africa,Upper middle income,20165.4795550607,61.915,1616422
GNQ,Equatorial Guinea,2019,Sub-Saharan Africa,Upper middle income,18446.5916579681,62.297,1670177
GNQ,Equatorial Guinea,2020,Sub-Saharan Africa,Upper middle income,17089.153726379,62.141,1716468
GNQ,Equatorial Guinea,2021,Sub-Saharan Africa,Upper middle income,16821.4486470413,62.447,1758786
GNQ,Equatorial Guinea,2022,Sub-Saharan Africa,Upper middle income,16932.7706827155,63.355,1803545
GNQ,Equatorial Guinea,2023,Sub-Saharan Africa,Upper middle income,15302.1517835147,63.707,1847549
ERI,Eritrea,2000,Sub-Saharan Africa,Low income,,56.285,2247031
ERI,Eritrea,2001,Sub-Saharan Africa,Low income,,58.359,2312079
ERI,Eritrea,2002,Sub-Saharan Africa,Low income,,58.941,2392978
ERI,Eritrea,2003,Sub-Saharan Africa,Low income,,59.455,2493903
ERI,Eritrea,2004,Sub-Saharan Africa,Low income,,60.063,2598284
ERI,Eritrea,2005,Sub-Saharan Africa,Low income,,60.628,2661215
ERI,Eritrea,2006,Sub-Saharan Africa,Low income,,61.457,2703502
ERI,Eritrea,2007,Sub-Saharan Africa,Low income,,61.998,2743222
ERI,Eritrea,2008,Sub-Saharan Africa,Low income,,62.422,2816327
ERI,Eritrea,2009,Sub-Saharan Africa,Low income,,63.203,2887885
ERI,Eritrea,2010,Sub-Saharan Africa,Low income,,63.665,2945186
ERI,Eritrea,2011,Sub-Saharan Africa,Low income,,64.231,2998485
ERI,Eritrea,2012,Sub-Saharan Africa,Low income,,64.697,3036988
ERI,Eritrea,2013,Sub-Saharan Africa,Low income,,65.005,3074360
ERI,Eritrea,2014,Sub-Saharan Africa,Low income,,65.517,3095173
ERI,Eritrea,2015,Sub-Saharan Africa,Low income,,65.909,3105546
ERI,Eritrea,2016,Sub-Saharan Africa,Low income,,66.242,3124698
ERI,Eritrea,2017,Sub-Saharan Africa,Low income,,66.612,3150347
ERI,Eritrea,2018,Sub-Saharan Africa,Low income,,66.979,3192760
ERI,Eritrea,2019,Sub-Saharan Africa,Low income,,67.306,3240194
ERI,Eritrea,2020,Sub-Saharan Africa,Low income,,66.98,3291271
ERI,Eritrea,2021,Sub-Saharan Africa,Low income,,66.94,3350183
ERI,Eritrea,2022,Sub-Saharan Africa,Low income,,67.789,3409447
ERI,Eritrea,2023,Sub-Saharan Africa,Low income,,68.624,3470390
EST,Estonia,2000,Europe & Central Asia,High income,20526.6606380865,70.4170731707317,1396985
EST,Estonia,2001,Europe & Central Asia,High income,21872.6593953112,70.2585365853659,1388115
EST,Estonia,2002,Europe & Central Asia,High income,23537.7156816601,70.9048780487805,1379350
EST,Estonia,2003,Europe & Central Asia,High income,25485.1613028986,71.3170731707317,1370720
EST,Estonia,2004,Europe & Central Asia,High income,27381.5350626694,71.909756097561,1362550
EST,Estonia,2005,Europe & Central Asia,High income,30161.1996133966,72.5682926829268,1354775
EST,Estonia,2006,Europe & Central Asia,High income,33301.4945486206,72.6914634146341,1346810
EST,Estonia,2007,Europe & Central Asia,High income,35986.5161332684,72.8146341463415,1340680
EST,Estonia,2008,Europe & Central Asia,High income,34233.7643806167,73.7707317073171,1337090
EST,Estonia,2009,Europe & Central Asia,High income,29281.6798284656,74.8243902439024,1334515
EST,Estonia,2010,Europe & Central Asia,High income,30067.501040775,75.4292682926829,1331475
EST,Estonia,2011,Europe & Central Asia,High income,32453.1008476709,76.2292682926829,1327439
EST,Estonia,2012,Europe & Central Asia,High income,33765.4302075072,76.3268292682927,1322696
EST,Estonia,2013,Europe & Central Asia,High income,34481.0148921506,77.1414634146341,1317997
EST,Estonia,2014,Europe & Central Asia,High income,35720.3025335234,77.0341463414634,1314545
EST,Estonia,2015,Europe & Central Asia,High income,36353.0580520449,77.590243902439,1315407
EST,Estonia,2016,Europe & Central Asia,High income,37466.5561839318,77.6414634146342,1315790
EST,Estonia,2017,Europe & Central Asia,High income,39529.785973279,78.0926829268293,1317384
EST,Estonia,2018,Europe & Central Asia,High income,40849.8473475564,78.2439024390244,1321977
EST,Estonia,2019,Europe & Central Asia,High income,42215.0343835811,78.6463414634147,1326898
EST,Estonia,2020,Europe & Central Asia,High income,40916.7194113327,78.5951219512195,1329522
EST,Estonia,2021,Europe & Central Asia,High income,44247.4198971873,76.9439024390244,1330932
EST,Estonia,2022,Europe & Central Asia,High income,43124.6196563775,77.8439024390244,1348840
EST,Estonia,2023,Europe & Central Asia,High income,41284.7746875532,78.7926829268293,1370286
SWZ,Eswatini,2000,Sub-Saharan Africa,Lower middle income,6106.07478740465,47.627,1041414
SWZ,Eswatini,2001,Sub-Saharan Africa,Lower middle income,6135.45299954297,46.344,1051064
SWZ,Eswatini,2002,Sub-Saharan Africa,Lower middle income,6335.81351839193,45.38,1059441
SWZ,Eswatini,2003,Sub-Saharan Africa,Lower middle income,6578.30152863605,44.632,1066700
SWZ,Eswatini,2004,Sub-Saharan Africa,Lower middle income,6775.2217412302,43.906,1073159
SWZ,Eswatini,2005,Sub-Saharan Africa,Lower middle income,7142.1921864324,43.958,1079022
SWZ,Eswatini,2006,Sub-Saharan Africa,Lower middle income,7584.72030617794,44.563,1084436
SWZ,Eswatini,2007,Sub-Saharan Africa,Lower middle income,7866.73073455273,45.16,1090705
SWZ,Eswatini,2008,Sub-Saharan Africa,Lower middle income,7926.37961138221,45.853,1098091
SWZ,Eswatini,2009,Sub-Saharan Africa,Lower middle income,7988.59750005303,46.913,1105153
SWZ,Eswatini,2010,Sub-Saharan Africa,Lower middle income,8245.64153332215,48.331,1111650
SWZ,Eswatini,2011,Sub-Saharan Africa,Lower middle income,8350.89190932865,49.057,1117833
SWZ,Eswatini,2012,Sub-Saharan Africa,Lower middle income,8645.84478287802,50.714,1123863
SWZ,Eswatini,2013,Sub-Saharan Africa,Lower middle income,8951.05749805891,52.11,1129990
SWZ,Eswatini,2014,Sub-Saharan Africa,Lower middle income,9084.49405780635,53.491,1136299
SWZ,Eswatini,2015,Sub-Saharan Africa,Lower middle income,9186.65344720515,54.941,1142813
SWZ,Eswatini,2016,Sub-Saharan Africa,Lower middle income,9402.50834103681,56.228,1149507
SWZ,Eswatini,2017,Sub-Saharan Africa,Lower middle income,9660.55161538086,57.574,1158195
SWZ,Eswatini,2018,Sub-Saharan Africa,Lower middle income,9578.10061089805,58.707,1168929
SWZ,Eswatini,2019,Sub-Saharan Africa,Lower middle income,10099.5863118406,59.85,1179874
SWZ,Eswatini,2020,Sub-Saharan Africa,Lower middle income,9695.82498058755,59.862,1192729
SWZ,Eswatini,2021,Sub-Saharan Africa,Lower middle income,9990.43491951205,58.228,1206593
SWZ,Eswatini,2022,Sub-Saharan Africa,Lower middle income,9927.60567008139,63.028,1218917
SWZ,Eswatini,2023,Sub-Saharan Africa,Lower middle income,10181.5040730397,64.123,1230506
ETH,Ethiopia,2000,Sub-Saharan Africa,Low income,810.270749115591,50.88,67411494
ETH,Ethiopia,2001,Sub-Saharan Africa,Low income,851.313428411291,51.428,69487762
ETH,Ethiopia,2002,Sub-Saharan Africa,Low income,838.298046952135,52.085,71635517
ETH,Ethiopia,2003,Sub-Saharan Africa,Low income,795.772138298998,52.877,73832663
ETH,Ethiopia,2004,Sub-Saharan Africa,Low income,877.114494958363,53.735,76077206
ETH,Ethiopia,2005,Sub-Saharan Africa,Low income,952.115666282409,54.364,78367470
ETH,Ethiopia,2006,Sub-Saharan Africa,Low income,1024.72911937532,55.402,80703490
ETH,Ethiopia,2007,Sub-Saharan Africa,Low income,1109.14330259683,56.566,83103217
ETH,Ethiopia,2008,Sub-Saharan Africa,Low income,1193.74728331296,57.733,85543668
ETH,Ethiopia,2009,Sub-Saharan Africa,Low income,1262.46398000981,58.715,88007636
ETH,Ethiopia,2010,Sub-Saharan Africa,Low income,1381.19044650715,59.709,90538514
ETH,Ethiopia,2011,Sub-Saharan Africa,Low income,1492.53396469943,60.595,93149970
ETH,Ethiopia,2012,Sub-Saharan Africa,Low income,1576.76875733933,61.443,95798767
ETH,Ethiopia,2013,Sub-Saharan Africa,Low income,1696.86515588665,62.161,98438751
ETH,Ethiopia,2014,Sub-Saharan Africa,Low income,1821.39161772403,62.927,101115610
ETH,Ethiopia,2015,Sub-Saharan Africa,Low income,1957.41454184551,63.592,103867135
ETH,Ethiopia,2016,Sub-Saharan Africa,Low income,2084.84055616471,64.162,106718162
ETH,Ethiopia,2017,Sub-Saharan Africa,Low income,2222.82824478259,64.766,109666481
ETH,Ethiopia,2018,Sub-Saharan Africa,Low income,2311.16511656359,65.257,112664152
ETH,Ethiopia,2019,Sub-Saharan Africa,Low income,2437.97046047967,65.741,115737383
ETH,Ethiopia,2020,Sub-Saharan Africa,Low income,2516.54907638899,65.969,118917671
ETH,Ethiopia,2021,Sub-Saharan Africa,Low income,2588.41310213778,65.33,122138588
ETH,Ethiopia,2022,Sub-Saharan Africa,Low income,2655.59276743639,66.897,125384287
ETH,Ethiopia,2023,Sub-Saharan Africa,Low income,2757.95923626099,67.315,128691692
FRO,Faroe Islands,2000,Europe & Central Asia,High income,,78.4119073170732,45754
FRO,Faroe Islands,2001,Europe & Central Asia,High income,,78.6017292682927,46635
FRO,Faroe Islands,2002,Europe & Central Asia,High income,,78.7876585365854,47335
FRO,Faroe Islands,2003,Europe & Central Asia,High income,,78.9848073170732,48032
FRO,Faroe Islands,2004,Europe & Central Asia,High income,,79.2049804878049,48384
FRO,Faroe Islands,2005,Europe & Central Asia,High income,,79.4453463414634,48359
FRO,Faroe Islands,2006,Europe & Central Asia,High income,,79.6898609756098,48335
FRO,Faroe Islands,2007,Europe & Central Asia,High income,,79.9238243902439,48378
FRO,Faroe Islands,2008,Europe & Central Asia,High income,54263.326408917,80.1460804878049,48547
FRO,Faroe Islands,2009,Europe & Central Asia,High income,51534.6010087672,80.3695317073171,48790
FRO,Faroe Islands,2010,Europe & Central Asia,High income,51480.252003895,80.604956097561,48656
FRO,Faroe Islands,2011,Europe & Central Asia,High income,53441.4369353384,80.8518097560976,48542
FRO,Faroe Islands,2012,Europe & Central Asia,High income,57524.5150997874,81.1060951219512,48290
FRO,Faroe Islands,2013,Europe & Central Asia,High income,60950.030982757104,81.356643902439,48245
FRO,Faroe Islands,2014,Europe & Central Asia,High income,64019.4156670638,81.5912048780488,48427
FRO,Faroe Islands,2015,Europe & Central Asia,High income,64010.1614022331,81.7995975609756,48898
FRO,Faroe Islands,2016,Europe & Central Asia,High income,64156.3241575516,81.962112195122,49463
FRO,Faroe Islands,2017,Europe & Central Asia,High income,65461.9113301074,82.1062926829268,50179
FRO,Faroe Islands,2018,Europe & Central Asia,High income,66192.0494379671,82.2486024390244,50997
FRO,Faroe Islands,2019,Europe & Central Asia,High income,68136.6617957112,82.3912829268293,51790
FRO,Faroe Islands,2020,Europe & Central Asia,High income,66037.9361506945,82.5341926829268,52561
FRO,Faroe Islands,2021,Europe & Central Asia,High income,68433.2144298182,82.6763219512195,53291
FRO,Faroe Islands,2022,Europe & Central Asia,High income,70268.4497197492,82.8162292682927,53903
FRO,Faroe Islands,2023,Europe & Central Asia,High income,71828.4342781841,82.9521195121951,54398
FJI,Fiji,2000,East Asia & Pacific,Upper middle income,9070.99318456826,66.194,840909
FJI,Fiji,2001,East Asia & Pacific,Upper middle income,9157.80844623624,66.205,849596
FJI,Fiji,2002,East Asia & Pacific,Upper middle income,9357.75382838604,65.492,858049
FJI,Fiji,2003,East Asia & Pacific,Upper middle income,9361.4641667422,65.653,866286
FJI,Fiji,2004,East Asia & Pacific,Upper middle income,9766.52774786586,65.841,874366
FJI,Fiji,2005,East Asia & Pacific,Upper middle income,9745.58143908405,65.983,882379
FJI,Fiji,2006,East Asia & Pacific,Upper middle income,9837.08586688962,66.126,890365
FJI,Fiji,2007,East Asia & Pacific,Upper middle income,9672.29020465987,66.161,897832
FJI,Fiji,2008,East Asia & Pacific,Upper middle income,9711.96604105756,66.32,903399
FJI,Fiji,2009,East Asia & Pacific,Upper middle income,9536.81722352305,66.347,907239
FJI,Fiji,2010,East Asia & Pacific,Upper middle income,9784.30360030575,66.778,910419
FJI,Fiji,2011,East Asia & Pacific,Upper middle income,10020.6957548052,66.88,912989
FJI,Fiji,2012,East Asia & Pacific,Upper middle income,10140.693585539,65.812,914918
FJI,Fiji,2013,East Asia & Pacific,Upper middle income,10604.1559055372,66.545,916352
FJI,Fiji,2014,East Asia & Pacific,Upper middle income,11183.3135250834,66.581,917585
FJI,Fiji,2015,East Asia & Pacific,Upper middle income,11674.0633676202,66.48,918578
FJI,Fiji,2016,East Asia & Pacific,Upper middle income,11951.9196738327,66.657,919166
FJI,Fiji,2017,East Asia & Pacific,Upper middle income,12597.327485488,67.06,918759
FJI,Fiji,2018,East Asia & Pacific,Upper middle income,13100.095939444,66.965,917180
FJI,Fiji,2019,East Asia & Pacific,Upper middle income,13056.3310937089,67.009,914899
FJI,Fiji,2020,East Asia & Pacific,Upper middle income,10812.0355014178,66.924,914963
FJI,Fiji,2021,East Asia & Pacific,Upper middle income,10322.4279638854,64.904,916711
FJI,Fiji,2022,East Asia & Pacific,Upper middle income,12118.3182710082,67.148,919422
FJI,Fiji,2023,East Asia & Pacific,Upper middle income,13194.8047570404,67.316,924145
FIN,Finland,2000,Europe & Central Asia,High income,46968.841714507,77.4658536585366,5176209
FIN,Finland,2001,Europe & Central Asia,High income,48099.3014282794,77.9658536585366,5188008
FIN,Finland,2002,Europe & Central Asia,High income,48792.4864789775,78.119512195122,5200598
FIN,Finland,2003,Europe & Central Asia,High income,49655.5451564067,78.3682926829268,5213014
FIN,Finland,2004,Europe & Central Asia,High income,51494.705860401,78.7146341463415,5228172
FIN,Finland,2005,Europe & Central Asia,High income,52744.048034135,78.8170731707317,5246096
FIN,Finland,2006,Europe & Central Asia,High income,54653.981203281,79.2146341463415,5266268
FIN,Finland,2007,Europe & Central Asia,High income,57313.2916474478,79.2634146341464,5288720
FIN,Finland,2008,Europe & Central Asia,High income,57494.585352886,79.5682926829268,5313399
FIN,Finland,2009,Europe & Central Asia,High income,52599.1487066911,79.719512195122,5338871
FIN,Finland,2010,Europe & Central Asia,High income,54017.9458623339,79.8707317073171,5363352
FIN,Finland,2011,Europe & Central Asia,High income,55053.3906850323,80.4707317073171,5388272
FIN,Finland,2012,Europe & Central Asia,High income,53957.6680986279,80.6268292682927,5413971
FIN,Finland,2013,Europe & Central Asia,High income,53183.4286685126,80.9756097560976,5438972
FIN,Finland,2014,Europe & Central Asia,High income,52710.7334867778,81.1804878048781,5461512
FIN,Finland,2015,Europe & Central Asia,High income,52782.4873926277,81.4804878048781,5479531
FIN,Finland,2016,Europe & Central Asia,High income,53984.6316254715,81.4292682926829,5495303
FIN,Finland,2017,Europe & Central Asia,High income,55637.2262781223,81.6317073170732,5508214
FIN,Finland,2018,Europe & Central Asia,High income,56226.337241343,81.7341463414634,5515525
FIN,Finland,2019,Europe & Central Asia,High income,56922.4873163103,81.9829268292683,5521606
FIN,Finland,2020,Europe & Central Asia,High income,55424.8574989208,81.9317073170732,5529543
FIN,Finland,2021,Europe & Central Asia,High income,56790.3766177692,81.8853658536585,5541017
FIN,Finland,2022,Europe & Central Asia,High income,57068.3056478074,81.1878048780488,5556106
FIN,Finland,2023,Europe & Central Asia,High income,56051.7701129501,81.5853658536585,5583911
FRA,France,2000,Europe & Central Asia,High income,45922.4789363701,79.0560975609756,60918661
FRA,France,2001,Europe & Central Asia,High income,46454.8706927365,79.1585365853659,61364377
FRA,France,2002,Europe & Central Asia,High income,46610.7820717214,79.2609756097561,61812142
FRA,France,2003,Europe & Central Asia,High income,46730.975806379,79.1146341463415,62249855
FRA,France,2004,Europe & Central Asia,High income,47720.4413351103,80.1634146341463,62707588
FRA,France,2005,Europe & Central Asia,High income,48257.4650937971,80.1634146341463,63180854
FRA,France,2006,Europe & Central Asia,High income,49223.247197008,80.8121951219512,63622342
FRA,France,2007,Europe & Central Asia,High income,50157.7837477634,81.1121951219512,64016890
FRA,France,2008,Europe & Central Asia,High income,50068.2969141379,81.2146341463415,64375116
FRA,France,2009,Europe & Central Asia,High income,48404.965782636304,81.4146341463415,64706436
FRA,France,2010,Europe & Central Asia,High income,49130.422942344,81.6634146341463,65026211
FRA,France,2011,Europe & Central Asia,High income,50085.6829779109,82.1146341463415,65340830
FRA,France,2012,Europe & Central Asia,High income,49935.6269081617,81.9682926829268,65657659
FRA,France,2013,Europe & Central Asia,High income,50066.5304324783,82.219512195122,65997932
FRA,France,2014,Europe & Central Asia,High income,50326.567863089,82.719512195122,66312067
FRA,France,2015,Europe & Central Asia,High income,50682.8953586333,82.3219512195122,66548272
FRA,France,2016,Europe & Central Asia,High income,50984.075297832,82.5731707317073,66724104
FRA,France,2017,Europe & Central Asia,High income,51895.5662985838,82.5756097560976,66918020
FRA,France,2018,Europe & Central Asia,High income,52560.9536243841,82.6756097560976,67158348
FRA,France,2019,Europe & Central Asia,High income,53448.5548849943,82.8268292682927,67382061
FRA,France,2020,Europe & Central Asia,High income,49311.333409639,82.1756097560976,67601110
FRA,France,2021,Europe & Central Asia,High income,52517.3354905855,82.3243902439024,67842811
FRA,France,2022,Europe & Central Asia,High income,53673.8137406422,82.1292682926829,68184457
FRA,France,2023,Europe & Central Asia,High income,54296.7230897731,82.8317073170732,68372286
PYF,French Polynesia,2000,East Asia & Pacific,High income,,79,240337
PYF,French Polynesia,2001,East Asia & Pacific,High income,,79.316,244097
PYF,French Polynesia,2002,East Asia & Pacific,High income,,79.544,247775
PYF,French Polynesia,2003,East Asia & Pacific,High income,,79.71,251637
PYF,French Polynesia,2004,East Asia & Pacific,High income,,79.829,255654
PYF,French Polynesia,2005,East Asia & Pacific,High income,,79.951,259507
PYF,French Polynesia,2006,East Asia & Pacific,High income,,80.1,263223
PYF,French Polynesia,2007,East Asia & Pacific,High income,,80.328,266438
PYF,French Polynesia,2008,East Asia & Pacific,High income,,80.587,268379
PYF,French Polynesia,2009,East Asia & Pacific,High income,,80.867,269481
PYF,French Polynesia,2010,East Asia & Pacific,High income,,81.141,270580
PYF,French Polynesia,2011,East Asia & Pacific,High income,,81.434,271727
PYF,French Polynesia,2012,East Asia & Pacific,High income,,81.695,273084
PYF,French Polynesia,2013,East Asia & Pacific,High income,,81.935,274728
PYF,French Polynesia,2014,East Asia & Pacific,High income,,82.151,276387
PYF,French Polynesia,2015,East Asia & Pacific,High income,,82.339,277866
PYF,French Polynesia,2016,East Asia & Pacific,High income,,82.555,279178
PYF,French Polynesia,2017,East Asia & Pacific,High income,,82.774,280087
PYF,French Polynesia,2018,East Asia & Pacific,High income,,82.985,279815
PYF,French Polynesia,2019,East Asia & Pacific,High income,,83.195,279034
PYF,French Polynesia,2020,East Asia & Pacific,High income,,82.459,279209
PYF,French Polynesia,2021,East Asia & Pacific,High income,,79.571,279792
PYF,French Polynesia,2022,East Asia & Pacific,High income,,83.859,280378
PYF,French Polynesia,2023,East Asia & Pacific,High income,,84.07,281118
GAB,Gabon,2000,Sub-Saharan Africa,Upper middle income,21717.2240796789,61.81,1275572
GAB,Gabon,2001,Sub-Saharan Africa,Upper middle income,21604.7804441769,61.982,1309589
GAB,Gabon,2002,Sub-Saharan Africa,Upper middle income,20981.4798584466,62.175,1345135
GAB,Gabon,2003,Sub-Saharan Africa,Upper middle income,20875.4549325844,62.463,1382350
GAB,Gabon,2004,Sub-Saharan Africa,Upper middle income,20438.9307066593,62.694,1421609
GAB,Gabon,2005,Sub-Saharan Africa,Upper middle income,20385.2899909124,62.978,1463495
GAB,Gabon,2006,Sub-Saharan Africa,Upper middle income,19224.1268658387,63.259,1508337
GAB,Gabon,2007,Sub-Saharan Africa,Upper middle income,19751.876221581,63.619,1556237
GAB,Gabon,2008,Sub-Saharan Africa,Upper middle income,18493.0921102783,64.011,1607175
GAB,Gabon,2009,Sub-Saharan Africa,Upper middle income,17911.1458491118,64.361,1661556
GAB,Gabon,2010,Sub-Saharan Africa,Upper middle income,18530.5760935497,64.715,1719879
GAB,Gabon,2011,Sub-Saharan Africa,Upper middle income,19153.0878200945,65.102,1781985
GAB,Gabon,2012,Sub-Saharan Africa,Upper middle income,19450.402706679,65.438,1846889
GAB,Gabon,2013,Sub-Saharan Africa,Upper middle income,19836.455485141,65.751,1913059
GAB,Gabon,2014,Sub-Saharan Africa,Upper middle income,20008.9899778716,66.07,1978399
GAB,Gabon,2015,Sub-Saharan Africa,Upper middle income,20147.7116201795,66.336,2040989
GAB,Gabon,2016,Sub-Saharan Africa,Upper middle income,19988.1755963186,66.583,2100306
GAB,Gabon,2017,Sub-Saharan Africa,Upper middle income,19555.707882916,66.816,2156900
GAB,Gabon,2018,Sub-Saharan Africa,Upper middle income,19225.5982574678,67.043,2212318
GAB,Gabon,2019,Sub-Saharan Africa,Upper middle income,19491.4067631396,67.337,2267706
GAB,Gabon,2020,Sub-Saharan Africa,Upper middle income,18681.4840738546,67.073,2322539
GAB,Gabon,2021,Sub-Saharan Africa,Upper middle income,18523.5798032135,67.072,2376722
GAB,Gabon,2022,Sub-Saharan Africa,Upper middle income,18662.0497970472,67.713,2430747
GAB,Gabon,2023,Sub-Saharan Africa,Upper middle income,18701.4227766323,68.337,2484789
GMB,"Gambia, The",2000,Sub-Saharan Africa,Low income,2658.61770579464,56.899,1455084
GMB,"Gambia, The",2001,Sub-Saharan Africa,Low income,2737.69610805906,57.283,1495011
GMB,"Gambia, The",2002,Sub-Saharan Africa,Low income,2578.557145742,57.736,1535691
GMB,"Gambia, The",2003,Sub-Saharan Africa,Low income,2682.47993310133,58.223,1577611
GMB,"Gambia, The",2004,Sub-Saharan Africa,Low income,2794.19352609118,58.749,1621312
GMB,"Gambia, The",2005,Sub-Saharan Africa,Low income,2653.64239155191,59.11,1667037
GMB,"Gambia, The",2006,Sub-Saharan Africa,Low income,2564.68653970519,59.667,1715275
GMB,"Gambia, The",2007,Sub-Saharan Africa,Low income,2567.15728802982,60.001,1765774
GMB,"Gambia, The",2008,Sub-Saharan Africa,Low income,2649.61119865306,60.473,1817852
GMB,"Gambia, The",2009,Sub-Saharan Africa,Low income,2745.32540574768,60.735,1871422
GMB,"Gambia, The",2010,Sub-Saharan Africa,Low income,2824.21259222517,61.167,1926630
GMB,"Gambia, The",2011,Sub-Saharan Africa,Low income,2519.83983255672,61.561,1983784
GMB,"Gambia, The",2012,Sub-Saharan Africa,Low income,2574.93509664061,61.9,2043094
GMB,"Gambia, The",2013,Sub-Saharan Africa,Low income,2572.44728941685,62.252,2103820
GMB,"Gambia, The",2014,Sub-Saharan Africa,Low income,2465.10971144823,62.576,2164528
GMB,"Gambia, The",2015,Sub-Saharan Africa,Low income,2495.95741601525,62.971,2224529
GMB,"Gambia, The",2016,Sub-Saharan Africa,Low income,2478.46055756999,63.386,2283769
GMB,"Gambia, The",2017,Sub-Saharan Africa,Low income,2533.18683710276,63.708,2342189
GMB,"Gambia, The",2018,Sub-Saharan Africa,Low income,2651.43281455826,64.034,2399632
GMB,"Gambia, The",2019,Sub-Saharan Africa,Low income,2750.82132179634,64.427,2456844
GMB,"Gambia, The",2020,Sub-Saharan Africa,Low income,2702.31919474482,64.418,2515733
GMB,"Gambia, The",2021,Sub-Saharan Africa,Low income,2777.79620978324,63.847,2576010
GMB,"Gambia, The",2022,Sub-Saharan Africa,Low income,2863.18049829859,64.859,2636470
GMB,"Gambia, The",2023,Sub-Saharan Africa,Low income,2963.59873467436,65.86,2697845
GEO,Georgia,2000,Europe & Central Asia,Upper middle income,5706.27236527837,70.091,4077131
GEO,Georgia,2001,Europe & Central Asia,Upper middle income,6074.08643017282,70.371,4014373
GEO,Georgia,2002,Europe & Central Asia,Upper middle income,6464.32539672648,70.438,3978515
GEO,Georgia,2003,Europe & Central Asia,Upper middle income,7227.73705960701,71.377,3951736
GEO,Georgia,2004,Europe & Central Asia,Upper middle income,7693.91525392067,71.011,3927340
GEO,Georgia,2005,Europe & Central Asia,Upper middle income,8485.58670534953,70.689,3902469
GEO,Georgia,2006,Europe & Central Asia,Upper middle income,9337.98906420101,70.983,3880347
GEO,Georgia,2007,Europe & Central Asia,Upper middle income,10567.2747164758,70.985,3860158
GEO,Georgia,2008,Europe & Central Asia,Upper middle income,10856.1031328003,70.949,3848449
GEO,Georgia,2009,Europe & Central Asia,Upper middle income,10553.0896395853,71.058,3814419
GEO,Georgia,2010,Europe & Central Asia,Upper middle income,11294.3685917112,71.732,3786695
GEO,Georgia,2011,Europe & Central Asia,Upper middle income,12288.6828861156,72.485,3756441
GEO,Georgia,2012,Europe & Central Asia,Upper middle income,13193.9596974054,72.672,3728874
GEO,Georgia,2013,Europe & Central Asia,Upper middle income,13913.0018245661,73.025,3717668
GEO,Georgia,2014,Europe & Central Asia,Upper middle income,14475.3135356035,73.105,3719414
GEO,Georgia,2015,Europe & Central Asia,Upper middle income,14936.8434116647,73.241,3725276
GEO,Georgia,2016,Europe & Central Asia,Upper middle income,15442.9564358054,73.136,3727505
GEO,Georgia,2017,Europe & Central Asia,Upper middle income,16237.6242230275,73.435,3728004
GEO,Georgia,2018,Europe & Central Asia,Upper middle income,17228.6790847503,73.985,3726549
GEO,Georgia,2019,Europe & Central Asia,Upper middle income,18186.8816465807,74.165,3720161
GEO,Georgia,2020,Europe & Central Asia,Upper middle income,17031.144028342602,73.509,3722716
GEO,Georgia,2021,Europe & Central Asia,Upper middle income,18915.6534005263,71.635,3708610
GEO,Georgia,2022,Europe & Central Asia,Upper middle income,20966.5280391134,74.141,3712502
GEO,Georgia,2023,Europe & Central Asia,Upper middle income,22590.5293649146,74.496,3715483
DEU,Germany,2000,Europe & Central Asia,High income,49955.6461286496,77.9268292682927,82211508
DEU,Germany,2001,Europe & Central Asia,High income,50687.6500447924,78.3292682926829,82349925
DEU,Germany,2002,Europe & Central Asia,High income,50486.998248551,78.2292682926829,82488495
DEU,Germany,2003,Europe & Central Asia,High income,50191.7219389611,78.3804878048781,82534176
DEU,Germany,2004,Europe & Central Asia,High income,50786.0176463275,78.6804878048781,82516260
DEU,Germany,2005,Europe & Central Asia,High income,51264.8193748941,78.9317073170732,82469422
DEU,Germany,2006,Europe & Central Asia,High income,53307.1623767517,79.1317073170732,82376451
DEU,Germany,2007,Europe & Central Asia,High income,54920.6589299724,79.5341463414634,82266372
DEU,Germany,2008,Europe & Central Asia,High income,55513.7558858315,79.7365853658537,82110097
DEU,Germany,2009,Europe & Central Asia,High income,52568.797424995,79.8365853658537,81902307
DEU,Germany,2010,Europe & Central Asia,High income,54826.255453315,79.9878048780488,81776930
DEU,Germany,2011,Europe & Central Asia,High income,57950.9589729677,80.4365853658537,80274983
DEU,Germany,2012,Europe & Central Asia,High income,58110.3768512245,80.5390243902439,80425823
DEU,Germany,2013,Europe & Central Asia,High income,58182.0766176953,80.490243902439,80645605
DEU,Germany,2014,Europe & Central Asia,High income,59203.2340879963,81.090243902439,80982500
DEU,Germany,2015,Europe & Central Asia,High income,59668.9890355282,80.6414634146341,81686611
DEU,Germany,2016,Europe & Central Asia,High income,60504.5857417161,80.990243902439,82348669
DEU,Germany,2017,Europe & Central Asia,High income,61965.4342904965,80.9926829268293,82657002
DEU,Germany,2018,Europe & Central Asia,High income,62481.1183971045,80.8926829268293,82905782
DEU,Germany,2019,Europe & Central Asia,High income,62949.8932511855,81.2926829268293,83092962
DEU,Germany,2020,Europe & Central Asia,High income,60299.5767710809,81.0414634146342,83160871
DEU,Germany,2021,Europe & Central Asia,High income,62630.7748127737,80.790243902439,83196078
DEU,Germany,2022,Europe & Central Asia,High income,63777.9291029299,80.6080487804878,83177813
DEU,Germany,2023,Europe & Central Asia,High income,63140.1949099669,81.0414634146342,83287273
GHA,Ghana,2000,Sub-Saharan Africa,Lower middle income,3327.35199291767,58.139,19637087
GHA,Ghana,2001,Sub-Saharan Africa,Lower middle income,3369.50702508212,58.403,20167069
GHA,Ghana,2002,Sub-Saharan Africa,Lower middle income,3425.61820934278,58.709,20729388
GHA,Ghana,2003,Sub-Saharan Africa,Lower middle income,3507.75105744843,59.014,21296705
GHA,Ghana,2004,Sub-Saharan Africa,Lower middle income,3607.36522285021,59.316,21868298
GHA,Ghana,2005,Sub-Saharan Africa,Lower middle income,3721.30785741996,59.638,22449438
GHA,Ghana,2006,Sub-Saharan Africa,Lower middle income,3857.86154847605,59.975,23040702
GHA,Ghana,2007,Sub-Saharan Africa,Lower middle income,3923.12567803728,60.282,23642279
GHA,Ghana,2008,Sub-Saharan Africa,Lower middle income,4174.78124103364,60.578,24249946
GHA,Ghana,2009,Sub-Saharan Africa,Lower middle income,4269.16005861557,60.928,24862664
GHA,Ghana,2010,Sub-Saharan Africa,Lower middle income,4495.68916584106,61.297,25474995
GHA,Ghana,2011,Sub-Saharan Africa,Lower middle income,5005.36732498187,61.617,26095088
GHA,Ghana,2012,Sub-Saharan Africa,Lower middle income,5339.71321903045,61.995,26734268
GHA,Ghana,2013,Sub-Saharan Africa,Lower middle income,5593.77481886917,62.397,27386193
GHA,Ghana,2014,Sub-Saharan Africa,Lower middle income,5619.07233511591,62.832,28041592
GHA,Ghana,2015,Sub-Saharan Africa,Lower middle income,5607.36635657413,63.175,28696068
GHA,Ghana,2016,Sub-Saharan Africa,Lower middle income,5666.07795334591,63.522,29356742
GHA,Ghana,2017,Sub-Saharan Africa,Lower middle income,5993.63085211077,63.829,30008354
GHA,Ghana,2018,Sub-Saharan Africa,Lower middle income,6234.51208201488,64.138,30637585
GHA,Ghana,2019,Sub-Saharan Africa,Lower middle income,6508.24652305901,64.455,31258945
GHA,Ghana,2020,Sub-Saharan Africa,Lower middle income,6412.68541762469,64.309,31887809
GHA,Ghana,2021,Sub-Saharan Africa,Lower middle income,6607.50297378321,64.286,32518665
GHA,Ghana,2022,Sub-Saharan Africa,Lower middle income,6728.45413832472,65.246,33149152
GHA,Ghana,2023,Sub-Saharan Africa,Lower middle income,6808.53775003964,65.498,33787914
GIB,Gibraltar,2000,Europe & Central Asia,High income,,80.145,27709
GIB,Gibraltar,2001,Europe & Central Asia,High income,,80.419,27657
GIB,Gibraltar,2002,Europe & Central Asia,High income,,80.59,27831
GIB,Gibraltar,2003,Europe & Central Asia,High income,,80.713,28274
GIB,Gibraltar,2004,Europe & Central Asia,High income,,80.856,28715
GIB,Gibraltar,2005,Europe & Central Asia,High income,,80.991,29163
GIB,Gibraltar,2006,Europe & Central Asia,High income,,81.103,29594
GIB,Gibraltar,2007,Europe & Central Asia,High income,,81.269,30006
GIB,Gibraltar,2008,Europe & Central Asia,High income,,81.541,30413
GIB,Gibraltar,2009,Europe & Central Asia,High income,,81.807,30823
GIB,Gibraltar,2010,Europe & Central Asia,High income,,82.08,31248
GIB,Gibraltar,2011,Europe & Central Asia,High income,,82.333,31660
GIB,Gibraltar,2012,Europe & Central Asia,High income,,82.527,32029
GIB,Gibraltar,2013,Europe & Central Asia,High income,,82.586,32407
GIB,Gibraltar,2014,Europe & Central Asia,High income,,82.644,32813
GIB,Gibraltar,2015,Europe & Central Asia,High income,,82.668,33193
GIB,Gibraltar,2016,Europe & Central Asia,High income,,82.741,33658
GIB,Gibraltar,2017,Europe & Central Asia,High income,,82.858,34245
GIB,Gibraltar,2018,Europe & Central Asia,High income,,83.028,34854
GIB,Gibraltar,2019,Europe & Central Asia,High income,,83.183,35494
GIB,Gibraltar,2020,Europe & Central Asia,High income,,83.07,36173
GIB,Gibraltar,2021,Europe & Central Asia,High income,,80.274,36858
GIB,Gibraltar,2022,Europe & Central Asia,High income,,83.517,37609
GIB,Gibraltar,2023,Europe & Central Asia,High income,,83.553,38471
GRC,Greece,2000,Europe & Central Asia,High income,31386.639783624,77.8878048780488,10805808
GRC,Greece,2001,Europe & Central Asia,High income,32675.9292327768,78.3878048780488,10862132
GRC,Greece,2002,Europe & Central Asia,High income,34081.0289759343,78.6414634146341,10902022
GRC,Greece,2003,Europe & Central Asia,High income,35970.7016808475,78.8414634146341,10928070
GRC,Greece,2004,Europe & Central Asia,High income,37811.4913664483,79.0390243902439,10955141
GRC,Greece,2005,Europe & Central Asia,High income,38146.962971083,79.2390243902439,10987314
GRC,Greece,2006,Europe & Central Asia,High income,40483.1569225337,79.4390243902439,11020362
GRC,Greece,2007,Europe & Central Asia,High income,41796.2336918303,79.4390243902439,11048473
GRC,Greece,2008,Europe & Central Asia,High income,41709.3877420312,79.9390243902439,11077841
GRC,Greece,2009,Europe & Central Asia,High income,39886.2135496664,80.1878048780488,11107017
GRC,Greece,2010,Europe & Central Asia,High income,37566.7483686263,80.3878048780488,11121341
GRC,Greece,2011,Europe & Central Asia,High income,33906.4917435676,80.7317073170732,11104899
GRC,Greece,2012,Europe & Central Asia,High income,31250.2268565956,80.6341463414634,11045011
GRC,Greece,2013,Europe & Central Asia,High income,30762.4432227813,81.2853658536585,10965211
GRC,Greece,2014,Europe & Central Asia,High income,31213.3765120298,81.3853658536585,10892413
GRC,Greece,2015,Europe & Central Asia,High income,31347.976574604,81.0365853658537,10820883
GRC,Greece,2016,Europe & Central Asia,High income,31468.6198471099,81.3878048780488,10775971
GRC,Greece,2017,Europe & Central Asia,High income,31995.4108838386,81.2878048780488,10754679
GRC,Greece,2018,Europe & Central Asia,High income,32722.3310444029,81.7878048780488,10732882
GRC,Greece,2019,Europe & Central Asia,High income,33502.7506488997,81.6390243902439,10721582
GRC,Greece,2020,Europe & Central Asia,High income,30487.1129331045,81.2878048780488,10698599
GRC,Greece,2021,Europe & Central Asia,High income,33528.2271202515,80.0829268292683,10570130
GRC,Greece,2022,Europe & Central Asia,High income,35828.1756641776,80.7878048780488,10437805
GRC,Greece,2023,Europe & Central Asia,High income,36700.5134631055,81.7365853658537,10407351
GRL,Greenland,2000,Europe & Central Asia,High income,44991.6751496134,64.803414634146307,56185
GRL,Greenland,2001,Europe & Central Asia,High income,45405.8543742044,65.0058536585366,56379
GRL,Greenland,2002,Europe & Central Asia,High income,44793.2704252565,65.419512195122,56595
GRL,Greenland,2003,Europe & Central Asia,High income,46649.0480779756,66.1229268292683,56751
GRL,Greenland,2004,Europe & Central Asia,High income,49742.0582266726,66.8080487804878,56898
GRL,Greenland,2005,Europe & Central Asia,High income,52189.001485462,67.3051219512195,56935
GRL,Greenland,2006,Europe & Central Asia,High income,55243.7102798786,67.8180487804878,56775
GRL,Greenland,2007,Europe & Central Asia,High income,56763.2387284359,68.2739024390244,56555
GRL,Greenland,2008,Europe & Central Asia,High income,60506.1946272328,68.5660975609756,56328
GRL,Greenland,2009,Europe & Central Asia,High income,61035.5672997071,69.0321951219512,56323
GRL,Greenland,2010,Europe & Central Asia,High income,61863.2826915137,69.349756097561,56534
GRL,Greenland,2011,Europe & Central Asia,High income,61170.9203658321,69.6146341463415,56890
GRL,Greenland,2012,Europe & Central Asia,High income,62111.1033086807,69.959512195122,56810
GRL,Greenland,2013,Europe & Central Asia,High income,61659.6415225985,70.2917073170732,56483
GRL,Greenland,2014,Europe & Central Asia,High income,64799.3056628017,70.5082926829268,56295
GRL,Greenland,2015,Europe & Central Asia,High income,63364.0536061164,70.909756097561,56114
GRL,Greenland,2016,Europe & Central Asia,High income,66245.7294730698,71.1990243902439,56186
GRL,Greenland,2017,Europe & Central Asia,High income,66297.1790691281,71.2563414634146,56172
GRL,Greenland,2018,Europe & Central Asia,High income,66887.6779268926,71.3609756097561,56023
GRL,Greenland,2019,Europe & Central Asia,High income,68534.9419039133,71.4092682926829,56225
GRL,Greenland,2020,Europe & Central Asia,High income,68533.7339902964,71.2858536585366,56367
GRL,Greenland,2021,Europe & Central Asia,High income,69302.0088788237,71.2614634146342,56653
GRL,Greenland,2022,Europe & Central Asia,High income,70681.2253902158,71.230243902439,56661
GRL,Greenland,2023,Europe & Central Asia,High income,71037.5372239623,70.9724390243902,56865
GRD,Grenada,2000,Latin America & Caribbean,Upper middle income,11625.050939182,72.955,107451
GRD,Grenada,2001,Latin America & Caribbean,Upper middle income,11333.2377092409,73.034,107987
GRD,Grenada,2002,Latin America & Caribbean,Upper middle income,11677.7034172407,73.142,108404
GRD,Grenada,2003,Latin America & Caribbean,Upper middle income,12726.5266219464,73.291,108884
GRD,Grenada,2004,Latin America & Caribbean,Upper middle income,12593.3546257337,72.447,109323
GRD,Grenada,2005,Latin America & Caribbean,Upper middle income,14211.8426569264,73.7,109734
GRD,Grenada,2006,Latin America & Caribbean,Upper middle income,13594.355159621,73.93,110135
GRD,Grenada,2007,Latin America & Caribbean,Upper middle income,14376.2824512778,74.159,110522
GRD,Grenada,2008,Latin America & Caribbean,Upper middle income,14463.560012123,74.374,110896
GRD,Grenada,2009,Latin America & Caribbean,Upper middle income,13463.580293958,74.567,111254
GRD,Grenada,2010,Latin America & Caribbean,Upper middle income,13354.9085012616,74.731,111586
GRD,Grenada,2011,Latin America & Caribbean,Upper middle income,13397.8500405513,74.861,112079
GRD,Grenada,2012,Latin America & Caribbean,Upper middle income,13161.3955324377,74.961,112775
GRD,Grenada,2013,Latin America & Caribbean,Upper middle income,13386.3189064112,75.022,113487
GRD,Grenada,2014,Latin America & Caribbean,Upper middle income,14287.9538720088,75.045,114132
GRD,Grenada,2015,Latin America & Caribbean,Upper middle income,15136.6966673773,75.037,114676
GRD,Grenada,2016,Latin America & Caribbean,Upper middle income,15640.8274503805,75.01,115130
GRD,Grenada,2017,Latin America & Caribbean,Upper middle income,16291.4894625979,74.977,115438
GRD,Grenada,2018,Latin America & Caribbean,Upper middle income,16964.852001696,74.957,115691
GRD,Grenada,2019,Latin America & Caribbean,Upper middle income,17036.9151689715,74.971,115981
GRD,Grenada,2020,Latin America & Caribbean,Upper middle income,14647.7451384876,75.019,116341
GRD,Grenada,2021,Latin America & Caribbean,Upper middle income,15290.250903138,74.522,116688
GRD,Grenada,2022,Latin America & Caribbean,Upper middle income,16376.4273099594,75.151,116913
GRD,Grenada,2023,Latin America & Caribbean,Upper middle income,17093.1562867447,75.205,117081
GUM,Guam,2000,East Asia & Pacific,High income,,74.894,160065
GUM,Guam,2001,East Asia & Pacific,High income,,75.195,161329
GUM,Guam,2002,East Asia & Pacific,High income,,75.506,162315
GUM,Guam,2003,East Asia & Pacific,High income,,75.885,163137
GUM,Guam,2004,East Asia & Pacific,High income,,76.114,163810
GUM,Guam,2005,East Asia & Pacific,High income,,76.427,164365
GUM,Guam,2006,East Asia & Pacific,High income,,76.477,164839
GUM,Guam,2007,East Asia & Pacific,High income,,76.397,165267
GUM,Guam,2008,East Asia & Pacific,High income,,76.233,165693
GUM,Guam,2009,East Asia & Pacific,High income,,76.141,166173
GUM,Guam,2010,East Asia & Pacific,High income,,76.095,166522
GUM,Guam,2011,East Asia & Pacific,High income,,76.153,166543
GUM,Guam,2012,East Asia & Pacific,High income,,76.237,166331
GUM,Guam,2013,East Asia & Pacific,High income,,76.361,165966
GUM,Guam,2014,East Asia & Pacific,High income,,76.423,165486
GUM,Guam,2015,East Asia & Pacific,High income,,76.444,164905
GUM,Guam,2016,East Asia & Pacific,High income,,76.449,164233
GUM,Guam,2017,East Asia & Pacific,High income,,76.463,163490
GUM,Guam,2018,East Asia & Pacific,High income,,76.561,162679
GUM,Guam,2019,East Asia & Pacific,High income,,76.645,161808
GUM,Guam,2020,East Asia & Pacific,High income,,75.529,162158
GUM,Guam,2021,East Asia & Pacific,High income,,75.434,163730
GUM,Guam,2022,East Asia & Pacific,High income,,77.102,165180
GUM,Guam,2023,East Asia & Pacific,High income,,77.209,166506
GTM,Guatemala,2000,Latin America & Caribbean,Upper middle income,8770.40815272307,67.102,11697592
GTM,Guatemala,2001,Latin America & Caribbean,Upper middle income,8771.15927218783,67.436,11969422
GTM,Guatemala,2002,Latin America & Caribbean,Upper middle income,8901.54046462168,67.835,12246915
GTM,Guatemala,2003,Latin America & Caribbean,Upper middle income,8926.15771786373,68.204,12525842
GTM,Guatemala,2004,Latin America & Caribbean,Upper middle income,9003.86136388797,68.245,12807402
GTM,Guatemala,2005,Latin America & Caribbean,Upper middle income,9099.7275067528,68.167,13087629
GTM,Guatemala,2006,Latin America & Caribbean,Upper middle income,9386.00549814138,68.79,13367459
GTM,Guatemala,2007,Latin America & Caribbean,Upper middle income,9772.80992048501,69.299,13652040
GTM,Guatemala,2008,Latin America & Caribbean,Upper middle income,9889.57668418909,69.493,13935174
GTM,Guatemala,2009,Latin America & Caribbean,Upper middle income,9740.71387674159,69.676,14215611
GTM,Guatemala,2010,Latin America & Caribbean,Upper middle income,9825.022234198,69.885,14500112
GTM,Guatemala,2011,Latin America & Caribbean,Upper middle income,10032.0932829709,70.321,14792126
GTM,Guatemala,2012,Latin America & Caribbean,Upper middle income,10126.8330566224,70.722,15089647
GTM,Guatemala,2013,Latin America & Caribbean,Upper middle income,10297.8392994827,70.878,15387337
GTM,Guatemala,2014,Latin America & Caribbean,Upper middle income,10553.563988977,70.942,15681725
GTM,Guatemala,2015,Latin America & Caribbean,Upper middle income,10785.9583125957,70.915,15971743
GTM,Guatemala,2016,Latin America & Caribbean,Upper middle income,10872.5938902469,71.215,16268760
GTM,Guatemala,2017,Latin America & Caribbean,Upper middle income,11005.4592851719,71.583,16567357
GTM,Guatemala,2018,Latin America & Caribbean,Upper middle income,11192.3719192725,71.496,16845685
GTM,Guatemala,2019,Latin America & Caribbean,Upper middle income,11466.3764932197,71.639,17103803
GTM,Guatemala,2020,Latin America & Caribbean,Upper middle income,11097.1503902986,69.971,17357325
GTM,Guatemala,2021,Latin America & Caribbean,Upper middle income,11825.141273764,67.858,17598650
GTM,Guatemala,2022,Latin America & Caribbean,Upper middle income,12144.4800461597,71.206,17847877
GTM,Guatemala,2023,Latin America & Caribbean,Upper middle income,12380.3715121996,72.602,18124838
GIN,Guinea,2000,Sub-Saharan Africa,Lower middle income,2358.28765608495,52.42,8428832
GIN,Guinea,2001,Sub-Saharan Africa,Lower middle income,2412.75161959628,52.669,8539960
GIN,Guinea,2002,Sub-Saharan Africa,Lower middle income,2498.13177495102,53.2,8674066
GIN,Guinea,2003,Sub-Saharan Africa,Lower middle income,2473.23418295471,53.589,8870781
GIN,Guinea,2004,Sub-Saharan Africa,Lower middle income,2477.50282602363,53.975,9062726
GIN,Guinea,2005,Sub-Saharan Africa,Lower middle income,2501.22160456279,54.422,9245844
GIN,Guinea,2006,Sub-Saharan Africa,Lower middle income,2478.61319510726,54.875,9441171
GIN,Guinea,2007,Sub-Saharan Africa,Lower middle income,2587.0048887648,55.233,9662281
GIN,Guinea,2008,Sub-Saharan Africa,Lower middle income,2629.5397474637,55.703,9898870
GIN,Guinea,2009,Sub-Saharan Africa,Lower middle income,2537.30645758746,56.052,10143534
GIN,Guinea,2010,Sub-Saharan Africa,Lower middle income,2594.83050344245,56.431,10396086
GIN,Guinea,2011,Sub-Saharan Africa,Lower middle income,2673.40873029955,56.778,10656810
GIN,Guinea,2012,Sub-Saharan Africa,Lower middle income,2762.90350938513,57.117,10921581
GIN,Guinea,2013,Sub-Saharan Africa,Lower middle income,2802.56007024474,57.459,11191873
GIN,Guinea,2014,Sub-Saharan Africa,Lower middle income,2834.96634347846,57.581,11472924
GIN,Guinea,2015,Sub-Saharan Africa,Lower middle income,2869.85157178732,57.899,11767070
GIN,Guinea,2016,Sub-Saharan Africa,Lower middle income,3099.78874189372,58.49,12073030
GIN,Guinea,2017,Sub-Saharan Africa,Lower middle income,3332.76576150531,58.715,12385659
GIN,Guinea,2018,Sub-Saharan Africa,Lower middle income,3455.64512638662,59.043,12704774
GIN,Guinea,2019,Sub-Saharan Africa,Lower middle income,3557.46233883145,59.379,13034346
GIN,Guinea,2020,Sub-Saharan Africa,Lower middle income,3630.99330577677,59.35,13371183
GIN,Guinea,2021,Sub-Saharan Africa,Lower middle income,3738.8051255133,59.373,13710513
GIN,Guinea,2022,Sub-Saharan Africa,Lower middle income,3792.01068836277,60.432,14055137
GIN,Guinea,2023,Sub-Saharan Africa,Lower middle income,3904.82395527998,60.74,14405468
GNB,Guinea-Bissau,2000,Sub-Saharan Africa,Low income,1974.74466342453,50.565,1234741
GNB,Guinea-Bissau,2001,Sub-Saharan Africa,Low income,2025.72675469878,51.054,1261273
GNB,Guinea-Bissau,2002,Sub-Saharan Africa,Low income,2054.08977413547,51.608,1289307
GNB,Guinea-Bissau,2003,Sub-Saharan Africa,Low income,2002.40206880451,52.186,1318806
GNB,Guinea-Bissau,2004,Sub-Saharan Africa,Low income,1979.69782670273,52.8,1349563
GNB,Guinea-Bissau,2005,Sub-Saharan Africa,Low income,2060.66663299612,52.949,1381585
GNB,Guinea-Bissau,2006,Sub-Saharan Africa,Low income,2065.2122797791,54.089,1415303
GNB,Guinea-Bissau,2007,Sub-Saharan Africa,Low income,2065.98983875944,54.87,1450986
GNB,Guinea-Bissau,2008,Sub-Saharan Africa,Low income,2105.67394178792,55.3,1488054
GNB,Guinea-Bissau,2009,Sub-Saharan Africa,Low income,2103.05813454823,56.297,1526377
GNB,Guinea-Bissau,2010,Sub-Saharan Africa,Low income,2164.26823755351,56.999,1566347
GNB,Guinea-Bissau,2011,Sub-Saharan Africa,Low income,2278.54751544448,57.663,1608076
GNB,Guinea-Bissau,2012,Sub-Saharan Africa,Low income,2180.74338832775,58.27,1651417
GNB,Guinea-Bissau,2013,Sub-Saharan Africa,Low income,2192.5927863603,58.879,1695973
GNB,Guinea-Bissau,2014,Sub-Saharan Africa,Low income,2156.33643676255,59.476,1741122
GNB,Guinea-Bissau,2015,Sub-Saharan Africa,Low income,2230.52993109779,60.071,1786457
GNB,Guinea-Bissau,2016,Sub-Saharan Africa,Low income,2293.37861360238,60.619,1831893
GNB,Guinea-Bissau,2017,Sub-Saharan Africa,Low income,2342.56110535416,61.148,1877072
GNB,Guinea-Bissau,2018,Sub-Saharan Africa,Low income,2373.64935653455,61.652,1922168
GNB,Guinea-Bissau,2019,Sub-Saharan Africa,Low income,2442.25868377476,62.161,1967696
GNB,Guinea-Bissau,2020,Sub-Saharan Africa,Low income,2456.01139053324,61.343,2013255
GNB,Guinea-Bissau,2021,Sub-Saharan Africa,Low income,2522.12869240841,61.653,2058841
GNB,Guinea-Bissau,2022,Sub-Saharan Africa,Low income,2600.802474483,63.605,2105529
GNB,Guinea-Bissau,2023,Sub-Saharan Africa,Low income,2660.81444655656,64.085,2153339
GUY,Guyana,2000,Latin America & Caribbean,High income,8025.29326490962,64.075,764832
GUY,Guyana,2001,Latin America & Caribbean,High income,8212.04321760917,64.38,764477
GUY,Guyana,2002,Latin America & Caribbean,High income,8314.0272750321,64.183,763652
GUY,Guyana,2003,Latin America & Caribbean,High income,8267.42910545363,64.117,763101
GUY,Guyana,2004,Latin America & Caribbean,High income,8404.2001629708,64.214,762418
GUY,Guyana,2005,Latin America & Caribbean,High income,8256.52519071138,64.392,760914
GUY,Guyana,2006,Latin America & Caribbean,High income,8702.33133494001,64.848,758966
GUY,Guyana,2007,Latin America & Caribbean,High income,9354.08017716534,65.462,756861
GUY,Guyana,2008,Latin America & Caribbean,High income,9546.70875949436,65.721,754606
GUY,Guyana,2009,Latin America & Caribbean,High income,9924.52660770631,66.03,752094
GUY,Guyana,2010,Latin America & Caribbean,High income,10374.3947557656,66.204,749256
GUY,Guyana,2011,Latin America & Caribbean,High income,10958.8598838438,66.469,746153
GUY,Guyana,2012,Latin America & Caribbean,High income,11534.9985588659,66.443,746288
GUY,Guyana,2013,Latin America & Caribbean,High income,11896.9069854942,66.71,750021
GUY,Guyana,2014,Latin America & Caribbean,High income,12030.0529344045,67.334,754229
GUY,Guyana,2015,Latin America & Caribbean,High income,12040.08253302,67.719,758781
GUY,Guyana,2016,Latin America & Caribbean,High income,12420.4724727603,68.069,763548
GUY,Guyana,2017,Latin America & Caribbean,High income,12801.6408529346,68.543,768479
GUY,Guyana,2018,Latin America & Caribbean,High income,12980.3576003177,68.829,791556
GUY,Guyana,2019,Latin America & Caribbean,High income,13402.4219472757,69.067,807665
GUY,Guyana,2020,Latin America & Caribbean,High income,19234.1301977637,67.751,807481
GUY,Guyana,2021,Latin America & Caribbean,High income,22865.9270968882,64.323,815482
GUY,Guyana,2022,Latin America & Caribbean,High income,37068.1993827588,69.888,821637
GUY,Guyana,2023,Latin America & Caribbean,High income,49312.3603225444,70.18,826353
HTI,Haiti,2000,Latin America & Caribbean,Lower middle income,3237.53077898724,58.175,8303151
HTI,Haiti,2001,Latin America & Caribbean,Lower middle income,3168.14454014466,58.591,8455918
HTI,Haiti,2002,Latin America & Caribbean,Lower middle income,3145.03689680869,59.041,8607641
HTI,Haiti,2003,Latin America & Caribbean,Lower middle income,3197.9365263707,59.44,8759912
HTI,Haiti,2004,Latin America & Caribbean,Lower middle income,3102.54173985545,58.517,8910263
HTI,Haiti,2005,Latin America & Caribbean,Lower middle income,3144.56353969437,60.318,9061273
HTI,Haiti,2006,Latin America & Caribbean,Lower middle income,3146.2634386786,60.74,9216562
HTI,Haiti,2007,Latin America & Caribbean,Lower middle income,3239.25745989841,61.09,9373296
HTI,Haiti,2008,Latin America & Caribbean,Lower middle income,3270.41272369326,61.28,9530774
HTI,Haiti,2009,Latin America & Caribbean,Lower middle income,3406.29486715549,61.694,9689581
HTI,Haiti,2010,Latin America & Caribbean,Lower middle income,3176.50949040109,45.577,9803294
HTI,Haiti,2011,Latin America & Caribbean,Lower middle income,3300.87444105175,61.581,9914904
HTI,Haiti,2012,Latin America & Caribbean,Lower middle income,3266.43832519352,62.273,10069771
HTI,Haiti,2013,Latin America & Caribbean,Lower middle income,3356.8373216264,62.624,10222362
HTI,Haiti,2014,Latin America & Caribbean,Lower middle income,3403.57496642947,62.969,10373235
HTI,Haiti,2015,Latin America & Caribbean,Lower middle income,3402.0283988016,63.224,10523242
HTI,Haiti,2016,Latin America & Caribbean,Lower middle income,3415.58218112308,63.325,10671457
HTI,Haiti,2017,Latin America & Caribbean,Lower middle income,3453.97142164659,63.832,10817754
HTI,Haiti,2018,Latin America & Caribbean,Lower middle income,3465.25480573601,64.077,10962362
HTI,Haiti,2019,Latin America & Caribbean,Lower middle income,3361.75328894114,64.328,11105163
HTI,Haiti,2020,Latin America & Caribbean,Lower middle income,3210.53609854862,63.773,11243848
HTI,Haiti,2021,Latin America & Caribbean,Lower middle income,3116.56505397604,62.613,11374586
HTI,Haiti,2022,Latin America & Caribbean,Lower middle income,3029.77866381702,63.948,11503606
HTI,Haiti,2023,Latin America & Caribbean,Lower middle income,2939.1237948199,64.936,11637398
HND,Honduras,2000,Latin America & Caribbean,Lower middle income,4579.68960840984,68.302,6577773
HND,Honduras,2001,Latin America & Caribbean,Lower middle income,4578.94787944773,68.491,6757993
HND,Honduras,2002,Latin America & Caribbean,Lower middle income,4627.02278723456,68.714,6938859
HND,Honduras,2003,Latin America & Caribbean,Lower middle income,4714.86701000971,68.874,7119213
HND,Honduras,2004,Latin America & Caribbean,Lower middle income,4885.34258343422,69.05,7298994
HND,Honduras,2005,Latin America & Caribbean,Lower middle income,5056.67544412551,69.198,7478355
HND,Honduras,2006,Latin America & Caribbean,Lower middle income,5263.15029099578,69.364,7656832
HND,Honduras,2007,Latin America & Caribbean,Lower middle income,5461.90151889031,69.539,7834798
HND,Honduras,2008,Latin America & Caribbean,Lower middle income,5566.70639487722,69.657,8012587
HND,Honduras,2009,Latin America & Caribbean,Lower middle income,5313.75573967791,69.823,8189899
HND,Honduras,2010,Latin America & Caribbean,Lower middle income,5396.07227927744,69.77,8365878
HND,Honduras,2011,Latin America & Caribbean,Lower middle income,5488.43371596332,70.116,8540583
HND,Honduras,2012,Latin America & Caribbean,Lower middle income,5600.6077605497,70.46,8715076
HND,Honduras,2013,Latin America & Caribbean,Lower middle income,5644.13384802045,70.765,8889278
HND,Honduras,2014,Latin America & Caribbean,Lower middle income,5705.16246265484,71.032,9063122
HND,Honduras,2015,Latin America & Caribbean,Lower middle income,5812.5348879105,71.323,9237305
HND,Honduras,2016,Latin America & Caribbean,Lower middle income,5926.49025534228,71.615,9412380
HND,Honduras,2017,Latin America & Caribbean,Lower middle income,6099.60734919414,71.805,9588137
HND,Honduras,2018,Latin America & Caribbean,Lower middle income,6219.27973775059,72.001,9765210
HND,Honduras,2019,Latin America & Caribbean,Lower middle income,6264.01884276715,72.124,9943633
HND,Honduras,2020,Latin America & Caribbean,Lower middle income,5603.26398377777,70.864,10119640
HND,Honduras,2021,Latin America & Caribbean,Lower middle income,6202.98078812037,69.492,10289877
HND,Honduras,2022,Latin America & Caribbean,Lower middle income,6352.58710177732,72.715,10463872
HND,Honduras,2023,Latin America & Caribbean,Lower middle income,6467.8800352783,72.884,10644851
HKG,"Hong Kong SAR, China",2000,East Asia & Pacific,High income,39848.5593475546,80.8731707317073,6665000
HKG,"Hong Kong SAR, China",2001,East Asia & Pacific,High income,39777.8262391597,81.4192682926829,6714300
HKG,"Hong Kong SAR, China",2002,East Asia & Pacific,High income,40258.1488758671,81.4521951219512,6744100
HKG,"Hong Kong SAR, China",2003,East Asia & Pacific,High income,41570.5634425877,81.3434146341464,6730800
HKG,"Hong Kong SAR, China",2004,East Asia & Pacific,High income,44836.1768653659,81.7992682926829,6783500
HKG,"Hong Kong SAR, China",2005,East Asia & Pacific,High income,47938.8533561286,81.6090243902439,6813200
HKG,"Hong Kong SAR, China",2006,East Asia & Pacific,High income,50981.7296233058,82.3848780487805,6857100
HKG,"Hong Kong SAR, China",2007,East Asia & Pacific,High income,53813.022139769,82.3668292682927,6916300
HKG,"Hong Kong SAR, China",2008,East Asia & Pacific,High income,54630.3299120222,82.3404878048781,6957800
HKG,"Hong Kong SAR, China",2009,East Asia & Pacific,High income,53172.2884268262,82.7751219512195,6972800
HKG,"Hong Kong SAR, China",2010,East Asia & Pacific,High income,56355.409086809,82.9575609756098,7024200
HKG,"Hong Kong SAR, China",2011,East Asia & Pacific,High income,58672.8050185719,83.4119512195122,7071600
HKG,"Hong Kong SAR, China",2012,East Asia & Pacific,High income,59015.3179560955,83.450243902439,7150100
HKG,"Hong Kong SAR, China",2013,East Asia & Pacific,High income,60601.6109212886,83.8312195121951,7178900
HKG,"Hong Kong SAR, China",2014,East Asia & Pacific,High income,61839.8044187474,83.9356097560976,7229500
HKG,"Hong Kong SAR, China",2015,East Asia & Pacific,High income,62779.7552386246,84.2526829268293,7291300
HKG,"Hong Kong SAR, China",2016,East Asia & Pacific,High income,63749.4285013369,84.2114634146342,7336600
HKG,"Hong Kong SAR, China",2017,East Asia & Pacific,High income,65662.8543379575,84.6956097560976,7393200
HKG,"Hong Kong SAR, China",2018,East Asia & Pacific,High income,66993.9592604441,84.869756097561,7452600
HKG,"Hong Kong SAR, China",2019,East Asia & Pacific,High income,65388.3366418212,85.1558536585366,7507900
HKG,"Hong Kong SAR, China",2020,East Asia & Pacific,High income,61328.5367014193,85.4963414634146,7481000
HKG,"Hong Kong SAR, China",2021,East Asia & Pacific,High income,65884.9376260603,85.5326829268293,7413100
HKG,"Hong Kong SAR, China",2022,East Asia & Pacific,High income,64035.6484949629,83.6609756097561,7346100
HKG,"Hong Kong SAR, China",2023,East Asia & Pacific,High income,64387.6654066058,85.2473170731707,7536100
HUN,Hungary,2000,Europe & Central Asia,High income,22117.9204303193,71.2463414634146,10210971
HUN,Hungary,2001,Europe & Central Asia,High income,23069.2114730987,72.2487804878049,10187576
HUN,Hungary,2002,Europe & Central Asia,High income,24229.2953575981,72.3487804878049,10158608
HUN,Hungary,2003,Europe & Central Asia,High income,25255.8711300567,72.3,10129552
HUN,Hungary,2004,Europe & Central Asia,High income,26568.118861864,72.6487804878049,10107146
HUN,Hungary,2005,Europe & Central Asia,High income,27765.7886146197,72.6487804878049,10087065
HUN,Hungary,2006,Europe & Central Asia,High income,28903.0475407078,73.0975609756098,10071370
HUN,Hungary,2007,Europe & Central Asia,High income,29044.0669021254,73.1512195121951,10055780
HUN,Hungary,2008,Europe & Central Asia,High income,29384.0070385818,73.7024390243903,10038188
HUN,Hungary,2009,Europe & Central Asia,High income,27445.959458479,73.9048780487805,10022650
HUN,Hungary,2010,Europe & Central Asia,High income,27801.833816111,74.2073170731707,10000023
HUN,Hungary,2011,Europe & Central Asia,High income,28415.1173442897,74.8585365853659,9971727
HUN,Hungary,2012,Europe & Central Asia,High income,28179.656464434,75.0634146341463,9920362
HUN,Hungary,2013,Europe & Central Asia,High income,28891.0217544976,75.5658536585366,9872734
HUN,Hungary,2014,Europe & Central Asia,High income,30264.9492302161,75.7634146341463,9833038
HUN,Hungary,2015,Europe & Central Asia,High income,31485.5675425634,75.5682926829269,9797755
HUN,Hungary,2016,Europe & Central Asia,High income,32378.9674983075,76.0634146341464,9759755
HUN,Hungary,2017,Europe & Central Asia,High income,33828.714942571,75.8170731707317,9726756
HUN,Hungary,2018,Europe & Central Asia,High income,35798.0412754022,76.0658536585366,9706964
HUN,Hungary,2019,Europe & Central Asia,High income,37662.67681014,76.3195121951219,9694824
HUN,Hungary,2020,Europe & Central Asia,High income,36119.5211735652,75.419512195122,9670419
HUN,Hungary,2021,Europe & Central Asia,High income,38887.1909527154,74.0658536585366,9630932
HUN,Hungary,2022,Europe & Central Asia,High income,40610.9711368238,75.8682926829268,9605074
HUN,Hungary,2023,Europe & Central Asia,High income,40333.2546888118,76.5707317073171,9592186
ISL,Iceland,2000,Europe & Central Asia,High income,50227.8408745363,79.6536585365854,281205
ISL,Iceland,2001,Europe & Central Asia,High income,51468.3282267824,80.690243902439,284968
ISL,Iceland,2002,Europe & Central Asia,High income,51287.593729948,80.5024390243903,287523
ISL,Iceland,2003,Europe & Central Asia,High income,52095.6402740564,80.9634146341464,289521
ISL,Iceland,2004,Europe & Central Asia,High income,55576.6099806516,80.9975609756098,292074
ISL,Iceland,2005,Europe & Central Asia,High income,58549.1358862183,81.5024390243902,296734
ISL,Iceland,2006,Europe & Central Asia,High income,60434.3837931128,81.1585365853659,303782
ISL,Iceland,2007,Europe & Central Asia,High income,64075.3098188208,81.4536585365854,311566
ISL,Iceland,2008,Europe & Central Asia,High income,63963.7601392225,81.609756097561,317414
ISL,Iceland,2009,Europe & Central Asia,High income,58441.2719673968,81.7512195121951,318499
ISL,Iceland,2010,Europe & Central Asia,High income,57225.1024282006,81.8975609756097,318041
ISL,Iceland,2011,Europe & Central Asia,High income,57837.8604599413,82.3585365853659,319014
ISL,Iceland,2012,Europe & Central Asia,High income,58203.6379459536,82.9170731707317,320716
ISL,Iceland,2013,Europe & Central Asia,High income,59729.5439775397,82.0609756097561,323764
ISL,Iceland,2014,Europe & Central Asia,High income,60199.1994872756,82.8609756097561,327386
ISL,Iceland,2015,Europe & Central Asia,High income,61820.3618857662,82.4682926829268,330815
ISL,Iceland,2016,Europe & Central Asia,High income,64759.2275423229,82.2048780487805,335439
ISL,Iceland,2017,Europe & Central Asia,High income,65462.5033306299,82.6609756097561,343400
ISL,Iceland,2018,Europe & Central Asia,High income,66703.0219398003,82.8609756097561,352721
ISL,Iceland,2019,Europe & Central Asia,High income,65994.9860038103,83.1634146341463,360563
ISL,Iceland,2020,Europe & Central Asia,High income,60617.143268851,83.0634146341463,366463
ISL,Iceland,2021,Europe & Central Asia,High income,62720.7916832797,83.1658536585366,372520
ISL,Iceland,2022,Europe & Central Asia,High income,66581.2441801002,82.119512195122,382003
ISL,Iceland,2023,Europe & Central Asia,High income,69268.1221404224,82.4560975609756,385663
IND,India,2000,South Asia,Lower middle income,3010.42156148397,62.749,1057922733
IND,India,2001,South Asia,Lower middle income,3097.16224022342,63.158,1077898575
IND,India,2002,South Asia,Lower middle income,3157.26903770593,63.649,1097600380
IND,India,2003,South Asia,Lower middle income,3346.8882902915,64.086,1116803006
IND,India,2004,South Asia,Lower middle income,3551.04731213773,64.484,1135991513
IND,India,2005,South Asia,Lower middle income,3770.39653173829,64.939,1154676322
IND,India,2006,South Asia,Lower middle income,4011.08647585805,65.373,1172878890
IND,India,2007,South Asia,Lower middle income,4253.82139046739,65.803,1190676021
IND,India,2008,South Asia,Lower middle income,4322.48378983546,66.247,1207930964
IND,India,2009,South Asia,Lower middle income,4595.37990753812,66.7,1225524753
IND,India,2010,South Asia,Lower middle income,4913.87639723705,67.162,1243481564
IND,India,2011,South Asia,Lower middle income,5098.67458775444,67.623,1261224954
IND,India,2012,South Asia,Lower middle income,5303.50197767655,68.076,1278674502
IND,India,2013,South Asia,Lower middle income,5567.49439418718,68.499,1295829511
IND,India,2014,South Asia,Lower middle income,5905.10618204633,68.932,1312277191
IND,India,2015,South Asia,Lower middle income,6301.67346968236,69.326,1328024498
IND,India,2016,South Asia,Lower middle income,6741.14883185347,69.709,1343944296
IND,India,2017,South Asia,Lower middle income,7116.03659185396,70.068,1359657400
IND,India,2018,South Asia,Lower middle income,7492.62576755145,70.415,1374659064
IND,India,2019,South Asia,Lower middle income,7702.17634811957,70.746,1389030312
IND,India,2020,South Asia,Lower middle income,7186.86447099679,70.156,1402617695
IND,India,2021,South Asia,Lower middle income,7818.65701757504,67.282,1414203896
IND,India,2022,South Asia,Lower middle income,8347.38478647086,71.698,1425423212
IND,India,2023,South Asia,Lower middle income,8870.55027609345,72.003,1438069596
IDN,Indonesia,2000,East Asia & Pacific,Upper middle income,6056.38197842165,66.292,216077790
IDN,Indonesia,2001,East Asia & Pacific,Upper middle income,6190.51954040991,66.583,219097902
IDN,Indonesia,2002,East Asia & Pacific,Upper middle income,6381.94955179996,66.954,222088495
IDN,Indonesia,2003,East Asia & Pacific,Upper middle income,6599.09193597034,67.134,225048008
IDN,Indonesia,2004,East Asia & Pacific,Upper middle income,6843.54654972364,65.521,227926649
IDN,Indonesia,2005,East Asia & Pacific,Upper middle income,7140.8545640704,67.531,230871650
IDN,Indonesia,2006,East Asia & Pacific,Upper middle income,7434.48785352221,67.664,233951652
IDN,Indonesia,2007,East Asia & Pacific,Upper middle income,7802.46406905954,67.914,237062337
IDN,Indonesia,2008,East Asia & Pacific,Upper middle income,8165.06155116624,68.085,240157903
IDN,Indonesia,2009,East Asia & Pacific,Upper middle income,8435.4557468629,68.267,243220028
IDN,Indonesia,2010,East Asia & Pacific,Upper middle income,8848.22473702066,68.364,246305322
IDN,Indonesia,2011,East Asia & Pacific,Upper middle income,9274.96955181702,68.629,249470032
IDN,Indonesia,2012,East Asia & Pacific,Upper middle income,9708.61182531081,68.862,252698525
IDN,Indonesia,2013,East Asia & Pacific,Upper middle income,10121.8141535043,69.064,255852467
IDN,Indonesia,2014,East Asia & Pacific,Upper middle income,10504.3869411088,69.292,258877399
IDN,Indonesia,2015,East Asia & Pacific,Upper middle income,10893.6621142169,69.52,261799249
IDN,Indonesia,2016,East Asia & Pacific,Upper middle income,11319.6634287738,69.733,264627418
IDN,Indonesia,2017,East Asia & Pacific,Upper middle income,11772.5743296107,69.953,267346658
IDN,Indonesia,2018,East Asia & Pacific,Upper middle income,12262.2310300771,70.08,269951846
IDN,Indonesia,2019,East Asia & Pacific,Upper middle income,12757.7850854842,70.349,272489381
IDN,Indonesia,2020,East Asia & Pacific,Upper middle income,12388.5449268131,68.817,274814866
IDN,Indonesia,2021,East Asia & Pacific,Upper middle income,12757.0746440204,67.452,276758053
IDN,Indonesia,2022,East Asia & Pacific,Upper middle income,13334.2653947637,70.925,278830529
IDN,Indonesia,2023,East Asia & Pacific,Upper middle income,13889.9495012858,71.146,281190067
IRN,"Iran, Islamic Rep.",2000,"Middle East, North Africa, Afghanistan & Pakistan",Upper middle income,11643.1218077696,70.166,66418659
IRN,"Iran, Islamic Rep.",2001,"Middle East, North Africa, Afghanistan & Pakistan",Upper middle income,11739.0090911282,70.619,67452005
IRN,"Iran, Islamic Rep.",2002,"Middle East, North Africa, Afghanistan & Pakistan",Upper middle income,12583.044990424,71.112,68011317
IRN,"Iran, Islamic Rep.",2003,"Middle East, North Africa, Afghanistan & Pakistan",Upper middle income,13519.4501926929,70.464,68769340
IRN,"Iran, Islamic Rep.",2004,"Middle East, North Africa, Afghanistan & Pakistan",Upper middle income,13807.1953114023,72.04,70256316
IRN,"Iran, Islamic Rep.",2005,"Middle East, North Africa, Afghanistan & Pakistan",Upper middle income,13935.7743087596,72.446,71828455
IRN,"Iran, Islamic Rep.",2006,"Middle East, North Africa, Afghanistan & Pakistan",Upper middle income,14320.6568534545,72.895,73392747
IRN,"Iran, Islamic Rep.",2007,"Middle East, North Africa, Afghanistan & Pakistan",Upper middle income,15237.4237850549,73.299,74602648
IRN,"Iran, Islamic Rep.",2008,"Middle East, North Africa, Afghanistan & Pakistan",Upper middle income,15091.2506521463,73.683,75514204
IRN,"Iran, Islamic Rep.",2009,"Middle East, North Africa, Afghanistan & Pakistan",Upper middle income,15055.1494647199,74.041,76457825
IRN,"Iran, Islamic Rep.",2010,"Middle East, North Africa, Afghanistan & Pakistan",Upper middle income,15729.9131707266,74.39,77420842
IRN,"Iran, Islamic Rep.",2011,"Middle East, North Africa, Afghanistan & Pakistan",Upper middle income,15947.766097961,74.721,78383598
IRN,"Iran, Islamic Rep.",2012,"Middle East, North Africa, Afghanistan & Pakistan",Upper middle income,15159.2948206531,75.039,79370580
IRN,"Iran, Islamic Rep.",2013,"Middle East, North Africa, Afghanistan & Pakistan",Upper middle income,14734.740588719,75.349,80414686
IRN,"Iran, Islamic Rep.",2014,"Middle East, North Africa, Afghanistan & Pakistan",Upper middle income,15262.8515760903,75.635,81502045
IRN,"Iran, Islamic Rep.",2015,"Middle East, North Africa, Afghanistan & Pakistan",Upper middle income,14841.9048340737,75.907,82619362
IRN,"Iran, Islamic Rep.",2016,"Middle East, North Africa, Afghanistan & Pakistan",Upper middle income,15920.3718021202,76.155,83812228
IRN,"Iran, Islamic Rep.",2017,"Middle East, North Africa, Afghanistan & Pakistan",Upper middle income,16167.9677224227,76.396,85026754
IRN,"Iran, Islamic Rep.",2018,"Middle East, North Africa, Afghanistan & Pakistan",Upper middle income,15364.8049052614,76.621,86117998
IRN,"Iran, Islamic Rep.",2019,"Middle East, North Africa, Afghanistan & Pakistan",Upper middle income,14841.0751514998,76.855,87051648
IRN,"Iran, Islamic Rep.",2020,"Middle East, North Africa, Afghanistan & Pakistan",Upper middle income,15381.5845437266,74.141,87723443
IRN,"Iran, Islamic Rep.",2021,"Middle East, North Africa, Afghanistan & Pakistan",Upper middle income,15884.4276775963,73.752,88455488
IRN,"Iran, Islamic Rep.",2022,"Middle East, North Africa, Afghanistan & Pakistan",Upper middle income,16377.9610645368,76.799,89524246
IRN,"Iran, Islamic Rep.",2023,"Middle East, North Africa, Afghanistan & Pakistan",Upper middle income,17044.8173442641,77.654,90608707
IRQ,Iraq,2000,"Middle East, North Africa, Afghanistan & Pakistan",Upper middle income,12702.1641950892,64.86,24424056
IRQ,Iraq,2001,"Middle East, North Africa, Afghanistan & Pakistan",Upper middle income,12529.6084050976,65.292,25197840
IRQ,Iraq,2002,"Middle East, North Africa, Afghanistan & Pakistan",Upper middle income,11144.0505255902,65.724,26006559
IRQ,Iraq,2003,"Middle East, North Africa, Afghanistan & Pakistan",Upper middle income,6849.3320080035,64.834,26802659
IRQ,Iraq,2004,"Middle East, North Africa, Afghanistan & Pakistan",Upper middle income,10210.5631004936,64.634,27577878
IRQ,Iraq,2005,"Middle East, North Africa, Afghanistan & Pakistan",Upper middle income,10078.4437646814,64.899,28407448
IRQ,Iraq,2006,"Middle East, North Africa, Afghanistan & Pakistan",Upper middle income,10568.9137652953,64.029,28616515
IRQ,Iraq,2007,"Middle East, North Africa, Afghanistan & Pakistan",Upper middle income,10853.8161022286,64.428,28391607
IRQ,Iraq,2008,"Middle East, North Africa, Afghanistan & Pakistan",Upper middle income,11511.9387643638,66.465,28971036
IRQ,Iraq,2009,"Middle East, North Africa, Afghanistan & Pakistan",Upper middle income,11470.5178061728,67.834,30058206
IRQ,Iraq,2010,"Middle East, North Africa, Afghanistan & Pakistan",Upper middle income,11816.8410150233,68.092,31045366
IRQ,Iraq,2011,"Middle East, North Africa, Afghanistan & Pakistan",Upper middle income,12267.5848940645,68.435,32161424
IRQ,Iraq,2012,"Middle East, North Africa, Afghanistan & Pakistan",Upper middle income,13357.0143882323,68.827,33654842
IRQ,Iraq,2013,"Middle East, North Africa, Afghanistan & Pakistan",Upper middle income,13712.931714296,69.047,35281989
IRQ,Iraq,2014,"Middle East, North Africa, Afghanistan & Pakistan",Upper middle income,13536.8227681399,69.679,36550059
IRQ,Iraq,2015,"Middle East, North Africa, Afghanistan & Pakistan",Upper middle income,13516.0271989173,69.977,37560535
IRQ,Iraq,2016,"Middle East, North Africa, Afghanistan & Pakistan",Upper middle income,15016.0920644557,68.683,38469627
IRQ,Iraq,2017,"Middle East, North Africa, Afghanistan & Pakistan",Upper middle income,14417.6306896454,69.788,39337353
IRQ,Iraq,2018,"Middle East, North Africa, Afghanistan & Pakistan",Upper middle income,14456.2357053191,71.116,40265624
IRQ,Iraq,2019,"Middle East, North Africa, Afghanistan & Pakistan",Upper middle income,14910.225032382,71.245,41192171
IRQ,Iraq,2020,"Middle East, North Africa, Afghanistan & Pakistan",Upper middle income,12827.6345392293,69.651,42116605
IRQ,Iraq,2021,"Middle East, North Africa, Afghanistan & Pakistan",Upper middle income,12731.7535755128,70.704,43071211
IRQ,Iraq,2022,"Middle East, North Africa, Afghanistan & Pakistan",Upper middle income,13433.3977166956,72.037,44070551
IRQ,Iraq,2023,"Middle East, North Africa, Afghanistan & Pakistan",Upper middle income,13202.3228073856,72.324,45074049
IRL,Ireland,2000,Europe & Central Asia,High income,53582.8313532284,76.5365853658537,3805174
IRL,Ireland,2001,Europe & Central Asia,High income,55534.5698068816,77.1341463414634,3866243
IRL,Ireland,2002,Europe & Central Asia,High income,57828.0116338414,77.6341463414634,3931947
IRL,Ireland,2003,Europe & Central Asia,High income,58608.3353816693,78.1390243902439,3996521
IRL,Ireland,2004,Europe & Central Asia,High income,61452.8660388324,78.5390243902439,4070262
IRL,Ireland,2005,Europe & Central Asia,High income,63579.7134384122,78.9439024390244,4159914
IRL,Ireland,2006,Europe & Central Asia,High income,64975.4086496251,79.2414634146342,4273591
IRL,Ireland,2007,Europe & Central Asia,High income,66475.8410142999,79.6414634146341,4398942
IRL,Ireland,2008,Europe & Central Asia,High income,62213.6453256462,80.0951219512195,4489544
IRL,Ireland,2009,Europe & Central Asia,High income,58446.726333492,80.190243902439,4535375
IRL,Ireland,2010,Europe & Central Asia,High income,59107.4220740498,80.7439024390244,4560155
IRL,Ireland,2011,Europe & Central Asia,High income,59797.0537343463,80.7463414634146,4580084
IRL,Ireland,2012,Europe & Central Asia,High income,59303.0319813561,80.8463414634146,4599533
IRL,Ireland,2013,Europe & Central Asia,High income,60285.2376140094,80.9487804878049,4623816
IRL,Ireland,2014,Europe & Central Asia,High income,65463.1952541564,81.3487804878049,4657740
IRL,Ireland,2015,Europe & Central Asia,High income,80815.6415277345,81.4536585365854,4701957
IRL,Ireland,2016,Europe & Central Asia,High income,80760.0974145688,81.6536585365854,4762722
IRL,Ireland,2017,Europe & Central Asia,High income,87731.7897045734,82.1560975609756,4827445
IRL,Ireland,2018,Europe & Central Asia,High income,93115.8393498329,82.2048780487805,4898022
IRL,Ireland,2019,Europe & Central Asia,High income,96205.7961557005,82.7024390243903,4976456
IRL,Ireland,2020,Europe & Central Asia,High income,101793.447525871,82.4560975609756,5039747
IRL,Ireland,2021,Europe & Central Asia,High income,116702.85817485,82.2536585365854,5110585
IRL,Ireland,2022,Europe & Central Asia,High income,123007.47648651,82.509756097561,5212836
IRL,Ireland,2023,Europe & Central Asia,High income,117659.728593716,82.8073170731707,5311538
IMN,Isle of Man,2000,Europe & Central Asia,High income,,74.842,75659
IMN,Isle of Man,2001,Europe & Central Asia,High income,,75.289,76476
IMN,Isle of Man,2002,Europe & Central Asia,High income,,75.785,77275
IMN,Isle of Man,2003,Europe & Central Asia,High income,,76.319,78049
IMN,Isle of Man,2004,Europe & Central Asia,High income,,76.876,78792
IMN,Isle of Man,2005,Europe & Central Asia,High income,,77.453,79516
IMN,Isle of Man,2006,Europe & Central Asia,High income,,77.971,80294
IMN,Isle of Man,2007,Europe & Central Asia,High income,,78.451,81147
IMN,Isle of Man,2008,Europe & Central Asia,High income,,78.899,82029
IMN,Isle of Man,2009,Europe & Central Asia,High income,,79.303,82939
IMN,Isle of Man,2010,Europe & Central Asia,High income,,79.613,83873
IMN,Isle of Man,2011,Europe & Central Asia,High income,,79.836,84382
IMN,Isle of Man,2012,Europe & Central Asia,High income,,80.007,84335
IMN,Isle of Man,2013,Europe & Central Asia,High income,,80.12,84141
IMN,Isle of Man,2014,Europe & Central Asia,High income,,80.199,83892
IMN,Isle of Man,2015,Europe & Central Asia,High income,,80.267,83593
IMN,Isle of Man,2016,Europe & Central Asia,High income,,80.391,83466
IMN,Isle of Man,2017,Europe & Central Asia,High income,,80.506,83609
IMN,Isle of Man,2018,Europe & Central Asia,High income,,80.614,83805
IMN,Isle of Man,2019,Europe & Central Asia,High income,,80.74,83957
IMN,Isle of Man,2020,Europe & Central Asia,High income,,80.591,84064
IMN,Isle of Man,2021,Europe & Central Asia,High income,,80.42,84106
IMN,Isle of Man,2022,Europe & Central Asia,High income,,80.956,84132
IMN,Isle of Man,2023,Europe & Central Asia,High income,,80.999,84165
ISR,Israel,2000,"Middle East, North Africa, Afghanistan & Pakistan",High income,33278.5412285682,78.9536585365854,6289000
ISR,Israel,2001,"Middle East, North Africa, Afghanistan & Pakistan",High income,32591.2116817431,79.4073170731707,6439000
ISR,Israel,2002,"Middle East, North Africa, Afghanistan & Pakistan",High income,31892.5395978816,79.4512195121951,6570000
ISR,Israel,2003,"Middle East, North Africa, Afghanistan & Pakistan",High income,31771.2115906733,79.6487804878049,6689700
ISR,Israel,2004,"Middle East, North Africa, Afghanistan & Pakistan",High income,32665.8537052438,80.1463414634146,6809000
ISR,Israel,2005,"Middle East, North Africa, Afghanistan & Pakistan",High income,33491.9913996395,80.1512195121951,6930100
ISR,Israel,2006,"Middle East, North Africa, Afghanistan & Pakistan",High income,34744.8675092298,80.5536585365854,7053700
ISR,Israel,2007,"Middle East, North Africa, Afghanistan & Pakistan",High income,36288.0655118571,80.5048780487805,7180100
ISR,Israel,2008,"Middle East, North Africa, Afghanistan & Pakistan",High income,36795.4799112424,80.9512195121951,7308800
ISR,Israel,2009,"Middle East, North Africa, Afghanistan & Pakistan",High income,36364.7843182661,81.4048780487805,7485600
ISR,Israel,2010,"Middle East, North Africa, Afghanistan & Pakistan",High income,37686.3420833543,81.6024390243903,7623600
ISR,Israel,2011,"Middle East, North Africa, Afghanistan & Pakistan",High income,39036.0247356871,81.6560975609756,7765800
ISR,Israel,2012,"Middle East, North Africa, Afghanistan & Pakistan",High income,39245.5078117687,81.7048780487805,7910500
ISR,Israel,2013,"Middle East, North Africa, Afghanistan & Pakistan",High income,40095.4756773092,82.0560975609756,8059500
ISR,Israel,2014,"Middle East, North Africa, Afghanistan & Pakistan",High income,40795.6290927281,82.1536585365854,8215700
ISR,Israel,2015,"Middle East, North Africa, Afghanistan & Pakistan",High income,40889.5989080834,82.0512195121951,8380100
ISR,Israel,2016,"Middle East, North Africa, Afghanistan & Pakistan",High income,41914.5802977706,82.4073170731707,8546000
ISR,Israel,2017,"Middle East, North Africa, Afghanistan & Pakistan",High income,42895.585129847,82.5512195121951,8713300
ISR,Israel,2018,"Middle East, North Africa, Afghanistan & Pakistan",High income,43782.6526491689,82.8024390243903,8882800
ISR,Israel,2019,"Middle East, North Africa, Afghanistan & Pakistan",High income,44492.1226967084,82.8048780487805,9054000
ISR,Israel,2020,"Middle East, North Africa, Afghanistan & Pakistan",High income,42926.5415418584,82.6487804878049,9215100
ISR,Israel,2021,"Middle East, North Africa, Afghanistan & Pakistan",High income,46151.100820403,82.5,9371400
ISR,Israel,2022,"Middle East, North Africa, Afghanistan & Pakistan",High income,48132.3637205177,82.7,9557500
ISR,Israel,2023,"Middle East, North Africa, Afghanistan & Pakistan",High income,47671.2476926086,83.1951219512195,9849000
ITA,Italy,2000,Europe & Central Asia,High income,50353.4200415436,79.7780487804878,56942108
ITA,Italy,2001,Europe & Central Asia,High income,51332.2904432567,80.1268292682927,56976981
ITA,Italy,2002,Europe & Central Asia,High income,51369.1149098293,80.2292682926829,57089824
ITA,Italy,2003,Europe & Central Asia,High income,51126.2585544038,79.9829268292683,57399184
ITA,Italy,2004,Europe & Central Asia,High income,51495.0028841364,80.7804878048781,57828179
ITA,Italy,2005,Europe & Central Asia,High income,51585.6445807938,80.7829268292683,58166682
ITA,Italy,2006,Europe & Central Asia,High income,52304.2402949819,81.2829268292683,58399861
ITA,Italy,2007,Europe & Central Asia,High income,52747.1905476807,81.4341463414634,58756247
ITA,Italy,2008,Europe & Central Asia,High income,51806.3906176391,81.4853658536585,59211181
ITA,Italy,2009,Europe & Central Asia,High income,48774.3916833748,81.6365853658537,59555454
ITA,Italy,2010,Europe & Central Asia,High income,49301.6959141674,82.0365853658537,59819407
ITA,Italy,2011,Europe & Central Asia,High income,49473.0149235634,82.1878048780488,60026841
ITA,Italy,2012,Europe & Central Asia,High income,47795.9579360541,82.2390243902439,60191247
ITA,Italy,2013,Europe & Central Asia,High income,46833.3615309303,82.690243902439,60311613
ITA,Italy,2014,Europe & Central Asia,High income,46825.6511245062,83.090243902439,60320707
ITA,Italy,2015,Europe & Central Asia,High income,47311.8255262709,82.5439024390244,60229605
ITA,Italy,2016,Europe & Central Asia,High income,47987.8379581014,83.2439024390244,60115223
ITA,Italy,2017,Europe & Central Asia,High income,48849.2183534756,82.9463414634147,60002252
ITA,Italy,2018,Europe & Central Asia,High income,49355.8751913504,83.3463414634146,59877221
ITA,Italy,2019,Europe & Central Asia,High income,49690.6298505274,83.4975609756098,59729081
ITA,Italy,2020,Europe & Central Asia,High income,45505.0688708956,82.1951219512195,59438851
ITA,Italy,2021,Europe & Central Asia,High income,49825.3934111848,82.6463414634146,59133173
ITA,Italy,2022,Europe & Central Asia,High income,52333.3274270604,82.7,59013667
ITA,Italy,2023,Europe & Central Asia,High income,52842.6288831758,83.3512195121951,58984216
JAM,Jamaica,2000,Latin America & Caribbean,Upper middle income,9667.92474492316,71.281,2607826
JAM,Jamaica,2001,Latin America & Caribbean,Upper middle income,9736.06291757526,71.287,2624403
JAM,Jamaica,2002,Latin America & Caribbean,Upper middle income,9869.71291927176,71.478,2640572
JAM,Jamaica,2003,Latin America & Caribbean,Upper middle income,10169.7500243245,71.585,2656623
JAM,Jamaica,2004,Latin America & Caribbean,Upper middle income,10244.2066702878,71.542,2672225
JAM,Jamaica,2005,Latin America & Caribbean,Upper middle income,10278.6834382546,71.493,2687066
JAM,Jamaica,2006,Latin America & Caribbean,Upper middle income,10522.2367459591,71.395,2700968
JAM,Jamaica,2007,Latin America & Caribbean,Upper middle income,10622.4442829007,71.405,2713800
JAM,Jamaica,2008,Latin America & Caribbean,Upper middle income,10490.4686134498,71.502,2725635
JAM,Jamaica,2009,Latin America & Caribbean,Upper middle income,9992.97699539021,71.717,2736995
JAM,Jamaica,2010,Latin America & Caribbean,Upper middle income,9805.90172806302,71.979,2748568
JAM,Jamaica,2011,Latin America & Caribbean,Upper middle income,9932.48380946963,72.245,2760494
JAM,Jamaica,2012,Latin America & Caribbean,Upper middle income,9829.03510015044,72.405,2772430
JAM,Jamaica,2013,Latin America & Caribbean,Upper middle income,9839.96506606095,72.435,2783687
JAM,Jamaica,2014,Latin America & Caribbean,Upper middle income,9872.15913752129,72.357,2793749
JAM,Jamaica,2015,Latin America & Caribbean,Upper middle income,9931.89875715182,72.214,2802534
JAM,Jamaica,2016,Latin America & Caribbean,Upper middle income,10179.2536486158,72.052,2809915
JAM,Jamaica,2017,Latin America & Caribbean,Upper middle income,10391.0378224678,71.879,2815764
JAM,Jamaica,2018,Latin America & Caribbean,Upper middle income,10636.0929784551,71.606,2820097
JAM,Jamaica,2019,Latin America & Caribbean,Upper middle income,10816.3720391154,71.532,2823271
JAM,Jamaica,2020,Latin America & Caribbean,Upper middle income,9891.96932961548,71.452,2830739
JAM,Jamaica,2021,Latin America & Caribbean,Upper middle income,10430.6909771759,69.085,2837682
JAM,Jamaica,2022,Latin America & Caribbean,Upper middle income,11096.6377085321,71.481,2839144
JAM,Jamaica,2023,Latin America & Caribbean,Upper middle income,11398.8120394641,71.479,2839786
JPN,Japan,2000,East Asia & Pacific,High income,39731.7953686304,81.0760975609756,126843000
JPN,Japan,2001,East Asia & Pacific,High income,39748.9837725849,81.4163414634146,127149000
JPN,Japan,2002,East Asia & Pacific,High income,39690.3676794625,81.6907317073171,127445000
JPN,Japan,2003,East Asia & Pacific,High income,40152.1282635641,81.76,127718000
JPN,Japan,2004,East Asia & Pacific,High income,40986.7225710497,82.030243902439,127761000
JPN,Japan,2005,East Asia & Pacific,High income,41740.352036905,81.9551219512195,127773000
JPN,Japan,2006,East Asia & Pacific,High income,42358.9337348253,82.3219512195122,127854000
JPN,Japan,2007,East Asia & Pacific,High income,43041.5697058021,82.5070731707317,128001000
JPN,Japan,2008,East Asia & Pacific,High income,42518.8423408417,82.5875609756098,128063000
JPN,Japan,2009,East Asia & Pacific,High income,39999.9464203408,82.9314634146342,128047000
JPN,Japan,2010,East Asia & Pacific,High income,41647.0458542008,82.8426829268293,128070000
JPN,Japan,2011,East Asia & Pacific,High income,41640.6608721251,82.5912195121951,127833000
JPN,Japan,2012,East Asia & Pacific,High income,42394.9433175064,83.0960975609756,127629000
JPN,Japan,2013,East Asia & Pacific,High income,43304.1181931426,83.3319512195122,127445000
JPN,Japan,2014,East Asia & Pacific,High income,43754.438013293,83.5878048780488,127276000
JPN,Japan,2015,East Asia & Pacific,High income,44589.3032854003,83.7939024390244,127141000
JPN,Japan,2016,East Asia & Pacific,High income,44926.6202909525,83.9848780487805,127076000
JPN,Japan,2017,East Asia & Pacific,High income,45693.3776080987,84.099756097561,126972000
JPN,Japan,2018,East Asia & Pacific,High income,46133.0225978718,84.2109756097561,126811000
JPN,Japan,2019,East Asia & Pacific,High income,46055.3498672487,84.3563414634146,126633000
JPN,Japan,2020,East Asia & Pacific,High income,44212.5503415724,84.56,126261000
JPN,Japan,2021,East Asia & Pacific,High income,45999.4617966896,84.4456097560976,125681593
JPN,Japan,2022,East Asia & Pacific,High income,46819.360613609,83.9963414634146,125124989
JPN,Japan,2023,East Asia & Pacific,High income,47387.2172542523,84.0412195121951,124516650
JOR,Jordan,2000,"Middle East, North Africa, Afghanistan & Pakistan",Upper middle income,8781.60904744228,71.926,5386945
JOR,Jordan,2001,"Middle East, North Africa, Afghanistan & Pakistan",Upper middle income,9056.19447281902,72.141,5498894
JOR,Jordan,2002,"Middle East, North Africa, Afghanistan & Pakistan",Upper middle income,9380.11324124271,72.359,5616066
JOR,Jordan,2003,"Middle East, North Africa, Afghanistan & Pakistan",Upper middle income,9556.48163712053,72.585,5741828
JOR,Jordan,2004,"Middle East, North Africa, Afghanistan & Pakistan",Upper middle income,10127.8527547101,72.788,5882061
JOR,Jordan,2005,"Middle East, North Africa, Afghanistan & Pakistan",Upper middle income,10684.9424228538,72.977,6029587
JOR,Jordan,2006,"Middle East, North Africa, Afghanistan & Pakistan",Upper middle income,10834.8737267915,73.225,6427371
JOR,Jordan,2007,"Middle East, North Africa, Afghanistan & Pakistan",Upper middle income,11034.2922176813,73.407,6827227
JOR,Jordan,2008,"Middle East, North Africa, Afghanistan & Pakistan",Upper middle income,11555.728825835,73.563,6989866
JOR,Jordan,2009,"Middle East, North Africa, Afghanistan & Pakistan",Upper middle income,11888.6617212582,73.707,7141753
JOR,Jordan,2010,"Middle East, North Africa, Afghanistan & Pakistan",Upper middle income,11942.572010796,73.797,7297043
JOR,Jordan,2011,"Middle East, North Africa, Afghanistan & Pakistan",Upper middle income,11988.4963110815,73.929,7480424
JOR,Jordan,2012,"Middle East, North Africa, Afghanistan & Pakistan",Upper middle income,12104.1217423938,74.087,7587127
JOR,Jordan,2013,"Middle East, North Africa, Afghanistan & Pakistan",Upper middle income,11804.1225335126,74.282,7991809
JOR,Jordan,2014,"Middle East, North Africa, Afghanistan & Pakistan",Upper middle income,11086.6905487513,74.606,8791710
JOR,Jordan,2015,"Middle East, North Africa, Afghanistan & Pakistan",Upper middle income,10469.6306302225,75.06,9544729
JOR,Jordan,2016,"Middle East, North Africa, Afghanistan & Pakistan",Upper middle income,10197.5044990617,75.55,10006367
JOR,Jordan,2017,"Middle East, North Africa, Afghanistan & Pakistan",Upper middle income,10220.492781193,76.071,10234226
JOR,Jordan,2018,"Middle East, North Africa, Afghanistan & Pakistan",Upper middle income,10183.0248366235,76.491,10462306
JOR,Jordan,2019,"Middle East, North Africa, Afghanistan & Pakistan",Upper middle income,10168.3588523537,76.865,10671891
JOR,Jordan,2020,"Middle East, North Africa, Afghanistan & Pakistan",Upper middle income,9872.3094512325,75.583,10865228
JOR,Jordan,2021,"Middle East, North Africa, Afghanistan & Pakistan",Upper middle income,10056.5611261239,74.204,11066356
JOR,Jordan,2022,"Middle East, North Africa, Afghanistan & Pakistan",Upper middle income,10158.4738771524,77.088,11256263
JOR,Jordan,2023,"Middle East, North Africa, Afghanistan & Pakistan",Upper middle income,10308.7821986337,77.814,11439213
KAZ,Kazakhstan,2000,Europe & Central Asia,Upper middle income,12935.864368308,63.793,15501103
KAZ,Kazakhstan,2001,Europe & Central Asia,Upper middle income,14612.0290050498,64.108,15575550
KAZ,Kazakhstan,2002,Europe & Central Asia,Upper middle income,15960.8738450013,64.441,15656677
KAZ,Kazakhstan,2003,Europe & Central Asia,Upper middle income,17344.752672995,64.753,15747380
KAZ,Kazakhstan,2004,Europe & Central Asia,Upper middle income,18886.5811908122,65.04,15850159
KAZ,Kazakhstan,2005,Europe & Central Asia,Upper middle income,20565.5294470866,65.356,15968117
KAZ,Kazakhstan,2006,Europe & Central Asia,Upper middle income,22574.3429577665,65.722,16103716
KAZ,Kazakhstan,2007,Europe & Central Asia,Upper middle income,24351.3464102542,66.18,16257214
KAZ,Kazakhstan,2008,Europe & Central Asia,Upper middle income,24895.6645683245,66.759,16426525
KAZ,Kazakhstan,2009,Europe & Central Asia,Upper middle income,24901.3527260084,67.46,16619846
KAZ,Kazakhstan,2010,Europe & Central Asia,Upper middle income,26374.8407672795,68.257,16836810
KAZ,Kazakhstan,2011,Europe & Central Asia,Upper middle income,27946.1603432944,69.108,17066002
KAZ,Kazakhstan,2012,Europe & Central Asia,Upper middle income,28881.2417563728,69.939,17306106
KAZ,Kazakhstan,2013,Europe & Central Asia,Upper middle income,30177.4887221736,70.719,17556502
KAZ,Kazakhstan,2014,Europe & Central Asia,Upper middle income,30986.4379168995,71.415,17816285
KAZ,Kazakhstan,2015,Europe & Central Asia,Upper middle income,30893.7594851041,72.024,18084169
KAZ,Kazakhstan,2016,Europe & Central Asia,Upper middle income,30758.3227260598,72.549,18363600
KAZ,Kazakhstan,2017,Europe & Central Asia,Upper middle income,31524.4416339794,72.996,18651931
KAZ,Kazakhstan,2018,Europe & Central Asia,Upper middle income,32330.2274546567,73.369,18932727
KAZ,Kazakhstan,2019,Europe & Central Asia,Upper middle income,33298.2123695035,73.658,19209555
KAZ,Kazakhstan,2020,Europe & Central Asia,Upper middle income,32011.5491499004,71.195,19482117
KAZ,Kazakhstan,2021,Europe & Central Asia,Upper middle income,32945.8515725823,70.131,19743603
KAZ,Kazakhstan,2022,Europe & Central Asia,Upper middle income,33506.2614893237,73.503,20034609
KAZ,Kazakhstan,2023,Europe & Central Asia,Upper middle income,34703.2349286604,74.402,20330104
KEN,Kenya,2000,Sub-Saharan Africa,Lower middle income,3756.63622296879,56.084,30642890
KEN,Kenya,2001,Sub-Saharan Africa,Lower middle income,3778.25854755615,56.501,31619170
KEN,Kenya,2002,Sub-Saharan Africa,Lower middle income,3681.2569427491,56.759,32629808
KEN,Kenya,2003,Sub-Saharan Africa,Lower middle income,3674.08592758409,57.369,33652223
KEN,Kenya,2004,Sub-Saharan Africa,Lower middle income,3743.56785736929,57.947,34713455
KEN,Kenya,2005,Sub-Saharan Africa,Lower middle income,3844.73557120578,58.51,35796484
KEN,Kenya,2006,Sub-Saharan Africa,Lower middle income,3970.73349887685,59.059,36904008
KEN,Kenya,2007,Sub-Saharan Africa,Lower middle income,4116.45094720856,59.407,38036349
KEN,Kenya,2008,Sub-Saharan Africa,Lower middle income,4002.88364073792,59.955,39206351
KEN,Kenya,2009,Sub-Saharan Africa,Lower middle income,4012.19428382397,60.483,40408891
KEN,Kenya,2010,Sub-Saharan Africa,Lower middle income,4211.52462957784,60.915,41598567
KEN,Kenya,2011,Sub-Saharan Africa,Lower middle income,4307.10611556858,61.283,42758461
KEN,Kenya,2012,Sub-Saharan Africa,Lower middle income,4387.93790075409,61.537,43888303
KEN,Kenya,2013,Sub-Saharan Africa,Lower middle income,4443.371215682,61.729,44986791
KEN,Kenya,2014,Sub-Saharan Africa,Lower middle income,4558.55155266374,61.99,46051440
KEN,Kenya,2015,Sub-Saharan Africa,Lower middle income,4679.62182831938,62.279,47088526
KEN,Kenya,2016,Sub-Saharan Africa,Lower middle income,4770.31046388086,62.526,48139687
KEN,Kenya,2017,Sub-Saharan Africa,Lower middle income,4846.86210851932,62.725,49197766
KEN,Kenya,2018,Sub-Saharan Africa,Lower middle income,5017.66784674664,62.825,50207107
KEN,Kenya,2019,Sub-Saharan Africa,Lower middle income,5171.71264279257,62.939,51202827
KEN,Kenya,2020,Sub-Saharan Africa,Lower middle income,5057.40115537429,61.596,52217334
KEN,Kenya,2021,Sub-Saharan Africa,Lower middle income,5338.85243382781,61.225,53219166
KEN,Kenya,2022,Sub-Saharan Africa,Lower middle income,5491.69378280246,63.549,54252461
KEN,Kenya,2023,Sub-Saharan Africa,Lower middle income,5691.82513474417,63.646,55339003
KIR,Kiribati,2000,East Asia & Pacific,Lower middle income,2481.73318329794,64.674,88613
KIR,Kiribati,2001,East Asia & Pacific,Lower middle income,2357.88396425016,64.918,90335
KIR,Kiribati,2002,East Asia & Pacific,Lower middle income,2341.99557733328,65.123,92264
KIR,Kiribati,2003,East Asia & Pacific,Lower middle income,2258.32313744125,65.287,94175
KIR,Kiribati,2004,East Asia & Pacific,Lower middle income,2199.95258272342,65.416,96085
KIR,Kiribati,2005,East Asia & Pacific,Lower middle income,2184.06094408808,65.517,98035
KIR,Kiribati,2006,East Asia & Pacific,Lower middle income,2264.4516846113,65.601,100017
KIR,Kiribati,2007,East Asia & Pacific,Lower middle income,2286.73943693111,65.677,102068
KIR,Kiribati,2008,East Asia & Pacific,Lower middle income,2172.63601744656,65.746,104222
KIR,Kiribati,2009,East Asia & Pacific,Lower middle income,2138.23987425041,65.808,106467
KIR,Kiribati,2010,East Asia & Pacific,Lower middle income,2119.91176706204,65.859,108704
KIR,Kiribati,2011,East Asia & Pacific,Lower middle income,2150.65854434166,65.896,110647
KIR,Kiribati,2012,East Asia & Pacific,Lower middle income,2242.30105765006,65.908,112284
KIR,Kiribati,2013,East Asia & Pacific,Lower middle income,2382.67559474112,65.898,113838
KIR,Kiribati,2014,East Asia & Pacific,Lower middle income,2381.65349253168,65.869,115326
KIR,Kiribati,2015,East Asia & Pacific,Lower middle income,2616.17635911711,65.831,116815
KIR,Kiribati,2016,East Asia & Pacific,Lower middle income,2762.28741039854,65.799,118478
KIR,Kiribati,2017,East Asia & Pacific,Lower middle income,2822.02092296284,65.787,120275
KIR,Kiribati,2018,East Asia & Pacific,Lower middle income,2875.41766341166,65.807,122084
KIR,Kiribati,2019,East Asia & Pacific,Lower middle income,2926.59366475855,65.866,123921
KIR,Kiribati,2020,East Asia & Pacific,Lower middle income,2839.17274622563,65.205,126099
KIR,Kiribati,2021,East Asia & Pacific,Lower middle income,3024.21029665634,64.148,128377
KIR,Kiribati,2022,East Asia & Pacific,Lower middle income,3127.17745381556,66.269,130469
KIR,Kiribati,2023,East Asia & Pacific,Lower middle income,3175.02475728903,66.473,132530
PRK,"Korea, Dem. People's Rep.",2000,East Asia & Pacific,Low income,,60.911,23665910
PRK,"Korea, Dem. People's Rep.",2001,East Asia & Pacific,Low income,,60.893,23815358
PRK,"Korea, Dem. People's Rep.",2002,East Asia & Pacific,Low income,,60.877,23943973
PRK,"Korea, Dem. People's Rep.",2003,East Asia & Pacific,Low income,,69.399,24090380
PRK,"Korea, Dem. People's Rep.",2004,East Asia & Pacific,Low income,,69.294,24254943
PRK,"Korea, Dem. People's Rep.",2005,East Asia & Pacific,Low income,,69.168,24396433
PRK,"Korea, Dem. People's Rep.",2006,East Asia & Pacific,Low income,,69.061,24524507
PRK,"Korea, Dem. People's Rep.",2007,East Asia & Pacific,Low income,,69.021,24646383
PRK,"Korea, Dem. People's Rep.",2008,East Asia & Pacific,Low income,,69.303,24764618
PRK,"Korea, Dem. People's Rep.",2009,East Asia & Pacific,Low income,,69.702,24878332
PRK,"Korea, Dem. People's Rep.",2010,East Asia & Pacific,Low income,,70.246,24987258
PRK,"Korea, Dem. People's Rep.",2011,East Asia & Pacific,Low income,,70.772,25097874
PRK,"Korea, Dem. People's Rep.",2012,East Asia & Pacific,Low income,,71.317,25211728
PRK,"Korea, Dem. People's Rep.",2013,East Asia & Pacific,Low income,,71.867,25329451
PRK,"Korea, Dem. People's Rep.",2014,East Asia & Pacific,Low income,,72.451,25451262
PRK,"Korea, Dem. People's Rep.",2015,East Asia & Pacific,Low income,,72.825,25575350
PRK,"Korea, Dem. People's Rep.",2016,East Asia & Pacific,Low income,,72.971,25698326
PRK,"Korea, Dem. People's Rep.",2017,East Asia & Pacific,Low income,,73.034,25817709
PRK,"Korea, Dem. People's Rep.",2018,East Asia & Pacific,Low income,,73.02,25931147
PRK,"Korea, Dem. People's Rep.",2019,East Asia & Pacific,Low income,,72.928,26037632
PRK,"Korea, Dem. People's Rep.",2020,East Asia & Pacific,Low income,,72.783,26136312
PRK,"Korea, Dem. People's Rep.",2021,East Asia & Pacific,Low income,,73.437,26232534
PRK,"Korea, Dem. People's Rep.",2022,East Asia & Pacific,Low income,,73.641,26328845
PRK,"Korea, Dem. People's Rep.",2023,East Asia & Pacific,Low income,,73.642,26418204
KOR,"Korea, Rep.",2000,East Asia & Pacific,High income,26404.1588575745,75.909756097561,47008111
KOR,"Korea, Rep.",2001,East Asia & Pacific,High income,27440.6564915847,76.4121951219512,47370164
KOR,"Korea, Rep.",2002,East Asia & Pacific,High income,29395.2766036796,76.7658536585366,47644736
KOR,"Korea, Rep.",2003,East Asia & Pacific,High income,30142.4605585814,77.2146341463415,47892330
KOR,"Korea, Rep.",2004,East Asia & Pacific,High income,31579.5283048867,77.6658536585366,48082519
KOR,"Korea, Rep.",2005,East Asia & Pacific,High income,32886.0472450743,78.1682926829268,48184561
KOR,"Korea, Rep.",2006,East Asia & Pacific,High income,34429.6222013137,78.6682926829268,48438292
KOR,"Korea, Rep.",2007,East Asia & Pacific,High income,36257.3401689702,79.119512195122,48683638
KOR,"Korea, Rep.",2008,East Asia & Pacific,High income,37064.1518484106,79.5170731707317,49054708
KOR,"Korea, Rep.",2009,East Asia & Pacific,High income,37176.1939270969,79.9682926829268,49307835
KOR,"Korea, Rep.",2010,East Asia & Pacific,High income,39574.0500732947,80.1170731707317,49554112
KOR,"Korea, Rep.",2011,East Asia & Pacific,High income,40719.2273771671,80.5682926829269,49936638
KOR,"Korea, Rep.",2012,East Asia & Pacific,High income,41537.6728611117,80.819512195122,50199853
KOR,"Korea, Rep.",2013,East Asia & Pacific,High income,42709.9751857887,81.2707317073171,50428893
KOR,"Korea, Rep.",2014,East Asia & Pacific,High income,43806.9250985661,81.7219512195122,50746659
KOR,"Korea, Rep.",2015,East Asia & Pacific,High income,44849.106767089,82.0243902439024,51014947
KOR,"Korea, Rep.",2016,East Asia & Pacific,High income,46088.2430785383,82.2756097560976,51217803
KOR,"Korea, Rep.",2017,East Asia & Pacific,High income,47536.7898568851,82.6268292682927,51361911
KOR,"Korea, Rep.",2018,East Asia & Pacific,High income,48834.4471157733,82.6268292682927,51585058
KOR,"Korea, Rep.",2019,East Asia & Pacific,High income,49790.8679884821,83.2268292682927,51764822
KOR,"Korea, Rep.",2020,East Asia & Pacific,High income,49374.0926148025,83.4268292682927,51836239
KOR,"Korea, Rep.",2021,East Asia & Pacific,High income,51718.2518656631,83.5268292682927,51769539
KOR,"Korea, Rep.",2022,East Asia & Pacific,High income,53228.6035655365,82.6804878048781,51672569
KOR,"Korea, Rep.",2023,East Asia & Pacific,High income,54029.3434990785,83.4292682926829,51712619
XKX,Kosovo,2000,Europe & Central Asia,Upper middle income,,71.321,1802493
XKX,Kosovo,2001,Europe & Central Asia,Upper middle income,,71.782,1820009
XKX,Kosovo,2002,Europe & Central Asia,Upper middle income,,72.227,1829462
XKX,Kosovo,2003,Europe & Central Asia,Upper middle income,,72.678,1826434
XKX,Kosovo,2004,Europe & Central Asia,Upper middle income,,73.132,1822773
XKX,Kosovo,2005,Europe & Central Asia,Upper middle income,,73.437,1818354
XKX,Kosovo,2006,Europe & Central Asia,Upper middle income,,73.63,1813079
XKX,Kosovo,2007,Europe & Central Asia,Upper middle income,,74.422,1807094
XKX,Kosovo,2008,Europe & Central Asia,Upper middle income,7098.40301909042,74.711,1800858
XKX,Kosovo,2009,Europe & Central Asia,Upper middle income,7481.45889832785,74.79,1794681
XKX,Kosovo,2010,Europe & Central Asia,Upper middle income,7877.10199850556,74.609,1788743
XKX,Kosovo,2011,Europe & Central Asia,Upper middle income,8359.93621479336,75.323,1791949
XKX,Kosovo,2012,Europe & Central Asia,Upper middle income,8431.66232694657,75.75,1807126
XKX,Kosovo,2013,Europe & Central Asia,Upper middle income,8828.27683251638,76.336,1818119
XKX,Kosovo,2014,Europe & Central Asia,Upper middle income,9150.74997293883,76.179,1812788
XKX,Kosovo,2015,Europe & Central Asia,Upper middle income,9824.99105955319,76.024,1788274
XKX,Kosovo,2016,Europe & Central Asia,Upper middle income,10434.8888259268,76.748,1777568
XKX,Kosovo,2017,Europe & Central Asia,Upper middle income,10856.2902074239,77.105,1791019
XKX,Kosovo,2018,Europe & Central Asia,Upper middle income,11188.2244627966,77.117,1797086
XKX,Kosovo,2019,Europe & Central Asia,Upper middle income,11774.1178510908,77.249,1788891
XKX,Kosovo,2020,Europe & Central Asia,Upper middle income,11137.5028560404,74.212,1790151
XKX,Kosovo,2021,Europe & Central Asia,Upper middle income,12362.4210181213,74.981,1786079
XKX,Kosovo,2022,Europe & Central Asia,Upper middle income,13022.4627441502,77.623,1768096
XKX,Kosovo,2023,Europe & Central Asia,Upper middle income,14240.2030320365,78.033,1682668
KWT,Kuwait,2000,"Middle East, North Africa, Afghanistan & Pakistan",High income,60585.3026788164,76.2258780487805,1954709
KWT,Kuwait,2001,"Middle East, North Africa, Afghanistan & Pakistan",High income,59099.6653133601,76.3843414634146,2008121
KWT,Kuwait,2002,"Middle East, North Africa, Afghanistan & Pakistan",High income,59348.6172741565,76.5316341463415,2059974
KWT,Kuwait,2003,"Middle East, North Africa, Afghanistan & Pakistan",High income,67984.3145062554,76.6445609756098,2109881
KWT,Kuwait,2004,"Middle East, North Africa, Afghanistan & Pakistan",High income,73298.0621819477,76.7276829268293,2157320
KWT,Kuwait,2005,"Middle East, North Africa, Afghanistan & Pakistan",High income,78193.9012127585,76.8007804878049,2236788
KWT,Kuwait,2006,"Middle East, North Africa, Afghanistan & Pakistan",High income,79521.3484338455,76.8876829268293,2364733
KWT,Kuwait,2007,"Middle East, North Africa, Afghanistan & Pakistan",High income,79474.7611346377,77.0101707317073,2507887
KWT,Kuwait,2008,"Middle East, North Africa, Afghanistan & Pakistan",High income,77036.5083833055,77.1890487804878,2651421
KWT,Kuwait,2009,"Middle East, North Africa, Afghanistan & Pakistan",High income,67896.2680451995,77.4333658536585,2795484
KWT,Kuwait,2010,"Middle East, North Africa, Afghanistan & Pakistan",High income,62956.2152904125,77.7262195121951,2943372
KWT,Kuwait,2011,"Middle East, North Africa, Afghanistan & Pakistan",High income,64844.5019019408,78.052243902439,3132814
KWT,Kuwait,2012,"Middle East, North Africa, Afghanistan & Pakistan",High income,64908.262639237,78.3950243902439,3337109
KWT,Kuwait,2013,"Middle East, North Africa, Afghanistan & Pakistan",High income,62458.8089221249,78.7418048780488,3507844
KWT,Kuwait,2014,"Middle East, North Africa, Afghanistan & Pakistan",High income,60065.6544076232,79.0803414634146,3665876
KWT,Kuwait,2015,"Middle East, North Africa, Afghanistan & Pakistan",High income,57763.5174574395,79.3765609756098,3834574
KWT,Kuwait,2016,"Middle East, North Africa, Afghanistan & Pakistan",High income,56936.620842726,79.6775853658537,4004096
KWT,Kuwait,2017,"Middle East, North Africa, Afghanistan & Pakistan",High income,52285.5871175696,79.9160731707317,4154812
KWT,Kuwait,2018,"Middle East, North Africa, Afghanistan & Pakistan",High income,51623.8078622052,80.1063658536585,4323515
KWT,Kuwait,2019,"Middle East, North Africa, Afghanistan & Pakistan",High income,51380.6455354631,81.969756097561,4442316
KWT,Kuwait,2020,"Middle East, North Africa, Afghanistan & Pakistan",High income,49372.8187938552,78.7609756097561,4400267
KWT,Kuwait,2021,"Middle East, North Africa, Afghanistan & Pakistan",High income,50651.9575337091,78.7365853658537,4360865
KWT,Kuwait,2022,"Middle East, North Africa, Afghanistan & Pakistan",High income,51379.8833194119,80.5878048780488,4589643
KWT,Kuwait,2023,"Middle East, North Africa, Afghanistan & Pakistan",High income,47790.1933239144,83.1878048780488,4853420
KGZ,Kyrgyz Republic,2000,Europe & Central Asia,Lower middle income,3638.46314292227,68.5585365853659,4898362
KGZ,Kyrgyz Republic,2001,Europe & Central Asia,Lower middle income,3795.89059344129,68.7073170731707,4945073
KGZ,Kyrgyz Republic,2002,Europe & Central Asia,Lower middle income,3760.53239965257,68.1560975609756,4990704
KGZ,Kyrgyz Republic,2003,Europe & Central Asia,Lower middle income,3982.92722017802,68.2560975609756,5043308
KGZ,Kyrgyz Republic,2004,Europe & Central Asia,Lower middle income,4211.52248307857,68.1536585365854,5104713
KGZ,Kyrgyz Republic,2005,Europe & Central Asia,Lower middle income,4156.95849230116,67.9560975609756,5162640
KGZ,Kyrgyz Republic,2006,Europe & Central Asia,Lower middle income,4240.17017797554,67.6951219512195,5218373
KGZ,Kyrgyz Republic,2007,Europe & Central Asia,Lower middle income,4558.71267894172,67.8951219512195,5268385
KGZ,Kyrgyz Republic,2008,Europe & Central Asia,Lower middle income,4894.9427801376,68.4512195121951,5318729
KGZ,Kyrgyz Republic,2009,Europe & Central Asia,Lower middle income,4969.96132720374,69.1024390243903,5389643
KGZ,Kyrgyz Republic,2010,Europe & Central Asia,Lower middle income,4876.47964886483,69.3,5467059
KGZ,Kyrgyz Republic,2011,Europe & Central Asia,Lower middle income,5092.85165751678,69.6024390243903,5546587
KGZ,Kyrgyz Republic,2012,Europe & Central Asia,Lower middle income,4993.39431683528,70.0024390243902,5652076
KGZ,Kyrgyz Republic,2013,Europe & Central Asia,Lower middle income,5418.54061993935,70.2024390243902,5777150
KGZ,Kyrgyz Republic,2014,Europe & Central Asia,Lower middle income,5513.7544695252,70.4024390243902,5905848
KGZ,Kyrgyz Republic,2015,Europe & Central Asia,Lower middle income,5600.2143342846,70.6512195121951,6040036
KGZ,Kyrgyz Republic,2016,Europe & Central Asia,Lower middle income,5715.01041179003,70.9512195121951,6175338
KGZ,Kyrgyz Republic,2017,Europe & Central Asia,Lower middle income,5861.22200040503,71.2,6306696
KGZ,Kyrgyz Republic,2018,Europe & Central Asia,Lower middle income,5951.82876758606,71.4,6444079
KGZ,Kyrgyz Republic,2019,Europe & Central Asia,Lower middle income,6087.60193826927,71.6,6590211
KGZ,Kyrgyz Republic,2020,Europe & Central Asia,Lower middle income,5537.79547319377,71.8,6726596
KGZ,Kyrgyz Republic,2021,Europe & Central Asia,Lower middle income,5736.47883415154,71.9,6851224
KGZ,Kyrgyz Republic,2022,Europe & Central Asia,Lower middle income,6139.77788825006,72.0487804878049,6975220
KGZ,Kyrgyz Republic,2023,Europe & Central Asia,Lower middle income,6575.77541290499,72.2487804878049,7099750
LAO,Lao PDR,2000,East Asia & Pacific,Lower middle income,2899.01961879748,58.317,5431212
LAO,Lao PDR,2001,East Asia & Pacific,Lower middle income,3015.63258480614,58.887,5521482
LAO,Lao PDR,2002,East Asia & Pacific,Lower middle income,3143.22327579556,59.302,5610889
LAO,Lao PDR,2003,East Asia & Pacific,Lower middle income,3282.9853971272,59.643,5697945
LAO,Lao PDR,2004,East Asia & Pacific,Lower middle income,3441.16999706515,60.08,5781626
LAO,Lao PDR,2005,East Asia & Pacific,Lower middle income,3630.55878769378,60.688,5869523
LAO,Lao PDR,2006,East Asia & Pacific,Lower middle income,3881.53736632657,61.074,5963200
LAO,Lao PDR,2007,East Asia & Pacific,Lower middle income,4112.25301659759,61.694,6056236
LAO,Lao PDR,2008,East Asia & Pacific,Lower middle income,4367.162880257,62.248,6148969
LAO,Lao PDR,2009,East Asia & Pacific,Lower middle income,4625.07173324518,63.023,6241642
LAO,Lao PDR,2010,East Asia & Pacific,Lower middle income,4946.10563678173,63.69,6334194
LAO,Lao PDR,2011,East Asia & Pacific,Lower middle income,5266.87866924206,64.505,6426590
LAO,Lao PDR,2012,East Asia & Pacific,Lower middle income,5608.96956337059,65.126,6518978
LAO,Lao PDR,2013,East Asia & Pacific,Lower middle income,5974.47368943414,65.723,6611385
LAO,Lao PDR,2014,East Asia & Pacific,Lower middle income,6341.2122967032,66.35,6703172
LAO,Lao PDR,2015,East Asia & Pacific,Lower middle income,6703.74124348885,66.688,6801645
LAO,Lao PDR,2016,East Asia & Pacific,Lower middle income,7063.25545347926,67.014,6908802
LAO,Lao PDR,2017,East Asia & Pacific,Lower middle income,7432.4596330485,67.345,7018147
LAO,Lao PDR,2018,East Asia & Pacific,Lower middle income,7775.08574451883,67.594,7128045
LAO,Lao PDR,2019,East Asia & Pacific,Lower middle income,8075.27502377003,67.911,7237636
LAO,Lao PDR,2020,East Asia & Pacific,Lower middle income,7995.59502527818,68.339,7346533
LAO,Lao PDR,2021,East Asia & Pacific,Lower middle income,8080.43553249923,67.807,7453194
LAO,Lao PDR,2022,East Asia & Pacific,Lower middle income,8183.03286472653,68.715,7559007
LAO,Lao PDR,2023,East Asia & Pacific,Lower middle income,8372.15591874407,68.964,7664993
LVA,Latvia,2000,Europe & Central Asia,High income,14554.2131724037,70.3146341463415,2367550
LVA,Latvia,2001,Europe & Central Asia,High income,15695.906718153,70.7609756097561,2337170
LVA,Latvia,2002,Europe & Central Asia,High income,17096.5594440255,70.9609756097561,2310173
LVA,Latvia,2003,Europe & Central Asia,High income,18717.6675525538,71.2658536585366,2287955
LVA,Latvia,2004,Europe & Central Asia,High income,20574.118201251,72.0268292682927,2263122
LVA,Latvia,2005,Europe & Central Asia,High income,23213.3539355881,71.3560975609756,2238799
LVA,Latvia,2006,Europe & Central Asia,High income,26431.8140222767,70.8658536585366,2218357
LVA,Latvia,2007,Europe & Central Asia,High income,29423.7371235063,71.019512195122,2200325
LVA,Latvia,2008,Europe & Central Asia,High income,28726.9722869522,72.419512195122,2177322
LVA,Latvia,2009,Europe & Central Asia,High income,24520.6791475489,73.0804878048781,2141669
LVA,Latvia,2010,Europe & Central Asia,High income,24119.7307848939,73.4829268292683,2097555
LVA,Latvia,2011,Europe & Central Asia,High income,25308.7322074626,73.5756097560976,2059709
LVA,Latvia,2012,Europe & Central Asia,High income,27496.5454583635,73.7780487804878,2034319
LVA,Latvia,2013,Europe & Central Asia,High income,28375.1842887263,73.9829268292683,2012647
LVA,Latvia,2014,Europe & Central Asia,High income,29243.7412502629,74.1243902439024,1993782
LVA,Latvia,2015,Europe & Central Asia,High income,30599.6133134147,74.4804878048781,1977527
LVA,Latvia,2016,Europe & Central Asia,High income,31668.5148442662,74.580487804878,1959537
LVA,Latvia,2017,Europe & Central Asia,High income,33036.3915943437,74.6292682926829,1942248
LVA,Latvia,2018,Europe & Central Asia,High income,34729.7062763057,74.7829268292683,1927174
LVA,Latvia,2019,Europe & Central Asia,High income,35208.1934590859,75.3878048780488,1913822
LVA,Latvia,2020,Europe & Central Asia,High income,34225.8976044058,75.1853658536585,1900449
LVA,Latvia,2021,Europe & Central Asia,High income,36912.0130602161,72.9804878048781,1884490
LVA,Latvia,2022,Europe & Central Asia,High income,37718.7097958367,74.2780487804878,1879383
LVA,Latvia,2023,Europe & Central Asia,High income,37277.7217221317,75.4268292682927,1883710
LBN,Lebanon,2000,"Middle East, North Africa, Afghanistan & Pakistan",Lower middle income,11571.7326041085,73.895,4329340
LBN,Lebanon,2001,"Middle East, North Africa, Afghanistan & Pakistan",Lower middle income,11817.9305012844,74.354,4401918
LBN,Lebanon,2002,"Middle East, North Africa, Afghanistan & Pakistan",Lower middle income,12053.8341563826,74.836,4463504
LBN,Lebanon,2003,"Middle East, North Africa, Afghanistan & Pakistan",Lower middle income,12272.3440677497,75.275,4525508
LBN,Lebanon,2004,"Middle East, North Africa, Afghanistan & Pakistan",Lower middle income,12882.0757995163,75.693,4599279
LBN,Lebanon,2005,"Middle East, North Africa, Afghanistan & Pakistan",Lower middle income,13024.6648924956,76.074,4671102
LBN,Lebanon,2006,"Middle East, North Africa, Afghanistan & Pakistan",Lower middle income,13003.680803908,75.677,4751136
LBN,Lebanon,2007,"Middle East, North Africa, Afghanistan & Pakistan",Lower middle income,13941.5614244767,76.732,4844118
LBN,Lebanon,2008,"Middle East, North Africa, Afghanistan & Pakistan",Lower middle income,14955.1413563252,76.956,4925354
LBN,Lebanon,2009,"Middle East, North Africa, Afghanistan & Pakistan",Lower middle income,16264.3506182706,77.262,4992287
LBN,Lebanon,2010,"Middle East, North Africa, Afghanistan & Pakistan",Lower middle income,17390.7584012958,77.529,5041288
LBN,Lebanon,2011,"Middle East, North Africa, Afghanistan & Pakistan",Lower middle income,17353.1960845294,77.768,5096020
LBN,Lebanon,2012,"Middle East, North Africa, Afghanistan & Pakistan",Lower middle income,17323.3013764282,77.941,5235742
LBN,Lebanon,2013,"Middle East, North Africa, Afghanistan & Pakistan",Lower middle income,16396.4969302163,78.037,5743436
LBN,Lebanon,2014,"Middle East, North Africa, Afghanistan & Pakistan",Lower middle income,15205.873265402,78.148,6346990
LBN,Lebanon,2015,"Middle East, North Africa, Afghanistan & Pakistan",Lower middle income,14980.020515614,78.275,6472469
LBN,Lebanon,2016,"Middle East, North Africa, Afghanistan & Pakistan",Lower middle income,15572.3611739774,78.306,6323060
LBN,Lebanon,2017,"Middle East, North Africa, Afghanistan & Pakistan",Lower middle income,16128.5838196051,78.192,6160128
LBN,Lebanon,2018,"Middle East, North Africa, Afghanistan & Pakistan",Lower middle income,16290.0516478592,78.263,5984119
LBN,Lebanon,2019,"Middle East, North Africa, Afghanistan & Pakistan",Lower middle income,15659.5661040012,78.208,5794594
LBN,Lebanon,2020,"Middle East, North Africa, Afghanistan & Pakistan",Lower middle income,12507.4366368078,76.299,5702398
LBN,Lebanon,2021,"Middle East, North Africa, Afghanistan & Pakistan",Lower middle income,11599.7755083765,73.65,5718122
LBN,Lebanon,2022,"Middle East, North Africa, Afghanistan & Pakistan",Lower middle income,11474.7505845558,78.003,5744489
LBN,Lebanon,2023,"Middle East, North Africa, Afghanistan & Pakistan",Lower middle income,11330.2687387422,77.817,5773493
LSO,Lesotho,2000,Sub-Saharan Africa,Lower middle income,1932.15793223415,48.783,2003913
LSO,Lesotho,2001,Sub-Saharan Africa,Lower middle income,2004.03350215955,47.153,2000853
LSO,Lesotho,2002,Sub-Saharan Africa,Lower middle income,2024.78727304864,45.95,1994679
LSO,Lesotho,2003,Sub-Saharan Africa,Lower middle income,2127.37302160132,44.921,1985059
LSO,Lesotho,2004,Sub-Saharan Africa,Lower middle income,2178.66474674332,44.039,1971129
LSO,Lesotho,2005,Sub-Saharan Africa,Lower middle income,2275.01614419256,43.611,1953076
LSO,Lesotho,2006,Sub-Saharan Africa,Lower middle income,2381.02024562073,43.182,1945063
LSO,Lesotho,2007,Sub-Saharan Africa,Lower middle income,2470.31462127885,43.66,1953268
LSO,Lesotho,2008,Sub-Saharan Africa,Lower middle income,2589.16635854686,44.304,1966541
LSO,Lesotho,2009,Sub-Saharan Africa,Lower middle income,2538.19341751854,45.055,1980883
LSO,Lesotho,2010,Sub-Saharan Africa,Lower middle income,2651.37804898226,46.045,1996251
LSO,Lesotho,2011,Sub-Saharan Africa,Lower middle income,2749.31958166573,46.93,2014009
LSO,Lesotho,2012,Sub-Saharan Africa,Lower middle income,2894.22705048142,48.235,2034354
LSO,Lesotho,2013,Sub-Saharan Africa,Lower middle income,2914.37515966739,49.547,2056504
LSO,Lesotho,2014,Sub-Saharan Africa,Lower middle income,2930.61724036206,50.786,2080089
LSO,Lesotho,2015,Sub-Saharan Africa,Lower middle income,2986.95866729879,51.83,2104611
LSO,Lesotho,2016,Sub-Saharan Africa,Lower middle income,3057.26091568162,52.908,2130422
LSO,Lesotho,2017,Sub-Saharan Africa,Lower middle income,2924.68096193272,53.874,2157110
LSO,Lesotho,2018,Sub-Saharan Africa,Lower middle income,2846.41828124649,54.638,2183603
LSO,Lesotho,2019,Sub-Saharan Africa,Lower middle income,2773.28639887236,55.249,2209405
LSO,Lesotho,2020,Sub-Saharan Africa,Lower middle income,2517.11044486593,55.133,2235727
LSO,Lesotho,2021,Sub-Saharan Africa,Lower middle income,2544.78249551214,54.209,2261542
LSO,Lesotho,2022,Sub-Saharan Africa,Lower middle income,2577.54544127769,56.812,2286110
LSO,Lesotho,2023,Sub-Saharan Africa,Lower middle income,2592.4570129526,57.375,2311472
LBR,Liberia,2000,Sub-Saharan Africa,Low income,1868.17975587618,51.852,2928117
LBR,Liberia,2001,Sub-Saharan Africa,Low income,1867.11910921753,53.109,3015338
LBR,Liberia,2002,Sub-Saharan Africa,Low income,1887.64601570733,54.061,3094782
LBR,Liberia,2003,Sub-Saharan Africa,Low income,1308.15090140274,53.045,3119532
LBR,Liberia,2004,Sub-Saharan Africa,Low income,1326.53565502695,55.949,3156892
LBR,Liberia,2005,Sub-Saharan Africa,Low income,1335.61728880785,56.765,3301015
LBR,Liberia,2006,Sub-Saharan Africa,Low income,1364.60347323709,57.495,3490787
LBR,Liberia,2007,Sub-Saharan Africa,Low income,1422.10019670004,58.147,3669050
LBR,Liberia,2008,Sub-Saharan Africa,Low income,1463.12408187297,58.675,3821003
LBR,Liberia,2009,Sub-Saharan Africa,Low income,1492.99817384053,59.106,3943028
LBR,Liberia,2010,Sub-Saharan Africa,Low income,1538.85083488512,59.358,4058890
LBR,Liberia,2011,Sub-Saharan Africa,Low income,1601.03374045996,59.486,4221178
LBR,Liberia,2012,Sub-Saharan Africa,Low income,1668.97289588776,59.785,4373043
LBR,Liberia,2013,Sub-Saharan Africa,Low income,1774.5205777394,59.992,4470239
LBR,Liberia,2014,Sub-Saharan Africa,Low income,1750.1438489328,59.21,4564293
LBR,Liberia,2015,Sub-Saharan Africa,Low income,1714.09047960464,59.248,4659431
LBR,Liberia,2016,Sub-Saharan Africa,Low income,1653.31050211233,60.483,4755608
LBR,Liberia,2017,Sub-Saharan Africa,Low income,1661.30290782171,60.777,4848925
LBR,Liberia,2018,Sub-Saharan Africa,Low income,1647.97443793846,60.999,4944726
LBR,Liberia,2019,Sub-Saharan Africa,Low income,1575.76665001238,61.232,5043721
LBR,Liberia,2020,Sub-Saharan Africa,Low income,1497.37692436272,61.267,5149463
LBR,Liberia,2021,Sub-Saharan Africa,Low income,1539.20892304674,61.166,5259323
LBR,Liberia,2022,Sub-Saharan Africa,Low income,1578.99837069175,61.934,5373294
LBR,Liberia,2023,Sub-Saharan Africa,Low income,1616.92373356695,62.163,5493031
LBY,Libya,2000,"Middle East, North Africa, Afghanistan & Pakistan",Upper middle income,17747.0188855832,70.542,5305021
LBY,Libya,2001,"Middle East, North Africa, Afghanistan & Pakistan",Upper middle income,17115.9888564264,70.653,5403639
LBY,Libya,2002,"Middle East, North Africa, Afghanistan & Pakistan",Upper middle income,16629.4364346005,70.788,5508410
LBY,Libya,2003,"Middle East, North Africa, Afghanistan & Pakistan",Upper middle income,18422.7336032405,70.996,5619398
LBY,Libya,2004,"Middle East, North Africa, Afghanistan & Pakistan",Upper middle income,18851.2039109963,71.21,5736693
LBY,Libya,2005,"Middle East, North Africa, Afghanistan & Pakistan",Upper middle income,20649.4624580172,71.439,5858798
LBY,Libya,2006,"Middle East, North Africa, Afghanistan & Pakistan",Upper middle income,21545.2986384419,71.632,5980211
LBY,Libya,2007,"Middle East, North Africa, Afghanistan & Pakistan",Upper middle income,22422.0117594762,71.788,6104380
LBY,Libya,2008,"Middle East, North Africa, Afghanistan & Pakistan",Upper middle income,21915.1976208274,71.936,6235430
LBY,Libya,2009,"Middle East, North Africa, Afghanistan & Pakistan",Upper middle income,20518.9642412838,72.071,6366686
LBY,Libya,2010,"Middle East, North Africa, Afghanistan & Pakistan",Upper middle income,21115.5259846154,72.196,6497839
LBY,Libya,2011,"Middle East, North Africa, Afghanistan & Pakistan",Upper middle income,10741.9206751908,69.95,6343203
LBY,Libya,2012,"Middle East, North Africa, Afghanistan & Pakistan",Upper middle income,20601.0026641,72.188,6179328
LBY,Libya,2013,"Middle East, North Africa, Afghanistan & Pakistan",Upper middle income,16557.500941665,72.339,6304628
LBY,Libya,2014,"Middle East, North Africa, Afghanistan & Pakistan",Upper middle income,12499.0829968523,71.3,6427252
LBY,Libya,2015,"Middle East, North Africa, Afghanistan & Pakistan",Upper middle income,12195.3486990421,71.644,6531819
LBY,Libya,2016,"Middle East, North Africa, Afghanistan & Pakistan",Upper middle income,11831.8257669559,71.799,6632126
LBY,Libya,2017,"Middle East, North Africa, Afghanistan & Pakistan",Upper middle income,15428.1164411854,72.721,6738770
LBY,Libya,2018,"Middle East, North Africa, Afghanistan & Pakistan",Upper middle income,16385.164476127,73.151,6849055
LBY,Libya,2019,"Middle East, North Africa, Afghanistan & Pakistan",Upper middle income,14337.1962987582,72.941,6951033
LBY,Libya,2020,"Middle East, North Africa, Afghanistan & Pakistan",Upper middle income,9978.66400110743,72.388,7045399
LBY,Libya,2021,"Middle East, North Africa, Afghanistan & Pakistan",Upper middle income,12641.5097714075,72.062,7135175
LBY,Libya,2022,"Middle East, North Africa, Afghanistan & Pakistan",Upper middle income,11450.0598552928,74.462,7223805
LBY,Libya,2023,"Middle East, North Africa, Afghanistan & Pakistan",Upper middle income,12476.5974944083,69.339,7305659
LIE,Liechtenstein,2000,Europe & Central Asia,High income,,76.8268292682927,32645
LIE,Liechtenstein,2001,Europe & Central Asia,High income,,79.2756097560976,33194
LIE,Liechtenstein,2002,Europe & Central Asia,High income,,79.6365853658537,33694
LIE,Liechtenstein,2003,Europe & Central Asia,High income,,79.9609756097561,34079
LIE,Liechtenstein,2004,Europe & Central Asia,High income,,81.7707317073171,34447
LIE,Liechtenstein,2005,Europe & Central Asia,High income,,80.6682926829268,34753
LIE,Liechtenstein,2006,Europe & Central Asia,High income,,80.9487804878049,35037
LIE,Liechtenstein,2007,Europe & Central Asia,High income,,81.2951219512195,35262
LIE,Liechtenstein,2008,Europe & Central Asia,High income,,82.6829268292683,35473
LIE,Liechtenstein,2009,Europe & Central Asia,High income,,81.5,35742
LIE,Liechtenstein,2010,Europe & Central Asia,High income,,81.8414634146342,36022
LIE,Liechtenstein,2011,Europe & Central Asia,High income,,81.7926829268293,36312
LIE,Liechtenstein,2012,Europe & Central Asia,High income,,82.3829268292683,36657
LIE,Liechtenstein,2013,Europe & Central Asia,High income,,82.2609756097561,36984
LIE,Liechtenstein,2014,Europe & Central Asia,High income,,82.0731707317073,37248
LIE,Liechtenstein,2015,Europe & Central Asia,High income,,82.6560975609756,37494
LIE,Liechtenstein,2016,Europe & Central Asia,High income,,82.2585365853659,37716
LIE,Liechtenstein,2017,Europe & Central Asia,High income,,83.7463414634147,37962
LIE,Liechtenstein,2018,Europe & Central Asia,High income,,83.0414634146342,38246
LIE,Liechtenstein,2019,Europe & Central Asia,High income,,84.1609756097561,38563
LIE,Liechtenstein,2020,Europe & Central Asia,High income,,81.6585365853659,38901
LIE,Liechtenstein,2021,Europe & Central Asia,High income,,84.4024390243902,39182
LIE,Liechtenstein,2022,Europe & Central Asia,High income,,84.1219512195122,39493
LIE,Liechtenstein,2023,Europe & Central Asia,High income,,84.5951219512195,39846
LTU,Lithuania,2000,Europe & Central Asia,High income,15777.4293800236,72.0195121951219,3499536
LTU,Lithuania,2001,Europe & Central Asia,High income,16939.467059225,71.6585365853659,3470818
LTU,Lithuania,2002,Europe & Central Asia,High income,18223.4782620215,71.7609756097561,3443067
LTU,Lithuania,2003,Europe & Central Asia,High income,20310.7119582322,72.0609756097561,3415213
LTU,Lithuania,2004,Europe & Central Asia,High income,21875.6085796224,71.9609756097561,3377075
LTU,Lithuania,2005,Europe & Central Asia,High income,23953.8150681702,71.2536585365854,3322528
LTU,Lithuania,2006,Europe & Central Asia,High income,26139.2837773621,71.0560975609756,3269909
LTU,Lithuania,2007,Europe & Central Asia,High income,29381.9521464971,70.9,3231294
LTU,Lithuania,2008,Europe & Central Asia,High income,30457.3682543436,71.8121951219512,3198231
LTU,Lithuania,2009,Europe & Central Asia,High income,26227.5230201039,72.9146341463415,3162916
LTU,Lithuania,2010,Europe & Central Asia,High income,26897.7243702338,73.2682926829268,3097282
LTU,Lithuania,2011,Europe & Central Asia,High income,29251.8774718539,73.5634146341464,3028115
LTU,Lithuania,2012,Europe & Central Asia,High income,30932.0983180261,73.8634146341464,2989139
LTU,Lithuania,2013,Europe & Central Asia,High income,32487.0008217277,73.9146341463415,2961250
LTU,Lithuania,2014,Europe & Central Asia,High income,33988.0148951198,74.5170731707317,2937253
LTU,Lithuania,2015,Europe & Central Asia,High income,35264.7149248316,74.3219512195122,2911109
LTU,Lithuania,2016,Europe & Central Asia,High income,36632.0832798438,74.6707317073171,2877325
LTU,Lithuania,2017,Europe & Central Asia,High income,38789.2463179035,75.4804878048781,2842639
LTU,Lithuania,2018,Europe & Central Asia,High income,41035.4018152732,75.6804878048781,2819200
LTU,Lithuania,2019,Europe & Central Asia,High income,43078.7118585461,76.2829268292683,2811089
LTU,Lithuania,2020,Europe & Central Asia,High income,43108.1976060283,75.0292682926829,2810369
LTU,Lithuania,2021,Europe & Central Asia,High income,45897.3715026327,74.0365853658537,2808380
LTU,Lithuania,2022,Europe & Central Asia,High income,46642.5947251086,75.6439024390244,2831639
LTU,Lithuania,2023,Europe & Central Asia,High income,46333.9006965206,77.290243902439,2871585
LUX,Luxembourg,2000,Europe & Central Asia,High income,114148.353907645,77.8731707317073,436300
LUX,Luxembourg,2001,Europe & Central Asia,High income,116265.230369162,77.8243902439025,441525
LUX,Luxembourg,2002,Europe & Central Asia,High income,118764.331507238,77.9658536585366,446175
LUX,Luxembourg,2003,Europe & Central Asia,High income,120403.002017933,77.7268292682927,451630
LUX,Luxembourg,2004,Europe & Central Asia,High income,123725.755122536,79.1219512195122,458095
LUX,Luxembourg,2005,Europe & Central Asia,High income,124871.952523256,79.4317073170732,465158
LUX,Luxembourg,2006,Europe & Central Asia,High income,130290.174082751,79.2878048780488,472637
LUX,Luxembourg,2007,Europe & Central Asia,High income,138683.319852878,79.3829268292683,479993
LUX,Luxembourg,2008,Europe & Central Asia,High income,135814.608862354,80.5390243902439,488650
LUX,Luxembourg,2009,Europe & Central Asia,High income,129004.508948877,80.6365853658537,497783
LUX,Luxembourg,2010,Europe & Central Asia,High income,131434.360018803,80.6317073170732,506953
LUX,Luxembourg,2011,Europe & Central Asia,High income,129887.626962873,80.9878048780488,518347
LUX,Luxembourg,2012,Europe & Central Asia,High income,128897.403218507,81.3926829268293,530946
LUX,Luxembourg,2013,Europe & Central Asia,High income,129947.336184196,81.8,543360
LUX,Luxembourg,2014,Europe & Central Asia,High income,130249.550482759,82.2292682926829,556319
LUX,Luxembourg,2015,Europe & Central Asia,High income,130097.338289025,82.2926829268293,569604
LUX,Luxembourg,2016,Europe & Central Asia,High income,133661.734541281,82.6853658536585,582014
LUX,Luxembourg,2017,Europe & Central Asia,High income,132169.829576174,82.0951219512195,596336
LUX,Luxembourg,2018,Europe & Central Asia,High income,131733.884471489,82.2951219512195,607950
LUX,Luxembourg,2019,Europe & Central Asia,High income,132724.754668303,82.6390243902439,620001
LUX,Luxembourg,2020,Europe & Central Asia,High income,129865.631871124,82.1439024390244,630419
LUX,Luxembourg,2021,Europe & Central Asia,High income,136772.443753292,82.5975609756098,640064
LUX,Luxembourg,2022,Europe & Central Asia,High income,132570.832272626,82.9463414634147,653103
LUX,Luxembourg,2023,Europe & Central Asia,High income,130048.922273147,83.309756097561,666430
MAC,"Macao SAR, China",2000,East Asia & Pacific,High income,55994.760697993,80.1829268292683,430600
MAC,"Macao SAR, China",2001,East Asia & Pacific,High income,57173.8590987063,80.5878048780488,433900
MAC,"Macao SAR, China",2002,East Asia & Pacific,High income,61625.9560068114,80.9463414634146,438400
MAC,"Macao SAR, China",2003,East Asia & Pacific,High income,67994.777526459,81.0439024390244,443600
MAC,"Macao SAR, China",2004,East Asia & Pacific,High income,84004.4558061302,80.9926829268293,454700
MAC,"Macao SAR, China",2005,East Asia & Pacific,High income,87185.5254441553,81.3414634146341,473500
MAC,"Macao SAR, China",2006,East Asia & Pacific,High income,93828.3198758417,81.7292682926829,498900
MAC,"Macao SAR, China",2007,East Asia & Pacific,High income,102879.639164559,81.7292682926829,520900
MAC,"Macao SAR, China",2008,East Asia & Pacific,High income,102474.668562926,82.0268292682927,540700
MAC,"Macao SAR, China",2009,East Asia & Pacific,High income,104911.140336462,82.1756097560976,535000
MAC,"Macao SAR, China",2010,East Asia & Pacific,High income,130758.2806979,82.2731707317073,537000
MAC,"Macao SAR, China",2011,East Asia & Pacific,High income,155385.324208541,82.4707317073171,549600
MAC,"Macao SAR, China",2012,East Asia & Pacific,High income,164239.261923457,82.4707317073171,567900
MAC,"Macao SAR, China",2013,East Asia & Pacific,High income,174569.523171267,82.7219512195122,591900
MAC,"Macao SAR, China",2014,East Asia & Pacific,High income,162813.439348589,83.0219512195122,621700
MAC,"Macao SAR, China",2015,East Asia & Pacific,High income,123194.067291275,83.2243902439024,642900
MAC,"Macao SAR, China",2016,East Asia & Pacific,High income,120530.052858314,83.2756097560976,652500
MAC,"Macao SAR, China",2017,East Asia & Pacific,High income,133322.632677744,83.5268292682927,648400
MAC,"Macao SAR, China",2018,East Asia & Pacific,High income,139541.157248769,83.6780487804878,658900
MAC,"Macao SAR, China",2019,East Asia & Pacific,High income,133453.896026037,83.9292682926829,672000
MAC,"Macao SAR, China",2020,East Asia & Pacific,High income,59662.4855864551,84.1292682926829,685400
MAC,"Macao SAR, China",2021,East Asia & Pacific,High income,73374.4486829589,83.7292682926829,682500
MAC,"Macao SAR, China",2022,East Asia & Pacific,High income,59921.441691873,83.0804878048781,677300
MAC,"Macao SAR, China",2023,East Asia & Pacific,High income,104815.20003062,83.1804878048781,678800
MDG,Madagascar,2000,Sub-Saharan Africa,Low income,1701.44320253582,57.974,16516338
MDG,Madagascar,2001,Sub-Saharan Africa,Low income,1748.50350929178,58.674,17032939
MDG,Madagascar,2002,Sub-Saharan Africa,Low income,1486.43429741771,59.17,17549913
MDG,Madagascar,2003,Sub-Saharan Africa,Low income,1584.74925232364,59.693,18071854
MDG,Madagascar,2004,Sub-Saharan Africa,Low income,1620.11953793293,60.168,18606608
MDG,Madagascar,2005,Sub-Saharan Africa,Low income,1648.17631554009,60.664,19159707
MDG,Madagascar,2006,Sub-Saharan Africa,Low income,1686.86335460016,61.14,19730909
MDG,Madagascar,2007,Sub-Saharan Africa,Low income,1731.61751794976,61.533,20318583
MDG,Madagascar,2008,Sub-Saharan Africa,Low income,1794.40235887329,61.992,20923840
MDG,Madagascar,2009,Sub-Saharan Africa,Low income,1673.15551466723,62.304,21547280
MDG,Madagascar,2010,Sub-Saharan Africa,Low income,1635.24511473059,62.597,22183340
MDG,Madagascar,2011,Sub-Saharan Africa,Low income,1614.55137773785,62.86,22822300
MDG,Madagascar,2012,Sub-Saharan Africa,Low income,1617.79082882481,63.007,23462438
MDG,Madagascar,2013,Sub-Saharan Africa,Low income,1610.6023078966,63.161,24109290
MDG,Madagascar,2014,Sub-Saharan Africa,Low income,1620.357889066,63.261,24764348
MDG,Madagascar,2015,Sub-Saharan Africa,Low income,1627.5806134224,63.362,25426702
MDG,Madagascar,2016,Sub-Saharan Africa,Low income,1648.91226979296,63.431,26099952
MDG,Madagascar,2017,Sub-Saharan Africa,Low income,1669.72764267278,63.433,26788375
MDG,Madagascar,2018,Sub-Saharan Africa,Low income,1678.78623269491,63.491,27494926
MDG,Madagascar,2019,Sub-Saharan Africa,Low income,1707.83153830039,63.504,28219554
MDG,Madagascar,2020,Sub-Saharan Africa,Low income,1545.72714379204,62.706,28953556
MDG,Madagascar,2021,Sub-Saharan Africa,Low income,1577.43246056529,62.516,29691083
MDG,Madagascar,2022,Sub-Saharan Africa,Low income,1602.42805197529,63.068,30437261
MDG,Madagascar,2023,Sub-Saharan Africa,Low income,1629.6055225489,63.632,31195932
MWI,Malawi,2000,Sub-Saharan Africa,Low income,1239.39174838676,46.17,11315942
MWI,Malawi,2001,Sub-Saharan Africa,Low income,1149.58039601898,47.205,11593058
MWI,Malawi,2002,Sub-Saharan Africa,Low income,1140.84274642418,48.176,11880440
MWI,Malawi,2003,Sub-Saharan Africa,Low income,1176.12385998737,49.601,12181574
MWI,Malawi,2004,Sub-Saharan Africa,Low income,1208.2196975075,51.073,12500737
MWI,Malawi,2005,Sub-Saharan Africa,Low income,1214.7426419188,52.469,12840031
MWI,Malawi,2006,Sub-Saharan Africa,Low income,1237.27386519947,53.652,13198701
MWI,Malawi,2007,Sub-Saharan Africa,Low income,1318.33196397214,54.687,13576343
MWI,Malawi,2008,Sub-Saharan Africa,Low income,1378.42886690465,55.715,13976417
MWI,Malawi,2009,Sub-Saharan Africa,Low income,1449.72601522136,56.714,14395788
MWI,Malawi,2010,Sub-Saharan Africa,Low income,1504.37514113215,57.787,14826463
MWI,Malawi,2011,Sub-Saharan Africa,Low income,1533.22889572405,58.859,15265022
MWI,Malawi,2012,Sub-Saharan Africa,Low income,1518.14803849238,59.87,15709577
MWI,Malawi,2013,Sub-Saharan Africa,Low income,1555.50607410511,60.816,16161816
MWI,Malawi,2014,Sub-Saharan Africa,Low income,1597.56484331405,61.651,16621538
MWI,Malawi,2015,Sub-Saharan Africa,Low income,1597.69145324855,62.324,17085587
MWI,Malawi,2016,Sub-Saharan Africa,Low income,1593.59549264808,63.163,17557739
MWI,Malawi,2017,Sub-Saharan Africa,Low income,1613.0593571462,63.914,18039715
MWI,Malawi,2018,Sub-Saharan Africa,Low income,1638.91665761076,64.464,18528081
MWI,Malawi,2019,Sub-Saharan Africa,Low income,1687.28944917892,64.995,19025752
MWI,Malawi,2020,Sub-Saharan Africa,Low income,1656.43985192533,65.216,19533888
MWI,Malawi,2021,Sub-Saharan Africa,Low income,1687.59358179651,64.782,20047258
MWI,Malawi,2022,Sub-Saharan Africa,Low income,1659.95933825168,66.037,20568728
MWI,Malawi,2023,Sub-Saharan Africa,Low income,1649.29873234551,67.353,21104482
MYS,Malaysia,2000,East Asia & Pacific,Upper middle income,18532.9096706227,72.732,22967816
MYS,Malaysia,2001,East Asia & Pacific,Upper middle income,18186.4411330146,73.08,23526538
MYS,Malaysia,2002,East Asia & Pacific,Upper middle income,18708.8694877279,73.469,24102477
MYS,Malaysia,2003,East Asia & Pacific,Upper middle income,19329.0062757538,73.727,24679602
MYS,Malaysia,2004,East Asia & Pacific,Upper middle income,20168.5062099425,74.027,25256772
MYS,Malaysia,2005,East Asia & Pacific,Upper middle income,20767.5857243346,74.37,25836071
MYS,Malaysia,2006,East Asia & Pacific,Upper middle income,21444.4857715028,74.697,26417909
MYS,Malaysia,2007,East Asia & Pacific,Upper middle income,22305.118263117,74.961,26998389
MYS,Malaysia,2008,East Asia & Pacific,Upper middle income,22898.0027575442,75.151,27570059
MYS,Malaysia,2009,East Asia & Pacific,Upper middle income,22106.6417311801,75.269,28124778
MYS,Malaysia,2010,East Asia & Pacific,Upper middle income,23307.9698543785,75.376,28655776
MYS,Malaysia,2011,East Asia & Pacific,Upper middle income,24115.8181203958,75.488,29162039
MYS,Malaysia,2012,East Asia & Pacific,Upper middle income,25006.3587781537,75.552,29662831
MYS,Malaysia,2013,East Asia & Pacific,Upper middle income,25736.3525554142,75.464,30174265
MYS,Malaysia,2014,East Asia & Pacific,Upper middle income,26818.4317281659,75.345,30696137
MYS,Malaysia,2015,East Asia & Pacific,Upper middle income,27699.6278860387,75.288,31232798
MYS,Malaysia,2016,East Asia & Pacific,Upper middle income,28425.3707609412,75.371,31789685
MYS,Malaysia,2017,East Asia & Pacific,Upper middle income,29551.5457597197,75.542,32355644
MYS,Malaysia,2018,East Asia & Pacific,Upper middle income,30459.9655338061,75.734,32910967
MYS,Malaysia,2019,East Asia & Pacific,Upper middle income,31300.5086554849,75.9,33440596
MYS,Malaysia,2020,East Asia & Pacific,Upper middle income,29200.452632127,76.057,33889558
MYS,Malaysia,2021,East Asia & Pacific,Upper middle income,29822.8491831618,73.917,34282399
MYS,Malaysia,2022,East Asia & Pacific,Upper middle income,32129.2217820113,75.444,34695493
MYS,Malaysia,2023,East Asia & Pacific,Upper middle income,32857.6676600774,76.657,35126298
MDV,Maldives,2000,South Asia,Upper middle income,13738.2809408875,70.892,282019
MDV,Maldives,2001,South Asia,Upper middle income,12977.9990665612,71.659,286767
MDV,Maldives,2002,South Asia,Upper middle income,13689.8065561949,72.36,291616
MDV,Maldives,2003,South Asia,Upper middle income,15316.1192814998,73.263,296491
MDV,Maldives,2004,South Asia,Upper middle income,15958.6557759464,73.008,301413
MDV,Maldives,2005,South Asia,Upper middle income,13942.8753891662,74.785,306429
MDV,Maldives,2006,South Asia,Upper middle income,16829.9768208157,75.256,313851
MDV,Maldives,2007,South Asia,Upper middle income,17439.9504862625,75.711,324479
MDV,Maldives,2008,South Asia,Upper middle income,18344.4866455436,75.999,336170
MDV,Maldives,2009,South Asia,Upper middle income,16230.0089361263,76.371,348275
MDV,Maldives,2010,South Asia,Upper middle income,16730.0144200167,76.756,360792
MDV,Maldives,2011,South Asia,Upper middle income,17581.7676697752,77.141,373674
MDV,Maldives,2012,South Asia,Upper middle income,17390.1474995422,77.512,386818
MDV,Maldives,2013,South Asia,Upper middle income,17986.8907361645,77.847,400070
MDV,Maldives,2014,South Asia,Upper middle income,18765.3592118344,78.187,413617
MDV,Maldives,2015,South Asia,Upper middle income,18829.4481529112,78.607,428154
MDV,Maldives,2016,South Asia,Upper middle income,19345.1792343541,78.913,443308
MDV,Maldives,2017,South Asia,Upper middle income,20036.7165354949,79.228,458287
MDV,Maldives,2018,South Asia,Upper middle income,21072.5805249694,79.433,473099
MDV,Maldives,2019,South Asia,Upper middle income,21855.501224579,79.707,487731
MDV,Maldives,2020,South Asia,Upper middle income,14242.9750701162,78.713,502118
MDV,Maldives,2021,South Asia,Upper middle income,19052.6224904311,78.052,516154
MDV,Maldives,2022,South Asia,Upper middle income,21357.8112511153,80.76,524106
MDV,Maldives,2023,South Asia,Upper middle income,22333.0477138175,81.041,525994
MLI,Mali,2000,Sub-Saharan Africa,Low income,2187.71894207161,50.605,11559290
MLI,Mali,2001,Sub-Saharan Africa,Low income,2458.46155673065,51.3,11912158
MLI,Mali,2002,Sub-Saharan Africa,Low income,2455.61935702417,51.995,12288050
MLI,Mali,2003,Sub-Saharan Africa,Low income,2611.8368552722,52.632,12684955
MLI,Mali,2004,Sub-Saharan Africa,Low income,2565.9774456147,53.253,13102409
MLI,Mali,2005,Sub-Saharan Africa,Low income,2546.33281405861,53.792,13538647
MLI,Mali,2006,Sub-Saharan Africa,Low income,2555.07476258805,54.305,13990139
MLI,Mali,2007,Sub-Saharan Africa,Low income,2515.94692366143,54.756,14457775
MLI,Mali,2008,Sub-Saharan Africa,Low income,2523.19961270039,55.187,14940782
MLI,Mali,2009,Sub-Saharan Africa,Low income,2575.54549773648,55.588,15435539
MLI,Mali,2010,Sub-Saharan Africa,Low income,2632.2646821909,55.993,15945198
MLI,Mali,2011,Sub-Saharan Africa,Low income,2623.34627008698,56.367,16469049
MLI,Mali,2012,Sub-Saharan Africa,Low income,2520.52931086804,56.696,16957033
MLI,Mali,2013,Sub-Saharan Africa,Low income,2528.5300676726,57.052,17459615
MLI,Mali,2014,Sub-Saharan Africa,Low income,2609.16733048395,57.482,18020267
MLI,Mali,2015,Sub-Saharan Africa,Low income,2686.56065073799,57.852,18593022
MLI,Mali,2016,Sub-Saharan Africa,Low income,2759.11051293341,58.286,19191289
MLI,Mali,2017,Sub-Saharan Africa,Low income,2816.19423901587,58.562,19813011
MLI,Mali,2018,Sub-Saharan Africa,Low income,2862.40728987476,58.873,20442030
MLI,Mali,2019,Sub-Saharan Africa,Low income,2916.17167791084,59.217,21068405
MLI,Mali,2020,Sub-Saharan Africa,Low income,2796.41038444386,58.858,21713836
MLI,Mali,2021,Sub-Saharan Africa,Low income,2796.22793795431,59.116,22388630
MLI,Mali,2022,Sub-Saharan Africa,Low income,2813.81095962565,60.035,23072640
MLI,Mali,2023,Sub-Saharan Africa,Low income,2861.48058063314,60.439,23769127
MLT,Malta,2000,"Middle East, North Africa, Afghanistan & Pakistan",High income,31068.0784498241,78.3487804878049,390087
MLT,Malta,2001,"Middle East, North Africa, Afghanistan & Pakistan",High income,30602.1099973654,78.8439024390244,393028
MLT,Malta,2002,"Middle East, North Africa, Afghanistan & Pakistan",High income,31207.4322052709,78.7390243902439,395969
MLT,Malta,2003,"Middle East, North Africa, Afghanistan & Pakistan",High income,32147.8757483202,78.5463414634146,398582
MLT,Malta,2004,"Middle East, North Africa, Afghanistan & Pakistan",High income,32062.7641222076,79.2536585365854,401268
MLT,Malta,2005,"Middle East, North Africa, Afghanistan & Pakistan",High income,32776.9683721182,79.3,403834
MLT,Malta,2006,"Middle East, North Africa, Afghanistan & Pakistan",High income,33420.7141096927,79.4390243902439,405308
MLT,Malta,2007,"Middle East, North Africa, Afghanistan & Pakistan",High income,34981.7020970372,79.7926829268293,406724
MLT,Malta,2008,"Middle East, North Africa, Afghanistan & Pakistan",High income,36287.726099619,79.6365853658537,409379
MLT,Malta,2009,"Middle East, North Africa, Afghanistan & Pakistan",High income,35512.6774555483,80.2414634146342,412477
MLT,Malta,2010,"Middle East, North Africa, Afghanistan & Pakistan",High income,37528.7341525511,81.3975609756098,414508
MLT,Malta,2011,"Middle East, North Africa, Afghanistan & Pakistan",High income,37740.8473665429,80.7463414634146,416268
MLT,Malta,2012,"Middle East, North Africa, Afghanistan & Pakistan",High income,38937.1487755674,80.7463414634146,420028
MLT,Malta,2013,"Middle East, North Africa, Afghanistan & Pakistan",High income,40921.3167795062,81.7463414634146,424810
MLT,Malta,2014,"Middle East, North Africa, Afghanistan & Pakistan",High income,43163.1473000396,81.8951219512195,433481
MLT,Malta,2015,"Middle East, North Africa, Afghanistan & Pakistan",High income,46171.8893420758,81.7975609756098,444220
MLT,Malta,2016,"Middle East, North Africa, Afghanistan & Pakistan",High income,46967.3486291212,82.3536585365854,454505
MLT,Malta,2017,"Middle East, North Africa, Afghanistan & Pakistan",High income,51628.2677400365,82.1951219512195,467106
MLT,Malta,2018,"Middle East, North Africa, Afghanistan & Pakistan",High income,53419.0022708322,82.2487804878049,483903
MLT,Malta,2019,"Middle East, North Africa, Afghanistan & Pakistan",High income,53393.4231642463,82.6585365853659,503912
MLT,Malta,2020,"Middle East, North Africa, Afghanistan & Pakistan",High income,50389.6963309289,82.0975609756098,515490
MLT,Malta,2021,"Middle East, North Africa, Afghanistan & Pakistan",High income,56823.9958525022,82.2585365853659,518150
MLT,Malta,2022,"Middle East, North Africa, Afghanistan & Pakistan",High income,56874.4339327368,82.2975609756098,531113
MLT,Malta,2023,"Middle East, North Africa, Afghanistan & Pakistan",High income,60459.7655182644,83.3560975609756,552747
MHL,Marshall Islands,2000,East Asia & Pacific,Upper middle income,3772.69913192999,63.323,50706
MHL,Marshall Islands,2001,East Asia & Pacific,Upper middle income,4001.24312059454,63.735,51123
MHL,Marshall Islands,2002,East Asia & Pacific,Upper middle income,4122.36777186234,63.848,51425
MHL,Marshall Islands,2003,East Asia & Pacific,Upper middle income,4041.17284358405,63.956,51639
MHL,Marshall Islands,2004,East Asia & Pacific,Upper middle income,4012.85859698975,64.044,51791
MHL,Marshall Islands,2005,East Asia & Pacific,Upper middle income,4075.6807928036,64.112,51906
MHL,Marshall Islands,2006,East Asia & Pacific,Upper middle income,4076.09863045701,64.207,51992
MHL,Marshall Islands,2007,East Asia & Pacific,Upper middle income,4222.95393537643,64.259,52035
MHL,Marshall Islands,2008,East Asia & Pacific,Upper middle income,3903.80571323423,64.3,52030
MHL,Marshall Islands,2009,East Asia & Pacific,Upper middle income,4047.74537243531,64.395,52019
MHL,Marshall Islands,2010,East Asia & Pacific,Upper middle income,4269.9054604506,64.498,52044
MHL,Marshall Islands,2011,East Asia & Pacific,Upper middle income,4259.66173142969,64.641,51907
MHL,Marshall Islands,2012,East Asia & Pacific,Upper middle income,4244.58812838612,64.776,51419
MHL,Marshall Islands,2013,East Asia & Pacific,Upper middle income,4470.42630092843,64.954,50681
MHL,Marshall Islands,2014,East Asia & Pacific,Upper middle income,4492.56749211821,65.11,49796
MHL,Marshall Islands,2015,East Asia & Pacific,Upper middle income,4670.70755785577,65.292,48800
MHL,Marshall Islands,2016,East Asia & Pacific,Upper middle income,4897.14934002038,65.477,47709
MHL,Marshall Islands,2017,East Asia & Pacific,Upper middle income,5200.01066532485,65.673,46529
MHL,Marshall Islands,2018,East Asia & Pacific,Upper middle income,5636.02954937672,65.87,45285
MHL,Marshall Islands,2019,East Asia & Pacific,Upper middle income,6405.89632387105,66.047,44007
MHL,Marshall Islands,2020,East Asia & Pacific,Upper middle income,6418.00663822416,65.387,42706
MHL,Marshall Islands,2021,East Asia & Pacific,Upper middle income,6768.82579129624,65.421,41367
MHL,Marshall Islands,2022,East Asia & Pacific,Upper middle income,6937.75357050514,66.725,40077
MHL,Marshall Islands,2023,East Asia & Pacific,Upper middle income,6774.78265578378,66.945,38827
MRT,Mauritania,2000,Sub-Saharan Africa,Lower middle income,5008.60806518774,61.044,2613441
MRT,Mauritania,2001,Sub-Saharan Africa,Lower middle income,4847.41085992453,61.662,2678760
MRT,Mauritania,2002,Sub-Saharan Africa,Lower middle income,4806.89853329148,62.249,2738655
MRT,Mauritania,2003,Sub-Saharan Africa,Lower middle income,5023.65213216804,62.805,2802046
MRT,Mauritania,2004,Sub-Saharan Africa,Lower middle income,5139.22552032468,63.369,2868664
MRT,Mauritania,2005,Sub-Saharan Africa,Lower middle income,5445.82950903243,63.92,2939059
MRT,Mauritania,2006,Sub-Saharan Africa,Lower middle income,6284.70209004217,64.493,3013660
MRT,Mauritania,2007,Sub-Saharan Africa,Lower middle income,6002.77832134488,64.885,3093059
MRT,Mauritania,2008,Sub-Saharan Africa,Lower middle income,5813.35608502791,65.233,3183269
MRT,Mauritania,2009,Sub-Saharan Africa,Lower middle income,5639.78744910419,65.485,3284448
MRT,Mauritania,2010,Sub-Saharan Africa,Lower middle income,5605.76388862715,65.661,3390965
MRT,Mauritania,2011,Sub-Saharan Africa,Lower middle income,5653.21720092427,65.754,3502811
MRT,Mauritania,2012,Sub-Saharan Africa,Lower middle income,5716.25195414285,65.808,3619034
MRT,Mauritania,2013,Sub-Saharan Africa,Lower middle income,5769.72870902318,65.89,3734318
MRT,Mauritania,2014,Sub-Saharan Africa,Lower middle income,5837.85203095508,66.207,3848514
MRT,Mauritania,2015,Sub-Saharan Africa,Lower middle income,5969.54239289516,66.498,3965959
MRT,Mauritania,2016,Sub-Saharan Africa,Lower middle income,5866.28144674129,66.823,4086657
MRT,Mauritania,2017,Sub-Saharan Africa,Lower middle income,6050.62180325299,67.088,4210600
MRT,Mauritania,2018,Sub-Saharan Africa,Lower middle income,6153.63790241704,67.419,4337685
MRT,Mauritania,2019,Sub-Saharan Africa,Lower middle income,6162.21044455969,67.64,4467708
MRT,Mauritania,2020,Sub-Saharan Africa,Lower middle income,5963.23549724988,66.794,4600131
MRT,Mauritania,2021,Sub-Saharan Africa,Lower middle income,5836.56580821897,66.762,4734874
MRT,Mauritania,2022,Sub-Saharan Africa,Lower middle income,6053.26178124768,68.281,4875637
MRT,Mauritania,2023,Sub-Saharan Africa,Lower middle income,6276.47521075653,68.484,5022441
MUS,Mauritius,2000,Sub-Saharan Africa,Upper middle income,13373.655799097,71.6634146341463,1186873
MUS,Mauritius,2001,Sub-Saharan Africa,Upper middle income,13712.5793901042,71.7658536585366,1196287
MUS,Mauritius,2002,Sub-Saharan Africa,Upper middle income,13837.6258025605,71.9658536585366,1204621
MUS,Mauritius,2003,Sub-Saharan Africa,Upper middle income,14551.8784442579,72.1170731707317,1213370
MUS,Mauritius,2004,Sub-Saharan Africa,Upper middle income,15087.0687832797,72.2658536585366,1221003
MUS,Mauritius,2005,Sub-Saharan Africa,Upper middle income,15264.5981839157,72.4321951219512,1228254
MUS,Mauritius,2006,Sub-Saharan Africa,Upper middle income,15932.8192222795,72.4321951219512,1233996
MUS,Mauritius,2007,Sub-Saharan Africa,Upper middle income,16774.5685137565,72.5707317073171,1239630
MUS,Mauritius,2008,Sub-Saharan Africa,Upper middle income,17627.1121948078,72.5707317073171,1244121
MUS,Mauritius,2009,Sub-Saharan Africa,Upper middle income,18171.6870025783,72.8824390243903,1247429
MUS,Mauritius,2010,Sub-Saharan Africa,Upper middle income,18925.5713852829,72.9673170731707,1250400
MUS,Mauritius,2011,Sub-Saharan Africa,Upper middle income,19678.6022639733,73.2668292682927,1252404
MUS,Mauritius,2012,Sub-Saharan Africa,Upper middle income,20313.0328941469,73.8634146341464,1255882
MUS,Mauritius,2013,Sub-Saharan Africa,Upper middle income,20952.3775734986,74.0170731707317,1258927
MUS,Mauritius,2014,Sub-Saharan Africa,Upper middle income,21721.3096444788,74.1943902439024,1261208
MUS,Mauritius,2015,Sub-Saharan Africa,Upper middle income,22499.0254570551,74.3531707317073,1262879
MUS,Mauritius,2016,Sub-Saharan Africa,Upper middle income,23357.230006621,74.3948780487805,1263747
MUS,Mauritius,2017,Sub-Saharan Africa,Upper middle income,24258.988821567,74.5146341463415,1264887
MUS,Mauritius,2018,Sub-Saharan Africa,Upper middle income,25243.886462031,74.4163414634146,1265577
MUS,Mauritius,2019,Sub-Saharan Africa,Upper middle income,25958.4900281465,74.2358536585366,1265985
MUS,Mauritius,2020,Sub-Saharan Africa,Upper middle income,22272.5398696677,74.1770731707317,1266014
MUS,Mauritius,2021,Sub-Saharan Africa,Upper middle income,23010.2013826906,73.680243902439,1266334
MUS,Mauritius,2022,Sub-Saharan Africa,Upper middle income,25005.0666145723,73.5146341463415,1262523
MUS,Mauritius,2023,Sub-Saharan Africa,Upper middle income,26471.0351422892,73.4121951219512,1248647
MEX,Mexico,2000,Latin America & Caribbean,Upper middle income,20470.4937669158,72.562,98625552
MEX,Mexico,2001,Latin America & Caribbean,Upper middle income,20078.2183931307,72.912,100099099
MEX,Mexico,2002,Latin America & Caribbean,Upper middle income,19744.7933675609,73.106,101548624
MEX,Mexico,2003,Latin America & Caribbean,Upper middle income,19701.4633898714,73.308,102978515
MEX,Mexico,2004,Latin America & Caribbean,Upper middle income,20127.2242902968,73.432,104394131
MEX,Mexico,2005,Latin America & Caribbean,Upper middle income,20277.2552852007,73.627,105811504
MEX,Mexico,2006,Latin America & Caribbean,Upper middle income,20965.8256087044,73.746,107253666
MEX,Mexico,2007,Latin America & Caribbean,Upper middle income,21102.2688338349,73.796,108774360
MEX,Mexico,2008,Latin America & Caribbean,Upper middle income,20992.5602662364,73.695,110374288
MEX,Mexico,2009,Latin America & Caribbean,Upper middle income,19385.5437251877,73.628,111999721
MEX,Mexico,2010,Latin America & Caribbean,Upper middle income,20058.3854882301,73.718,113623895
MEX,Mexico,2011,Latin America & Caribbean,Upper middle income,20457.6001677783,73.921,115243504
MEX,Mexico,2012,Latin America & Caribbean,Upper middle income,20898.935720908,74.128,116818208
MEX,Mexico,2013,Latin America & Caribbean,Upper middle income,20805.3480406564,74.289,118343573
MEX,Mexico,2014,Latin America & Caribbean,Upper middle income,21069.7661653886,74.404,119784261
MEX,Mexico,2015,Latin America & Caribbean,Upper middle income,21408.9283216195,74.431,121072306
MEX,Mexico,2016,Latin America & Caribbean,Upper middle income,21578.263354126,74.376,122251351
MEX,Mexico,2017,Latin America & Caribbean,Upper middle income,21777.5225127275,74.261,123400057
MEX,Mexico,2018,Latin America & Caribbean,Upper middle income,21997.7730219494,74.301,124573711
MEX,Mexico,2019,Latin America & Caribbean,Upper middle income,21704.185952748,74.53,125762982
MEX,Mexico,2020,Latin America & Caribbean,Upper middle income,19728.4817827455,70.449,126799054
MEX,Mexico,2021,Latin America & Caribbean,Upper middle income,20782.5877440905,69.75,127648148
MEX,Mexico,2022,Latin America & Caribbean,Upper middle income,21391.8573698845,73.973,128613117
MEX,Mexico,2023,Latin America & Caribbean,Upper middle income,21864.9236104145,75.069,129739759
FSM,"Micronesia, Fed. Sts.",2000,East Asia & Pacific,Upper middle income,3563.89180484484,64.317,112044
FSM,"Micronesia, Fed. Sts.",2001,East Asia & Pacific,Upper middle income,3618.3939602241,64.801,112365
FSM,"Micronesia, Fed. Sts.",2002,East Asia & Pacific,Upper middle income,3631.74876153373,63.907,112448
FSM,"Micronesia, Fed. Sts.",2003,East Asia & Pacific,Upper middle income,3701.13265140057,64.915,112285
FSM,"Micronesia, Fed. Sts.",2004,East Asia & Pacific,Upper middle income,3594.57718999286,64.898,111925
FSM,"Micronesia, Fed. Sts.",2005,East Asia & Pacific,Upper middle income,3710.19849742597,64.906,111412
FSM,"Micronesia, Fed. Sts.",2006,East Asia & Pacific,Upper middle income,3717.65782403635,64.859,110729
FSM,"Micronesia, Fed. Sts.",2007,East Asia & Pacific,Upper middle income,3684.20209326281,64.844,109880
FSM,"Micronesia, Fed. Sts.",2008,East Asia & Pacific,Upper middle income,3622.04886559734,64.849,108936
FSM,"Micronesia, Fed. Sts.",2009,East Asia & Pacific,Upper middle income,3702.36131622048,64.865,107957
FSM,"Micronesia, Fed. Sts.",2010,East Asia & Pacific,Upper middle income,3780.25132792653,64.892,107540
FSM,"Micronesia, Fed. Sts.",2011,East Asia & Pacific,Upper middle income,3917.44641481482,64.969,107698
FSM,"Micronesia, Fed. Sts.",2012,East Asia & Pacific,Upper middle income,3847.14743528337,65.08,107890
FSM,"Micronesia, Fed. Sts.",2013,East Asia & Pacific,Upper middle income,3696.74550378941,65.179,108121
FSM,"Micronesia, Fed. Sts.",2014,East Asia & Pacific,Upper middle income,3592.81901389543,65.294,108396
FSM,"Micronesia, Fed. Sts.",2015,East Asia & Pacific,Upper middle income,3739.35968767448,65.306,108716
FSM,"Micronesia, Fed. Sts.",2016,East Asia & Pacific,Upper middle income,3774.03193396948,65.576,109075
FSM,"Micronesia, Fed. Sts.",2017,East Asia & Pacific,Upper middle income,3838.04534289261,65.761,109481
FSM,"Micronesia, Fed. Sts.",2018,East Asia & Pacific,Upper middle income,3838.64054793262,65.943,109909
FSM,"Micronesia, Fed. Sts.",2019,East Asia & Pacific,Upper middle income,3965.05377269396,66.196,110282
FSM,"Micronesia, Fed. Sts.",2020,East Asia & Pacific,Upper middle income,3861.29319570301,65.878,110916
FSM,"Micronesia, Fed. Sts.",2021,East Asia & Pacific,Upper middle income,3955.73141317971,66.152,111624
FSM,"Micronesia, Fed. Sts.",2022,East Asia & Pacific,Upper middle income,3815.79465699672,66.961,112114
FSM,"Micronesia, Fed. Sts.",2023,East Asia & Pacific,Upper middle income,3841.27116510816,67.198,112630
MDA,Moldova,2000,Europe & Central Asia,Upper middle income,5727.07922525352,67.462,2924668
MDA,Moldova,2001,Europe & Central Asia,Upper middle income,6090.03474356112,67.672,2918135
MDA,Moldova,2002,Europe & Central Asia,Upper middle income,6580.27841436838,67.793,2911385
MDA,Moldova,2003,Europe & Central Asia,Upper middle income,7034.35784911687,67.9,2903198
MDA,Moldova,2004,Europe & Central Asia,Upper middle income,7573.6178454751,68.017,2896023
MDA,Moldova,2005,Europe & Central Asia,Upper middle income,8161.47344724765,68.197,2888985
MDA,Moldova,2006,Europe & Central Asia,Upper middle income,8577.02858037286,68.423,2880967
MDA,Moldova,2007,Europe & Central Asia,Upper middle income,8854.83397616724,68.674,2874299
MDA,Moldova,2008,Europe & Central Asia,Upper middle income,9563.69814290939,69,2868833
MDA,Moldova,2009,Europe & Central Asia,Upper middle income,9001.23432081622,69.406,2865213
MDA,Moldova,2010,Europe & Central Asia,Upper middle income,9649.9509930271,69.876,2862354
MDA,Moldova,2011,Europe & Central Asia,Upper middle income,10217.3087761255,70.173,2860699
MDA,Moldova,2012,Europe & Central Asia,Upper middle income,10158.3854676883,70.344,2860324
MDA,Moldova,2013,Europe & Central Asia,Upper middle income,11080.0634585341,70.291,2859558
MDA,Moldova,2014,Europe & Central Asia,Upper middle income,11641.1208436577,70.241,2857815
MDA,Moldova,2015,Europe & Central Asia,Upper middle income,11691.0797484184,70.118,2835978
MDA,Moldova,2016,Europe & Central Asia,Upper middle income,12377.366678394,70.179,2803186
MDA,Moldova,2017,Europe & Central Asia,Upper middle income,13118.8219369605,70.375,2755189
MDA,Moldova,2018,Europe & Central Asia,Upper middle income,13895.5043655692,70.236,2707203
MDA,Moldova,2019,Europe & Central Asia,Upper middle income,14621.2401362286,70.181,2664224
MDA,Moldova,2020,Europe & Central Asia,Upper middle income,13559.2600217483,69.914,2635130
MDA,Moldova,2021,Europe & Central Asia,Upper middle income,15682.0703284653,68.991,2595809
MDA,Moldova,2022,Europe & Central Asia,Upper middle income,15350.3120408391,71.546,2528654
MDA,Moldova,2023,Europe & Central Asia,Upper middle income,15980.5668889856,71.198,2457783
MCO,Monaco,2000,Europe & Central Asia,High income,,82.121,32455
MCO,Monaco,2001,Europe & Central Asia,High income,,82.485,32447
MCO,Monaco,2002,Europe & Central Asia,High income,,83.055,32422
MCO,Monaco,2003,Europe & Central Asia,High income,,83.613,32374
MCO,Monaco,2004,Europe & Central Asia,High income,,84.151,32307
MCO,Monaco,2005,Europe & Central Asia,High income,,84.34,32210
MCO,Monaco,2006,Europe & Central Asia,High income,,84.194,32057
MCO,Monaco,2007,Europe & Central Asia,High income,,83.903,31837
MCO,Monaco,2008,Europe & Central Asia,High income,,83.827,31836
MCO,Monaco,2009,Europe & Central Asia,High income,,84.187,32364
MCO,Monaco,2010,Europe & Central Asia,High income,,84.644,33163
MCO,Monaco,2011,Europe & Central Asia,High income,,85.01,33946
MCO,Monaco,2012,Europe & Central Asia,High income,,85.045,34711
MCO,Monaco,2013,Europe & Central Asia,High income,,85.056,35447
MCO,Monaco,2014,Europe & Central Asia,High income,,85.093,36128
MCO,Monaco,2015,Europe & Central Asia,High income,,85.323,36757
MCO,Monaco,2016,Europe & Central Asia,High income,,85.63,37276
MCO,Monaco,2017,Europe & Central Asia,High income,,85.878,37678
MCO,Monaco,2018,Europe & Central Asia,High income,,86.084,38154
MCO,Monaco,2019,Europe & Central Asia,High income,,86.151,38109
MCO,Monaco,2020,Europe & Central Asia,High income,,86.089,38050
MCO,Monaco,2021,Europe & Central Asia,High income,,85.113,38527
MCO,Monaco,2022,Europe & Central Asia,High income,,85.746,38931
MCO,Monaco,2023,Europe & Central Asia,High income,,86.372,38956
MNG,Mongolia,2000,East Asia & Pacific,Upper middle income,5818.24307842901,63.2104878048781,2388299
MNG,Mongolia,2001,East Asia & Pacific,Upper middle income,5917.07088396343,63.3917073170732,2417751
MNG,Mongolia,2002,East Asia & Pacific,Upper middle income,6117.9824222592,63.540243902439,2449027
MNG,Mongolia,2003,East Asia & Pacific,Upper middle income,6463.78966651762,63.5753658536585,2480374
MNG,Mongolia,2004,East Asia & Pacific,Upper middle income,7070.667158451,64.630243902439,2508412
MNG,Mongolia,2005,East Asia & Pacific,Upper middle income,7499.84803935428,65.2807317073171,2536407
MNG,Mongolia,2006,East Asia & Pacific,Upper middle income,8043.99678108557,65.9021951219512,2567168
MNG,Mongolia,2007,East Asia & Pacific,Upper middle income,8750.13407442299,66.5934146341464,2601850
MNG,Mongolia,2008,East Asia & Pacific,Upper middle income,9379.85489687765,67.2460975609756,2643201
MNG,Mongolia,2009,East Asia & Pacific,Upper middle income,9095.9769892529,67.9690243902439,2691115
MNG,Mongolia,2010,East Asia & Pacific,Upper middle income,9507.118823625,68.5056097560976,2738622
MNG,Mongolia,2011,East Asia & Pacific,Upper middle income,10960.0959283864,69.109268292683,2786317
MNG,Mongolia,2012,East Asia & Pacific,Upper middle income,12078.9185320062,69.500243902439,2839705
MNG,Mongolia,2013,East Asia & Pacific,Upper middle income,13210.0945665668,70.0980487804878,2899011
MNG,Mongolia,2014,East Asia & Pacific,Upper middle income,13943.4277148653,70.5831707317073,2963113
MNG,Mongolia,2015,East Asia & Pacific,Upper middle income,13974.5967260365,70.810243902439,3026864
MNG,Mongolia,2016,East Asia & Pacific,Upper middle income,13898.1456953585,70.2239024390244,3088856
MNG,Mongolia,2017,East Asia & Pacific,Upper middle income,14401.5375067562,70.5434146341463,3148917
MNG,Mongolia,2018,East Asia & Pacific,Upper middle income,15230.2408828847,70.8270731707317,3208189
MNG,Mongolia,2019,East Asia & Pacific,Upper middle income,15790.6961126441,71.0531707317073,3267673
MNG,Mongolia,2020,East Asia & Pacific,Upper middle income,14801.3420829185,71.3490243902439,3327204
MNG,Mongolia,2021,East Asia & Pacific,Upper middle income,14792.2509086422,71.6451219512195,3383741
MNG,Mongolia,2022,East Asia & Pacific,Upper middle income,15310.4349469163,71.9007317073171,3433748
MNG,Mongolia,2023,East Asia & Pacific,Upper middle income,16222.8638898529,72.1224390243902,3481145
MNE,Montenegro,2000,Europe & Central Asia,Upper middle income,14452.2161423496,73.3968048780488,604950
MNE,Montenegro,2001,Europe & Central Asia,Upper middle income,14552.4956785923,73.5801951219512,607389
MNE,Montenegro,2002,Europe & Central Asia,Upper middle income,14770.255224547,73.9652195121951,609828
MNE,Montenegro,2003,Europe & Central Asia,Upper middle income,15076.6513903781,74.0557317073171,612267
MNE,Montenegro,2004,Europe & Central Asia,Upper middle income,15716.0755725572,74.2056097560976,613353
MNE,Montenegro,2005,Europe & Central Asia,Upper middle income,16348.8994494652,73.9829268292683,614261
MNE,Montenegro,2006,Europe & Central Asia,Upper middle income,17727.3660449403,73.8390243902439,615025
MNE,Montenegro,2007,Europe & Central Asia,Upper middle income,18966.4529580465,74.3390243902439,615875
MNE,Montenegro,2008,Europe & Central Asia,Upper middle income,20238.9216459135,75.1365853658537,616969
MNE,Montenegro,2009,Europe & Central Asia,Upper middle income,18984.9379136097,75.1439024390244,618294
MNE,Montenegro,2010,Europe & Central Asia,Upper middle income,19476.1626179487,75.990243902439,619428
MNE,Montenegro,2011,Europe & Central Asia,Upper middle income,20110.4869725048,76.0829268292683,620345
MNE,Montenegro,2012,Europe & Central Asia,Upper middle income,19576.412051459,76.3,621418
MNE,Montenegro,2013,Europe & Central Asia,Upper middle income,20201.2916344369,76.490243902439,622587
MNE,Montenegro,2014,Europe & Central Asia,Upper middle income,20641.764517656105,76.3390243902439,623744
MNE,Montenegro,2015,Europe & Central Asia,Upper middle income,21131.8410316247,76.6024390243903,624651
MNE,Montenegro,2016,Europe & Central Asia,Upper middle income,21834.0918741924,76.5414634146342,625353
MNE,Montenegro,2017,Europe & Central Asia,Upper middle income,22513.7807637171,76.6853658536585,625982
MNE,Montenegro,2018,Europe & Central Asia,Upper middle income,23562.1762558957,77.8853658536585,626438
MNE,Montenegro,2019,Europe & Central Asia,Upper middle income,24585.1159529158,76.6829268292683,626753
MNE,Montenegro,2020,Europe & Central Asia,Upper middle income,20904.5999314513,75.9317073170732,626590
MNE,Montenegro,2021,Europe & Central Asia,Upper middle income,23689.9791090651,73.8243902439024,625053
MNE,Montenegro,2022,Europe & Central Asia,Upper middle income,25583.3155690619,76.1878048780488,623591
MNE,Montenegro,2023,Europe & Central Asia,Upper middle income,27243.404228981,77.5878048780488,623529
MAR,Morocco,2000,"Middle East, North Africa, Afghanistan & Pakistan",Lower middle income,5100.11572265625,66.794,28423435
MAR,Morocco,2001,"Middle East, North Africa, Afghanistan & Pakistan",Lower middle income,5417.57861328125,67.2,28814643
MAR,Morocco,2002,"Middle East, North Africa, Afghanistan & Pakistan",Lower middle income,5544.07177734375,67.582,29198142
MAR,Morocco,2003,"Middle East, North Africa, Afghanistan & Pakistan",Lower middle income,5810.05322265625,67.958,29571415
MAR,Morocco,2004,"Middle East, North Africa, Afghanistan & Pakistan",Lower middle income,5996.39013671875,68.272,29953018
MAR,Morocco,2005,"Middle East, North Africa, Afghanistan & Pakistan",Lower middle income,6103.42236328125,68.748,30358144
MAR,Morocco,2006,"Middle East, North Africa, Afghanistan & Pakistan",Lower middle income,6488.673828125,69.157,30771178
MAR,Morocco,2007,"Middle East, North Africa, Afghanistan & Pakistan",Lower middle income,6620.59033203125,69.62,31186468
MAR,Morocco,2008,"Middle East, North Africa, Afghanistan & Pakistan",Lower middle income,6901.95068359375,70.051,31606767
MAR,Morocco,2009,"Middle East, North Africa, Afghanistan & Pakistan",Lower middle income,7063.72705078125,70.454,32030778
MAR,Morocco,2010,"Middle East, North Africa, Afghanistan & Pakistan",Lower middle income,7210.63671875,70.821,32467016
MAR,Morocco,2011,"Middle East, North Africa, Afghanistan & Pakistan",Lower middle income,7503.79296875,71.263,32912588
MAR,Morocco,2012,"Middle East, North Africa, Afghanistan & Pakistan",Lower middle income,7628.64404296875,71.674,33355241
MAR,Morocco,2013,"Middle East, North Africa, Afghanistan & Pakistan",Lower middle income,7839.0322265625,72.117,33787571
MAR,Morocco,2014,"Middle East, North Africa, Afghanistan & Pakistan",Lower middle income,7951.79833984375,72.522,34204780
MAR,Morocco,2015,"Middle East, North Africa, Afghanistan & Pakistan",Lower middle income,8198.80859375,72.894,34607588
MAR,Morocco,2016,"Middle East, North Africa, Afghanistan & Pakistan",Lower middle income,8141.9404296875,73.228,35023457
MAR,Morocco,2017,"Middle East, North Africa, Afghanistan & Pakistan",Lower middle income,8450.0087890625,73.608,35446392
MAR,Morocco,2018,"Middle East, North Africa, Afghanistan & Pakistan",Lower middle income,8611.75,73.946,35839760
MAR,Morocco,2019,"Middle East, North Africa, Afghanistan & Pakistan",Lower middle income,8768.17578125,74.245,36210898
MAR,Morocco,2020,"Middle East, North Africa, Afghanistan & Pakistan",Lower middle income,8054.56298828125,73.133,36584208
MAR,Morocco,2021,"Middle East, North Africa, Afghanistan & Pakistan",Lower middle income,8623.265625,73.385,36954442
MAR,Morocco,2022,"Middle East, North Africa, Afghanistan & Pakistan",Lower middle income,8690.4482421875,75.161,37329064
MAR,Morocco,2023,"Middle East, North Africa, Afghanistan & Pakistan",Lower middle income,8915.3515625,75.313,37712505
MOZ,Mozambique,2000,Sub-Saharan Africa,Low income,711.976393527396,49.476,18129653
MOZ,Mozambique,2001,Sub-Saharan Africa,Low income,785.790173616246,50.259,18537729
MOZ,Mozambique,2002,Sub-Saharan Africa,Low income,842.645266172761,50.879,18958338
MOZ,Mozambique,2003,Sub-Saharan Africa,Low income,883.239121472194,51.383,19392475
MOZ,Mozambique,2004,Sub-Saharan Africa,Low income,934.133964844421,51.855,19840313
MOZ,Mozambique,2005,Sub-Saharan Africa,Low income,970.38995609863,52.322,20304569
MOZ,Mozambique,2006,Sub-Saharan Africa,Low income,1041.80471709595,52.748,20787087
MOZ,Mozambique,2007,Sub-Saharan Africa,Low income,1095.12568701598,53.255,21287635
MOZ,Mozambique,2008,Sub-Saharan Africa,Low income,1141.94256161019,53.799,21819036
MOZ,Mozambique,2009,Sub-Saharan Africa,Low income,1178.70909947834,54.4,22391745
MOZ,Mozambique,2010,Sub-Saharan Africa,Low income,1224.23020471309,55.04,22999235
MOZ,Mozambique,2011,Sub-Saharan Africa,Low income,1275.52959822581,55.733,23649039
MOZ,Mozambique,2012,Sub-Saharan Africa,Low income,1338.51594866104,56.46,24337846
MOZ,Mozambique,2013,Sub-Saharan Africa,Low income,1385.83254864214,57.189,25051611
MOZ,Mozambique,2014,Sub-Saharan Africa,Low income,1449.92926632722,57.965,25788475
MOZ,Mozambique,2015,Sub-Saharan Africa,Low income,1512.5997455554,58.711,26547572
MOZ,Mozambique,2016,Sub-Saharan Africa,Low income,1537.90853271216,59.455,27337105
MOZ,Mozambique,2017,Sub-Saharan Africa,Low income,1532.0073576114,60.148,28166393
MOZ,Mozambique,2018,Sub-Saharan Africa,Low income,1538.83512127022,60.79,29018644
MOZ,Mozambique,2019,Sub-Saharan Africa,Low income,1528.88988354373,61.306,29884380
MOZ,Mozambique,2020,Sub-Saharan Africa,Low income,1466.12476474476,61.39,30783688
MOZ,Mozambique,2021,Sub-Saharan Africa,Low income,1457.23540930922,60.268,31707800
MOZ,Mozambique,2022,Sub-Saharan Africa,Low income,1476.73432917026,63.011,32656246
MOZ,Mozambique,2023,Sub-Saharan Africa,Low income,1512.66729609671,63.611,33635160
MMR,Myanmar,2000,East Asia & Pacific,Lower middle income,1359.93038778036,60.357,45290841
MMR,Myanmar,2001,East Asia & Pacific,Lower middle income,1498.31163236525,60.64,45771139
MMR,Myanmar,2002,East Asia & Pacific,Lower middle income,1661.73588517132,60.925,46232653
MMR,Myanmar,2003,East Asia & Pacific,Lower middle income,1874.17128269389,61.196,46667192
MMR,Myanmar,2004,East Asia & Pacific,Lower middle income,2110.23728495831,61.443,47068772
MMR,Myanmar,2005,East Asia & Pacific,Lower middle income,2377.90258162976,61.72,47438365
MMR,Myanmar,2006,East Asia & Pacific,Lower middle income,2669.32700379999,62.026,47785135
MMR,Myanmar,2007,East Asia & Pacific,Lower middle income,2968.3033151236,62.367,48125043
MMR,Myanmar,2008,East Asia & Pacific,Lower middle income,3254.738978881,56.364,48390793
MMR,Myanmar,2009,East Asia & Pacific,Lower middle income,3578.17424704515,63.095,48660459
MMR,Myanmar,2010,East Asia & Pacific,Lower middle income,3893.79030665874,63.479,49024382
MMR,Myanmar,2011,East Asia & Pacific,Lower middle income,4078.61220919965,63.859,49419820
MMR,Myanmar,2012,East Asia & Pacific,Lower middle income,4340.99945069174,64.251,49837446
MMR,Myanmar,2013,East Asia & Pacific,Lower middle income,4666.95376141392,64.617,50262658
MMR,Myanmar,2014,East Asia & Pacific,Lower middle income,5006.50667149767,64.994,50681634
MMR,Myanmar,2015,East Asia & Pacific,Lower middle income,5313.88615901476,65.288,51089056
MMR,Myanmar,2016,East Asia & Pacific,Lower middle income,5580.98977273232,65.64,51495696
MMR,Myanmar,2017,East Asia & Pacific,Lower middle income,5877.87465558175,65.909,51894938
MMR,Myanmar,2018,East Asia & Pacific,Lower middle income,6201.26341429803,66.232,52272247
MMR,Myanmar,2019,East Asia & Pacific,Lower middle income,6562.98898478625,66.457,52640713
MMR,Myanmar,2020,East Asia & Pacific,Lower middle income,5926.83450206681,66.612,53016522
MMR,Myanmar,2021,East Asia & Pacific,Lower middle income,5178.44718217164,65.553,53387102
MMR,Myanmar,2022,East Asia & Pacific,Lower middle income,5350.47666899931,66.506,53756787
MMR,Myanmar,2023,East Asia & Pacific,Lower middle income,5364.13797034429,66.889,54133798
NAM,Namibia,2000,Sub-Saharan Africa,Lower middle income,7858.38789521253,52.946,1818647
NAM,Namibia,2001,Sub-Saharan Africa,Lower middle income,7786.54169496761,51.98,1857048
NAM,Namibia,2002,Sub-Saharan Africa,Lower middle income,8017.28134128559,51.988,1889970
NAM,Namibia,2003,Sub-Saharan Africa,Lower middle income,8237.36597245597,51.918,1917464
NAM,Namibia,2004,Sub-Saharan Africa,Lower middle income,9130.82442337694,52.175,1942082
NAM,Namibia,2005,Sub-Saharan Africa,Lower middle income,9245.1365329555,52.557,1966582
NAM,Namibia,2006,Sub-Saharan Africa,Lower middle income,9773.29833199798,53.183,1991888
NAM,Namibia,2007,Sub-Saharan Africa,Lower middle income,10162.2400708746,54.026,2018600
NAM,Namibia,2008,Sub-Saharan Africa,Lower middle income,10286.5124067605,54.74,2047056
NAM,Namibia,2009,Sub-Saharan Africa,Lower middle income,10166.2899453939,55.347,2077394
NAM,Namibia,2010,Sub-Saharan Africa,Lower middle income,10614.6201576671,56.093,2109811
NAM,Namibia,2011,Sub-Saharan Africa,Lower middle income,10965.2729759535,56.647,2146325
NAM,Namibia,2012,Sub-Saharan Africa,Lower middle income,11266.6089486464,57.733,2194654
NAM,Namibia,2013,Sub-Saharan Africa,Lower middle income,11593.5753768689,58.468,2252508
NAM,Namibia,2014,Sub-Saharan Africa,Lower middle income,11982.6963648348,59.311,2312139
NAM,Namibia,2015,Sub-Saharan Africa,Lower middle income,12166.5658392058,60.008,2374300
NAM,Namibia,2016,Sub-Saharan Africa,Lower middle income,11846.7880832757,60.81,2439213
NAM,Namibia,2017,Sub-Saharan Africa,Lower middle income,11408.7253099967,61.661,2506853
NAM,Namibia,2018,Sub-Saharan Africa,Lower middle income,11214.38604306,62.579,2577327
NAM,Namibia,2019,Sub-Saharan Africa,Lower middle income,10813.3044681944,63.546,2650494
NAM,Namibia,2020,Sub-Saharan Africa,Lower middle income,9652.24827219463,64.071,2728762
NAM,Namibia,2021,Sub-Saharan Africa,Lower middle income,9709.09930646771,60.85,2810548
NAM,Namibia,2022,Sub-Saharan Africa,Lower middle income,9953.09752403491,64.19,2889662
NAM,Namibia,2023,Sub-Saharan Africa,Lower middle income,10126.2359555611,67.385,2963095
NRU,Naoero,2000,East Asia & Pacific,High income,8846.08124781221,59.574,10168
NRU,Naoero,2001,East Asia & Pacific,High income,8278.92548134223,59.482,10130
NRU,Naoero,2002,East Asia & Pacific,High income,7488.89152702519,59.427,10082
NRU,Naoero,2003,East Asia & Pacific,High income,7527.37549326971,59.359,10059
NRU,Naoero,2004,East Asia & Pacific,High income,7201.87093721601,59.346,10060
NRU,Naoero,2005,East Asia & Pacific,High income,7209.75436644373,59.361,10049
NRU,Naoero,2006,East Asia & Pacific,High income,7830.71818547398,59.409,10034
NRU,Naoero,2007,East Asia & Pacific,High income,6110.38387689914,59.49,10020
NRU,Naoero,2008,East Asia & Pacific,High income,7340.51910638777,59.675,10009
NRU,Naoero,2009,East Asia & Pacific,High income,6927.86734285808,59.852,10016
NRU,Naoero,2010,East Asia & Pacific,High income,6909.24218919312,60.074,10043
NRU,Naoero,2011,East Asia & Pacific,High income,7882.14105570292,60.287,10098
NRU,Naoero,2012,East Asia & Pacific,High income,9640.80144364362,60.533,10267
NRU,Naoero,2013,East Asia & Pacific,High income,9799.7380290632,60.701,10517
NRU,Naoero,2014,East Asia & Pacific,High income,11114.3912279587,60.834,10742
NRU,Naoero,2015,East Asia & Pacific,High income,11271.9122695363,60.897,10954
NRU,Naoero,2016,East Asia & Pacific,High income,11531.3630078665,60.996,11150
NRU,Naoero,2017,East Asia & Pacific,High income,10633.2766406018,61.101,11324
NRU,Naoero,2018,East Asia & Pacific,High income,10402.6131019197,61.238,11477
NRU,Naoero,2019,East Asia & Pacific,High income,11184.5284927206,61.393,11587
NRU,Naoero,2020,East Asia & Pacific,High income,11306.0207729999,61.527,11643
NRU,Naoero,2021,East Asia & Pacific,High income,12113.787764494,61.331,11709
NRU,Naoero,2022,East Asia & Pacific,High income,12019.3492868791,61.93,11801
NRU,Naoero,2023,East Asia & Pacific,High income,11858.5184696436,62.109,11875
NPL,Nepal,2000,South Asia,Lower middle income,2340.81563141298,62.642,24546509
NPL,Nepal,2001,South Asia,Lower middle income,2413.8142127556,63.288,24946748
NPL,Nepal,2002,South Asia,Lower middle income,2380.24424587571,63.507,25328981
NPL,Nepal,2003,South Asia,Lower middle income,2439.49479601556,64.229,25688758
NPL,Nepal,2004,South Asia,Lower middle income,2521.54105171428,64.744,26016656
NPL,Nepal,2005,South Asia,Lower middle income,2580.23106308364,65.275,26309458
NPL,Nepal,2006,South Asia,Lower middle income,2641.34799494749,65.891,26565425
NPL,Nepal,2007,South Asia,Lower middle income,2708.7143922589,66.169,26788492
NPL,Nepal,2008,South Asia,Lower middle income,2852.60983167965,66.442,26990037
NPL,Nepal,2009,South Asia,Lower middle income,2961.83900365912,66.6,27173035
NPL,Nepal,2010,South Asia,Lower middle income,3085.31407004502,66.772,27341952
NPL,Nepal,2011,South Asia,Lower middle income,3176.65040602417,67.123,27464494
NPL,Nepal,2012,South Asia,Lower middle income,3316.50073452021,67.364,27534915
NPL,Nepal,2013,South Asia,Lower middle income,3426.5579593796,67.598,27589996
NPL,Nepal,2014,South Asia,Lower middle income,3621.73168937112,67.812,27672370
NPL,Nepal,2015,South Asia,Lower middle income,3745.26182249477,67.374,27823629
NPL,Nepal,2016,South Asia,Lower middle income,3743.7445783578,68.444,27955462
NPL,Nepal,2017,South Asia,Lower middle income,4071.70431755798,68.74,28011258
NPL,Nepal,2018,South Asia,Lower middle income,4371.38571771897,69.036,28079689
NPL,Nepal,2019,South Asia,Lower middle income,4607.52454717112,69.299,28414064
NPL,Nepal,2020,South Asia,Lower middle income,4412.5420439395,69.106,28966574
NPL,Nepal,2021,South Asia,Lower middle income,4546.22970006289,68.385,29475010
NPL,Nepal,2022,South Asia,Lower middle income,4763.38751073946,70.087,29715436
NPL,Nepal,2023,South Asia,Lower middle income,4861.230303797,70.354,29694614
NLD,Netherlands,2000,Europe & Central Asia,High income,56016.8327946434,77.9878048780488,15925513
NLD,Netherlands,2001,Europe & Central Asia,High income,56887.3976406444,78.190243902439,16046180
NLD,Netherlands,2002,Europe & Central Asia,High income,56664.4027354437,78.2926829268293,16148929
NLD,Netherlands,2003,Europe & Central Asia,High income,56452.8695506734,78.4926829268293,16225302
NLD,Netherlands,2004,Europe & Central Asia,High income,57391.3516342059,79.0951219512195,16281779
NLD,Netherlands,2005,Europe & Central Asia,High income,58422.0304069674,79.3463414634146,16319868
NLD,Netherlands,2006,Europe & Central Asia,High income,60391.5155033324,79.6975609756098,16346101
NLD,Netherlands,2007,Europe & Central Asia,High income,62601.6612832425,80.0975609756098,16381696
NLD,Netherlands,2008,Europe & Central Asia,High income,63678.4005491428,80.2512195121951,16445593
NLD,Netherlands,2009,Europe & Central Asia,High income,61029.7329801783,80.5487804878049,16530388
NLD,Netherlands,2010,Europe & Central Asia,High income,61518.5768954231,80.7024390243902,16615394
NLD,Netherlands,2011,Europe & Central Asia,High income,62318.1391154389,81.2048780487805,16693074
NLD,Netherlands,2012,Europe & Central Asia,High income,61480.8416416324,81.1048780487805,16754962
NLD,Netherlands,2013,Europe & Central Asia,High income,61281.3125686741,81.3048780487805,16804432
NLD,Netherlands,2014,Europe & Central Asia,High income,62045.849197561,81.7073170731707,16865008
NLD,Netherlands,2015,Europe & Central Asia,High income,63081.4083495966,81.509756097561,16939923
NLD,Netherlands,2016,Europe & Central Asia,High income,64267.7476553623,81.5609756097561,17030314
NLD,Netherlands,2017,Europe & Central Asia,High income,65665.9910229578,81.7609756097561,17131296
NLD,Netherlands,2018,Europe & Central Asia,High income,66758.2454283317,81.8121951219512,17231624
NLD,Netherlands,2019,Europe & Central Asia,High income,67847.8818461095,82.1121951219512,17344874
NLD,Netherlands,2020,Europe & Central Asia,High income,64862.1890353474,81.3585365853659,17441500
NLD,Netherlands,2021,Europe & Central Asia,High income,68573.5648786447,81.309756097561,17533044
NLD,Netherlands,2022,Europe & Central Asia,High income,71324.0360229425,81.6146341463415,17700982
NLD,Netherlands,2023,Europe & Central Asia,High income,70198.9546022361,81.8634146341464,17877117
NCL,New Caledonia,2000,East Asia & Pacific,High income,,73.574,223098
NCL,New Caledonia,2001,East Asia & Pacific,High income,,73.958,227707
NCL,New Caledonia,2002,East Asia & Pacific,High income,,74.278,232236
NCL,New Caledonia,2003,East Asia & Pacific,High income,,74.5,236678
NCL,New Caledonia,2004,East Asia & Pacific,High income,,74.713,240852
NCL,New Caledonia,2005,East Asia & Pacific,High income,,74.867,244381
NCL,New Caledonia,2006,East Asia & Pacific,High income,,75.016,247547
NCL,New Caledonia,2007,East Asia & Pacific,High income,,75.181,250725
NCL,New Caledonia,2008,East Asia & Pacific,High income,,75.398,253825
NCL,New Caledonia,2009,East Asia & Pacific,High income,,75.676,257250
NCL,New Caledonia,2010,East Asia & Pacific,High income,,75.992,261582
NCL,New Caledonia,2011,East Asia & Pacific,High income,,76.315,266543
NCL,New Caledonia,2012,East Asia & Pacific,High income,,76.615,271633
NCL,New Caledonia,2013,East Asia & Pacific,High income,,76.867,276822
NCL,New Caledonia,2014,East Asia & Pacific,High income,,77.053,281224
NCL,New Caledonia,2015,East Asia & Pacific,High income,,77.206,283168
NCL,New Caledonia,2016,East Asia & Pacific,High income,,77.359,283423
NCL,New Caledonia,2017,East Asia & Pacific,High income,,77.504,283546
NCL,New Caledonia,2018,East Asia & Pacific,High income,,77.557,283541
NCL,New Caledonia,2019,East Asia & Pacific,High income,,77.262,283606
NCL,New Caledonia,2020,East Asia & Pacific,High income,,77.049,284176
NCL,New Caledonia,2021,East Asia & Pacific,High income,,77.113,285214
NCL,New Caledonia,2022,East Asia & Pacific,High income,,77.698,287123
NCL,New Caledonia,2023,East Asia & Pacific,High income,,78.766,289870
NZL,New Zealand,2000,East Asia & Pacific,High income,35984.6288016116,78.6365853658537,3857700
NZL,New Zealand,2001,East Asia & Pacific,High income,36995.0603198774,78.6926829268293,3880500
NZL,New Zealand,2002,East Asia & Pacific,High income,38072.2713835052,78.8463414634146,3948500
NZL,New Zealand,2003,East Asia & Pacific,High income,39092.3455202712,79.1463414634146,4027200
NZL,New Zealand,2004,East Asia & Pacific,High income,40091.1399487332,79.5487804878049,4087500
NZL,New Zealand,2005,East Asia & Pacific,High income,40970.295838255,79.8512195121951,4133900
NZL,New Zealand,2006,East Asia & Pacific,High income,41596.8311289998,80.0487804878049,4184600
NZL,New Zealand,2007,East Asia & Pacific,High income,42473.1182614499,80.1512195121951,4223800
NZL,New Zealand,2008,East Asia & Pacific,High income,41682.2459069155,80.3512195121951,4259800
NZL,New Zealand,2009,East Asia & Pacific,High income,41250.9985717425,80.7024390243902,4302600
NZL,New Zealand,2010,East Asia & Pacific,High income,41395.370375582,80.9048780487805,4350700
NZL,New Zealand,2011,East Asia & Pacific,High income,41961.9202263641,81.1560975609756,4384000
NZL,New Zealand,2012,East Asia & Pacific,High income,42693.4234516571,81.4073170731707,4408100
NZL,New Zealand,2013,East Asia & Pacific,High income,43453.2814172317,81.4048780487805,4442100
NZL,New Zealand,2014,East Asia & Pacific,High income,44369.7664241859,81.4568292682927,4516500
NZL,New Zealand,2015,East Asia & Pacific,High income,45097.016468387,81.6124390243903,4609400
NZL,New Zealand,2016,East Asia & Pacific,High income,45746.135981069,81.6585365853659,4714100
NZL,New Zealand,2017,East Asia & Pacific,High income,46285.9810980642,81.8585365853659,4813600
NZL,New Zealand,2018,East Asia & Pacific,High income,46974.6818400482,81.7073170731707,4900600
NZL,New Zealand,2019,East Asia & Pacific,High income,47392.1933135172,82.0560975609756,4970300
NZL,New Zealand,2020,East Asia & Pacific,High income,46326.3804672976,82.2560975609756,5072400
NZL,New Zealand,2021,East Asia & Pacific,High income,48202.0913368233,82.2073170731707,5084600
NZL,New Zealand,2022,East Asia & Pacific,High income,49842.9845334162,81.9585365853658,5081700
NZL,New Zealand,2023,East Asia & Pacific,High income,49592.5875512098,81.7585365853659,5200000
NIC,Nicaragua,2000,Latin America & Caribbean,Lower middle income,4878.2474679883,66.36,5022633
NIC,Nicaragua,2001,Latin America & Caribbean,Lower middle income,4958.32740448527,67.028,5087825
NIC,Nicaragua,2002,Latin America & Caribbean,Lower middle income,4935.48508468148,67.95,5149909
NIC,Nicaragua,2003,Latin America & Caribbean,Lower middle income,5000.61145616409,68.749,5210963
NIC,Nicaragua,2004,Latin America & Caribbean,Lower middle income,5204.38170601052,69.51,5272912
NIC,Nicaragua,2005,Latin America & Caribbean,Lower middle income,5356.95817825808,70.374,5342105
NIC,Nicaragua,2006,Latin America & Caribbean,Lower middle income,5500.40543544526,70.958,5418855
NIC,Nicaragua,2007,Latin America & Caribbean,Lower middle income,5697.2107429964,71.197,5497243
NIC,Nicaragua,2008,Latin America & Caribbean,Lower middle income,5809.09928522386,71.404,5576593
NIC,Nicaragua,2009,Latin America & Caribbean,Lower middle income,5538.36555049931,71.499,5656601
NIC,Nicaragua,2010,Latin America & Caribbean,Lower middle income,5701.12754906379,71.761,5737450
NIC,Nicaragua,2011,Latin America & Caribbean,Lower middle income,5976.25247519395,72.033,5819051
NIC,Nicaragua,2012,Latin America & Caribbean,Lower middle income,6275.78730248003,72.435,5901287
NIC,Nicaragua,2013,Latin America & Caribbean,Lower middle income,6494.14920922407,72.551,5983845
NIC,Nicaragua,2014,Latin America & Caribbean,Lower middle income,6712.21708286288,72.792,6066492
NIC,Nicaragua,2015,Latin America & Caribbean,Lower middle income,6939.03243274344,72.899,6149417
NIC,Nicaragua,2016,Latin America & Caribbean,Lower middle income,7158.75755467501,73.18,6232666
NIC,Nicaragua,2017,Latin America & Caribbean,Lower middle income,7391.19638215265,73.389,6316231
NIC,Nicaragua,2018,Latin America & Caribbean,Lower middle income,7049.02709828403,73.879,6400080
NIC,Nicaragua,2019,Latin America & Caribbean,Lower middle income,6756.59334024487,73.764,6483657
NIC,Nicaragua,2020,Latin America & Caribbean,Lower middle income,6523.36944661195,70.766,6565267
NIC,Nicaragua,2021,Latin America & Caribbean,Lower middle income,7119.16874782601,70.478,6644741
NIC,Nicaragua,2022,Latin America & Caribbean,Lower middle income,7277.82041652584,74.463,6730654
NIC,Nicaragua,2023,Latin America & Caribbean,Lower middle income,7496.53056557505,74.947,6823613
NER,Niger,2000,Sub-Saharan Africa,Low income,1197.63477205432,49.172,11509630
NER,Niger,2001,Sub-Saharan Africa,Low income,1240.385444402,49.872,11920647
NER,Niger,2002,Sub-Saharan Africa,Low income,1256.23701340852,50.645,12349144
NER,Niger,2003,Sub-Saharan Africa,Low income,1238.58780880353,51.545,12796984
NER,Niger,2004,Sub-Saharan Africa,Low income,1199.15937505794,52.402,13265836
NER,Niger,2005,Sub-Saharan Africa,Low income,1241.20064789059,53.32,13756192
NER,Niger,2006,Sub-Saharan Africa,Low income,1267.601412271,54.223,14268581
NER,Niger,2007,Sub-Saharan Africa,Low income,1260.18545165015,55.063,14803610
NER,Niger,2008,Sub-Saharan Africa,Low income,1308.2751730424,55.852,15361915
NER,Niger,2009,Sub-Saharan Africa,Low income,1285.27757373191,56.487,15943675
NER,Niger,2010,Sub-Saharan Africa,Low income,1344.4988701596,57.08,16548835
NER,Niger,2011,Sub-Saharan Africa,Low income,1325.92646987416,57.6,17176283
NER,Niger,2012,Sub-Saharan Africa,Low income,1411.52001409831,57.987,17836769
NER,Niger,2013,Sub-Saharan Africa,Low income,1431.71115490341,58.364,18519898
NER,Niger,2014,Sub-Saharan Africa,Low income,1471.50554729559,58.693,19215909
NER,Niger,2015,Sub-Saharan Africa,Low income,1480.39815168147,58.85,19939498
NER,Niger,2016,Sub-Saharan Africa,Low income,1488.08648074655,59.228,20685753
NER,Niger,2017,Sub-Saharan Africa,Low income,1515.48307317618,59.524,21435446
NER,Niger,2018,Sub-Saharan Africa,Low income,1565.01970005142,59.765,22188069
NER,Niger,2019,Sub-Saharan Africa,Low income,1605.19476569029,60.031,22947757
NER,Niger,2020,Sub-Saharan Africa,Low income,1622.27873602911,59.89,23717613
NER,Niger,2021,Sub-Saharan Africa,Low income,1587.84784907329,59.542,24502140
NER,Niger,2022,Sub-Saharan Africa,Low income,1724.89699425215,60.398,25311973
NER,Niger,2023,Sub-Saharan Africa,Low income,1712.97031726521,61.183,26159867
NGA,Nigeria,2000,Sub-Saharan Africa,Lower middle income,4889.00321921229,47.143,126382494
NGA,Nigeria,2001,Sub-Saharan Africa,Lower middle income,5039.54869754112,47.549,129862595
NGA,Nigeria,2002,Sub-Saharan Africa,Lower middle income,5654.89706044216,48.02,133471989
NGA,Nigeria,2003,Sub-Saharan Africa,Lower middle income,5905.31482781101,48.618,137202644
NGA,Nigeria,2004,Sub-Saharan Africa,Lower middle income,6275.29894506434,49.148,141057045
NGA,Nigeria,2005,Sub-Saharan Africa,Lower middle income,6496.93228175977,49.538,145017253
NGA,Nigeria,2006,Sub-Saharan Africa,Lower middle income,6702.94533333874,49.876,149077334
NGA,Nigeria,2007,Sub-Saharan Africa,Lower middle income,6949.42650711567,50.381,153267261
NGA,Nigeria,2008,Sub-Saharan Africa,Lower middle income,7215.76946195762,50.748,157595014
NGA,Nigeria,2009,Sub-Saharan Africa,Lower middle income,7581.40572089092,51.08,162049464
NGA,Nigeria,2010,Sub-Saharan Africa,Lower middle income,7962.63957281031,51.315,166642886
NGA,Nigeria,2011,Sub-Saharan Africa,Lower middle income,8153.53178650271,51.49,171379598
NGA,Nigeria,2012,Sub-Saharan Africa,Lower middle income,8265.90551181051,51.688,176200625
NGA,Nigeria,2013,Sub-Saharan Africa,Lower middle income,8581.20782264031,51.827,181049443
NGA,Nigeria,2014,Sub-Saharan Africa,Lower middle income,8884.77428628672,51.94,185896915
NGA,Nigeria,2015,Sub-Saharan Africa,Lower middle income,8892.05798673631,51.939,190671878
NGA,Nigeria,2016,Sub-Saharan Africa,Lower middle income,8534.69281482375,52.189,195443700
NGA,Nigeria,2017,Sub-Saharan Africa,Lower middle income,8396.78452243227,52.397,200254579
NGA,Nigeria,2018,Sub-Saharan Africa,Lower middle income,8362.62330860296,52.669,204938755
NGA,Nigeria,2019,Sub-Saharan Africa,Lower middle income,8361.78664836,53.009,209485641
NGA,Nigeria,2020,Sub-Saharan Africa,Lower middle income,7664.21099575168,53.072,213996181
NGA,Nigeria,2021,Sub-Saharan Africa,Lower middle income,7588.47885587002,53.455,218529286
NGA,Nigeria,2022,Sub-Saharan Africa,Lower middle income,7752.26206495247,54.079,223150896
NGA,Nigeria,2023,Sub-Saharan Africa,Lower middle income,7843.00399007675,54.462,227882945
MKD,North Macedonia,2000,Europe & Central Asia,Upper middle income,11988.2448826829,72.9463414634147,2026350
MKD,North Macedonia,2001,Europe & Central Asia,Upper middle income,11571.8112316434,73.4365853658537,2034882
MKD,North Macedonia,2002,Europe & Central Asia,Upper middle income,11830.2626132426,73.0390243902439,2020157
MKD,North Macedonia,2003,Europe & Central Asia,Upper middle income,12077.849005462,73.2414634146342,2022725
MKD,North Macedonia,2004,Europe & Central Asia,Upper middle income,12683.3809111151,73.5975609756098,2016186
MKD,North Macedonia,2005,Europe & Central Asia,Upper middle income,13354.4611473701,73.6975609756098,2005330
MKD,North Macedonia,2006,Europe & Central Asia,Upper middle income,14118.2297877525,73.8951219512195,1994287
MKD,North Macedonia,2007,Europe & Central Asia,Upper middle income,15118.2436719552,73.8,1982933
MKD,North Macedonia,2008,Europe & Central Asia,Upper middle income,16038.0413530579,74.4,1971493
MKD,North Macedonia,2009,Europe & Central Asia,Upper middle income,16084.2279730567,74.4463414634146,1958782
MKD,North Macedonia,2010,Europe & Central Asia,Upper middle income,16731.0901838425,74.9975609756098,1946298
MKD,North Macedonia,2011,Europe & Central Asia,Upper middle income,17201.236162644,75.1,1937398
MKD,North Macedonia,2012,Europe & Central Asia,Upper middle income,17189.9956305456,74.9024390243903,1929821
MKD,North Macedonia,2013,Europe & Central Asia,Upper middle income,17758.2275594412,75.4,1922716
MKD,North Macedonia,2014,Europe & Central Asia,Upper middle income,18452.2062280148,75.4512195121951,1917557
MKD,North Macedonia,2015,Europe & Central Asia,Upper middle income,19215.0740381192,75.4024390243902,1912430
MKD,North Macedonia,2016,Europe & Central Asia,Upper middle income,19825.7724685057,75.4,1906313
MKD,North Macedonia,2017,Europe & Central Asia,Upper middle income,20121.0510180726,75.9536585365854,1898657
MKD,North Macedonia,2018,Europe & Central Asia,Upper middle income,20805.9221192555,76.6487804878049,1889051
MKD,North Macedonia,2019,Europe & Central Asia,Upper middle income,21766.8842062487,76.6024390243903,1876262
MKD,North Macedonia,2020,Europe & Central Asia,Upper middle income,20971.4421033593,74.3951219512195,1856124
MKD,North Macedonia,2021,Europe & Central Asia,Upper middle income,22144.1924252732,73.2463414634146,1837114
MKD,North Macedonia,2022,Europe & Central Asia,Upper middle income,22822.2333994259,74.4248780487805,1831712
MKD,North Macedonia,2023,Europe & Central Asia,Upper middle income,23455.2221318176,75.3160975609756,1827816
MNP,Northern Mariana Islands,2000,East Asia & Pacific,High income,,74.9,68356
MNP,Northern Mariana Islands,2001,East Asia & Pacific,High income,,75.419,67984
MNP,Northern Mariana Islands,2002,East Asia & Pacific,High income,,75.934,66778
MNP,Northern Mariana Islands,2003,East Asia & Pacific,High income,,76.505,65421
MNP,Northern Mariana Islands,2004,East Asia & Pacific,High income,,76.789,63938
MNP,Northern Mariana Islands,2005,East Asia & Pacific,High income,,77.307,62354
MNP,Northern Mariana Islands,2006,East Asia & Pacific,High income,,77.688,60682
MNP,Northern Mariana Islands,2007,East Asia & Pacific,High income,,77.863,58941
MNP,Northern Mariana Islands,2008,East Asia & Pacific,High income,,77.938,57150
MNP,Northern Mariana Islands,2009,East Asia & Pacific,High income,,77.903,55325
MNP,Northern Mariana Islands,2010,East Asia & Pacific,High income,,77.8,54091
MNP,Northern Mariana Islands,2011,East Asia & Pacific,High income,,77.688,53608
MNP,Northern Mariana Islands,2012,East Asia & Pacific,High income,,77.566,53234
MNP,Northern Mariana Islands,2013,East Asia & Pacific,High income,,77.452,52758
MNP,Northern Mariana Islands,2014,East Asia & Pacific,High income,,77.377,52178
MNP,Northern Mariana Islands,2015,East Asia & Pacific,High income,,77.36,51514
MNP,Northern Mariana Islands,2016,East Asia & Pacific,High income,,77.392,50773
MNP,Northern Mariana Islands,2017,East Asia & Pacific,High income,,77.47,49959
MNP,Northern Mariana Islands,2018,East Asia & Pacific,High income,,77.51,49077
MNP,Northern Mariana Islands,2019,East Asia & Pacific,High income,,77.844,48129
MNP,Northern Mariana Islands,2020,East Asia & Pacific,High income,,78.03,47528
MNP,Northern Mariana Islands,2021,East Asia & Pacific,High income,,78.16,46979
MNP,Northern Mariana Islands,2022,East Asia & Pacific,High income,,78.531,46078
MNP,Northern Mariana Islands,2023,East Asia & Pacific,High income,,78.808,45143
NOR,Norway,2000,Europe & Central Asia,High income,76775.9420600924,78.6341463414634,4490967
NOR,Norway,2001,Europe & Central Asia,High income,78041.0146260585,78.7853658536585,4513751
NOR,Norway,2002,Europe & Central Asia,High income,78752.5931631095,78.9878048780488,4538159
NOR,Norway,2003,Europe & Central Asia,High income,79150.3962863661,79.390243902439,4564855
NOR,Norway,2004,Europe & Central Asia,High income,82091.1935035949,79.8414634146342,4591910
NOR,Norway,2005,Europe & Central Asia,High income,83955.3365007578,80.0414634146342,4623291
NOR,Norway,2006,Europe & Central Asia,High income,85653.1367825864,80.3439024390244,4660677
NOR,Norway,2007,Europe & Central Asia,High income,87670.8617980792,80.3951219512195,4709153
NOR,Norway,2008,Europe & Central Asia,High income,87297.3980291813,80.5926829268293,4768212
NOR,Norway,2009,Europe & Central Asia,High income,84812.6851277638,80.7951219512195,4828726
NOR,Norway,2010,Europe & Central Asia,High income,84604.5143891947,80.9975609756098,4889252
NOR,Norway,2011,Europe & Central Asia,High income,84670.8344398355,81.2951219512195,4953088
NOR,Norway,2012,Europe & Central Asia,High income,85925.8723352057,81.4512195121951,5018573
NOR,Norway,2013,Europe & Central Asia,High income,85973.7694976801,81.7512195121951,5079623
NOR,Norway,2014,Europe & Central Asia,High income,86790.7924625691,82.1,5137232
NOR,Norway,2015,Europe & Central Asia,High income,87688.1196708993,82.3048780487805,5188607
NOR,Norway,2016,Europe & Central Asia,High income,88041.6414808956,82.4073170731707,5234519
NOR,Norway,2017,Europe & Central Asia,High income,89664.9086415829,82.609756097561,5276968
NOR,Norway,2018,Europe & Central Asia,High income,90064.0687974358,82.7585365853659,5311916
NOR,Norway,2019,Europe & Central Asia,High income,90772.9017041865,82.9585365853659,5347896
NOR,Norway,2020,Europe & Central Asia,High income,89012.2723804504,83.209756097561,5379475
NOR,Norway,2021,Europe & Central Asia,High income,92205.7698636049,83.1634146341463,5408320
NOR,Norway,2022,Europe & Central Asia,High income,95109.8201605729,82.509756097561,5457127
NOR,Norway,2023,Europe & Central Asia,High income,94364.9641754336,83.0121951219512,5519601
OMN,Oman,2000,"Middle East, North Africa, Afghanistan & Pakistan",High income,42086.0431536301,73.643,2282131
OMN,Oman,2001,"Middle East, North Africa, Afghanistan & Pakistan",High income,43492.2863754557,73.979,2310217
OMN,Oman,2002,"Middle East, North Africa, Afghanistan & Pakistan",High income,42654.1482671623,74.276,2337140
OMN,Oman,2003,"Middle East, North Africa, Afghanistan & Pakistan",High income,41247.5873733105,74.521,2363796
OMN,Oman,2004,"Middle East, North Africa, Afghanistan & Pakistan",High income,41351.7687385072,74.82,2404821
OMN,Oman,2005,"Middle East, North Africa, Afghanistan & Pakistan",High income,41551.1413844552,75.07,2459802
OMN,Oman,2006,"Middle East, North Africa, Afghanistan & Pakistan",High income,42540.4398485334,75.354,2514795
OMN,Oman,2007,"Middle East, North Africa, Afghanistan & Pakistan",High income,43696.9691440917,75.596,2570174
OMN,Oman,2008,"Middle East, North Africa, Afghanistan & Pakistan",High income,46586.3955926767,76.124,2626529
OMN,Oman,2009,"Middle East, North Africa, Afghanistan & Pakistan",High income,48304.1178923167,76.631,2684659
OMN,Oman,2010,"Middle East, North Africa, Afghanistan & Pakistan",High income,48191.6145135737,77.184,2757446
OMN,Oman,2011,"Middle East, North Africa, Afghanistan & Pakistan",High income,44440.3092616125,77.74,3076763
OMN,Oman,2012,"Middle East, North Africa, Afghanistan & Pakistan",High income,41964.0828578552,78.187,3547106
OMN,Oman,2013,"Middle East, North Africa, Afghanistan & Pakistan",High income,40854.4853548905,78.633,3833913
OMN,Oman,2014,"Middle East, North Africa, Afghanistan & Pakistan",High income,39639.9870514802,79.03,4002439
OMN,Oman,2015,"Middle East, North Africa, Afghanistan & Pakistan",High income,39813.7887054675,79.346,4184895
OMN,Oman,2016,"Middle East, North Africa, Afghanistan & Pakistan",High income,39860.9893909688,79.581,4390877
OMN,Oman,2017,"Middle East, North Africa, Afghanistan & Pakistan",High income,38691.1077105097,79.748,4537396
OMN,Oman,2018,"Middle East, North Africa, Afghanistan & Pakistan",High income,38673.6045360857,79.864,4597877
OMN,Oman,2019,"Middle East, North Africa, Afghanistan & Pakistan",High income,38292.3859682752,79.946,4591241
OMN,Oman,2020,"Middle East, North Africa, Afghanistan & Pakistan",High income,37560.5998714953,77.763,4522497
OMN,Oman,2021,"Middle East, North Africa, Afghanistan & Pakistan",High income,38719.4587682049,75.969,4500424
OMN,Oman,2022,"Middle East, North Africa, Afghanistan & Pakistan",High income,39780.2122774985,77.911,4730226
OMN,Oman,2023,"Middle East, North Africa, Afghanistan & Pakistan",High income,37793.6163957515,80.031,5049269
PAK,Pakistan,2000,"Middle East, North Africa, Afghanistan & Pakistan",Lower middle income,3531.71291531612,61.903,154879127
PAK,Pakistan,2001,"Middle East, North Africa, Afghanistan & Pakistan",Lower middle income,3559.72784658715,62.241,159270907
PAK,Pakistan,2002,"Middle East, North Africa, Afghanistan & Pakistan",Lower middle income,3563.67846926558,62.556,163222549
PAK,Pakistan,2003,"Middle East, North Africa, Afghanistan & Pakistan",Lower middle income,3668.77938852508,62.834,167110248
PAK,Pakistan,2004,"Middle East, North Africa, Afghanistan & Pakistan",Lower middle income,3859.64601808903,63.097,171286000
PAK,Pakistan,2005,"Middle East, North Africa, Afghanistan & Pakistan",Lower middle income,4042.15457513378,62.416,175453212
PAK,Pakistan,2006,"Middle East, North Africa, Afghanistan & Pakistan",Lower middle income,4185.86655659206,63.624,179682690
PAK,Pakistan,2007,"Middle East, North Africa, Afghanistan & Pakistan",Lower middle income,4257.92556870432,63.807,184493231
PAK,Pakistan,2008,"Middle East, North Africa, Afghanistan & Pakistan",Lower middle income,4233.34830715497,64.002,189499113
PAK,Pakistan,2009,"Middle East, North Africa, Afghanistan & Pakistan",Lower middle income,4270.43882264229,64.206,194376534
PAK,Pakistan,2010,"Middle East, North Africa, Afghanistan & Pakistan",Lower middle income,4228.7817715945,64.378,199239047
PAK,Pakistan,2011,"Middle East, North Africa, Afghanistan & Pakistan",Lower middle income,4246.06710882497,64.659,203746065
PAK,Pakistan,2012,"Middle East, North Africa, Afghanistan & Pakistan",Lower middle income,4292.02110293486,64.883,207667125
PAK,Pakistan,2013,"Middle East, North Africa, Afghanistan & Pakistan",Lower middle income,4407.14705841377,65.129,211073978
PAK,Pakistan,2014,"Middle East, North Africa, Afghanistan & Pakistan",Lower middle income,4520.23463399286,65.374,214264647
PAK,Pakistan,2015,"Middle East, North Africa, Afghanistan & Pakistan",Lower middle income,4645.28631071145,65.641,217290883
PAK,Pakistan,2016,"Middle East, North Africa, Afghanistan & Pakistan",Lower middle income,4886.61212115378,65.943,220138869
PAK,Pakistan,2017,"Middle East, North Africa, Afghanistan & Pakistan",Lower middle income,5031.56060738433,66.223,223273967
PAK,Pakistan,2018,"Middle East, North Africa, Afghanistan & Pakistan",Lower middle income,5255.06350681272,66.481,226928892
PAK,Pakistan,2019,"Middle East, North Africa, Afghanistan & Pakistan",Lower middle income,5295.95295138203,66.729,230800899
PAK,Pakistan,2020,"Middle East, North Africa, Afghanistan & Pakistan",Lower middle income,5135.01459288839,65.701,235001746
PAK,Pakistan,2021,"Middle East, North Africa, Afghanistan & Pakistan",Lower middle income,5367.27364714762,65.773,239477801
PAK,Pakistan,2022,"Middle East, North Africa, Afghanistan & Pakistan",Lower middle income,5526.27928310213,67.417,243700667
PAK,Pakistan,2023,"Middle East, North Africa, Afghanistan & Pakistan",Lower middle income,5418.7693189297,67.649,247504495
PLW,Palau,2000,East Asia & Pacific,High income,15410.1740281683,64.499,19178
PLW,Palau,2001,East Asia & Pacific,High income,16393.4521014909,64.8,19352
PLW,Palau,2002,East Asia & Pacific,High income,17033.490272996,65.076,19503
PLW,Palau,2003,East Asia & Pacific,High income,16538.7688424505,65.446,19659
PLW,Palau,2004,East Asia & Pacific,High income,16974.0682933412,65.816,19820
PLW,Palau,2005,East Asia & Pacific,High income,17464.6208167636,66.219,19819
PLW,Palau,2006,East Asia & Pacific,High income,17706.3673621904,66.633,19593
PLW,Palau,2007,East Asia & Pacific,High income,18096.7989531775,67.113,19302
PLW,Palau,2008,East Asia & Pacific,High income,17355.2423019079,67.562,19009
PLW,Palau,2009,East Asia & Pacific,High income,16541.1206311875,67.99,18709
PLW,Palau,2010,East Asia & Pacific,High income,16313.4287679398,68.347,18396
PLW,Palau,2011,East Asia & Pacific,High income,17354.9336767951,68.638,18078
PLW,Palau,2012,East Asia & Pacific,High income,18024.7540996872,68.863,17765
PLW,Palau,2013,East Asia & Pacific,High income,17891.3784371353,68.981,17648
PLW,Palau,2014,East Asia & Pacific,High income,18574.7889489655,69.062,17715
PLW,Palau,2015,East Asia & Pacific,High income,20104.2315379069,69.07,17770
PLW,Palau,2016,East Asia & Pacific,High income,20408.2613269723,69.046,17797
PLW,Palau,2017,East Asia & Pacific,High income,19693.4082379382,69.019,17812
PLW,Palau,2018,East Asia & Pacific,High income,19608.9617027822,68.989,17814
PLW,Palau,2019,East Asia & Pacific,High income,19685.6037989273,68.982,17798
PLW,Palau,2020,East Asia & Pacific,High income,18509.2491855913,68.689,17792
PLW,Palau,2021,East Asia & Pacific,High income,16312.190220013,68.563,17783
PLW,Palau,2022,East Asia & Pacific,High income,16258.6271292912,68.922,17759
PLW,Palau,2023,East Asia & Pacific,High income,16487.15375427,69.269,17727
PAN,Panama,2000,Latin America & Caribbean,High income,14572.9808700068,73.443,3010369
PAN,Panama,2001,Latin America & Caribbean,High income,14427.8355424862,73.82,3069537
PAN,Panama,2002,Latin America & Caribbean,High income,14507.1494232714,74.195,3129344
PAN,Panama,2003,Latin America & Caribbean,High income,14957.5590503323,74.567,3189807
PAN,Panama,2004,Latin America & Caribbean,High income,15875.1188201453,74.845,3251155
PAN,Panama,2005,Latin America & Caribbean,High income,16867.9674513124,75.16,3313026
PAN,Panama,2006,Latin America & Caribbean,High income,18190.281154717,75.429,3375024
PAN,Panama,2007,Latin America & Caribbean,High income,20208.8293911964,75.675,3437490
PAN,Panama,2008,Latin America & Caribbean,High income,21867.8272186787,75.937,3500648
PAN,Panama,2009,Latin America & Caribbean,High income,21822.996136155,76.228,3564381
PAN,Panama,2010,Latin America & Caribbean,High income,22739.1194141341,76.417,3628535
PAN,Panama,2011,Latin America & Caribbean,High income,24999.4702655482,76.659,3693505
PAN,Panama,2012,Latin America & Caribbean,High income,26926.8956928065,76.877,3759256
PAN,Panama,2013,Latin America & Caribbean,High income,28135.3387835383,77.129,3825329
PAN,Panama,2014,Latin America & Caribbean,High income,28931.8156401199,77.365,3892101
PAN,Panama,2015,Latin America & Caribbean,High income,29933.1671530011,77.583,3960035
PAN,Panama,2016,Latin America & Caribbean,High income,30765.2490653506,77.772,4029086
PAN,Panama,2017,Latin America & Caribbean,High income,31979.8246437748,77.901,4098707
PAN,Panama,2018,Latin America & Caribbean,High income,32681.4729886331,78.266,4167860
PAN,Panama,2019,Latin America & Caribbean,High income,33163.7172814857,78.514,4234700
PAN,Panama,2020,Latin America & Caribbean,High income,26881.8277221689,76.33,4293261
PAN,Panama,2021,Latin America & Caribbean,High income,30932.7627780514,77.004,4345405
PAN,Panama,2022,Latin America & Caribbean,High income,33915.1693306309,79.324,4400773
PAN,Panama,2023,Latin America & Caribbean,High income,35872.9719200069,79.594,4458759
PNG,Papua New Guinea,2000,East Asia & Pacific,Lower middle income,3327.22485837041,61.609,5537064
PNG,Papua New Guinea,2001,East Asia & Pacific,Lower middle income,3212.17084845522,61.647,5728435
PNG,Papua New Guinea,2002,East Asia & Pacific,Lower middle income,3101.1924006365,61.643,5924003
PNG,Papua New Guinea,2003,East Asia & Pacific,Lower middle income,3064.83667344612,61.741,6123997
PNG,Papua New Guinea,2004,East Asia & Pacific,Lower middle income,3046.72321896172,61.795,6328041
PNG,Papua New Guinea,2005,East Asia & Pacific,Lower middle income,3136.98756942536,61.868,6535905
PNG,Papua New Guinea,2006,East Asia & Pacific,Lower middle income,3202.89763507367,62.018,6747720
PNG,Papua New Guinea,2007,East Asia & Pacific,Lower middle income,3346.27900337124,62.211,6963345
PNG,Papua New Guinea,2008,East Asia & Pacific,Lower middle income,3234.33247673,62.511,7183002
PNG,Papua New Guinea,2009,East Asia & Pacific,Lower middle income,3350.07263964739,62.772,7406438
PNG,Papua New Guinea,2010,East Asia & Pacific,Lower middle income,3579.63000710983,63.056,7633523
PNG,Papua New Guinea,2011,East Asia & Pacific,Lower middle income,3515.28312517363,63.382,7859346
PNG,Papua New Guinea,2012,East Asia & Pacific,Lower middle income,3577.91014722774,63.639,8081390
PNG,Papua New Guinea,2013,East Asia & Pacific,Lower middle income,3615.74646029074,63.927,8302698
PNG,Papua New Guinea,2014,East Asia & Pacific,Lower middle income,3999.13038811865,64.198,8523441
PNG,Papua New Guinea,2015,East Asia & Pacific,Lower middle income,4155.05563962107,64.473,8743246
PNG,Papua New Guinea,2016,East Asia & Pacific,Lower middle income,4276.29643263164,64.7,8961718
PNG,Papua New Guinea,2017,East Asia & Pacific,Lower middle income,4322.77662200998,64.923,9178714
PNG,Papua New Guinea,2018,East Asia & Pacific,Lower middle income,4211.68504310327,65.114,9394513
PNG,Papua New Guinea,2019,East Asia & Pacific,Lower middle income,4302.16255230002,65.331,9609010
PNG,Papua New Guinea,2020,East Asia & Pacific,Lower middle income,4078.15378358566,65.075,9815746
PNG,Papua New Guinea,2021,East Asia & Pacific,Lower middle income,3977.44297360749,64.358,10012896
PNG,Papua New Guinea,2022,East Asia & Pacific,Lower middle income,4126.03032145403,65.274,10203169
PNG,Papua New Guinea,2023,East Asia & Pacific,Lower middle income,4206.37834691367,66.134,10389635
PRY,Paraguay,2000,Latin America & Caribbean,Upper middle income,9997.3297251405,70.026,5100868
PRY,Paraguay,2001,Latin America & Caribbean,Upper middle income,9748.02702767691,70.281,5187689
PRY,Paraguay,2002,Latin America & Caribbean,Upper middle income,9609.53364585336,70.539,5261328
PRY,Paraguay,2003,Latin America & Caribbean,Upper middle income,9902.19918003817,70.795,5326436
PRY,Paraguay,2004,Latin America & Caribbean,Upper middle income,10185.9074387779,71.054,5388175
PRY,Paraguay,2005,Latin America & Caribbean,Upper middle income,10288.800866577,71.317,5448097
PRY,Paraguay,2006,Latin America & Caribbean,Upper middle income,10671.6449984385,71.584,5505148
PRY,Paraguay,2007,Latin America & Caribbean,Upper middle income,11140.4629098064,71.817,5559386
PRY,Paraguay,2008,Latin America & Caribbean,Upper middle income,11749.6546354418,72.047,5613574
PRY,Paraguay,2009,Latin America & Caribbean,Upper middle income,11599.8198579092,72.282,5671236
PRY,Paraguay,2010,Latin America & Caribbean,Upper middle income,12736.9672867807,72.551,5737971
PRY,Paraguay,2011,Latin America & Caribbean,Upper middle income,13107.8104435989,72.787,5814626
PRY,Paraguay,2012,Latin America & Caribbean,Upper middle income,12833.1801619413,73.105,5897008
PRY,Paraguay,2013,Latin America & Caribbean,Upper middle income,13698.9722320262,73.292,5982445
PRY,Paraguay,2014,Latin America & Caribbean,Upper middle income,14217.5580896983,73.415,6069811
PRY,Paraguay,2015,Latin America & Caribbean,Upper middle income,14425.777586033,73.454,6159103
PRY,Paraguay,2016,Latin America & Caribbean,Upper middle income,14824.7906280812,73.487,6249126
PRY,Paraguay,2017,Latin America & Caribbean,Upper middle income,15318.4012187276,73.45,6338660
PRY,Paraguay,2018,Latin America & Caribbean,Upper middle income,15591.0142663085,73.627,6427382
PRY,Paraguay,2019,Latin America & Caribbean,Upper middle income,15319.3889991221,73.668,6515058
PRY,Paraguay,2020,Latin America & Caribbean,Upper middle income,14989.7667130162,72.72,6603739
PRY,Paraguay,2021,Latin America & Caribbean,Upper middle income,15400.9446332428,68.108,6684182
PRY,Paraguay,2022,Latin America & Caribbean,Upper middle income,15222.8920228598,72.319,6760464
PRY,Paraguay,2023,Latin America & Caribbean,Upper middle income,15831.5849831308,73.844,6844146
PER,Peru,2000,Latin America & Caribbean,Upper middle income,7668.06078201131,69.821,26598331
PER,Peru,2001,Latin America & Caribbean,Upper middle income,7610.63949294843,70.315,26964601
PER,Peru,2002,Latin America & Caribbean,Upper middle income,7930.50980631714,70.815,27288217
PER,Peru,2003,Latin America & Caribbean,Upper middle income,8173.27672987692,71.278,27580490
PER,Peru,2004,Latin America & Caribbean,Upper middle income,8494.84031217202,71.447,27852190
PER,Peru,2005,Latin America & Caribbean,Upper middle income,8948.74710742664,71.988,28101180
PER,Peru,2006,Latin America & Caribbean,Upper middle income,9546.62529545456,72.337,28324491
PER,Peru,2007,Latin America & Caribbean,Upper middle income,10284.9672238506,72.746,28530699
PER,Peru,2008,Latin America & Caribbean,Upper middle income,11150.0262166889,72.743,28719041
PER,Peru,2009,Latin America & Caribbean,Upper middle income,11202.8654418496,72.631,28896811
PER,Peru,2010,Latin America & Caribbean,Upper middle income,12057.3912963716,72.886,29086019
PER,Peru,2011,Latin America & Caribbean,Upper middle income,12724.8832049429,73.327,29304086
PER,Peru,2012,Latin America & Caribbean,Upper middle income,13393.5923851679,73.979,29550366
PER,Peru,2013,Latin America & Caribbean,Upper middle income,14050.2420319137,74.591,29817919
PER,Peru,2014,Latin America & Caribbean,Upper middle income,14242.6444760801,75.26,30115826
PER,Peru,2015,Latin America & Caribbean,Upper middle income,14540.8313160635,75.732,30457600
PER,Peru,2016,Latin America & Caribbean,Upper middle income,14915.4366324454,75.951,30866494
PER,Peru,2017,Latin America & Caribbean,Upper middle income,15067.489279382,75.958,31324637
PER,Peru,2018,Latin America & Caribbean,Upper middle income,15384.1846082423,76.018,31897584
PER,Peru,2019,Latin America & Caribbean,Upper middle income,15461.4572585466,76.275,32449303
PER,Peru,2020,Latin America & Caribbean,Upper middle income,13607.7640705828,73.832,32838579
PER,Peru,2021,Latin America & Caribbean,Upper middle income,15285.7706852395,71.596,33155882
PER,Peru,2022,Latin America & Caribbean,Upper middle income,15566.5242612563,76.834,33475438
PER,Peru,2023,Latin America & Caribbean,Upper middle income,15342.2741359642,77.74,33845617
PHL,Philippines,2000,East Asia & Pacific,Upper middle income,4740.43891694569,67.789,79625397
PHL,Philippines,2001,East Asia & Pacific,Upper middle income,4778.4008437474,67.829,81401488
PHL,Philippines,2002,East Asia & Pacific,Upper middle income,4856.49948429567,67.886,83068889
PHL,Philippines,2003,East Asia & Pacific,Upper middle income,5003.38317718716,68.049,84731835
PHL,Philippines,2004,East Asia & Pacific,Upper middle income,5229.45080700165,68.301,86394504
PHL,Philippines,2005,East Asia & Pacific,Upper middle income,5386.81653712891,68.423,88015962
PHL,Philippines,2006,East Asia & Pacific,Upper middle income,5578.57225112139,68.172,89508986
PHL,Philippines,2007,East Asia & Pacific,Upper middle income,5840.06810169965,68.549,91075184
PHL,Philippines,2008,East Asia & Pacific,Upper middle income,5987.03757861835,68.643,92699095
PHL,Philippines,2009,East Asia & Pacific,Upper middle income,5965.30730902221,68.631,94384250
PHL,Philippines,2010,East Asia & Pacific,Upper middle income,6273.03927731515,68.883,96337125
PHL,Philippines,2011,East Asia & Pacific,Upper middle income,6388.31296959977,69.096,98248614
PHL,Philippines,2012,East Asia & Pacific,Upper middle income,6697.55620962768,69.237,100175512
PHL,Philippines,2013,East Asia & Pacific,Upper middle income,7016.53846470436,69.283,102076336
PHL,Philippines,2014,East Asia & Pacific,Upper middle income,7340.361585912,69.311,103767130
PHL,Philippines,2015,East Asia & Pacific,Upper middle income,7691.76308685047,69.45,105312992
PHL,Philippines,2016,East Asia & Pacific,Upper middle income,8131.82537948653,69.49,106735719
PHL,Philippines,2017,East Asia & Pacific,Upper middle income,8584.13622709699,69.966,108119693
PHL,Philippines,2018,East Asia & Pacific,Upper middle income,9016.28659637608,69.761,109465287
PHL,Philippines,2019,East Asia & Pacific,Upper middle income,9452.2939715981,69.68,110804683
PHL,Philippines,2020,East Asia & Pacific,Upper middle income,8455.18457134106,70.097,112081264
PHL,Philippines,2021,East Asia & Pacific,Upper middle income,8857.78995115514,66.675,113100950
PHL,Philippines,2022,East Asia & Pacific,Upper middle income,9457.10395402883,69.472,113964338
PHL,Philippines,2023,East Asia & Pacific,Upper middle income,9898.53294588106,69.833,114891199
POL,Poland,2000,Europe & Central Asia,High income,18566.3546288772,73.7487804878049,38258629
POL,Poland,2001,Europe & Central Asia,High income,18800.6018648402,74.2,38248076
POL,Poland,2002,Europe & Central Asia,High income,19166.9137058143,74.4975609756098,38230364
POL,Poland,2003,Europe & Central Asia,High income,19855.6317989181,74.5975609756098,38204570
POL,Poland,2004,Europe & Central Asia,High income,20878.6545002534,74.8463414634146,38182222
POL,Poland,2005,Europe & Central Asia,High income,21568.9476594356,74.9951219512195,38165445
POL,Poland,2006,Europe & Central Asia,High income,22921.1975887696,75.1439024390244,38141267
POL,Poland,2007,Europe & Central Asia,High income,24484.0656663756,75.2439024390244,38120560
POL,Poland,2008,Europe & Central Asia,High income,25553.9058406534,75.5439024390244,38125759
POL,Poland,2009,Europe & Central Asia,High income,26204.410367111,75.6951219512195,38151603
POL,Poland,2010,Europe & Central Asia,High income,27112.1333797381,76.2463414634146,38042794
POL,Poland,2011,Europe & Central Asia,High income,28521.6612623568,76.6951219512195,38063255
POL,Poland,2012,Europe & Central Asia,High income,28952.9157305301,76.7463414634146,38063164
POL,Poland,2013,Europe & Central Asia,High income,29168.624211075,77,38040196
POL,Poland,2014,Europe & Central Asia,High income,30334.8786569618,77.6024390243903,38011735
POL,Poland,2015,Europe & Central Asia,High income,31700.3682364154,77.4512195121951,37986412
POL,Poland,2016,Europe & Central Asia,High income,32675.3052259954,77.8512195121951,37970087
POL,Poland,2017,Europe & Central Asia,High income,34354.5987616319,77.7536585365854,37974826
POL,Poland,2018,Europe & Central Asia,High income,36500.4114282584,77.6024390243903,37974750
POL,Poland,2019,Europe & Central Asia,High income,38181.6230334689,77.9048780487805,37965475
POL,Poland,2020,Europe & Central Asia,High income,37852.8021313639,76.4,37515748
POL,Poland,2021,Europe & Central Asia,High income,41059.5847829682,75.3512195121951,36981559
POL,Poland,2022,Europe & Central Asia,High income,43405.0215797441,77.1560975609756,36821749
POL,Poland,2023,Europe & Central Asia,High income,43672.7668014946,78.2585365853659,36687353
PRT,Portugal,2000,Europe & Central Asia,High income,35069.8275705133,76.3146341463415,10289898
PRT,Portugal,2001,Europe & Central Asia,High income,35500.2266804093,76.8146341463415,10362722
PRT,Portugal,2002,Europe & Central Asia,High income,35578.5200309,77.0658536585366,10419631
PRT,Portugal,2003,Europe & Central Asia,High income,35115.379514413,77.219512195122,10458821
PRT,Portugal,2004,Europe & Central Asia,High income,35658.1298257507,77.6707317073171,10483861
PRT,Portugal,2005,Europe & Central Asia,High income,35870.3092741502,78.0707317073171,10503330
PRT,Portugal,2006,Europe & Central Asia,High income,36387.5367379523,78.419512195122,10522288
PRT,Portugal,2007,Europe & Central Asia,High income,37226.4702626704,78.3219512195122,10542964
PRT,Portugal,2008,Europe & Central Asia,High income,37291.5048969664,78.5243902439025,10558177
PRT,Portugal,2009,Europe & Central Asia,High income,36092.8109314688,78.7268292682927,10568247
PRT,Portugal,2010,Europe & Central Asia,High income,36703.1141882825,79.0268292682927,10573100
PRT,Portugal,2011,Europe & Central Asia,High income,36127.2949766157,80.4707317073171,10557560
PRT,Portugal,2012,Europe & Central Asia,High income,34804.6333340484,80.3731707317073,10514844
PRT,Portugal,2013,Europe & Central Asia,High income,34651.7719455059,80.7219512195122,10457295
PRT,Portugal,2014,Europe & Central Asia,High income,35097.4098263232,81.1219512195122,10401062
PRT,Portugal,2015,Europe & Central Asia,High income,35803.3575649772,81.1243902439025,10358076
PRT,Portugal,2016,Europe & Central Asia,High income,36636.2978441636,81.1243902439025,10325452
PRT,Portugal,2017,Europe & Central Asia,High income,37943.1150505677,81.4243902439025,10300300
PRT,Portugal,2018,Europe & Central Asia,High income,39123.6151282575,81.3243902439024,10283822
PRT,Portugal,2019,Europe & Central Asia,High income,40188.2868799223,81.6756097560976,10286263
PRT,Portugal,2020,Europe & Central Asia,High income,36852.2287338103,81.3292682926829,10297081
PRT,Portugal,2021,Europe & Central Asia,High income,38657.6677223429,81.3780487804878,10361831
PRT,Portugal,2022,Europe & Central Asia,High income,41070.8611529744,81.6317073170732,10434332
PRT,Portugal,2023,Europe & Central Asia,High income,41768.2583096874,82.3292682926829,10578174
PRI,Puerto Rico (US),2000,Latin America & Caribbean,High income,37298.5450447133,75.514,3810605
PRI,Puerto Rico (US),2001,Latin America & Caribbean,High income,39568.5528383032,75.972,3818774
PRI,Puerto Rico (US),2002,Latin America & Caribbean,High income,39879.7295566967,76.819,3823701
PRI,Puerto Rico (US),2003,Latin America & Caribbean,High income,39876.0670237773,76.941,3826095
PRI,Puerto Rico (US),2004,Latin America & Caribbean,High income,43355.8226365269,76.913,3826878
PRI,Puerto Rico (US),2005,Latin America & Caribbean,High income,42555.7081189669,76.703,3821362
PRI,Puerto Rico (US),2006,Latin America & Caribbean,High income,42133.9682748773,77.561,3805214
PRI,Puerto Rico (US),2007,Latin America & Caribbean,High income,41888.6232716478,77.659,3782995
PRI,Puerto Rico (US),2008,Latin America & Caribbean,High income,41358.0689136668,78.111,3760866
PRI,Puerto Rico (US),2009,Latin America & Caribbean,High income,40772.3514249612,78.377,3740410
PRI,Puerto Rico (US),2010,Latin America & Caribbean,High income,40777.6892825687,78.717,3724465
PRI,Puerto Rico (US),2011,Latin America & Caribbean,High income,40972.5364074959,78.766,3693464
PRI,Puerto Rico (US),2012,Latin America & Caribbean,High income,41347.4542013586,79.258,3661045
PRI,Puerto Rico (US),2013,Latin America & Caribbean,High income,41556.7852350074,80.318,3631427
PRI,Puerto Rico (US),2014,Latin America & Caribbean,High income,41593.6798280708,80.039,3585017
PRI,Puerto Rico (US),2015,Latin America & Caribbean,High income,41737.6068571153,80.677,3535167
PRI,Puerto Rico (US),2016,Latin America & Caribbean,High income,41858.2626698462,80.355,3480432
PRI,Puerto Rico (US),2017,Latin America & Caribbean,High income,41479.9977732034,79.07,3410837
PRI,Puerto Rico (US),2018,Latin America & Caribbean,High income,41119.3088051648,81.086,3290690
PRI,Puerto Rico (US),2019,Latin America & Caribbean,High income,41656.3291581369,81.438,3302691
PRI,Puerto Rico (US),2020,Latin America & Caribbean,High income,40171.3744461738,80.009,3281591
PRI,Puerto Rico (US),2021,Latin America & Caribbean,High income,40559.226188957,79.77,3262731
PRI,Puerto Rico (US),2022,Latin America & Caribbean,High income,42310.8139725719,79.427,3220148
PRI,Puerto Rico (US),2023,Latin America & Caribbean,High income,42837.872737145,81.69,3203794
QAT,Qatar,2000,"Middle East, North Africa, Afghanistan & Pakistan",High income,98028.5232918526,75.25,644989
QAT,Qatar,2001,"Middle East, North Africa, Afghanistan & Pakistan",High income,96901.5943725606,75.486,677925
QAT,Qatar,2002,"Middle East, North Africa, Afghanistan & Pakistan",High income,99001.4939977461,75.766,711205
QAT,Qatar,2003,"Middle East, North Africa, Afghanistan & Pakistan",High income,98068.1232492499,76.097,744682
QAT,Qatar,2004,"Middle East, North Africa, Afghanistan & Pakistan",High income,112583.929924606,76.484,773332
QAT,Qatar,2005,"Middle East, North Africa, Afghanistan & Pakistan",High income,113384.267001706,76.909,825408
QAT,Qatar,2006,"Middle East, North Africa, Afghanistan & Pakistan",High income,121378.43895737,77.323,972831
QAT,Qatar,2007,"Middle East, North Africa, Afghanistan & Pakistan",High income,115272.510003238,77.741,1208595
QAT,Qatar,2008,"Middle East, North Africa, Afghanistan & Pakistan",High income,114879.221727674,78.262,1426938
QAT,Qatar,2009,"Middle East, North Africa, Afghanistan & Pakistan",High income,114069.652335284,78.837,1608903
QAT,Qatar,2010,"Middle East, North Africa, Afghanistan & Pakistan",High income,132502.281828313,79.444,1616832
QAT,Qatar,2011,"Middle East, North Africa, Afghanistan & Pakistan",High income,149025.116325024,79.994,1624761
QAT,Qatar,2012,"Middle East, North Africa, Afghanistan & Pakistan",High income,147077.406092637,80.499,1722438
QAT,Qatar,2013,"Middle East, North Africa, Afghanistan & Pakistan",High income,138046.596315458,80.974,1916426
QAT,Qatar,2014,"Middle East, North Africa, Afghanistan & Pakistan",High income,128013.987050891,81.395,2151745
QAT,Qatar,2015,"Middle East, North Africa, Afghanistan & Pakistan",High income,123070.887876565,81.785,2344557
QAT,Qatar,2016,"Middle East, North Africa, Afghanistan & Pakistan",High income,120054.408736518,82.147,2477113
QAT,Qatar,2017,"Middle East, North Africa, Afghanistan & Pakistan",High income,115064.943662853,82.458,2545820
QAT,Qatar,2018,"Middle East, North Africa, Afghanistan & Pakistan",High income,114909.945485127,82.714,2580734
QAT,Qatar,2019,"Middle East, North Africa, Afghanistan & Pakistan",High income,113160.973779334,82.945,2638657
QAT,Qatar,2020,"Middle East, North Africa, Afghanistan & Pakistan",High income,103061.913422502,80.409,2794148
QAT,Qatar,2021,"Middle East, North Africa, Afghanistan & Pakistan",High income,116832.570294098,81.083,2504910
QAT,Qatar,2022,"Middle East, North Africa, Afghanistan & Pakistan",High income,114740.12361423,81.857,2657333
QAT,Qatar,2023,"Middle East, North Africa, Afghanistan & Pakistan",High income,116159.142564088,82.368,2656032
ROU,Romania,2000,Europe & Central Asia,High income,14853.6063681531,71.1634146341463,22442971
ROU,Romania,2001,Europe & Central Asia,High income,15848.3039143162,71.1609756097561,22131970
ROU,Romania,2002,Europe & Central Asia,High income,17061.6293695412,71.009756097561,21730496
ROU,Romania,2003,Europe & Central Asia,High income,17587.462617764,71.309756097561,21574326
ROU,Romania,2004,Europe & Central Asia,High income,19532.4800205184,71.5609756097561,21451748
ROU,Romania,2005,Europe & Central Asia,High income,20570.925514681,71.9121951219512,21319685
ROU,Romania,2006,Europe & Central Asia,High income,22354.5637860053,72.1634146341463,21193760
ROU,Romania,2007,Europe & Central Asia,High income,24328.3931332788,72.5658536585366,20882982
ROU,Romania,2008,Europe & Central Asia,High income,27039.6000864291,72.5658536585366,20537875
ROU,Romania,2009,Europe & Central Asia,High income,25761.6305517205,73.309756097561,20367487
ROU,Romania,2010,Europe & Central Asia,High income,24902.9044891466,73.4585365853659,20246871
ROU,Romania,2011,Europe & Central Asia,High income,26150.7476231736,74.409756097561,20147528
ROU,Romania,2012,Europe & Central Asia,High income,26767.4556487181,74.4121951219512,20058035
ROU,Romania,2013,Europe & Central Asia,High income,26941.9318849595,75.0634146341463,19983693
ROU,Romania,2014,Europe & Central Asia,High income,28156.1307843293,74.909756097561,19908979
ROU,Romania,2015,Europe & Central Asia,High income,29181.8781722441,74.9121951219512,19815616
ROU,Romania,2016,Europe & Central Asia,High income,30189.147723024,75.209756097561,19702267
ROU,Romania,2017,Europe & Central Asia,High income,32852.6355672255,75.209756097561,19588715
ROU,Romania,2018,Europe & Central Asia,High income,34828.8958637884,75.3585365853659,19473970
ROU,Romania,2019,Europe & Central Asia,High income,36399.4746080793,75.6073170731707,19371648
ROU,Romania,2020,Europe & Central Asia,High income,35283.6060358241,74.2536585365854,19265250
ROU,Romania,2021,Europe & Central Asia,High income,37534.0002643549,72.809756097561,19122059
ROU,Romania,2022,Europe & Central Asia,High income,39256.8260854977,75.1536585365854,19048502
ROU,Romania,2023,Europe & Central Asia,High income,40116.689141690404,76.4048780487805,19061062
RUS,Russian Federation,2000,Europe & Central Asia,High income,20104.75,65.4836585365854,146596869
RUS,Russian Federation,2001,Europe & Central Asia,High income,21219.904296875,65.3834146341463,145976482
RUS,Russian Federation,2002,Europe & Central Asia,High income,22319.677734375,65.1287804878049,145306497
RUS,Russian Federation,2003,Europe & Central Asia,High income,24057.927734375,65.0275609756098,144648618
RUS,Russian Federation,2004,Europe & Central Asia,High income,25894.146484375,65.4709756097561,144067316
RUS,Russian Federation,2005,Europe & Central Asia,High income,27656.658203125,65.529756097561,143518814
RUS,Russian Federation,2006,Europe & Central Asia,High income,30022.671875,66.7275609756098,143049637
RUS,Russian Federation,2007,Europe & Central Asia,High income,32630.369140625,67.5868292682927,142805114
RUS,Russian Federation,2008,Europe & Central Asia,High income,34342.2265625,67.9492682926829,142742366
RUS,Russian Federation,2009,Europe & Central Asia,High income,31654.00390625,68.6846341463415,142785348
RUS,Russian Federation,2010,Europe & Central Asia,High income,33063.5859375,68.8412195121951,142849468
RUS,Russian Federation,2011,Europe & Central Asia,High income,34444.64453125,69.6839024390244,143018195
RUS,Russian Federation,2012,Europe & Central Asia,High income,35740.69921875,70.0721951219512,143378447
RUS,Russian Federation,2013,Europe & Central Asia,High income,36260.06640625,70.5787804878049,143805638
RUS,Russian Federation,2014,Europe & Central Asia,High income,35853.24609375,70.7436585365854,144237223
RUS,Russian Federation,2015,Europe & Central Asia,High income,35037.15234375,71.1834146341463,144640716
RUS,Russian Federation,2016,Europe & Central Asia,High income,35005.4453125,71.6512195121951,145015460
RUS,Russian Federation,2017,Europe & Central Asia,High income,35570.703125,72.4514634146342,145293260
RUS,Russian Federation,2018,Europe & Central Asia,High income,36536.6953125,72.6621951219512,145398106
RUS,Russian Federation,2019,Europe & Central Asia,High income,37319.3203125,73.0839024390244,145453291
RUS,Russian Federation,2020,Europe & Central Asia,High income,36376.3359375,71.3387804878049,145245148
RUS,Russian Federation,2021,Europe & Central Asia,High income,38638.4296875,69.900243902439,144746762
RUS,Russian Federation,2022,Europe & Central Asia,High income,38214.69140625,72.5456097560976,144236933
RUS,Russian Federation,2023,Europe & Central Asia,High income,39881.44921875,73.2546341463415,143826130
RWA,Rwanda,2000,Sub-Saharan Africa,Low income,1055.35042339776,47.798,8213931
RWA,Rwanda,2001,Sub-Saharan Africa,Low income,1134.78453153468,49.49,8287094
RWA,Rwanda,2002,Sub-Saharan Africa,Low income,1267.19396540218,51.262,8400180
RWA,Rwanda,2003,Sub-Saharan Africa,Low income,1266.94449487196,53.529,8586875
RWA,Rwanda,2004,Sub-Saharan Africa,Low income,1325.79557312503,55.52,8816844
RWA,Rwanda,2005,Sub-Saharan Africa,Low income,1412.06107949967,56.968,9054528
RWA,Rwanda,2006,Sub-Saharan Africa,Low income,1501.7646218593,58.342,9299246
RWA,Rwanda,2007,Sub-Saharan Africa,Low income,1573.96811218011,59.504,9549933
RWA,Rwanda,2008,Sub-Saharan Africa,Low income,1704.25449057727,60.641,9804269
RWA,Rwanda,2009,Sub-Saharan Africa,Low income,1764.63484961094,61.813,10060432
RWA,Rwanda,2010,Sub-Saharan Africa,Low income,1846.86326840066,62.804,10317553
RWA,Rwanda,2011,Sub-Saharan Africa,Low income,1945.53705383878,63.476,10573733
RWA,Rwanda,2012,Sub-Saharan Africa,Low income,2063.66474823031,64.189,10829901
RWA,Rwanda,2013,Sub-Saharan Africa,Low income,2109.74668811567,64.651,11093340
RWA,Rwanda,2014,Sub-Saharan Africa,Low income,2176.09492014666,65.088,11364757
RWA,Rwanda,2015,Sub-Saharan Africa,Low income,2313.09716940962,65.419,11640022
RWA,Rwanda,2016,Sub-Saharan Africa,Low income,2386.74841002826,65.733,11919183
RWA,Rwanda,2017,Sub-Saharan Africa,Low income,2441.08540816509,66.14,12202060
RWA,Rwanda,2018,Sub-Saharan Africa,Low income,2577.69730366075,66.354,12487996
RWA,Rwanda,2019,Sub-Saharan Africa,Low income,2753.53959810856,66.691,12776103
RWA,Rwanda,2020,Sub-Saharan Africa,Low income,2617.70706034364,66.953,13065837
RWA,Rwanda,2021,Sub-Saharan Africa,Low income,2776.39276387923,66.85,13355260
RWA,Rwanda,2022,Sub-Saharan Africa,Low income,2983.10774007304,67.528,13651030
RWA,Rwanda,2023,Sub-Saharan Africa,Low income,3168.03075281515,67.785,13954471
WSM,Samoa,2000,East Asia & Pacific,Upper middle income,4639.18880250252,70.791,181685
WSM,Samoa,2001,East Asia & Pacific,Upper middle income,4941.74832450316,71.028,183166
WSM,Samoa,2002,East Asia & Pacific,Upper middle income,5184.11871218152,71.233,184471
WSM,Samoa,2003,East Asia & Pacific,Upper middle income,5426.13899111084,71.441,185430
WSM,Samoa,2004,East Asia & Pacific,Upper middle income,5569.06081180669,71.508,186249
WSM,Samoa,2005,East Asia & Pacific,Upper middle income,5915.6475736791,71.487,186978
WSM,Samoa,2006,East Asia & Pacific,Upper middle income,6018.2480546697,71.62,187709
WSM,Samoa,2007,East Asia & Pacific,Upper middle income,6014.046762066,71.605,188753
WSM,Samoa,2008,East Asia & Pacific,Upper middle income,6183.55546849942,71.531,190107
WSM,Samoa,2009,East Asia & Pacific,Upper middle income,6104.90962936041,69.486,191513
WSM,Samoa,2010,East Asia & Pacific,Upper middle income,6428.13508590333,71.451,193023
WSM,Samoa,2011,East Asia & Pacific,Upper middle income,6617.61889509588,71.393,194713
WSM,Samoa,2012,East Asia & Pacific,Upper middle income,6312.76944621145,71.159,196498
WSM,Samoa,2013,East Asia & Pacific,Upper middle income,6263.12610411359,71.229,198268
WSM,Samoa,2014,East Asia & Pacific,Upper middle income,6248.70534550413,71.142,200037
WSM,Samoa,2015,East Asia & Pacific,Upper middle income,6433.1839621351,71.06,201782
WSM,Samoa,2016,East Asia & Pacific,Upper middle income,6888.18769751001,71.003,203499
WSM,Samoa,2017,East Asia & Pacific,Upper middle income,6919.90225366914,70.991,205415
WSM,Samoa,2018,East Asia & Pacific,Upper middle income,6805.91709392797,71.052,207582
WSM,Samoa,2019,East Asia & Pacific,Upper middle income,7034.42233036815,70.269,209780
WSM,Samoa,2020,East Asia & Pacific,Upper middle income,6746.15667963109,70.727,211944
WSM,Samoa,2021,East Asia & Pacific,Upper middle income,6350.92787033711,71.096,213779
WSM,Samoa,2022,East Asia & Pacific,Upper middle income,6450.19151677842,71.55,215261
WSM,Samoa,2023,East Asia & Pacific,Upper middle income,7384.69163688613,71.698,216663
SMR,San Marino,2000,Europe & Central Asia,High income,77149.4185798293,80.504,26799
SMR,San Marino,2001,Europe & Central Asia,High income,80420.7725451516,80.803,27143
SMR,San Marino,2002,Europe & Central Asia,High income,79649.5350498753,81.061,27491
SMR,San Marino,2003,Europe & Central Asia,High income,81688.3814188309,81.33,27843
SMR,San Marino,2004,Europe & Central Asia,High income,80724.8114711728,81.592,29457
SMR,San Marino,2005,Europe & Central Asia,High income,81632.1776324722,81.926,29836
SMR,San Marino,2006,Europe & Central Asia,High income,83781.550199101,82.258,30184
SMR,San Marino,2007,Europe & Central Asia,High income,86785.0210208274,82.605,31211
SMR,San Marino,2008,Europe & Central Asia,High income,85120.2897275883,82.894,31662
SMR,San Marino,2009,Europe & Central Asia,High income,73093.8341489444,83.224,33066
SMR,San Marino,2010,Europe & Central Asia,High income,68669.2549485757,83.464,33270
SMR,San Marino,2011,Europe & Central Asia,High income,64214.120906595,83.713,32620
SMR,San Marino,2012,Europe & Central Asia,High income,58176.3797454761,83.943,33469
SMR,San Marino,2013,Europe & Central Asia,High income,58467.9789128485,84.175,33041
SMR,San Marino,2014,Europe & Central Asia,High income,58743.5863890151,84.394,32655
SMR,San Marino,2015,Europe & Central Asia,High income,59647.6600146934,84.596,32897
SMR,San Marino,2016,Europe & Central Asia,High income,60669.8228947966,84.775,33101
SMR,San Marino,2017,Europe & Central Asia,High income,59524.5606827202,84.933,33825
SMR,San Marino,2018,Europe & Central Asia,High income,59194.04440794,85.095,34522
SMR,San Marino,2019,Europe & Central Asia,High income,60171.0506033928,85.257,34663
SMR,San Marino,2020,Europe & Central Asia,High income,55998.0734625278,82.65,34770
SMR,San Marino,2021,Europe & Central Asia,High income,64745.1322795901,83.539,34252
SMR,San Marino,2022,Europe & Central Asia,High income,70887.5780565982,85.708,33755
SMR,San Marino,2023,Europe & Central Asia,High income,70951.7919690715,85.706,33860
STP,Sao Tome and Principe,2000,Sub-Saharan Africa,Lower middle income,3852.89042721453,61.207,144018
STP,Sao Tome and Principe,2001,Sub-Saharan Africa,Lower middle income,3907.0192818698,61.5,146375
STP,Sao Tome and Principe,2002,Sub-Saharan Africa,Lower middle income,3942.76040695115,61.826,149922
STP,Sao Tome and Principe,2003,Sub-Saharan Africa,Lower middle income,4161.63833167542,62.158,153814
STP,Sao Tome and Principe,2004,Sub-Saharan Africa,Lower middle income,4202.56186898775,62.56,157705
STP,Sao Tome and Principe,2005,Sub-Saharan Africa,Lower middle income,4371.49721644128,62.434,161639
STP,Sao Tome and Principe,2006,Sub-Saharan Africa,Lower middle income,4644.18044669991,63.041,165638
STP,Sao Tome and Principe,2007,Sub-Saharan Africa,Lower middle income,4698.08416961839,63.336,169700
STP,Sao Tome and Principe,2008,Sub-Saharan Africa,Lower middle income,4873.1813112046,63.448,173793
STP,Sao Tome and Principe,2009,Sub-Saharan Africa,Lower middle income,4919.19529822865,63.669,177853
STP,Sao Tome and Principe,2010,Sub-Saharan Africa,Lower middle income,4882.04796466341,63.867,181802
STP,Sao Tome and Principe,2011,Sub-Saharan Africa,Lower middle income,4876.47315792145,64.122,185649
STP,Sao Tome and Principe,2012,Sub-Saharan Africa,Lower middle income,4919.55294386577,64.505,189439
STP,Sao Tome and Principe,2013,Sub-Saharan Africa,Lower middle income,5072.11200195866,64.93,193148
STP,Sao Tome and Principe,2014,Sub-Saharan Africa,Lower middle income,5223.09572886388,65.478,196767
STP,Sao Tome and Principe,2015,Sub-Saharan Africa,Lower middle income,5210.2037755431,66.023,200291
STP,Sao Tome and Principe,2016,Sub-Saharan Africa,Lower middle income,5388.5091334891,66.563,203689
STP,Sao Tome and Principe,2017,Sub-Saharan Africa,Lower middle income,5521.20249597413,67.074,206970
STP,Sao Tome and Principe,2018,Sub-Saharan Africa,Lower middle income,5674.72379094011,67.602,210187
STP,Sao Tome and Principe,2019,Sub-Saharan Africa,Lower middle income,5702.08347071236,68.043,213392
STP,Sao Tome and Principe,2020,Sub-Saharan Africa,Lower middle income,5742.94724858826,67.979,217435
STP,Sao Tome and Principe,2021,Sub-Saharan Africa,Lower middle income,5732.69456061536,68.026,221961
STP,Sao Tome and Principe,2022,Sub-Saharan Africa,Lower middle income,5632.13890715047,69.237,226305
STP,Sao Tome and Principe,2023,Sub-Saharan Africa,Lower middle income,5541.3016760535,69.718,230871
SAU,Saudi Arabia,2000,"Middle East, North Africa, Afghanistan & Pakistan",High income,55962.2661342789,72.607,16177722
SAU,Saudi Arabia,2001,"Middle East, North Africa, Afghanistan & Pakistan",High income,53309.111388544,72.951,17041397
SAU,Saudi Arabia,2002,"Middle East, North Africa, Afghanistan & Pakistan",High income,50371.9783079834,73.296,17910910
SAU,Saudi Arabia,2003,"Middle East, North Africa, Afghanistan & Pakistan",High income,52234.649280791,73.657,18786767
SAU,Saudi Arabia,2004,"Middle East, North Africa, Afghanistan & Pakistan",High income,54196.5514152953,74.027,19669480
SAU,Saudi Arabia,2005,"Middle East, North Africa, Afghanistan & Pakistan",High income,54931.7942450845,74.4,20559890
SAU,Saudi Arabia,2006,"Middle East, North Africa, Afghanistan & Pakistan",High income,54373.737695386,74.762,21459144
SAU,Saudi Arabia,2007,"Middle East, North Africa, Afghanistan & Pakistan",High income,53318.4191601834,75.066,22368313
SAU,Saudi Arabia,2008,"Middle East, North Africa, Afghanistan & Pakistan",High income,54407.7081673247,75.301,23287877
SAU,Saudi Arabia,2009,"Middle East, North Africa, Afghanistan & Pakistan",High income,51760.7643987566,75.447,24217654
SAU,Saudi Arabia,2010,"Middle East, North Africa, Afghanistan & Pakistan",High income,54911.547517012,75.616,23978487
SAU,Saudi Arabia,2011,"Middle East, North Africa, Afghanistan & Pakistan",High income,58645.4459416531,75.808,25091867
SAU,Saudi Arabia,2012,"Middle East, North Africa, Afghanistan & Pakistan",High income,59471.7001909394,76.09,26168861
SAU,Saudi Arabia,2013,"Middle East, North Africa, Afghanistan & Pakistan",High income,57998.4644619155,76.517,27624004
SAU,Saudi Arabia,2014,"Middle East, North Africa, Afghanistan & Pakistan",High income,58872.2671400126,77.116,28309273
SAU,Saudi Arabia,2015,"Middle East, North Africa, Afghanistan & Pakistan",High income,58498.5399040699,77.776,29816382
SAU,Saudi Arabia,2016,"Middle East, North Africa, Afghanistan & Pakistan",High income,57308.4484127497,78.354,30954198
SAU,Saudi Arabia,2017,"Middle East, North Africa, Afghanistan & Pakistan",High income,57942.5484983044,78.721,30977355
SAU,Saudi Arabia,2018,"Middle East, North Africa, Afghanistan & Pakistan",High income,61359.4653740388,78.75,30196281
SAU,Saudi Arabia,2019,"Middle East, North Africa, Afghanistan & Pakistan",High income,62647.7299487842,78.313,30063799
SAU,Saudi Arabia,2020,"Middle East, North Africa, Afghanistan & Pakistan",High income,57420.7335736424,77.596,31552510
SAU,Saudi Arabia,2021,"Middle East, North Africa, Afghanistan & Pakistan",High income,62690.4966645929,77.089,30784383
SAU,Saudi Arabia,2022,"Middle East, North Africa, Afghanistan & Pakistan",High income,67178.5902274906,77.31,32175224
SAU,Saudi Arabia,2023,"Middle East, North Africa, Afghanistan & Pakistan",High income,64481.8441927288,78.732,33702731
SEN,Senegal,2000,Sub-Saharan Africa,Lower middle income,3093.28791603382,57.615,9968260
SEN,Senegal,2001,Sub-Saharan Africa,Lower middle income,3149.33113704283,58.158,10212942
SEN,Senegal,2002,Sub-Saharan Africa,Lower middle income,3075.23157503874,58.912,10466214
SEN,Senegal,2003,Sub-Saharan Africa,Lower middle income,3170.03494689265,59.474,10721176
SEN,Senegal,2004,Sub-Saharan Africa,Lower middle income,3240.30201670643,60.308,10975704
SEN,Senegal,2005,Sub-Saharan Africa,Lower middle income,3301.82076161633,60.98,11235472
SEN,Senegal,2006,Sub-Saharan Africa,Lower middle income,3301.03152415011,61.801,11500094
SEN,Senegal,2007,Sub-Saharan Africa,Lower middle income,3316.42037835596,62.653,11770344
SEN,Senegal,2008,Sub-Saharan Africa,Lower middle income,3359.70567091144,63.201,12048959
SEN,Senegal,2009,Sub-Saharan Africa,Lower middle income,3371.46166689451,63.751,12337389
SEN,Senegal,2010,Sub-Saharan Africa,Lower middle income,3403.56707166762,64.221,12635413
SEN,Senegal,2011,Sub-Saharan Africa,Lower middle income,3362.87940538165,64.799,12958897
SEN,Senegal,2012,Sub-Saharan Africa,Lower middle income,3405.10864461668,65.229,13310495
SEN,Senegal,2013,Sub-Saharan Africa,Lower middle income,3385.425906874,65.638,13710849
SEN,Senegal,2014,Sub-Saharan Africa,Lower middle income,3484.01219750661,66.001,14152102
SEN,Senegal,2015,Sub-Saharan Africa,Lower middle income,3593.79477121279,66.451,14593331
SEN,Senegal,2016,Sub-Saharan Africa,Lower middle income,3710.05531591559,66.724,15034521
SEN,Senegal,2017,Sub-Saharan Africa,Lower middle income,3871.45146786374,67.059,15475002
SEN,Senegal,2018,Sub-Saharan Africa,Lower middle income,3998.28635303867,67.379,15914498
SEN,Senegal,2019,Sub-Saharan Africa,Lower middle income,4070.6122705955,67.668,16352922
SEN,Senegal,2020,Sub-Saharan Africa,Lower middle income,4018.04129279044,67.496,16789219
SEN,Senegal,2021,Sub-Saharan Africa,Lower middle income,4173.67741399617,66.868,17220867
SEN,Senegal,2022,Sub-Saharan Africa,Lower middle income,4228.73382643662,67.788,17651103
SEN,Senegal,2023,Sub-Saharan Africa,Lower middle income,4304.76148721773,68.683,18077573
SRB,Serbia,2000,Europe & Central Asia,Upper middle income,11105.9488237331,71.5829268292683,7516346
SRB,Serbia,2001,Europe & Central Asia,Upper middle income,11879.1763909711,72.2341463414634,7503433
SRB,Serbia,2002,Europe & Central Asia,Upper middle income,12661.9396115325,72.2853658536585,7500031
SRB,Serbia,2003,Europe & Central Asia,Upper middle income,13273.6900656327,72.4365853658537,7480591
SRB,Serbia,2004,Europe & Central Asia,Upper middle income,14194.3651317933,72.6829268292683,7463157
SRB,Serbia,2005,Europe & Central Asia,Upper middle income,15077.5586462578,72.8341463414634,7440769
SRB,Serbia,2006,Europe & Central Asia,Upper middle income,15727.4033683685,73.3853658536585,7411569
SRB,Serbia,2007,Europe & Central Asia,Upper middle income,17028.0866985832,73.6317073170732,7381579
SRB,Serbia,2008,Europe & Central Asia,Upper middle income,17983.2811855695,73.8853658536585,7350222
SRB,Serbia,2009,Europe & Central Asia,Upper middle income,17488.1227241581,73.9853658536585,7320807
SRB,Serbia,2010,Europe & Central Asia,Upper middle income,17841.4312599018,74.3365853658537,7291436
SRB,Serbia,2011,Europe & Central Asia,Upper middle income,17986.5840283539,74.5365853658537,7236519
SRB,Serbia,2012,Europe & Central Asia,Upper middle income,17993.8147169993,74.8365853658537,7201497
SRB,Serbia,2013,Europe & Central Asia,Upper middle income,18163.2047330246,75.1853658536585,7166553
SRB,Serbia,2014,Europe & Central Asia,Upper middle income,17922.4357685757,75.3365853658537,7131787
SRB,Serbia,2015,Europe & Central Asia,Upper middle income,18247.8091057968,75.2878048780488,7095383
SRB,Serbia,2016,Europe & Central Asia,Upper middle income,18889.3816415548,75.6878048780488,7058322
SRB,Serbia,2017,Europe & Central Asia,Upper middle income,19438.9917129776,75.5390243902439,7020858
SRB,Serbia,2018,Europe & Central Asia,Upper middle income,20454.225884367,75.890243902439,6982604
SRB,Serbia,2019,Europe & Central Asia,Upper middle income,21541.1264037184,75.9365853658537,6945235
SRB,Serbia,2020,Europe & Central Asia,Upper middle income,21479.0788553347,74.4780487804878,6899126
SRB,Serbia,2021,Europe & Central Asia,Upper middle income,23406.3065657117,72.780487804878,6834326
SRB,Serbia,2022,Europe & Central Asia,Upper middle income,24651.8478183529,75.2365853658537,6664449
SRB,Serbia,2023,Europe & Central Asia,Upper middle income,25735.1334774195,76.1414634146341,6623183
SYC,Seychelles,2000,Sub-Saharan Africa,High income,20633.6746950761,72.7780487804878,81131
SYC,Seychelles,2001,Sub-Saharan Africa,High income,20147.4187656167,73.2536585365854,81202
SYC,Seychelles,2002,Sub-Saharan Africa,High income,19777.7525249721,71.0878048780488,83723
SYC,Seychelles,2003,Sub-Saharan Africa,High income,18825.2206936189,71.0292682926829,82781
SYC,Seychelles,2004,Sub-Saharan Africa,High income,18356.4711447212,72.6609756097561,82475
SYC,Seychelles,2005,Sub-Saharan Africa,High income,19917.1194534221,72.1317073170732,82858
SYC,Seychelles,2006,Sub-Saharan Africa,High income,21341.8597526003,72.2170731707317,84600
SYC,Seychelles,2007,Sub-Saharan Africa,High income,23117.8555224771,73.1439024390244,85033
SYC,Seychelles,2008,Sub-Saharan Africa,High income,21990.3685269705,73.1634146341463,86956
SYC,Seychelles,2009,Sub-Saharan Africa,High income,21361.1307875284,73.0829268292683,87298
SYC,Seychelles,2010,Sub-Saharan Africa,High income,21708.7554506566,73.1975609756098,89770
SYC,Seychelles,2011,Sub-Saharan Africa,High income,24406.4129764105,72.7243902439024,87441
SYC,Seychelles,2012,Sub-Saharan Africa,High income,24919.955210328,74.2756097560976,88303
SYC,Seychelles,2013,Sub-Saharan Africa,High income,24770.6514591794,73.119512195122,89949
SYC,Seychelles,2014,Sub-Saharan Africa,High income,25379.4180707013,73.2292682926829,91359
SYC,Seychelles,2015,Sub-Saharan Africa,High income,27032.2083880002,74.2951219512195,93419
SYC,Seychelles,2016,Sub-Saharan Africa,High income,29905.1347389952,74.309756097561,94677
SYC,Seychelles,2017,Sub-Saharan Africa,High income,31595.6680570505,74.3,95843
SYC,Seychelles,2018,Sub-Saharan Africa,High income,32841.4242467381,72.8414634146341,96762
SYC,Seychelles,2019,Sub-Saharan Africa,High income,34346.0708923483,74.0463414634146,97625
SYC,Seychelles,2020,Sub-Saharan Africa,High income,30056.1994300968,77.2365853658537,98462
SYC,Seychelles,2021,Sub-Saharan Africa,High income,29979.8272686091,73.3975609756097,99258
SYC,Seychelles,2022,Sub-Saharan Africa,High income,27275.6883819803,74.509756097561,119878
SYC,Seychelles,2023,Sub-Saharan Africa,High income,28713.6672353088,75.419512195122,119773
SLE,Sierra Leone,2000,Sub-Saharan Africa,Low income,1981.5060863596,44.834,4423611
SLE,Sierra Leone,2001,Sub-Saharan Africa,Low income,1749.35086270429,45.448,4692716
SLE,Sierra Leone,2002,Sub-Saharan Africa,Low income,2089.26152672652,46.174,4971435
SLE,Sierra Leone,2003,Sub-Saharan Africa,Low income,2196.28134480717,46.784,5177687
SLE,Sierra Leone,2004,Sub-Saharan Africa,Low income,2260.83818892177,47.485,5355717
SLE,Sierra Leone,2005,Sub-Saharan Africa,Low income,2296.65767816581,48.306,5501712
SLE,Sierra Leone,2006,Sub-Saharan Africa,Low income,2342.75461064658,49.547,5624466
SLE,Sierra Leone,2007,Sub-Saharan Africa,Low income,2377.80530040404,50.024,5749352
SLE,Sierra Leone,2008,Sub-Saharan Africa,Low income,2404.65198710572,50.693,5894722
SLE,Sierra Leone,2009,Sub-Saharan Africa,Low income,2376.58254446039,51.312,6055646
SLE,Sierra Leone,2010,Sub-Saharan Africa,Low income,2459.76814343236,51.927,6222714
SLE,Sierra Leone,2011,Sub-Saharan Africa,Low income,2590.52839404167,52.594,6387251
SLE,Sierra Leone,2012,Sub-Saharan Africa,Low income,2792.92626459232,53.159,6551080
SLE,Sierra Leone,2013,Sub-Saharan Africa,Low income,3124.72832355066,54.051,6714051
SLE,Sierra Leone,2014,Sub-Saharan Africa,Low income,2812.5283210882,54.281,6876385
SLE,Sierra Leone,2015,Sub-Saharan Africa,Low income,2628.17058065746,55.454,7037655
SLE,Sierra Leone,2016,Sub-Saharan Africa,Low income,2732.26093913215,56.937,7205328
SLE,Sierra Leone,2017,Sub-Saharan Africa,Low income,2753.42719762222,57.761,7379299
SLE,Sierra Leone,2018,Sub-Saharan Africa,Low income,2767.38003296688,59.059,7554563
SLE,Sierra Leone,2019,Sub-Saharan Africa,Low income,2852.66269829967,59.593,7731991
SLE,Sierra Leone,2020,Sub-Saharan Africa,Low income,2752.62615355663,59.694,7912558
SLE,Sierra Leone,2021,Sub-Saharan Africa,Low income,2849.38865839009,60.26,8094602
SLE,Sierra Leone,2022,Sub-Saharan Africa,Low income,2934.7332634039,61.275,8276807
SLE,Sierra Leone,2023,Sub-Saharan Africa,Low income,3034.94608192505,61.786,8460512
SGP,Singapore,2000,East Asia & Pacific,High income,68904.1280154511,77.9512195121951,4027887
SGP,Singapore,2001,East Asia & Pacific,High income,66352.1492865891,78.2512195121951,4138012
SGP,Singapore,2002,East Asia & Pacific,High income,68328.932172058,78.5512195121951,4175950
SGP,Singapore,2003,East Asia & Pacific,High income,72497.86860121,79.0390243902439,4114826
SGP,Singapore,2004,East Asia & Pacific,High income,78712.5347297388,79.490243902439,4166664
SGP,Singapore,2005,East Asia & Pacific,High income,82547.482835778,79.990243902439,4265762
SGP,Singapore,2006,East Asia & Pacific,High income,87210.0480467646,80.1414634146341,4401365
SGP,Singapore,2007,East Asia & Pacific,High income,91198.1515708456,80.4414634146342,4588599
SGP,Singapore,2008,East Asia & Pacific,High income,88083.2853664583,80.790243902439,4839396
SGP,Singapore,2009,East Asia & Pacific,High income,85575.755106675,81.2414634146342,4987573
SGP,Singapore,2010,East Asia & Pacific,High income,96280.0168756448,81.5414634146342,5076732
SGP,Singapore,2011,East Asia & Pacific,High income,100153.729405945,81.7439024390244,5183688
SGP,Singapore,2012,East Asia & Pacific,High income,102061.11936105,81.9951219512195,5312437
SGP,Singapore,2013,East Asia & Pacific,High income,105259.693561054,82.2463414634147,5399162
SGP,Singapore,2014,East Asia & Pacific,High income,107990.891202625,82.4951219512195,5469724
SGP,Singapore,2015,East Asia & Pacific,High income,109894.041337341,82.7439024390244,5535002
SGP,Singapore,2016,East Asia & Pacific,High income,112719.947951111,82.8463414634146,5607283
SGP,Singapore,2017,East Asia & Pacific,High income,117492.967994526,83.0951219512195,5612253
SGP,Singapore,2018,East Asia & Pacific,High income,120668.888726158,83.2975609756098,5638676
SGP,Singapore,2019,East Asia & Pacific,High income,120678.341978557,83.5951219512195,5703569
SGP,Singapore,2020,East Asia & Pacific,High income,116684.213596572,83.5439024390244,5685807
SGP,Singapore,2021,East Asia & Pacific,High income,133990.186782104,83.0926829268293,5453566
SGP,Singapore,2022,East Asia & Pacific,High income,134828.001392614,82.8951219512195,5637022
SGP,Singapore,2023,East Asia & Pacific,High income,130296.843789261,83.0975609756098,5917648
SXM,Sint Maarten (Dutch part),2000,Latin America & Caribbean,High income,,74.409,30773
SXM,Sint Maarten (Dutch part),2001,Latin America & Caribbean,High income,,74.525,30726
SXM,Sint Maarten (Dutch part),2002,Latin America & Caribbean,High income,,74.585,30960
SXM,Sint Maarten (Dutch part),2003,Latin America & Caribbean,High income,,74.588,31327
SXM,Sint Maarten (Dutch part),2004,Latin America & Caribbean,High income,,74.618,31690
SXM,Sint Maarten (Dutch part),2005,Latin America & Caribbean,High income,,74.681,32057
SXM,Sint Maarten (Dutch part),2006,Latin America & Caribbean,High income,,74.779,32428
SXM,Sint Maarten (Dutch part),2007,Latin America & Caribbean,High income,,74.812,32791
SXM,Sint Maarten (Dutch part),2008,Latin America & Caribbean,High income,,74.852,33145
SXM,Sint Maarten (Dutch part),2009,Latin America & Caribbean,High income,50980.9400838983,74.796,33491
SXM,Sint Maarten (Dutch part),2010,Latin America & Caribbean,High income,52140.59965779,74.821,33794
SXM,Sint Maarten (Dutch part),2011,Latin America & Caribbean,High income,53786.2462000327,74.868,34267
SXM,Sint Maarten (Dutch part),2012,Latin America & Caribbean,High income,53357.003462797,75.125,35023
SXM,Sint Maarten (Dutch part),2013,Latin America & Caribbean,High income,52801.4031054792,75.391,35854
SXM,Sint Maarten (Dutch part),2014,Latin America & Caribbean,High income,52439.4736756048,75.735,36672
SXM,Sint Maarten (Dutch part),2015,Latin America & Caribbean,High income,51375.6032503737,75.899,37471
SXM,Sint Maarten (Dutch part),2016,Latin America & Caribbean,High income,50817.6814942681,75.952,38249
SXM,Sint Maarten (Dutch part),2017,Latin America & Caribbean,High income,46088.3583839152,75.455,38996
SXM,Sint Maarten (Dutch part),2018,Latin America & Caribbean,High income,42154.1020267504,75.693,39712
SXM,Sint Maarten (Dutch part),2019,Latin America & Caribbean,High income,45996.7912346922,75.68,40385
SXM,Sint Maarten (Dutch part),2020,Latin America & Caribbean,High income,39265.7616790568,75.002,41008
SXM,Sint Maarten (Dutch part),2021,Latin America & Caribbean,High income,40507.0672411717,74.505,41571
SXM,Sint Maarten (Dutch part),2022,Latin America & Caribbean,High income,45515.6528430026,76.18,42139
SXM,Sint Maarten (Dutch part),2023,Latin America & Caribbean,High income,46571.08813424,76.371,42749
SVK,Slovak Republic,2000,Europe & Central Asia,High income,18335.6834506937,73.0512195121951,5388720
SVK,Slovak Republic,2001,Europe & Central Asia,High income,18906.6014279038,73.4024390243903,5378867
SVK,Slovak Republic,2002,Europe & Central Asia,High income,19748.9318737056,73.6048780487805,5376912
SVK,Slovak Republic,2003,Europe & Central Asia,High income,20721.7128107535,73.6048780487805,5373374
SVK,Slovak Republic,2004,Europe & Central Asia,High income,21842.9563752621,73.9585365853659,5372280
SVK,Slovak Republic,2005,Europe & Central Asia,High income,23257.1758521642,73.9048780487805,5372807
SVK,Slovak Republic,2006,Europe & Central Asia,High income,25331.8740217421,74.2048780487805,5373054
SVK,Slovak Republic,2007,Europe & Central Asia,High income,28064.2457264668,74.2073170731707,5374622
SVK,Slovak Republic,2008,Europe & Central Asia,High income,29544.090596762,74.7048780487805,5379233
SVK,Slovak Republic,2009,Europe & Central Asia,High income,27880.4111227638,74.909756097561,5386406
SVK,Slovak Republic,2010,Europe & Central Asia,High income,29745.9196662166,75.1121951219512,5391428
SVK,Slovak Republic,2011,Europe & Central Asia,High income,30468.8257049455,75.9585365853659,5398384
SVK,Slovak Republic,2012,Europe & Central Asia,High income,30894.3118010926,76.109756097561,5407579
SVK,Slovak Republic,2013,Europe & Central Asia,High income,31078.1848215695,76.4121951219512,5413393
SVK,Slovak Republic,2014,Europe & Central Asia,High income,31888.805351531,76.8121951219512,5418649
SVK,Slovak Republic,2015,Europe & Central Asia,High income,33507.7913603774,76.5634146341463,5423801
SVK,Slovak Republic,2016,Europe & Central Asia,High income,34116.4502039273,77.1658536585366,5430798
SVK,Slovak Republic,2017,Europe & Central Asia,High income,35042.7858925618,77.1658536585366,5439232
SVK,Slovak Republic,2018,Europe & Central Asia,High income,36415.7920529507,77.2658536585366,5446771
SVK,Slovak Republic,2019,Europe & Central Asia,High income,37194.2104548698,77.6658536585366,5454147
SVK,Slovak Republic,2020,Europe & Central Asia,High income,36201.4863805533,76.8658536585366,5458827
SVK,Slovak Republic,2021,Europe & Central Asia,High income,38330.302743447,74.6146341463415,5447247
SVK,Slovak Republic,2022,Europe & Central Asia,High income,38648.9855746919,76.9658536585366,5431752
SVK,Slovak Republic,2023,Europe & Central Asia,High income,39501.9474231962,78.119512195122,5426740
SVN,Slovenia,2000,Europe & Central Asia,High income,30061.2061910089,75.4121951219512,1988925
SVN,Slovenia,2001,Europe & Central Asia,High income,30862.8959874504,75.7585365853659,1992060
SVN,Slovenia,2002,Europe & Central Asia,High income,31836.5215656188,76.0073170731707,1994530
SVN,Slovenia,2003,Europe & Central Asia,High income,32833.9045969454,76.8585365853659,1995733
SVN,Slovenia,2004,Europe & Central Asia,High income,34304.5565023331,77.2073170731707,1997012
SVN,Slovenia,2005,Europe & Central Asia,High income,35565.0427189638,77.6121951219512,2000474
SVN,Slovenia,2006,Europe & Central Asia,High income,37546.4956078863,78.0865853658537,2006868
SVN,Slovenia,2007,Europe & Central Asia,High income,40002.7018991991,78.5609756097561,2018122
SVN,Slovenia,2008,Europe & Central Asia,High income,41286.3462491223,78.7658536585366,2021316
SVN,Slovenia,2009,Europe & Central Asia,High income,37809.1735513927,78.9707317073171,2039669
SVN,Slovenia,2010,Europe & Central Asia,High income,38063.314683572,79.4219512195122,2048583
SVN,Slovenia,2011,Europe & Central Asia,High income,38233.2905622851,79.9707317073171,2052843
SVN,Slovenia,2012,Europe & Central Asia,High income,37040.7082746106,80.1243902439024,2057159
SVN,Slovenia,2013,Europe & Central Asia,High income,36685.7496645094,80.3219512195122,2059953
SVN,Slovenia,2014,Europe & Central Asia,High income,37662.2559898098,81.0780487804878,2061980
SVN,Slovenia,2015,Europe & Central Asia,High income,38534.6437425951,80.7756097560976,2063531
SVN,Slovenia,2016,Europe & Central Asia,High income,39674.8931561968,81.1756097560976,2065042
SVN,Slovenia,2017,Europe & Central Asia,High income,41700.651085028,81.0292682926829,2066388
SVN,Slovenia,2018,Europe & Central Asia,High income,43369.221946981,81.3780487804878,2073894
SVN,Slovenia,2019,Europe & Central Asia,High income,44577.9418583069,81.5292682926829,2088385
SVN,Slovenia,2020,Europe & Central Asia,High income,42471.5228031277,80.5317073170732,2102419
SVN,Slovenia,2021,Europe & Central Asia,High income,45922.6632600134,80.6756097560976,2108079
SVN,Slovenia,2022,Europe & Central Asia,High income,47058.8865960028,81.2829268292683,2112076
SVN,Slovenia,2023,Europe & Central Asia,High income,47986.4195855821,81.9292682926829,2120461
SLB,Solomon Islands,2000,East Asia & Pacific,Lower middle income,2277.11363831224,67.116,440469
SLB,Solomon Islands,2001,East Asia & Pacific,Lower middle income,2055.53771375159,67.237,449125
SLB,Solomon Islands,2002,East Asia & Pacific,Lower middle income,1960.67504793326,67.35,457671
SLB,Solomon Islands,2003,East Asia & Pacific,Lower middle income,2050.57140389822,67.479,466154
SLB,Solomon Islands,2004,East Asia & Pacific,Lower middle income,2168.78371648018,67.628,474611
SLB,Solomon Islands,2005,East Asia & Pacific,Lower middle income,2287.56668822715,67.79,483080
SLB,Solomon Islands,2006,East Asia & Pacific,Lower middle income,2340.95143662493,67.968,491594
SLB,Solomon Islands,2007,East Asia & Pacific,Lower middle income,2384.62333040945,67.845,500156
SLB,Solomon Islands,2008,East Asia & Pacific,Lower middle income,2490.10207495758,68.336,508790
SLB,Solomon Islands,2009,East Asia & Pacific,Lower middle income,2515.21324036507,68.397,518141
SLB,Solomon Islands,2010,East Asia & Pacific,Lower middle income,2682.62900140516,68.669,532968
SLB,Solomon Islands,2011,East Asia & Pacific,Lower middle income,2777.83439007893,68.824,552945
SLB,Solomon Islands,2012,East Asia & Pacific,Lower middle income,2743.8100151451,68.961,573606
SLB,Solomon Islands,2013,East Asia & Pacific,Lower middle income,2783.94856666363,69.007,594945
SLB,Solomon Islands,2014,East Asia & Pacific,Lower middle income,2716.77005403122,68.984,616908
SLB,Solomon Islands,2015,East Asia & Pacific,Lower middle income,2665.06620679799,69.323,639415
SLB,Solomon Islands,2016,East Asia & Pacific,Lower middle income,2715.58152252659,69.501,662379
SLB,Solomon Islands,2017,East Asia & Pacific,Lower middle income,2704.00988015555,69.652,685672
SLB,Solomon Islands,2018,East Asia & Pacific,Lower middle income,2686.46317027984,69.806,709101
SLB,Solomon Islands,2019,East Asia & Pacific,Lower middle income,2661.95770893588,69.981,728147
SLB,Solomon Islands,2020,East Asia & Pacific,Lower middle income,2515.46369413305,69.258,744498
SLB,Solomon Islands,2021,East Asia & Pacific,Lower middle income,2450.18399709553,68.89,762591
SLB,Solomon Islands,2022,East Asia & Pacific,Lower middle income,2330.40164523401,70.409,781066
SLB,Solomon Islands,2023,East Asia & Pacific,Lower middle income,2339.87469992347,70.528,800005
SOM,"Somalia, Fed. Rep.",2000,Sub-Saharan Africa,Low income,702.850071117661,50.747,8838713
SOM,"Somalia, Fed. Rep.",2001,Sub-Saharan Africa,Low income,723.37973295059,50.829,9198493
SOM,"Somalia, Fed. Rep.",2002,Sub-Saharan Africa,Low income,749.913550912524,50.82,9550063
SOM,"Somalia, Fed. Rep.",2003,Sub-Saharan Africa,Low income,777.884552733128,50.721,9909157
SOM,"Somalia, Fed. Rep.",2004,Sub-Saharan Africa,Low income,803.059780580226,50.685,10280998
SOM,"Somalia, Fed. Rep.",2005,Sub-Saharan Africa,Low income,830.807245939502,50.894,10644228
SOM,"Somalia, Fed. Rep.",2006,Sub-Saharan Africa,Low income,857.993655902122,50.915,10975502
SOM,"Somalia, Fed. Rep.",2007,Sub-Saharan Africa,Low income,887.369352235607,50.885,11322582
SOM,"Somalia, Fed. Rep.",2008,Sub-Saharan Africa,Low income,919.132083453107,51.456,11663084
SOM,"Somalia, Fed. Rep.",2009,Sub-Saharan Africa,Low income,956.220325392593,52.101,11961201
SOM,"Somalia, Fed. Rep.",2010,Sub-Saharan Africa,Low income,995.225555512017,48.9,12261756
SOM,"Somalia, Fed. Rep.",2011,Sub-Saharan Africa,Low income,1054.36214979093,32.453,12348830
SOM,"Somalia, Fed. Rep.",2012,Sub-Saharan Africa,Low income,1114.8041489283,49.138,12461160
SOM,"Somalia, Fed. Rep.",2013,Sub-Saharan Africa,Low income,1197.72166459722,54.016,12869594
SOM,"Somalia, Fed. Rep.",2014,Sub-Saharan Africa,Low income,1259.27432882605,54.442,13339491
SOM,"Somalia, Fed. Rep.",2015,Sub-Saharan Africa,Low income,1343.92517439594,55.056,13806963
SOM,"Somalia, Fed. Rep.",2016,Sub-Saharan Africa,Low income,1384.15517410124,55.283,14348740
SOM,"Somalia, Fed. Rep.",2017,Sub-Saharan Africa,Low income,1527.66029071648,52.19,14916629
SOM,"Somalia, Fed. Rep.",2018,Sub-Saharan Africa,Low income,1504.97908203481,54.767,15452487
SOM,"Somalia, Fed. Rep.",2019,Sub-Saharan Africa,Low income,1491.29493918405,57.249,16030971
SOM,"Somalia, Fed. Rep.",2020,Sub-Saharan Africa,Low income,1396.05544674978,57.095,16651191
SOM,"Somalia, Fed. Rep.",2021,Sub-Saharan Africa,Low income,1392.31782053371,55.703,17271431
SOM,"Somalia, Fed. Rep.",2022,Sub-Saharan Africa,Low income,1387.54753732191,53.931,17801897
SOM,"Somalia, Fed. Rep.",2023,Sub-Saharan Africa,Low income,1401.64735228455,58.816,18358615
ZAF,South Africa,2000,Sub-Saharan Africa,Upper middle income,11183.825503143,58.368,47159719
ZAF,South Africa,2001,Sub-Saharan Africa,Upper middle income,11387.492366782,57.161,47566800
ZAF,South Africa,2002,Sub-Saharan Africa,Upper middle income,11697.5657261687,55.58,48019415
ZAF,South Africa,2003,Sub-Saharan Africa,Upper middle income,11923.1211013633,54.245,48500348
ZAF,South Africa,2004,Sub-Saharan Africa,Upper middle income,12341.2102655828,53.963,48991421
ZAF,South Africa,2005,Sub-Saharan Africa,Upper middle income,12861.5633089114,53.914,49490033
ZAF,South Africa,2006,Sub-Saharan Africa,Upper middle income,13444.2332126058,54.22,49998277
ZAF,South Africa,2007,Sub-Saharan Africa,Upper middle income,14016.2444716386,54.948,50528584
ZAF,South Africa,2008,Sub-Saharan Africa,Upper middle income,14297.6887802632,55.982,51114599
ZAF,South Africa,2009,Sub-Saharan Africa,Upper middle income,13910.7017093394,57.413,51728516
ZAF,South Africa,2010,Sub-Saharan Africa,Upper middle income,14164.9958363115,58.886,52344051
ZAF,South Africa,2011,Sub-Saharan Africa,Upper middle income,14434.2611456048,60.602,52995205
ZAF,South Africa,2012,Sub-Saharan Africa,Upper middle income,14563.7624041032,61.737,53782567
ZAF,South Africa,2013,Sub-Saharan Africa,Upper middle income,14681.096638957,62.388,54678791
ZAF,South Africa,2014,Sub-Saharan Africa,Upper middle income,14643.3384782936,63.184,55594838
ZAF,South Africa,2015,Sub-Saharan Africa,Upper middle income,14541.6748613669,64.053,56723537
ZAF,South Africa,2016,Sub-Saharan Africa,Upper middle income,14501.2807823402,64.749,57259551
ZAF,South Africa,2017,Sub-Saharan Africa,Upper middle income,14573.5980840004,65.422,57635162
ZAF,South Africa,2018,Sub-Saharan Africa,Upper middle income,14553.5615668957,65.726,58613001
ZAF,South Africa,2019,Sub-Saharan Africa,Upper middle income,14352.6698709871,66.071,59587885
ZAF,South Africa,2020,Sub-Saharan Africa,Upper middle income,13250.5666594456,65.15,60562381
ZAF,South Africa,2021,Sub-Saharan Africa,Upper middle income,13681.9548144813,62.01,61502603
ZAF,South Africa,2022,Sub-Saharan Africa,Upper middle income,13767.4967589936,65.454,62378410
ZAF,South Africa,2023,Sub-Saharan Africa,Upper middle income,13695.3755694076,66.139,63212384
SSD,South Sudan,2000,Sub-Saharan Africa,Low income,,47.591,6032267
SSD,South Sudan,2001,Sub-Saharan Africa,Low income,,48.55,6308391
SSD,South Sudan,2002,Sub-Saharan Africa,Low income,,49.394,6596806
SSD,South Sudan,2003,Sub-Saharan Africa,Low income,,52.324,6903127
SSD,South Sudan,2004,Sub-Saharan Africa,Low income,,53.052,7233041
SSD,South Sudan,2005,Sub-Saharan Africa,Low income,,53.965,7590143
SSD,South Sudan,2006,Sub-Saharan Africa,Low income,,54.653,7976526
SSD,South Sudan,2007,Sub-Saharan Africa,Low income,,55.425,8388788
SSD,South Sudan,2008,Sub-Saharan Africa,Low income,,56.28,8817647
SSD,South Sudan,2009,Sub-Saharan Africa,Low income,,56.848,9243556
SSD,South Sudan,2010,Sub-Saharan Africa,Low income,,57.485,9745953
SSD,South Sudan,2011,Sub-Saharan Africa,Low income,,57.674,10288109
SSD,South Sudan,2012,Sub-Saharan Africa,Low income,,58.241,10756240
SSD,South Sudan,2013,Sub-Saharan Africa,Low income,,58.285,11166275
SSD,South Sudan,2014,Sub-Saharan Africa,Low income,,45.625,11235073
SSD,South Sudan,2015,Sub-Saharan Africa,Low income,,39.757,11107561
SSD,South Sudan,2016,Sub-Saharan Africa,Low income,,36.72,10830102
SSD,South Sudan,2017,Sub-Saharan Africa,Low income,,35.351,10259154
SSD,South Sudan,2018,Sub-Saharan Africa,Low income,,51.905,10122977
SSD,South Sudan,2019,Sub-Saharan Africa,Low income,,58.129,10423384
SSD,South Sudan,2020,Sub-Saharan Africa,Low income,,57.648,10698467
SSD,South Sudan,2021,Sub-Saharan Africa,Low income,,57.047,10865780
SSD,South Sudan,2022,Sub-Saharan Africa,Low income,,57.203,11021177
SSD,South Sudan,2023,Sub-Saharan Africa,Low income,,57.617,11483374
ESP,Spain,2000,Europe & Central Asia,High income,39945.8971298178,78.9658536585366,40567864
ESP,Spain,2001,Europe & Central Asia,High income,41224.2924057393,79.3682926829268,40850412
ESP,Spain,2002,Europe & Central Asia,High income,41766.0378188791,79.5682926829268,41431558
ESP,Spain,2003,Europe & Central Asia,High income,42223.130174522,79.619512195122,42187645
ESP,Spain,2004,Europe & Central Asia,High income,42793.3902326006,79.8707317073171,42921895
ESP,Spain,2005,Europe & Central Asia,High income,43570.7652574033,80.1707317073171,43653155
ESP,Spain,2006,Europe & Central Asia,High income,44572.6815459931,80.8219512195122,44397319
ESP,Spain,2007,Europe & Central Asia,High income,45301.2843416374,80.8731707317073,45226803
ESP,Spain,2008,Europe & Central Asia,High income,44926.348951812,81.1756097560976,45954106
ESP,Spain,2009,Europe & Central Asia,High income,42852.220888454,81.4756097560976,46362946
ESP,Spain,2010,Europe & Central Asia,High income,42695.5274189933,81.6268292682927,46576897
ESP,Spain,2011,Europe & Central Asia,High income,42271.8346788238,82.4756097560976,46742697
ESP,Spain,2012,Europe & Central Asia,High income,41034.0481566356,82.4268292682927,46773055
ESP,Spain,2013,Europe & Central Asia,High income,40594.914008768,83.0780487804878,46604197
ESP,Spain,2014,Europe & Central Asia,High income,41339.4111169417,83.2292682926829,46460733
ESP,Spain,2015,Europe & Central Asia,High income,43053.761430314,82.8317073170732,46422303
ESP,Spain,2016,Europe & Central Asia,High income,44274.6676149922,83.3292682926829,46458139
ESP,Spain,2017,Europe & Central Asia,High income,45446.2508575695,83.2829268292683,46571232
ESP,Spain,2018,Europe & Central Asia,High income,46325.2099441141,83.4317073170732,46782011
ESP,Spain,2019,Europe & Central Asia,High income,46896.4171141424,83.8317073170732,47118501
ESP,Spain,2020,Europe & Central Asia,High income,41553.4477945675,82.2317073170732,47359424
ESP,Spain,2021,Europe & Central Asia,High income,44251.6658222621,83.1780487804878,47443821
ESP,Spain,2022,Europe & Central Asia,High income,46733.4809780536,83.1341463414634,47786102
ESP,Spain,2023,Europe & Central Asia,High income,47322.5937004504,83.9341463414634,48352528
LKA,Sri Lanka,2000,South Asia,Upper middle income,6428.61341889128,71.179,19293054
LKA,Sri Lanka,2001,South Asia,Upper middle income,6230.03051863559,71.804,19600362
LKA,Sri Lanka,2002,South Asia,Upper middle income,6409.86278892115,72.271,19805752
LKA,Sri Lanka,2003,South Asia,Upper middle income,6741.01248848024,72.442,19951521
LKA,Sri Lanka,2004,South Asia,Upper middle income,7059.91098067102,68.022,20087605
LKA,Sri Lanka,2005,South Asia,Upper middle income,7452.7423412297,73.073,20216524
LKA,Sri Lanka,2006,South Asia,Upper middle income,7970.6649101939,72.825,20352411
LKA,Sri Lanka,2007,South Asia,Upper middle income,8454.20675331505,72.983,20492545
LKA,Sri Lanka,2008,South Asia,Upper middle income,8897.82686005016,72.556,20629378
LKA,Sri Lanka,2009,South Asia,Upper middle income,9156.31906481264,70.298,20756435
LKA,Sri Lanka,2010,South Asia,Upper middle income,9832.18622335265,74.463,20879089
LKA,Sri Lanka,2011,South Asia,Upper middle income,10618.4925999722,74.74,21009048
LKA,Sri Lanka,2012,South Asia,Upper middle income,11447.6937737782,75.187,21169458
LKA,Sri Lanka,2013,South Asia,Upper middle income,12249.7223347846,75.546,20585000
LKA,Sri Lanka,2014,South Asia,Upper middle income,12909.9663068113,75.757,20778000
LKA,Sri Lanka,2015,South Asia,Upper middle income,13329.779343882,75.99,20970000
LKA,Sri Lanka,2016,South Asia,Upper middle income,13845.6146782218,76.136,21209000
LKA,Sri Lanka,2017,South Asia,Upper middle income,14572.4858214616,76.239,21453000
LKA,Sri Lanka,2018,South Asia,Upper middle income,14759.8248945226,76.485,21670000
LKA,Sri Lanka,2019,South Asia,Upper middle income,14637.4442912676,76.698,21803000
LKA,Sri Lanka,2020,South Asia,Upper middle income,13886.6513728689,76.928,21919000
LKA,Sri Lanka,2021,South Asia,Upper middle income,14316.1352225567,76.278,22156000
LKA,Sri Lanka,2022,South Asia,Upper middle income,13249.0650505201,77.3,22181000
LKA,Sri Lanka,2023,South Asia,Upper middle income,13065.0698305722,77.483,22037000
KNA,St. Kitts and Nevis,2000,Latin America & Caribbean,High income,19840.5800645267,69.249,45248
KNA,St. Kitts and Nevis,2001,Latin America & Caribbean,High income,20648.7889741472,69.767,45761
KNA,St. Kitts and Nevis,2002,Latin America & Caribbean,High income,20813.4050029806,70.194,46020
KNA,St. Kitts and Nevis,2003,Latin America & Caribbean,High income,19927.1818314137,70.614,46176
KNA,St. Kitts and Nevis,2004,Latin America & Caribbean,High income,20661.3458642993,70.92,46315
KNA,St. Kitts and Nevis,2005,Latin America & Caribbean,High income,22612.7126559455,71.151,46437
KNA,St. Kitts and Nevis,2006,Latin America & Caribbean,High income,23258.9842253211,71.356,46569
KNA,St. Kitts and Nevis,2007,Latin America & Caribbean,High income,23330.0442404195,71.437,46706
KNA,St. Kitts and Nevis,2008,Latin America & Caribbean,High income,25898.7823620981,71.479,46835
KNA,St. Kitts and Nevis,2009,Latin America & Caribbean,High income,24973.8045286303,71.488,46916
KNA,St. Kitts and Nevis,2010,Latin America & Caribbean,High income,24997.5672513428,71.452,46846
KNA,St. Kitts and Nevis,2011,Latin America & Caribbean,High income,25380.0087348215,71.4,46886
KNA,St. Kitts and Nevis,2012,Latin America & Caribbean,High income,25114.0572603244,71.362,47033
KNA,St. Kitts and Nevis,2013,Latin America & Caribbean,High income,26532.1016561725,71.29,47069
KNA,St. Kitts and Nevis,2014,Latin America & Caribbean,High income,28530.3072249013,71.228,47089
KNA,St. Kitts and Nevis,2015,Latin America & Caribbean,High income,28729.566447667,71.211,47087
KNA,St. Kitts and Nevis,2016,Latin America & Caribbean,High income,29867.0265589791,71.227,47075
KNA,St. Kitts and Nevis,2017,Latin America & Caribbean,High income,29948.9200065682,71.284,47050
KNA,St. Kitts and Nevis,2018,Latin America & Caribbean,High income,30576.2486749244,71.336,47008
KNA,St. Kitts and Nevis,2019,Latin America & Caribbean,High income,31512.1943105684,71.54,46952
KNA,St. Kitts and Nevis,2020,Latin America & Caribbean,High income,26736.9283563771,71.181,46870
KNA,St. Kitts and Nevis,2021,Latin America & Caribbean,High income,26896.6177065978,69.271,46763
KNA,St. Kitts and Nevis,2022,Latin America & Caribbean,High income,29749.8700864823,70.313,46709
KNA,St. Kitts and Nevis,2023,Latin America & Caribbean,High income,30616.577281386,72.145,46758
LCA,St. Lucia,2000,Latin America & Caribbean,Upper middle income,18638.117705755,70.779,158616
LCA,St. Lucia,2001,Latin America & Caribbean,Upper middle income,17820.7964312951,71.367,160237
LCA,St. Lucia,2002,Latin America & Caribbean,Upper middle income,17739.5766779723,71.707,161641
LCA,St. Lucia,2003,Latin America & Caribbean,Upper middle income,18344.5919258071,72.188,162976
LCA,St. Lucia,2004,Latin America & Caribbean,Upper middle income,19526.4461369718,72.453,164239
LCA,St. Lucia,2005,Latin America & Caribbean,Upper middle income,19303.9921315127,72.544,165450
LCA,St. Lucia,2006,Latin America & Caribbean,Upper middle income,20353.6533720188,72.794,166639
LCA,St. Lucia,2007,Latin America & Caribbean,Upper middle income,20559.8974830119,72.86,167758
LCA,St. Lucia,2008,Latin America & Caribbean,Upper middle income,21443.2592977841,72.963,168808
LCA,St. Lucia,2009,Latin America & Caribbean,Upper middle income,20706.505527623,72.946,169869
LCA,St. Lucia,2010,Latin America & Caribbean,Upper middle income,20648.7861045765,72.768,170906
LCA,St. Lucia,2011,Latin America & Caribbean,Upper middle income,21430.0225948015,72.962,171801
LCA,St. Lucia,2012,Latin America & Caribbean,Upper middle income,21309.2251296295,72.86,172587
LCA,St. Lucia,2013,Latin America & Caribbean,Upper middle income,20827.2886025849,72.687,173369
LCA,St. Lucia,2014,Latin America & Caribbean,Upper middle income,21010.6981919895,72.676,174138
LCA,St. Lucia,2015,Latin America & Caribbean,Upper middle income,20939.8810312364,72.932,174905
LCA,St. Lucia,2016,Latin America & Caribbean,Upper middle income,21566.3058799575,72.552,175646
LCA,St. Lucia,2017,Latin America & Caribbean,Upper middle income,22207.2131041263,72.522,176342
LCA,St. Lucia,2018,Latin America & Caribbean,Upper middle income,22761.1613461447,72.655,177017
LCA,St. Lucia,2019,Latin America & Caribbean,Upper middle income,22445.2080507874,72.249,177661
LCA,St. Lucia,2020,Latin America & Caribbean,Upper middle income,17247.9578674753,72.308,178250
LCA,St. Lucia,2021,Latin America & Caribbean,Upper middle income,19141.3272253168,69.119,178522
LCA,St. Lucia,2022,Latin America & Caribbean,Upper middle income,22811.2524480383,72.67,178781
LCA,St. Lucia,2023,Latin America & Caribbean,Upper middle income,23636.0265940253,72.697,179285
MAF,St. Martin (French part),2000,Latin America & Caribbean,High income,,76.793,29996
MAF,St. Martin (French part),2001,Latin America & Caribbean,High income,,77.009,30803
MAF,St. Martin (French part),2002,Latin America & Caribbean,High income,,77.219,31604
MAF,St. Martin (French part),2003,Latin America & Caribbean,High income,,77.419,32395
MAF,St. Martin (French part),2004,Latin America & Caribbean,High income,,77.612,33171
MAF,St. Martin (French part),2005,Latin America & Caribbean,High income,,77.802,33928
MAF,St. Martin (French part),2006,Latin America & Caribbean,High income,,77.989,34658
MAF,St. Martin (French part),2007,Latin America & Caribbean,High income,,78.16,35337
MAF,St. Martin (French part),2008,Latin America & Caribbean,High income,,78.326,35958
MAF,St. Martin (French part),2009,Latin America & Caribbean,High income,,78.513,36502
MAF,St. Martin (French part),2010,Latin America & Caribbean,High income,,78.752,36856
MAF,St. Martin (French part),2011,Latin America & Caribbean,High income,,79.016,37069
MAF,St. Martin (French part),2012,Latin America & Caribbean,High income,,79.302,37276
MAF,St. Martin (French part),2013,Latin America & Caribbean,High income,,79.528,37419
MAF,St. Martin (French part),2014,Latin America & Caribbean,High income,,79.727,37450
MAF,St. Martin (French part),2015,Latin America & Caribbean,High income,,79.829,37369
MAF,St. Martin (French part),2016,Latin America & Caribbean,High income,,79.885,37175
MAF,St. Martin (French part),2017,Latin America & Caribbean,High income,,78.762,36837
MAF,St. Martin (French part),2018,Latin America & Caribbean,High income,,80.029,36012
MAF,St. Martin (French part),2019,Latin America & Caribbean,High income,,80.078,34267
MAF,St. Martin (French part),2020,Latin America & Caribbean,High income,,80.085,31786
MAF,St. Martin (French part),2021,Latin America & Caribbean,High income,,80.206,29961
MAF,St. Martin (French part),2022,Latin America & Caribbean,High income,,80.236,28870
MAF,St. Martin (French part),2023,Latin America & Caribbean,High income,,80.224,27515
VCT,St. Vincent and the Grenadines,2000,Latin America & Caribbean,Upper middle income,9999.05879203685,70.35,113545
VCT,St. Vincent and the Grenadines,2001,Latin America & Caribbean,Upper middle income,10177.8094583896,70.382,113501
VCT,St. Vincent and the Grenadines,2002,Latin America & Caribbean,Upper middle income,10736.0878714164,70.658,113347
VCT,St. Vincent and the Grenadines,2003,Latin America & Caribbean,Upper middle income,11475.3312414531,70.43,113141
VCT,St. Vincent and the Grenadines,2004,Latin America & Caribbean,Upper middle income,11979.907294501,70.445,112835
VCT,St. Vincent and the Grenadines,2005,Latin America & Caribbean,Upper middle income,12320.0710011077,70.454,112450
VCT,St. Vincent and the Grenadines,2006,Latin America & Caribbean,Upper middle income,13233.4068930431,70.434,112014
VCT,St. Vincent and the Grenadines,2007,Latin America & Caribbean,Upper middle income,13732.3622591495,70.446,111531
VCT,St. Vincent and the Grenadines,2008,Latin America & Caribbean,Upper middle income,13850.3936790063,70.611,111028
VCT,St. Vincent and the Grenadines,2009,Latin America & Caribbean,Upper middle income,13723.7838252622,70.712,110508
VCT,St. Vincent and the Grenadines,2010,Latin America & Caribbean,Upper middle income,13175.7230154228,70.66,109959
VCT,St. Vincent and the Grenadines,2011,Latin America & Caribbean,Upper middle income,13168.8964291743,70.609,109349
VCT,St. Vincent and the Grenadines,2012,Latin America & Caribbean,Upper middle income,13397.9632982701,70.539,108736
VCT,St. Vincent and the Grenadines,2013,Latin America & Caribbean,Upper middle income,13804.1837951887,70.091,108135
VCT,St. Vincent and the Grenadines,2014,Latin America & Caribbean,Upper middle income,14040.2460690452,70.355,107535
VCT,St. Vincent and the Grenadines,2015,Latin America & Caribbean,Upper middle income,14508.8609465459,70.463,106960
VCT,St. Vincent and the Grenadines,2016,Latin America & Caribbean,Upper middle income,15197.7482513352,70.7,106349
VCT,St. Vincent and the Grenadines,2017,Latin America & Caribbean,Upper middle income,15533.2212821544,71.013,105663
VCT,St. Vincent and the Grenadines,2018,Latin America & Caribbean,Upper middle income,16139.0661084965,71.017,104926
VCT,St. Vincent and the Grenadines,2019,Latin America & Caribbean,Upper middle income,16365.3255785124,70.994,104167
VCT,St. Vincent and the Grenadines,2020,Latin America & Caribbean,Upper middle income,15763.7054382539,69.605,103526
VCT,St. Vincent and the Grenadines,2021,Latin America & Caribbean,Upper middle income,16200.8994597845,69.132,102841
VCT,St. Vincent and the Grenadines,2022,Latin America & Caribbean,Upper middle income,16835.023514541,71.191,102046
VCT,St. Vincent and the Grenadines,2023,Latin America & Caribbean,Upper middle income,17858.2446468702,71.23,101323
SDN,Sudan,2000,Sub-Saharan Africa,Low income,3575.85205078125,58.946,27816745
SDN,Sudan,2001,Sub-Saharan Africa,Low income,3701.548828125,59.264,28516770
SDN,Sudan,2002,Sub-Saharan Africa,Low income,3814.31323242188,59.308,29228727
SDN,Sudan,2003,Sub-Saharan Africa,Low income,3946.92260742188,58.319,29896035
SDN,Sudan,2004,Sub-Saharan Africa,Low income,4041.05712890625,56.773,30556637
SDN,Sudan,2005,Sub-Saharan Africa,Low income,4152.32275390625,57.226,31262444
SDN,Sudan,2006,Sub-Saharan Africa,Low income,4299.97412109375,60.4,31992435
SDN,Sudan,2007,Sub-Saharan Africa,Low income,4415.78515625,61.442,32764135
SDN,Sudan,2008,Sub-Saharan Africa,Low income,4446.40966796875,61.261,33623980
SDN,Sudan,2009,Sub-Saharan Africa,Low income,4188.0546875,62.676,34569113
SDN,Sudan,2010,Sub-Saharan Africa,Low income,4219.8369140625,62.979,35414399
SDN,Sudan,2011,Sub-Saharan Africa,Low income,4467.6259765625,63.181,36140806
SDN,Sudan,2012,Sub-Saharan Africa,Low income,4145.931640625,63.427,36923178
SDN,Sudan,2013,Sub-Saharan Africa,Low income,4130.48583984375,63.443,37785849
SDN,Sudan,2014,Sub-Saharan Africa,Low income,4207.50048828125,63.99,38823318
SDN,Sudan,2015,Sub-Saharan Africa,Low income,4159.1943359375,64.375,40024431
SDN,Sudan,2016,Sub-Saharan Africa,Low income,4174.56103515625,64.677,41259892
SDN,Sudan,2017,Sub-Saharan Africa,Low income,4061.01831054688,65.146,42714306
SDN,Sudan,2018,Sub-Saharan Africa,Low income,3816.65991210938,65.501,44230596
SDN,Sudan,2019,Sub-Saharan Africa,Low income,3625.52319335938,65.803,45548175
SDN,Sudan,2020,Sub-Saharan Africa,Low income,3401.24975585938,65.124,46789231
SDN,Sudan,2021,Sub-Saharan Africa,Low income,3248.9755859375,64.46,48066924
SDN,Sudan,2022,Sub-Saharan Africa,Low income,3132.0771484375,65.695,49383346
SDN,Sudan,2023,Sub-Saharan Africa,Low income,2181.0791015625,66.331,50042791
SUR,Suriname,2000,Latin America & Caribbean,Upper middle income,16220.1790603262,64.409,476643
SUR,Suriname,2001,Latin America & Caribbean,Upper middle income,16556.9440609927,64.82,486560
SUR,Suriname,2002,Latin America & Caribbean,Upper middle income,16678.0718706582,65.274,496551
SUR,Suriname,2003,Latin America & Caribbean,Upper middle income,17383.5015505612,65.778,506414
SUR,Suriname,2004,Latin America & Caribbean,Upper middle income,18585.5170864176,66.362,513923
SUR,Suriname,2005,Latin America & Caribbean,Upper middle income,19220.2839696605,66.997,519313
SUR,Suriname,2006,Latin America & Caribbean,Upper middle income,20113.6707547695,67.643,524997
SUR,Suriname,2007,Latin America & Caribbean,Upper middle income,20902.1391589279,68.307,531016
SUR,Suriname,2008,Latin America & Caribbean,Upper middle income,21515.8119551093,68.873,537245
SUR,Suriname,2009,Latin America & Caribbean,Upper middle income,21906.4105447498,69.323,543568
SUR,Suriname,2010,Latin America & Caribbean,Upper middle income,22772.4754543689,69.626,549923
SUR,Suriname,2011,Latin America & Caribbean,Upper middle income,23829.5332856393,69.82,556269
SUR,Suriname,2012,Latin America & Caribbean,Upper middle income,24193.8412373922,69.957,562633
SUR,Suriname,2013,Latin America & Caribbean,Upper middle income,24624.0219854601,70.11,569020
SUR,Suriname,2014,Latin America & Caribbean,Upper middle income,24414.3554759734,70.33,575373
SUR,Suriname,2015,Latin America & Caribbean,Upper middle income,23327.5252497447,70.567,581627
SUR,Suriname,2016,Latin America & Caribbean,Upper middle income,21950.4122148625,70.979,587757
SUR,Suriname,2017,Latin America & Caribbean,Upper middle income,22070.5137570835,71.247,593713
SUR,Suriname,2018,Latin America & Caribbean,Upper middle income,22938.5353715545,71.468,599513
SUR,Suriname,2019,Latin America & Caribbean,Upper middle income,22966.7405999124,71.773,605768
SUR,Suriname,2020,Latin America & Caribbean,Upper middle income,19091.3617184226,72.321,612317
SUR,Suriname,2021,Latin America & Caribbean,Upper middle income,18458.234999681,68.943,617896
SUR,Suriname,2022,Latin America & Caribbean,Upper middle income,18742.5873760369,73.254,623164
SUR,Suriname,2023,Latin America & Caribbean,Upper middle income,19020.8663751009,73.631,628886
SWE,Sweden,2000,Europe & Central Asia,High income,47868.5077292571,79.6439024390244,8872109
SWE,Sweden,2001,Europe & Central Asia,High income,48389.8185132591,79.7951219512195,8895960
SWE,Sweden,2002,Europe & Central Asia,High income,49331.2032555738,79.8463414634146,8924958
SWE,Sweden,2003,Europe & Central Asia,High income,50072.4736462925,80.0951219512195,8958229
SWE,Sweden,2004,Europe & Central Asia,High income,51960.5321902953,80.4975609756098,8993531
SWE,Sweden,2005,Europe & Central Asia,High income,53198.67120001,80.5463414634146,9029572
SWE,Sweden,2006,Europe & Central Asia,High income,55373.9338115393,80.7487804878049,9080505
SWE,Sweden,2007,Europe & Central Asia,High income,56737.3689179302,80.9,9148092
SWE,Sweden,2008,Europe & Central Asia,High income,55777.3973050094,81.1,9219637
SWE,Sweden,2009,Europe & Central Asia,High income,52950.7103332467,81.3512195121951,9298515
SWE,Sweden,2010,Europe & Central Asia,High income,55520.4324178534,81.4512195121951,9378126
SWE,Sweden,2011,Europe & Central Asia,High income,56846.1368290625,81.8024390243903,9449213
SWE,Sweden,2012,Europe & Central Asia,High income,56193.3287488246,81.7048780487805,9519374
SWE,Sweden,2013,Europe & Central Asia,High income,56353.0856347897,81.9560975609756,9600379
SWE,Sweden,2014,Europe & Central Asia,High income,57077.6693544196,82.2536585365854,9696110
SWE,Sweden,2015,Europe & Central Asia,High income,58955.6412361461,82.2048780487805,9799186
SWE,Sweden,2016,Europe & Central Asia,High income,59460.2872722689,82.3073170731707,9923085
SWE,Sweden,2017,Europe & Central Asia,High income,59769.0136237,82.409756097561,10057698
SWE,Sweden,2018,Europe & Central Asia,High income,60124.5711994179,82.5585365853659,10175214
SWE,Sweden,2019,Europe & Central Asia,High income,61070.5243445838,83.109756097561,10278887
SWE,Sweden,2020,Europe & Central Asia,High income,59458.2805291969,82.3560975609756,10353442
SWE,Sweden,2021,Europe & Central Asia,High income,62190.8526983825,83.0560975609756,10415811
SWE,Sweden,2022,Europe & Central Asia,High income,62544.5002248644,83.0585365853659,10486941
SWE,Sweden,2023,Europe & Central Asia,High income,62122.5116950792,83.309756097561,10536632
CHE,Switzerland,2000,Europe & Central Asia,High income,68834.8179906591,79.6804878048781,7184250
CHE,Switzerland,2001,Europe & Central Asia,High income,69489.6995050103,80.1804878048781,7229854
CHE,Switzerland,2002,Europe & Central Asia,High income,69228.3683320733,80.3853658536585,7284753
CHE,Switzerland,2003,Europe & Central Asia,High income,68521.3420292943,80.5365853658537,7339001
CHE,Switzerland,2004,Europe & Central Asia,High income,69812.378758031,81.0878048780488,7389625
CHE,Switzerland,2005,Europe & Central Asia,High income,71414.3495582368,81.2365853658537,7437115
CHE,Switzerland,2006,Europe & Central Asia,High income,73901.6149628577,81.490243902439,7483934
CHE,Switzerland,2007,Europe & Central Asia,High income,76161.5600232116,81.7414634146342,7551117
CHE,Switzerland,2008,Europe & Central Asia,High income,77103.7188320632,81.9926829268293,7647675
CHE,Switzerland,2009,Europe & Central Asia,High income,74672.9512725807,82.0439024390244,7743831
CHE,Switzerland,2010,Europe & Central Asia,High income,76308.8064520802,82.2463414634147,7824909
CHE,Switzerland,2011,Europe & Central Asia,High income,76527.3361539945,82.6951219512195,7912398
CHE,Switzerland,2012,Europe & Central Asia,High income,76570.2378987121,82.6975609756098,7996861
CHE,Switzerland,2013,Europe & Central Asia,High income,77084.6656456739,82.7975609756098,8089346
CHE,Switzerland,2014,Europe & Central Asia,High income,78086.6805249841,83.1975609756098,8188649
CHE,Switzerland,2015,Europe & Central Asia,High income,78325.7487417695,82.8975609756098,8282396
CHE,Switzerland,2016,Europe & Central Asia,High income,78956.0667315042,83.6024390243903,8373338
CHE,Switzerland,2017,Europe & Central Asia,High income,79333.7437810881,83.5512195121951,8451840
CHE,Switzerland,2018,Europe & Central Asia,High income,81371.8944120855,83.7536585365854,8514329
CHE,Switzerland,2019,Europe & Central Asia,High income,81694.630652314,83.9048780487805,8575280
CHE,Switzerland,2020,Europe & Central Asia,High income,79270.8713687141,83,8638167
CHE,Switzerland,2021,Europe & Central Asia,High income,83524.9832880195,83.7512195121951,8704546
CHE,Switzerland,2022,Europe & Central Asia,High income,85762.2829174304,83.6048780487805,8777088
CHE,Switzerland,2023,Europe & Central Asia,High income,85383.3564504008,84.1560975609756,8888822
SYR,Syrian Arab Republic,2000,"Middle East, North Africa, Afghanistan & Pakistan",Low income,7973.98131632478,70.856,16637888
SYR,Syrian Arab Republic,2001,"Middle East, North Africa, Afghanistan & Pakistan",Low income,8075.78409924022,71.296,17051338
SYR,Syrian Arab Republic,2002,"Middle East, North Africa, Afghanistan & Pakistan",Low income,8502.49347216329,71.742,17468332
SYR,Syrian Arab Republic,2003,"Middle East, North Africa, Afghanistan & Pakistan",Low income,8351.46523749691,72.188,17889296
SYR,Syrian Arab Republic,2004,"Middle East, North Africa, Afghanistan & Pakistan",Low income,8710.00892967907,72.494,18336875
SYR,Syrian Arab Republic,2005,"Middle East, North Africa, Afghanistan & Pakistan",Low income,9016.72035122178,72.797,18814091
SYR,Syrian Arab Republic,2006,"Middle East, North Africa, Afghanistan & Pakistan",Low income,9074.77248149943,73.04,19637022
SYR,Syrian Arab Republic,2007,"Middle East, North Africa, Afghanistan & Pakistan",Low income,9017.08718303559,73.256,20884125
SYR,Syrian Arab Republic,2008,"Middle East, North Africa, Afghanistan & Pakistan",Low income,9093.12956891463,73.368,21636564
SYR,Syrian Arab Republic,2009,"Middle East, North Africa, Afghanistan & Pakistan",Low income,9481.56997895749,73.496,21976969
SYR,Syrian Arab Republic,2010,"Middle East, North Africa, Afghanistan & Pakistan",Low income,9749.57445219825,73.542,22482421
SYR,Syrian Arab Republic,2011,"Middle East, North Africa, Afghanistan & Pakistan",Low income,9854.03380162757,72.259,22878098
SYR,Syrian Arab Republic,2012,"Middle East, North Africa, Afghanistan & Pakistan",Low income,7296.32886794228,66.206,22759763
SYR,Syrian Arab Republic,2013,"Middle East, North Africa, Afghanistan & Pakistan",Low income,5648.60213025874,65.146,21666917
SYR,Syrian Arab Republic,2014,"Middle East, North Africa, Afghanistan & Pakistan",Low income,5414.37509688242,65.492,20273659
SYR,Syrian Arab Republic,2015,"Middle East, North Africa, Afghanistan & Pakistan",Low income,5414.83905242808,63.265,19424618
SYR,Syrian Arab Republic,2016,"Middle East, North Africa, Afghanistan & Pakistan",Low income,5128.91822862296,65.19,19193834
SYR,Syrian Arab Republic,2017,"Middle East, North Africa, Afghanistan & Pakistan",Low income,5083.65173888422,65.651,19224668
SYR,Syrian Arab Republic,2018,"Middle East, North Africa, Afghanistan & Pakistan",Low income,5061.49399424562,67.371,19577845
SYR,Syrian Arab Republic,2019,"Middle East, North Africa, Afghanistan & Pakistan",Low income,4928.02885412028,70.97,20353534
SYR,Syrian Arab Republic,2020,"Middle East, North Africa, Afghanistan & Pakistan",Low income,4810.61072632598,71.944,21049429
SYR,Syrian Arab Republic,2021,"Middle East, North Africa, Afghanistan & Pakistan",Low income,4765.52911357702,72.418,21628839
SYR,Syrian Arab Republic,2022,"Middle East, North Africa, Afghanistan & Pakistan",Low income,4579.43973633341,72.79,22462173
SYR,Syrian Arab Republic,2023,"Middle East, North Africa, Afghanistan & Pakistan",Low income,,72.12,23594623
TJK,Tajikistan,2000,Europe & Central Asia,Lower middle income,1365.23327447129,63.542,6284735
TJK,Tajikistan,2001,Europe & Central Asia,Lower middle income,1467.39882474638,64.197,6407377
TJK,Tajikistan,2002,Europe & Central Asia,Lower middle income,1594.93890470219,64.898,6531669
TJK,Tajikistan,2003,Europe & Central Asia,Lower middle income,1736.64039749855,65.874,6658575
TJK,Tajikistan,2004,Europe & Central Asia,Lower middle income,1878.28696227255,66.604,6790547
TJK,Tajikistan,2005,Europe & Central Asia,Lower middle income,1965.30020458256,66.531,6924720
TJK,Tajikistan,2006,Europe & Central Asia,Lower middle income,2063.288508243,66.997,7057566
TJK,Tajikistan,2007,Europe & Central Asia,Lower middle income,2181.89798056536,67.405,7194477
TJK,Tajikistan,2008,Europe & Central Asia,Lower middle income,2308.09430040334,67.924,7338403
TJK,Tajikistan,2009,Europe & Central Asia,Lower middle income,2349.50030269416,68.248,7490230
TJK,Tajikistan,2010,Europe & Central Asia,Lower middle income,2449.27358745359,68.37,7652141
TJK,Tajikistan,2011,Europe & Central Asia,Lower middle income,2572.48074895498,68.698,7824785
TJK,Tajikistan,2012,Europe & Central Asia,Lower middle income,2700.09546037358,69.13,8014084
TJK,Tajikistan,2013,Europe & Central Asia,Lower middle income,2828.38542075147,69.579,8216724
TJK,Tajikistan,2014,Europe & Central Asia,Lower middle income,2943.08867917317,69.697,8425552
TJK,Tajikistan,2015,Europe & Central Asia,Lower middle income,3041.44479553257,69.665,8643840
TJK,Tajikistan,2016,Europe & Central Asia,Lower middle income,3169.9667820524,69.982,8865631
TJK,Tajikistan,2017,Europe & Central Asia,Lower middle income,3312.71202243506,70.524,9085946
TJK,Tajikistan,2018,Europe & Central Asia,Lower middle income,3479.69235966041,70.737,9307333
TJK,Tajikistan,2019,Europe & Central Asia,Lower middle income,3649.88375518646,70.962,9529966
TJK,Tajikistan,2020,Europe & Central Asia,Lower middle income,3724.7489591466,68.605,9749310
TJK,Tajikistan,2021,Europe & Central Asia,Lower middle income,3985.91247611219,69.594,9966908
TJK,Tajikistan,2022,Europe & Central Asia,Lower middle income,4213.75618362687,71.562,10182222
TJK,Tajikistan,2023,Europe & Central Asia,Lower middle income,4472.3241378777,71.79,10389799
TZA,Tanzania,2000,Sub-Saharan Africa,Lower middle income,1839.93664550781,53.244,34260139
TZA,Tanzania,2001,Sub-Saharan Africa,Lower middle income,1899.74536132813,54.124,35198299
TZA,Tanzania,2002,Sub-Saharan Africa,Lower middle income,1982.64428710938,54.94,36121304
TZA,Tanzania,2003,Sub-Saharan Africa,Lower middle income,2059.83740234375,55.929,37089555
TZA,Tanzania,2004,Sub-Saharan Africa,Lower middle income,2155.24145507813,56.836,38109668
TZA,Tanzania,2005,Sub-Saharan Africa,Lower middle income,2253.09326171875,57.675,39182076
TZA,Tanzania,2006,Sub-Saharan Africa,Lower middle income,2334.1044921875,58.512,40294902
TZA,Tanzania,2007,Sub-Saharan Africa,Lower middle income,2423.61596679688,59.26,41435512
TZA,Tanzania,2008,Sub-Saharan Africa,Lower middle income,2493.25927734375,59.896,42570728
TZA,Tanzania,2009,Sub-Saharan Africa,Lower middle income,2560.81103515625,60.494,43633982
TZA,Tanzania,2010,Sub-Saharan Africa,Lower middle income,2654.80346679688,61.127,44758488
TZA,Tanzania,2011,Sub-Saharan Africa,Lower middle income,2779.70776367188,61.618,46029367
TZA,Tanzania,2012,Sub-Saharan Africa,Lower middle income,2822.4853515625,62.286,47374260
TZA,Tanzania,2013,Sub-Saharan Africa,Lower middle income,2924.86328125,62.788,48824128
TZA,Tanzania,2014,Sub-Saharan Africa,Lower middle income,3027.56909179688,63.364,50351512
TZA,Tanzania,2015,Sub-Saharan Africa,Lower middle income,3111.44458007813,63.928,52020962
TZA,Tanzania,2016,Sub-Saharan Africa,Lower middle income,3214.24682617188,64.404,53824013
TZA,Tanzania,2017,Sub-Saharan Africa,Lower middle income,3318.28833007813,64.963,55652890
TZA,Tanzania,2018,Sub-Saharan Africa,Lower middle income,3392.68872070313,65.488,57437145
TZA,Tanzania,2019,Sub-Saharan Africa,Lower middle income,3484.63256835938,66.007,59174891
TZA,Tanzania,2020,Sub-Saharan Africa,Lower middle income,3449.82153320313,66.771,60972798
TZA,Tanzania,2021,Sub-Saharan Africa,Lower middle income,3493.0830078125,66.131,62830412
TZA,Tanzania,2022,Sub-Saharan Africa,Lower middle income,3546.98095703125,66.879,64711821
TZA,Tanzania,2023,Sub-Saharan Africa,Lower middle income,3620.79345703125,66.995,66617606
THA,Thailand,2000,East Asia & Pacific,Upper middle income,11623.7874580461,71.205,63007815
THA,Thailand,2001,East Asia & Pacific,Upper middle income,11902.6109229705,71.52,63651141
THA,Thailand,2002,East Asia & Pacific,Upper middle income,12513.5421967032,71.775,64266437
THA,Thailand,2003,East Asia & Pacific,Upper middle income,13288.7481561137,72.101,64868166
THA,Thailand,2004,East Asia & Pacific,Upper middle income,13998.521730812,72.1,65452047
THA,Thailand,2005,East Asia & Pacific,Upper middle income,14459.825626203,72.894,66017420
THA,Thailand,2006,East Asia & Pacific,Upper middle income,15052.6955101059,73.341,66567687
THA,Thailand,2007,East Asia & Pacific,Upper middle income,15744.3652449147,73.779,67102394
THA,Thailand,2008,East Asia & Pacific,Upper middle income,15893.5084947968,74.221,67619830
THA,Thailand,2009,East Asia & Pacific,Upper middle income,15667.6047343164,74.669,68121080
THA,Thailand,2010,East Asia & Pacific,Upper middle income,16732.187029014,75.012,68579447
THA,Thailand,2011,East Asia & Pacific,Upper middle income,16768.1688542486,75.302,69007208
THA,Thailand,2012,East Asia & Pacific,Upper middle income,17871.5786477565,75.59,69436098
THA,Thailand,2013,East Asia & Pacific,Upper middle income,18244.4071505088,75.96,69845114
THA,Thailand,2014,East Asia & Pacific,Upper middle income,18326.604873747,76.279,70216367
THA,Thailand,2015,East Asia & Pacific,Upper middle income,18814.0408554566,76.563,70540795
THA,Thailand,2016,East Asia & Pacific,Upper middle income,19372.7128024107,76.769,70859841
THA,Thailand,2017,East Asia & Pacific,Upper middle income,20096.8605455164,76.989,71160187
THA,Thailand,2018,East Asia & Pacific,Upper middle income,20882.1707419576,77.19,71376079
THA,Thailand,2019,East Asia & Pacific,Upper middle income,21280.1504518601,77.197,71522271
THA,Thailand,2020,East Asia & Pacific,Upper middle income,19950.2844063147,77.331,71641484
THA,Thailand,2021,East Asia & Pacific,Upper middle income,20236.9760408784,77.606,71727332
THA,Thailand,2022,East Asia & Pacific,Upper middle income,20768.4800093577,75.291,71735329
THA,Thailand,2023,East Asia & Pacific,Upper middle income,21245.2706771879,76.412,71702435
TLS,Timor-Leste,2000,East Asia & Pacific,Lower middle income,3783.78329545739,58.097,745088
TLS,Timor-Leste,2001,East Asia & Pacific,Lower middle income,4038.33571017769,58.772,812249
TLS,Timor-Leste,2002,East Asia & Pacific,Lower middle income,3480.9884722922,59.477,879159
TLS,Timor-Leste,2003,East Asia & Pacific,Lower middle income,3264.94647161828,60.13,916878
TLS,Timor-Leste,2004,East Asia & Pacific,Lower middle income,3234.97583674338,60.743,929074
TLS,Timor-Leste,2005,East Asia & Pacific,Lower middle income,3263.94446005573,61.272,948311
TLS,Timor-Leste,2006,East Asia & Pacific,Lower middle income,3038.9523176563,61.881,976597
TLS,Timor-Leste,2007,East Asia & Pacific,Lower middle income,3256.56980118129,62.396,1004889
TLS,Timor-Leste,2008,East Asia & Pacific,Lower middle income,3530.88217479074,62.858,1032429
TLS,Timor-Leste,2009,East Asia & Pacific,Lower middle income,3792.35831612987,63.265,1058782
TLS,Timor-Leste,2010,East Asia & Pacific,Lower middle income,4047.24940614314,63.66,1084679
TLS,Timor-Leste,2011,East Asia & Pacific,Lower middle income,4189.79978481015,64.022,1110207
TLS,Timor-Leste,2012,East Asia & Pacific,Lower middle income,4297.91482449132,64.384,1134885
TLS,Timor-Leste,2013,East Asia & Pacific,Lower middle income,4340.27839503511,64.719,1158695
TLS,Timor-Leste,2014,East Asia & Pacific,Lower middle income,4445.35926887033,65.027,1181903
TLS,Timor-Leste,2015,East Asia & Pacific,Lower middle income,4467.80007184896,65.326,1205131
TLS,Timor-Leste,2016,East Asia & Pacific,Lower middle income,4515.422459894,65.61,1228312
TLS,Timor-Leste,2017,East Asia & Pacific,Lower middle income,4290.02709296562,65.898,1251703
TLS,Timor-Leste,2018,East Asia & Pacific,Lower middle income,4188.84099191337,66.204,1275959
TLS,Timor-Leste,2019,East Asia & Pacific,Lower middle income,5103.14964292207,66.496,1300945
TLS,Timor-Leste,2020,East Asia & Pacific,Lower middle income,6594.8817078452,66.919,1326053
TLS,Timor-Leste,2021,East Asia & Pacific,Lower middle income,6825.0458085995,66.199,1350139
TLS,Timor-Leste,2022,East Asia & Pacific,Lower middle income,5348.49182701353,67.368,1369295
TLS,Timor-Leste,2023,East Asia & Pacific,Lower middle income,4331.07792560386,67.689,1384286
TGO,Togo,2000,Sub-Saharan Africa,Lower middle income,2321.9504188468,54.587,4783722
TGO,Togo,2001,Sub-Saharan Africa,Lower middle income,2283.5849230071,54.757,4904144
TGO,Togo,2002,Sub-Saharan Africa,Lower middle income,2312.96463035074,55.044,5027130
TGO,Togo,2003,Sub-Saharan Africa,Lower middle income,2407.5857838237,55.312,5154112
TGO,Togo,2004,Sub-Saharan Africa,Lower middle income,2326.60102463281,55.608,5281320
TGO,Togo,2005,Sub-Saharan Africa,Lower middle income,2164.01599552728,55.931,5413154
TGO,Togo,2006,Sub-Saharan Africa,Lower middle income,2158.94393995769,56.154,5569664
TGO,Togo,2007,Sub-Saharan Africa,Lower middle income,2067.21836135015,56.395,5748443
TGO,Togo,2008,Sub-Saharan Africa,Lower middle income,2082.64201553182,56.663,5936138
TGO,Togo,2009,Sub-Saharan Africa,Lower middle income,2126.4413192509,56.94,6130946
TGO,Togo,2010,Sub-Saharan Africa,Lower middle income,2181.59889262038,57.24,6325788
TGO,Togo,2011,Sub-Saharan Africa,Lower middle income,2246.56204522679,57.624,6500582
TGO,Togo,2012,Sub-Saharan Africa,Lower middle income,2333.19276737886,57.953,6653718
TGO,Togo,2013,Sub-Saharan Africa,Lower middle income,2416.37805101152,58.356,6798848
TGO,Togo,2014,Sub-Saharan Africa,Lower middle income,2501.43253092917,58.776,6937644
TGO,Togo,2015,Sub-Saharan Africa,Lower middle income,2588.27260980499,59.23,7071502
TGO,Togo,2016,Sub-Saharan Africa,Lower middle income,2648.90084835076,59.677,7200884
TGO,Togo,2017,Sub-Saharan Africa,Lower middle income,2708.61122396846,60.145,7324386
TGO,Togo,2018,Sub-Saharan Africa,Lower middle income,2787.56398409759,60.608,7458206
TGO,Togo,2019,Sub-Saharan Africa,Lower middle income,2862.62661160331,61.061,7619925
TGO,Togo,2020,Sub-Saharan Africa,Lower middle income,2861.29796240513,61.14,7788054
TGO,Togo,2021,Sub-Saharan Africa,Lower middle income,2952.09730066985,61.337,7936176
TGO,Togo,2022,Sub-Saharan Africa,Lower middle income,3086.40878742334,62.292,8068616
TGO,Togo,2023,Sub-Saharan Africa,Lower middle income,3215.82300022488,62.74,8223850
TON,Tonga,2000,East Asia & Pacific,Upper middle income,5809.00929738723,69.635,102677
TON,Tonga,2001,East Asia & Pacific,Upper middle income,5860.83162290404,69.8,103288
TON,Tonga,2002,East Asia & Pacific,Upper middle income,6085.89291010605,70.03,103874
TON,Tonga,2003,East Asia & Pacific,Upper middle income,6054.65554234045,70.228,104464
TON,Tonga,2004,East Asia & Pacific,Upper middle income,5901.21343135785,70.433,105071
TON,Tonga,2005,East Asia & Pacific,Upper middle income,5829.1173260211,70.56,105671
TON,Tonga,2006,East Asia & Pacific,Upper middle income,5671.64079163565,70.71,106253
TON,Tonga,2007,East Asia & Pacific,Upper middle income,5507.35733894364,70.887,106726
TON,Tonga,2008,East Asia & Pacific,Upper middle income,5759.30612501464,71.041,107020
TON,Tonga,2009,East Asia & Pacific,Upper middle income,5454.57394388907,70.949,107203
TON,Tonga,2010,East Asia & Pacific,Upper middle income,5489.45367019062,71.319,107400
TON,Tonga,2011,East Asia & Pacific,Upper middle income,5848.19312009382,71.437,107570
TON,Tonga,2012,East Asia & Pacific,Upper middle income,5908.02400699798,71.546,107460
TON,Tonga,2013,East Asia & Pacific,Upper middle income,5952.45690447913,71.65,107078
TON,Tonga,2014,East Asia & Pacific,Upper middle income,6097.65041861635,71.721,106609
TON,Tonga,2015,East Asia & Pacific,Upper middle income,6195.43302733786,71.851,106095
TON,Tonga,2016,East Asia & Pacific,Upper middle income,6639.98719699561,71.951,105524
TON,Tonga,2017,East Asia & Pacific,Upper middle income,6863.54796430087,72.066,105356
TON,Tonga,2018,East Asia & Pacific,Upper middle income,6885.98490469718,72.169,105567
TON,Tonga,2019,East Asia & Pacific,Upper middle income,6859.71739851786,72.292,105669
TON,Tonga,2020,East Asia & Pacific,Upper middle income,6981.30436453629,72.379,105704
TON,Tonga,2021,East Asia & Pacific,Upper middle income,6930.06482518663,72.13,105490
TON,Tonga,2022,East Asia & Pacific,Upper middle income,6811.48234641523,72.635,105042
TON,Tonga,2023,East Asia & Pacific,Upper middle income,7031.32021704688,72.895,104597
TTO,Trinidad and Tobago,2000,Latin America & Caribbean,High income,19637.5545410721,68.629,1319774
TTO,Trinidad and Tobago,2001,Latin America & Caribbean,High income,20366.753132212,68.874,1325567
TTO,Trinidad and Tobago,2002,Latin America & Caribbean,High income,21876.8529070403,69.232,1332011
TTO,Trinidad and Tobago,2003,Latin America & Caribbean,High income,24910.823196152,69.454,1338709
TTO,Trinidad and Tobago,2004,Latin America & Caribbean,High income,26757.9075601429,69.879,1345380
TTO,Trinidad and Tobago,2005,Latin America & Caribbean,High income,29536.4394101096,70.185,1294494
TTO,Trinidad and Tobago,2006,Latin America & Caribbean,High income,33348.7507470886,70.437,1297944
TTO,Trinidad and Tobago,2007,Latin America & Caribbean,High income,34793.6457521105,70.797,1303188
TTO,Trinidad and Tobago,2008,Latin America & Caribbean,High income,35825.3333456362,71.117,1308587
TTO,Trinidad and Tobago,2009,Latin America & Caribbean,High income,34212.2683057008,71.404,1310106
TTO,Trinidad and Tobago,2010,Latin America & Caribbean,High income,35145.1253639062,71.809,1317714
TTO,Trinidad and Tobago,2011,Latin America & Caribbean,High income,34769.7620251376,72.232,1328019
TTO,Trinidad and Tobago,2012,Latin America & Caribbean,High income,36903.6898574094,72.513,1335194
TTO,Trinidad and Tobago,2013,Latin America & Caribbean,High income,37994.0686480473,72.785,1340557
TTO,Trinidad and Tobago,2014,Latin America & Caribbean,High income,39248.6570516023,72.898,1345343
TTO,Trinidad and Tobago,2015,Latin America & Caribbean,High income,38963.9641783011,72.882,1349667
TTO,Trinidad and Tobago,2016,Latin America & Caribbean,High income,35914.9901970983,72.935,1353895
TTO,Trinidad and Tobago,2017,Latin America & Caribbean,High income,34095.9899256152,72.984,1356633
TTO,Trinidad and Tobago,2018,Latin America & Caribbean,High income,33710.0178540008,72.658,1359193
TTO,Trinidad and Tobago,2019,Latin America & Caribbean,High income,33748.7060849924,72.836,1363985
TTO,Trinidad and Tobago,2020,Latin America & Caribbean,High income,30720.8876936042,72.645,1366725
TTO,Trinidad and Tobago,2021,Latin America & Caribbean,High income,30482.1201798631,71.111,1367558
TTO,Trinidad and Tobago,2022,Latin America & Caribbean,High income,30784.1112580356,73.331,1365805
TTO,Trinidad and Tobago,2023,Latin America & Caribbean,High income,31196.603554718,73.49,1367510
TUN,Tunisia,2000,"Middle East, North Africa, Afghanistan & Pakistan",Lower middle income,9134.41506327005,72.604,9764935
TUN,Tunisia,2001,"Middle East, North Africa, Afghanistan & Pakistan",Lower middle income,9380.56317617024,72.822,9869677
TUN,Tunisia,2002,"Middle East, North Africa, Afghanistan & Pakistan",Lower middle income,9407.55676671593,73.07,9971515
TUN,Tunisia,2003,"Middle East, North Africa, Afghanistan & Pakistan",Lower middle income,9752.02442335824,73.304,10071632
TUN,Tunisia,2004,"Middle East, North Africa, Afghanistan & Pakistan",Lower middle income,10263.8055422408,73.519,10166163
TUN,Tunisia,2005,"Middle East, North Africa, Afghanistan & Pakistan",Lower middle income,10529.1598956845,73.712,10255472
TUN,Tunisia,2006,"Middle East, North Africa, Afghanistan & Pakistan",Lower middle income,10983.9221903991,73.888,10346410
TUN,Tunisia,2007,"Middle East, North Africa, Afghanistan & Pakistan",Lower middle income,11613.9247511428,74.039,10441702
TUN,Tunisia,2008,"Middle East, North Africa, Afghanistan & Pakistan",Lower middle income,11990.1962371716,74.192,10542635
TUN,Tunisia,2009,"Middle East, North Africa, Afghanistan & Pakistan",Lower middle income,12229.7752536693,74.32,10650681
TUN,Tunisia,2010,"Middle East, North Africa, Afghanistan & Pakistan",Lower middle income,12458.2710366551,74.438,10765980
TUN,Tunisia,2011,"Middle East, North Africa, Afghanistan & Pakistan",Lower middle income,12068.7136257667,74.471,10886035
TUN,Tunisia,2012,"Middle East, North Africa, Afghanistan & Pakistan",Lower middle income,12436.3958115735,74.599,11009647
TUN,Tunisia,2013,"Middle East, North Africa, Afghanistan & Pakistan",Lower middle income,12587.9950645596,74.674,11141361
TUN,Tunisia,2014,"Middle East, North Africa, Afghanistan & Pakistan",Lower middle income,12824.0028914441,74.784,11274288
TUN,Tunisia,2015,"Middle East, North Africa, Afghanistan & Pakistan",Lower middle income,12802.7917211433,74.875,11402264
TUN,Tunisia,2016,"Middle East, North Africa, Afghanistan & Pakistan",Lower middle income,12803.8797371543,75.007,11528674
TUN,Tunisia,2017,"Middle East, North Africa, Afghanistan & Pakistan",Lower middle income,12955.4014814241,75.177,11650498
TUN,Tunisia,2018,"Middle East, North Africa, Afghanistan & Pakistan",Lower middle income,13163.1952230357,75.37,11765514
TUN,Tunisia,2019,"Middle East, North Africa, Afghanistan & Pakistan",Lower middle income,13243.9024233246,75.599,11875081
TUN,Tunisia,2020,"Middle East, North Africa, Afghanistan & Pakistan",Lower middle income,11955.5983698479,75.004,11974057
TUN,Tunisia,2021,"Middle East, North Africa, Afghanistan & Pakistan",Lower middle income,12444.326402688701,72.893,12048622
TUN,Tunisia,2022,"Middle East, North Africa, Afghanistan & Pakistan",Lower middle income,12712.22345453,76.05,12119334
TUN,Tunisia,2023,"Middle East, North Africa, Afghanistan & Pakistan",Lower middle income,12650.9615158166,76.508,12200431
TUR,Turkiye,2000,Europe & Central Asia,Upper middle income,14856.914625257,71.931,65425961
TUR,Turkiye,2001,Europe & Central Asia,Upper middle income,13872.1287284566,72.271,66245128
TUR,Turkiye,2002,Europe & Central Asia,Upper middle income,14587.894621656,72.605,67048795
TUR,Turkiye,2003,Europe & Central Asia,Upper middle income,15255.7177960689,72.906,67831730
TUR,Turkiye,2004,Europe & Central Asia,Upper middle income,16583.8837094062,73.223,68592617
TUR,Turkiye,2005,Europe & Central Asia,Upper middle income,17902.5966004487,73.51,69329557
TUR,Turkiye,2006,Europe & Central Asia,Upper middle income,18972.0089563632,73.804,70045349
TUR,Turkiye,2007,Europe & Central Asia,Upper middle income,19909.083519675,74.129,70158112
TUR,Turkiye,2008,Europe & Central Asia,Upper middle income,19839.5845462269,74.38,71051678
TUR,Turkiye,2009,Europe & Central Asia,Upper middle income,18612.1925231905,74.679,72039206
TUR,Turkiye,2010,Europe & Central Asia,Upper middle income,19897.4464836887,74.964,73142150
TUR,Turkiye,2011,Europe & Central Asia,Upper middle income,21760.4291923634,74.823,74223629
TUR,Turkiye,2012,Europe & Central Asia,Upper middle income,22517.7148287875,75.552,75175827
TUR,Turkiye,2013,Europe & Central Asia,Upper middle income,24117.3121099839,76.171,76147624
TUR,Turkiye,2014,Europe & Central Asia,Upper middle income,24888.8521742576,76.452,77181884
TUR,Turkiye,2015,Europe & Central Asia,Upper middle income,25984.8027306177,76.539,78218479
TUR,Turkiye,2016,Europe & Central Asia,Upper middle income,26489.6436816046,76.595,79277962
TUR,Turkiye,2017,Europe & Central Asia,Upper middle income,28194.688309381,77.037,80312698
TUR,Turkiye,2018,Europe & Central Asia,Upper middle income,28780.3036458151,77.454,81407204
TUR,Turkiye,2019,Europe & Central Asia,Upper middle income,28741.0535082701,77.737,82579440
TUR,Turkiye,2020,Europe & Central Asia,Upper middle income,28976.7179161611,76.525,83384680
TUR,Turkiye,2021,Europe & Central Asia,Upper middle income,32105.5474400506,75.722,84147318
TUR,Turkiye,2022,Europe & Central Asia,Upper middle income,33520.8111384208,77.591,84979913
TUR,Turkiye,2023,Europe & Central Asia,Upper middle income,35069.1701714685,77.156,85325965
TKM,Turkmenistan,2000,Europe & Central Asia,Upper middle income,5064.28782418685,64.931,4582677
TKM,Turkmenistan,2001,Europe & Central Asia,Upper middle income,5179.46446676106,65.325,4675409
TKM,Turkmenistan,2002,Europe & Central Asia,Upper middle income,5090.38095183744,65.593,4769465
TKM,Turkmenistan,2003,Europe & Central Asia,Upper middle income,5154.7509814614,65.854,4863865
TKM,Turkmenistan,2004,Europe & Central Asia,Upper middle income,5309.64539382487,66.055,4958093
TKM,Turkmenistan,2005,Europe & Central Asia,Upper middle income,5889.84657742616,66.275,5052257
TKM,Turkmenistan,2006,Europe & Central Asia,Upper middle income,6415.71290854977,66.574,5147105
TKM,Turkmenistan,2007,Europe & Central Asia,Upper middle income,6993.52911567076,67.02,5244046
TKM,Turkmenistan,2008,Europe & Central Asia,Upper middle income,7870.0271753063,67.584,5345029
TKM,Turkmenistan,2009,Europe & Central Asia,Upper middle income,8186.87833253045,68.155,5451592
TKM,Turkmenistan,2010,Europe & Central Asia,Upper middle income,8758.89686680508,68.608,5564356
TKM,Turkmenistan,2011,Europe & Central Asia,Upper middle income,9837.56345513458,68.87,5683417
TKM,Turkmenistan,2012,Europe & Central Asia,Upper middle income,10689.3537347285,68.961,5808546
TKM,Turkmenistan,2013,Europe & Central Asia,Upper middle income,11516.3741234527,68.968,5939341
TKM,Turkmenistan,2014,Europe & Central Asia,Upper middle income,12423.9246417745,69.001,6075283
TKM,Turkmenistan,2015,Europe & Central Asia,Upper middle income,12926.6637306966,69.061,6215770
TKM,Turkmenistan,2016,Europe & Central Asia,Upper middle income,13420.3849717471,69.142,6360041
TKM,Turkmenistan,2017,Europe & Central Asia,Upper middle income,13963.4045877295,69.19,6507061
TKM,Turkmenistan,2018,Europe & Central Asia,Upper middle income,14499.1684377606,69.272,6655524
TKM,Turkmenistan,2019,Europe & Central Asia,Upper middle income,15080.9034007693,69.405,6803944
TKM,Turkmenistan,2020,Europe & Central Asia,Upper middle income,15630.9145192529,68.846,6949912
TKM,Turkmenistan,2021,Europe & Central Asia,Upper middle income,16259.8700051884,69.353,7092043
TKM,Turkmenistan,2022,Europe & Central Asia,Upper middle income,16943.6046037141,69.913,7230193
TKM,Turkmenistan,2023,Europe & Central Asia,Upper middle income,17685.8585929282,70.073,7364438
TCA,Turks and Caicos Islands,2000,Latin America & Caribbean,High income,,73.972,18730
TCA,Turks and Caicos Islands,2001,Latin America & Caribbean,High income,,74.409,19576
TCA,Turks and Caicos Islands,2002,Latin America & Caribbean,High income,,74.843,20597
TCA,Turks and Caicos Islands,2003,Latin America & Caribbean,High income,,75.262,21727
TCA,Turks and Caicos Islands,2004,Latin America & Caribbean,High income,,75.63,22856
TCA,Turks and Caicos Islands,2005,Latin America & Caribbean,High income,,75.954,23988
TCA,Turks and Caicos Islands,2006,Latin America & Caribbean,High income,,76.197,25123
TCA,Turks and Caicos Islands,2007,Latin America & Caribbean,High income,21878.8206013071,76.427,26270
TCA,Turks and Caicos Islands,2008,Latin America & Caribbean,High income,22689.3160133769,76.084,27427
TCA,Turks and Caicos Islands,2009,Latin America & Caribbean,High income,17512.1977777876,76.672,28588
TCA,Turks and Caicos Islands,2010,Latin America & Caribbean,High income,17000.2227766463,76.784,29739
TCA,Turks and Caicos Islands,2011,Latin America & Caribbean,High income,17147.424764127,76.87,30846
TCA,Turks and Caicos Islands,2012,Latin America & Caribbean,High income,16024.6915652254,76.969,32127
TCA,Turks and Caicos Islands,2013,Latin America & Caribbean,High income,15461.873511271,77.1,33653
TCA,Turks and Caicos Islands,2014,Latin America & Caribbean,High income,16138.8487604249,77.212,35050
TCA,Turks and Caicos Islands,2015,Latin America & Caribbean,High income,17201.7720345933,77.321,36605
TCA,Turks and Caicos Islands,2016,Latin America & Caribbean,High income,17625.7202843515,77.437,38315
TCA,Turks and Caicos Islands,2017,Latin America & Caribbean,High income,29540.3537473151,77.505,39913
TCA,Turks and Caicos Islands,2018,Latin America & Caribbean,High income,30286.1196112151,77.596,41559
TCA,Turks and Caicos Islands,2019,Latin America & Caribbean,High income,30611.2130237381,77.691,43166
TCA,Turks and Caicos Islands,2020,Latin America & Caribbean,High income,19702.5368196855,77.499,44386
TCA,Turks and Caicos Islands,2021,Latin America & Caribbean,High income,25056.4880515569,77.234,45243
TCA,Turks and Caicos Islands,2022,Latin America & Caribbean,High income,28209.6242536079,77.918,45847
TCA,Turks and Caicos Islands,2023,Latin America & Caribbean,High income,31839.3705381969,78.008,46198
TUV,Tuvalu,2000,East Asia & Pacific,Upper middle income,3893.29676614411,63.536,9544
TUV,Tuvalu,2001,East Asia & Pacific,Upper middle income,3903.20310133161,63.709,9586
TUV,Tuvalu,2002,East Asia & Pacific,Upper middle income,4211.58993214321,63.825,9623
TUV,Tuvalu,2003,East Asia & Pacific,Upper middle income,3998.4360743816,63.897,9695
TUV,Tuvalu,2004,East Asia & Pacific,Upper middle income,3874.58266822844,63.989,9816
TUV,Tuvalu,2005,East Asia & Pacific,Upper middle income,3682.89175926232,64.096,9940
TUV,Tuvalu,2006,East Asia & Pacific,Upper middle income,3687.77123312778,64.247,10056
TUV,Tuvalu,2007,East Asia & Pacific,Upper middle income,3893.64259975408,64.402,10182
TUV,Tuvalu,2008,East Asia & Pacific,Upper middle income,4093.92473951632,64.516,10321
TUV,Tuvalu,2009,East Asia & Pacific,Upper middle income,3812.13929570827,64.693,10461
TUV,Tuvalu,2010,East Asia & Pacific,Upper middle income,3664.45034598789,64.834,10614
TUV,Tuvalu,2011,East Asia & Pacific,Upper middle income,3879.3490996995,64.96,10780
TUV,Tuvalu,2012,East Asia & Pacific,Upper middle income,3715.60046956613,65.079,10934
TUV,Tuvalu,2013,East Asia & Pacific,Upper middle income,3833.48955456181,65.171,11001
TUV,Tuvalu,2014,East Asia & Pacific,Upper middle income,3903.4345149878,65.278,10984
TUV,Tuvalu,2015,East Asia & Pacific,Upper middle income,4277.7146690273,65.365,10963
TUV,Tuvalu,2016,East Asia & Pacific,Upper middle income,4495.57215692486,65.51,10930
TUV,Tuvalu,2017,East Asia & Pacific,Upper middle income,4668.54376684727,65.683,10869
TUV,Tuvalu,2018,East Asia & Pacific,Upper middle income,4785.23289965077,65.871,10751
TUV,Tuvalu,2019,East Asia & Pacific,Upper middle income,5515.89953720794,66.109,10581
TUV,Tuvalu,2020,East Asia & Pacific,Upper middle income,5442.36321121293,66.357,10399
TUV,Tuvalu,2021,East Asia & Pacific,Upper middle income,5551.80841999248,65.824,10194
TUV,Tuvalu,2022,East Asia & Pacific,Upper middle income,5044.53984578911,66.852,9992
TUV,Tuvalu,2023,East Asia & Pacific,Upper middle income,5315.16301028104,67.105,9816
UGA,Uganda,2000,Sub-Saharan Africa,Low income,1487.00498853512,49.64,24000150
UGA,Uganda,2001,Sub-Saharan Africa,Low income,1516.96423755695,50.576,24745676
UGA,Uganda,2002,Sub-Saharan Africa,Low income,1598.5828380849,51.443,25532870
UGA,Uganda,2003,Sub-Saharan Africa,Low income,1649.1482601448,52.414,26352124
UGA,Uganda,2004,Sub-Saharan Africa,Low income,1709.36159216857,53.699,27154515
UGA,Uganda,2005,Sub-Saharan Africa,Low income,1765.03788457066,54.926,27963289
UGA,Uganda,2006,Sub-Saharan Africa,Low income,1898.97915280479,56.118,28794003
UGA,Uganda,2007,Sub-Saharan Africa,Low income,1999.0624896434,57.248,29653430
UGA,Uganda,2008,Sub-Saharan Africa,Low income,2110.10049271503,58.253,30539553
UGA,Uganda,2009,Sub-Saharan Africa,Low income,2188.29916246327,59.157,31451151
UGA,Uganda,2010,Sub-Saharan Africa,Low income,2244.60595194584,59.959,32390802
UGA,Uganda,2011,Sub-Saharan Africa,Low income,2384.4653273154,60.791,33354543
UGA,Uganda,2012,Sub-Saharan Africa,Low income,2405.09455932767,61.579,34337438
UGA,Uganda,2013,Sub-Saharan Africa,Low income,2420.88808087266,62.353,35337042
UGA,Uganda,2014,Sub-Saharan Africa,Low income,2470.50380909598,63.057,36395539
UGA,Uganda,2015,Sub-Saharan Africa,Low income,2520.0201028843,63.831,37531446
UGA,Uganda,2016,Sub-Saharan Africa,Low income,2554.22769062073,64.494,38799152
UGA,Uganda,2017,Sub-Saharan Africa,Low income,2543.84754394956,65.174,40177388
UGA,Uganda,2018,Sub-Saharan Africa,Low income,2613.87976413963,65.775,41565831
UGA,Uganda,2019,Sub-Saharan Africa,Low income,2689.41009144919,66.354,42999637
UGA,Uganda,2020,Sub-Saharan Africa,Low income,2678.00907202293,66.41,44457152
UGA,Uganda,2021,Sub-Saharan Africa,Low income,2684.92035939744,66.45,45910930
UGA,Uganda,2022,Sub-Saharan Africa,Low income,2724.90609568409,67.675,47312719
UGA,Uganda,2023,Sub-Saharan Africa,Low income,2791.05576885861,68.252,48656601
UKR,Ukraine,2000,Europe & Central Asia,Upper middle income,10364.0625,67.786,49556660
UKR,Ukraine,2001,Europe & Central Asia,Upper middle income,11379.3857421875,67.675,49106855
UKR,Ukraine,2002,Europe & Central Asia,Upper middle income,12092.7890625,67.699,48677281
UKR,Ukraine,2003,Europe & Central Asia,Upper middle income,13342.8798828125,67.638,48315136
UKR,Ukraine,2004,Europe & Central Asia,Upper middle income,15021.06640625,67.472,47979507
UKR,Ukraine,2005,Europe & Central Asia,Upper middle income,15610.5732421875,67.517,47585556
UKR,Ukraine,2006,Europe & Central Asia,Upper middle income,16901.5078125,67.49,47278694
UKR,Ukraine,2007,Europe & Central Asia,Upper middle income,18374.013671875,67.715,47062798
UKR,Ukraine,2008,Europe & Central Asia,Upper middle income,18883.986328125,68.262,46819175
UKR,Ukraine,2009,Europe & Central Asia,Upper middle income,16092.7958984375,69.159,46623731
UKR,Ukraine,2010,Europe & Central Asia,Upper middle income,16811.794921875,70.188,46456003
UKR,Ukraine,2011,Europe & Central Asia,Upper middle income,17783.95703125,70.711,46307853
UKR,Ukraine,2012,Europe & Central Asia,Upper middle income,17848.740234375,71.09,46210056
UKR,Ukraine,2013,Europe & Central Asia,Upper middle income,17889.091796875,71.474,46126770
UKR,Ukraine,2014,Europe & Central Asia,Upper middle income,16978.8125,71.803,45972380
UKR,Ukraine,2015,Europe & Central Asia,Upper middle income,15403.7099609375,72.686,45784896
UKR,Ukraine,2016,Europe & Central Asia,Upper middle income,15856.8125,73.389,45616832
UKR,Ukraine,2017,Europe & Central Asia,Upper middle income,16310.3603515625,73.993,45436041
UKR,Ukraine,2018,Europe & Central Asia,Upper middle income,16978.984375,73.569,45208907
UKR,Ukraine,2019,Europe & Central Asia,Upper middle income,17636.5546875,73.92,44957458
UKR,Ukraine,2020,Europe & Central Asia,Upper middle income,17092.5390625,73.283,44680014
UKR,Ukraine,2021,Europe & Central Asia,Upper middle income,17846.408203125,71.631,44298640
UKR,Ukraine,2022,Europe & Central Asia,Upper middle income,13787.12109375,72.658,41048766
UKR,Ukraine,2023,Europe & Central Asia,Upper middle income,15916.9580078125,73.422,37732836
ARE,United Arab Emirates,2000,"Middle East, North Africa, Afghanistan & Pakistan",High income,95390.8328858321,76.347,3493575
ARE,United Arab Emirates,2001,"Middle East, North Africa, Afghanistan & Pakistan",High income,90750.3257926454,77.621,3723590
ARE,United Arab Emirates,2002,"Middle East, North Africa, Afghanistan & Pakistan",High income,87479.1545350862,78.721,3956826
ARE,United Arab Emirates,2003,"Middle East, North Africa, Afghanistan & Pakistan",High income,89828.493399274,79.6,4192457
ARE,United Arab Emirates,2004,"Middle East, North Africa, Afghanistan & Pakistan",High income,93166.1568863784,80.272,4428967
ARE,United Arab Emirates,2005,"Middle East, North Africa, Afghanistan & Pakistan",High income,92750.9226341994,80.779,4664790
ARE,United Arab Emirates,2006,"Middle East, North Africa, Afghanistan & Pakistan",High income,94872.5121329578,81.155,5009100
ARE,United Arab Emirates,2007,"Middle East, North Africa, Afghanistan & Pakistan",High income,87180.6001633546,81.438,5624635
ARE,United Arab Emirates,2008,"Middle East, North Africa, Afghanistan & Pakistan",High income,80285.1613062103,81.591,6302664
ARE,United Arab Emirates,2009,"Middle East, North Africa, Afghanistan & Pakistan",High income,71488.9696792101,81.679,6707058
ARE,United Arab Emirates,2010,"Middle East, North Africa, Afghanistan & Pakistan",High income,70913.7569272495,81.886,6869838
ARE,United Arab Emirates,2011,"Middle East, North Africa, Afghanistan & Pakistan",High income,73190.4056300014,81.898,7104538
ARE,United Arab Emirates,2012,"Middle East, North Africa, Afghanistan & Pakistan",High income,73644.0549928884,81.913,7391448
ARE,United Arab Emirates,2013,"Middle East, North Africa, Afghanistan & Pakistan",High income,74237.2038000319,81.95,7693031
ARE,United Arab Emirates,2014,"Middle East, North Africa, Afghanistan & Pakistan",High income,74145.1175448951,81.99,8059440
ARE,United Arab Emirates,2015,"Middle East, North Africa, Afghanistan & Pakistan",High income,75238.5571858454,82.076,8505237
ARE,United Arab Emirates,2016,"Middle East, North Africa, Afghanistan & Pakistan",High income,75671.036861385,82.195,8935095
ARE,United Arab Emirates,2017,"Middle East, North Africa, Afghanistan & Pakistan",High income,72529.0423512365,82.388,9223225
ARE,United Arab Emirates,2018,"Middle East, North Africa, Afghanistan & Pakistan",High income,72671.0787288764,82.449,9346701
ARE,United Arab Emirates,2019,"Middle East, North Africa, Afghanistan & Pakistan",High income,72822.9466438922,82.596,9445785
ARE,United Arab Emirates,2020,"Middle East, North Africa, Afghanistan & Pakistan",High income,66808.6209256028,81.936,9401038
ARE,United Arab Emirates,2021,"Middle East, North Africa, Afghanistan & Pakistan",High income,68580.1312912676,79.083,9575152
ARE,United Arab Emirates,2022,"Middle East, North Africa, Afghanistan & Pakistan",High income,70075.63837395,80.487,10074977
ARE,United Arab Emirates,2023,"Middle East, North Africa, Afghanistan & Pakistan",High income,70239.8328337228,82.909,10483751
GBR,United Kingdom,2000,Europe & Central Asia,High income,43818.3463079443,77.7414634146342,58892514
GBR,United Kingdom,2001,Europe & Central Asia,High income,44693.6612621755,77.9926829268293,59119673
GBR,United Kingdom,2002,Europe & Central Asia,High income,45265.4565169944,78.1439024390244,59370479
GBR,United Kingdom,2003,Europe & Central Asia,High income,46505.2798806788,78.4463414634146,59647577
GBR,United Kingdom,2004,Europe & Central Asia,High income,47317.027070979,78.7463414634146,59987905
GBR,United Kingdom,2005,Europe & Central Asia,High income,48304.6753205932,79.0487804878049,60401206
GBR,United Kingdom,2006,Europe & Central Asia,High income,49000.9535382241,79.2487804878049,60846820
GBR,United Kingdom,2007,Europe & Central Asia,High income,50045.9163092519,79.4487804878049,61322463
GBR,United Kingdom,2008,Europe & Central Asia,High income,49629.0498697349,79.6,61806995
GBR,United Kingdom,2009,Europe & Central Asia,High income,46995.5449961945,80.0512195121951,62276270
GBR,United Kingdom,2010,Europe & Central Asia,High income,47682.6525150443,80.4024390243902,62766365
GBR,United Kingdom,2011,Europe & Central Asia,High income,47714.2894262827,80.9512195121951,63258810
GBR,United Kingdom,2012,Europe & Central Asia,High income,48099.6594401942,80.9048780487805,63711000
GBR,United Kingdom,2013,Europe & Central Asia,High income,48600.5100807266,81.0048780487805,64138000
GBR,United Kingdom,2014,Europe & Central Asia,High income,49763.17387988,81.3048780487805,64619000
GBR,United Kingdom,2015,Europe & Central Asia,High income,50462.8329992477,80.9560975609756,65087000
GBR,United Kingdom,2016,Europe & Central Asia,High income,51168.2925796814,81.1560975609756,65606000
GBR,United Kingdom,2017,Europe & Central Asia,High income,52429.1275538988,81.2560975609756,65964000
GBR,United Kingdom,2018,Europe & Central Asia,High income,52983.039541197,81.2560975609756,66287000
GBR,United Kingdom,2019,Europe & Central Asia,High income,53374.0927628482,81.3691219512195,66628000
GBR,United Kingdom,2020,Europe & Central Asia,High income,47930.5490378931,80.331756097561,66740000
GBR,United Kingdom,2021,Europe & Central Asia,High income,51840.4424245515,80.6473170731707,66978000
GBR,United Kingdom,2022,Europe & Central Asia,High income,53979.7679116234,81.0112195121951,67636000
GBR,United Kingdom,2023,Europe & Central Asia,High income,53423.4226338292,81.2380975609756,68526000
USA,United States,2000,North America,High income,55045.6745311559,76.6365853658537,282162411
USA,United States,2001,North America,High income,55024.3542766281,76.8365853658537,284968955
USA,United States,2002,North America,High income,55443.2199435683,76.9365853658537,287625193
USA,United States,2003,North America,High income,56505.4468784112,77.0365853658537,290107933
USA,United States,2004,North America,High income,58139.0820195229,77.4878048780488,292805298
USA,United States,2005,North America,High income,59612.3907215559,77.4878048780488,295516599
USA,United States,2006,North America,High income,60684.3399832539,77.6878048780488,298379912
USA,United States,2007,North America,High income,61314.4520816367,77.9878048780488,301231207
USA,United States,2008,North America,High income,60806.2238713713,78.0390243902439,304093966
USA,United States,2009,North America,High income,58722.496767251,78.390243902439,306771529
USA,United States,2010,North America,High income,59797.0736545937,78.5414634146342,309378227
USA,United States,2011,North America,High income,60253.2035796719,78.6414634146341,311839461
USA,United States,2012,North America,High income,61142.3637034265,78.7414634146342,314339099
USA,United States,2013,North America,High income,61966.6621370894,78.7414634146342,316726282
USA,United States,2014,North America,High income,63026.8779187814,78.8414634146341,319257560
USA,United States,2015,North America,High income,64367.7188912582,78.690243902439,321815121
USA,United States,2016,North America,High income,65025.9855980616,78.5390243902439,324353340
USA,United States,2017,North America,High income,66164.0320014289,78.5390243902439,326608609
USA,United States,2018,North America,High income,67728.4424921024,78.6390243902439,328529577
USA,United States,2019,North America,High income,69121.4580016741,78.7878048780488,330226227
USA,United States,2020,North America,High income,67406.8311325507,76.9804878048781,331578104
USA,United States,2021,North America,High income,71441.231980595,76.3292682926829,332100166
USA,United States,2022,North America,High income,72828.7430907189,77.4341463414634,333996304
USA,United States,2023,North America,High income,74351.6718197429,78.3853658536585,336755052
URY,Uruguay,2000,Latin America & Caribbean,High income,18752.0507121938,74.693,3266206
URY,Uruguay,2001,Latin America & Caribbean,High income,17986.8939502115,74.987,3274251
URY,Uruguay,2002,Latin America & Caribbean,High income,16572.7819019325,74.979,3278867
URY,Uruguay,2003,Latin America & Caribbean,High income,16694.4326030244,75.086,3281186
URY,Uruguay,2004,Latin America & Caribbean,High income,17519.3729926744,75.319,3283148
URY,Uruguay,2005,Latin America & Caribbean,High income,18811.3124755641,75.829,3285771
URY,Uruguay,2006,Latin America & Caribbean,High income,19560.0743506382,75.888,3289506
URY,Uruguay,2007,Latin America & Caribbean,High income,20803.885306175,76.15,3295153
URY,Uruguay,2008,Latin America & Caribbean,High income,22249.3750934425,76.275,3302177
URY,Uruguay,2009,Latin America & Caribbean,High income,23138.0733091496,76.67,3310091
URY,Uruguay,2010,Latin America & Caribbean,High income,24879.8256003219,76.691,3318580
URY,Uruguay,2011,Latin America & Caribbean,High income,26099.3116487704,76.614,3326825
URY,Uruguay,2012,Latin America & Caribbean,High income,26953.2709026389,76.691,3335401
URY,Uruguay,2013,Latin America & Caribbean,High income,28119.4726887432,76.953,3345337
URY,Uruguay,2014,Latin America & Caribbean,High income,28935.086486757,77.194,3356334
URY,Uruguay,2015,Latin America & Caribbean,High income,28941.6184540581,77.285,3368017
URY,Uruguay,2016,Latin America & Caribbean,High income,29332.5561568815,77.351,3379283
URY,Uruguay,2017,Latin America & Caribbean,High income,29762.4220666605,77.618,3388438
URY,Uruguay,2018,Latin America & Caribbean,High income,29757.9276055415,77.527,3394534
URY,Uruguay,2019,Latin America & Caribbean,High income,30010.5628834294,77.503,3397206
URY,Uruguay,2020,Latin America & Caribbean,High income,27788.1749600196,78.381,3398968
URY,Uruguay,2021,Latin America & Caribbean,High income,29431.8738833361,75.434,3396695
URY,Uruguay,2022,Latin America & Caribbean,High income,30840.0709827676,76.468,3390913
URY,Uruguay,2023,Latin America & Caribbean,High income,31100.9696889882,78.138,3388081
UZB,Uzbekistan,2000,Europe & Central Asia,Lower middle income,3430.88370808896,65.456,24787054
UZB,Uzbekistan,2001,Europe & Central Asia,Lower middle income,3530.5496647712,65.853,25090283
UZB,Uzbekistan,2002,Europe & Central Asia,Lower middle income,3626.07785614929,66.376,25399980
UZB,Uzbekistan,2003,Europe & Central Asia,Lower middle income,3733.79819347394,66.852,25711259
UZB,Uzbekistan,2004,Europe & Central Asia,Lower middle income,3962.90117061128,67.203,26029350
UZB,Uzbekistan,2005,Europe & Central Asia,Lower middle income,4185.63947675734,67.481,26356975
UZB,Uzbekistan,2006,Europe & Central Asia,Lower middle income,4439.90667205623,67.905,26699043
UZB,Uzbekistan,2007,Europe & Central Asia,Lower middle income,4792.8290951141,68.483,27076008
UZB,Uzbekistan,2008,Europe & Central Asia,Lower middle income,5145.99183378479,69.035,27494774
UZB,Uzbekistan,2009,Europe & Central Asia,Lower middle income,5471.82013683888,69.517,27939328
UZB,Uzbekistan,2010,Europe & Central Asia,Lower middle income,5794.98037704358,69.836,28385506
UZB,Uzbekistan,2011,Europe & Central Asia,Lower middle income,6170.84149747534,70.143,28823196
UZB,Uzbekistan,2012,Europe & Central Asia,Lower middle income,6525.4971525889,70.411,29261903
UZB,Uzbekistan,2013,Europe & Central Asia,Lower middle income,6932.93371228586,70.692,29724065
UZB,Uzbekistan,2014,Europe & Central Asia,Lower middle income,7344.44304405623,70.973,30222994
UZB,Uzbekistan,2015,Europe & Central Asia,Lower middle income,7792.23605983713,71.33,30749346
UZB,Uzbekistan,2016,Europe & Central Asia,Lower middle income,8172.9216949615,71.58,31284568
UZB,Uzbekistan,2017,Europe & Central Asia,Lower middle income,8413.29975299494,71.737,31819178
UZB,Uzbekistan,2018,Europe & Central Asia,Lower middle income,8742.5491991216,71.999,32373490
UZB,Uzbekistan,2019,Europe & Central Asia,Lower middle income,9169.01147508351,72.093,32964701
UZB,Uzbekistan,2020,Europe & Central Asia,Lower middle income,9145.23119844239,71.461,33586372
UZB,Uzbekistan,2021,Europe & Central Asia,Lower middle income,9705.60054565692,71.681,34243696
UZB,Uzbekistan,2022,Europe & Central Asia,Lower middle income,10091.3877869999,72.147,34938955
UZB,Uzbekistan,2023,Europe & Central Asia,Lower middle income,10514.0955721447,72.388,35652307
VUT,Vanuatu,2000,East Asia & Pacific,Lower middle income,3805.62227309353,68.586,186281
VUT,Vanuatu,2001,East Asia & Pacific,Lower middle income,3584.91106983816,68.722,191031
VUT,Vanuatu,2002,East Asia & Pacific,Lower middle income,3314.71255206905,68.836,195863
VUT,Vanuatu,2003,East Asia & Pacific,Lower middle income,3372.77297249271,68.933,200746
VUT,Vanuatu,2004,East Asia & Pacific,Lower middle income,3422.60817759375,68.985,205711
VUT,Vanuatu,2005,East Asia & Pacific,Lower middle income,3517.84619857461,69.166,210760
VUT,Vanuatu,2006,East Asia & Pacific,Lower middle income,3724.24741699945,69.126,215923
VUT,Vanuatu,2007,East Asia & Pacific,Lower middle income,3738.66656241804,69.144,221276
VUT,Vanuatu,2008,East Asia & Pacific,Lower middle income,3850.27902468628,69.302,226896
VUT,Vanuatu,2009,East Asia & Pacific,Lower middle income,3867.75799280135,69.422,232731
VUT,Vanuatu,2010,East Asia & Pacific,Lower middle income,3825.75653571613,69.57,238248
VUT,Vanuatu,2011,East Asia & Pacific,Lower middle income,3861.18223002309,69.729,243474
VUT,Vanuatu,2012,East Asia & Pacific,Lower middle income,3815.41895246816,69.898,248883
VUT,Vanuatu,2013,East Asia & Pacific,Lower middle income,3748.76509025679,69.986,254482
VUT,Vanuatu,2014,East Asia & Pacific,Lower middle income,3779.64941165998,70.043,260240
VUT,Vanuatu,2015,East Asia & Pacific,Lower middle income,3825.81231400229,70.163,266101
VUT,Vanuatu,2016,East Asia & Pacific,Lower middle income,3877.08354643548,70.397,272087
VUT,Vanuatu,2017,East Asia & Pacific,Lower middle income,3947.67824193203,70.5,278507
VUT,Vanuatu,2018,East Asia & Pacific,Lower middle income,3951.18453122592,70.626,285259
VUT,Vanuatu,2019,East Asia & Pacific,Lower middle income,3986.65620021472,70.783,291985
VUT,Vanuatu,2020,East Asia & Pacific,Lower middle income,3671.97390565303,70.385,298858
VUT,Vanuatu,2021,East Asia & Pacific,Lower middle income,3546.08021896872,69.952,305868
VUT,Vanuatu,2022,East Asia & Pacific,Lower middle income,3658.51871182046,71.302,313046
VUT,Vanuatu,2023,East Asia & Pacific,Lower middle income,3782.82649029418,71.477,320409
VEN,"Venezuela, RB",2000,Latin America & Caribbean,Lower middle income,,72.388,24526708
VEN,"Venezuela, RB",2001,Latin America & Caribbean,Lower middle income,,71.019,24979922
VEN,"Venezuela, RB",2002,Latin America & Caribbean,Lower middle income,,72.823,25435671
VEN,"Venezuela, RB",2003,Latin America & Caribbean,Lower middle income,,72.056,25892703
VEN,"Venezuela, RB",2004,Latin America & Caribbean,Lower middle income,,72.752,26340838
VEN,"Venezuela, RB",2005,Latin America & Caribbean,Lower middle income,,73.075,26785804
VEN,"Venezuela, RB",2006,Latin America & Caribbean,Lower middle income,,72.972,27224686
VEN,"Venezuela, RB",2007,Latin America & Caribbean,Lower middle income,,73.348,27649363
VEN,"Venezuela, RB",2008,Latin America & Caribbean,Lower middle income,,72.578,28053696
VEN,"Venezuela, RB",2009,Latin America & Caribbean,Lower middle income,,72.785,28438298
VEN,"Venezuela, RB",2010,Latin America & Caribbean,Lower middle income,,73.092,28813101
VEN,"Venezuela, RB",2011,Latin America & Caribbean,Lower middle income,,73.09,29185212
VEN,"Venezuela, RB",2012,Latin America & Caribbean,Lower middle income,,73.086,29553826
VEN,"Venezuela, RB",2013,Latin America & Caribbean,Lower middle income,,73.076,29912198
VEN,"Venezuela, RB",2014,Latin America & Caribbean,Lower middle income,,72.837,30254079
VEN,"Venezuela, RB",2015,Latin America & Caribbean,Lower middle income,,73.004,30573972
VEN,"Venezuela, RB",2016,Latin America & Caribbean,Lower middle income,,72.002,30765720
VEN,"Venezuela, RB",2017,Latin America & Caribbean,Lower middle income,,71.903,30565323
VEN,"Venezuela, RB",2018,Latin America & Caribbean,Lower middle income,,72.641,29807592
VEN,"Venezuela, RB",2019,Latin America & Caribbean,Lower middle income,,72.766,28938098
VEN,"Venezuela, RB",2020,Latin America & Caribbean,Lower middle income,,72.369,28444077
VEN,"Venezuela, RB",2021,Latin America & Caribbean,Lower middle income,,71.536,28237826
VEN,"Venezuela, RB",2022,Latin America & Caribbean,Lower middle income,,72.566,28213017
VEN,"Venezuela, RB",2023,Latin America & Caribbean,Lower middle income,,72.514,28300854
VNM,Viet Nam,2000,East Asia & Pacific,Upper middle income,4349.22348751462,72.746,77154011
VNM,Viet Nam,2001,East Asia & Pacific,Upper middle income,4570.26846577385,72.984,77969361
VNM,Viet Nam,2002,East Asia & Pacific,Upper middle income,4809.62151118535,73.138,78772224
VNM,Viet Nam,2003,East Asia & Pacific,Upper middle income,5090.28990869885,73.236,79563777
VNM,Viet Nam,2004,East Asia & Pacific,Upper middle income,5421.09702829121,73.062,80338971
VNM,Viet Nam,2005,East Asia & Pacific,Upper middle income,5776.36304451268,73.198,81088313
VNM,Viet Nam,2006,East Asia & Pacific,Upper middle income,6098.24495436514,73.293,82167897
VNM,Viet Nam,2007,East Asia & Pacific,Upper middle income,6418.54381402878,73.385,83633375
VNM,Viet Nam,2008,East Asia & Pacific,Upper middle income,6659.13561432065,73.455,85175788
VNM,Viet Nam,2009,East Asia & Pacific,Upper middle income,6914.33863589545,73.525,86460018
VNM,Viet Nam,2010,East Asia & Pacific,Upper middle income,7274.73310698016,73.611,87455152
VNM,Viet Nam,2011,East Asia & Pacific,Upper middle income,7652.61895672271,73.713,88468314
VNM,Viet Nam,2012,East Asia & Pacific,Upper middle income,7979.86828926858,73.762,89510356
VNM,Viet Nam,2013,East Asia & Pacific,Upper middle income,8324.19871250047,73.821,90573104
VNM,Viet Nam,2014,East Asia & Pacific,Upper middle income,8751.88280634375,73.886,91679578
VNM,Viet Nam,2015,East Asia & Pacific,Upper middle income,9248.02396069622,73.955,92823254
VNM,Viet Nam,2016,East Asia & Pacific,Upper middle income,9743.1882231455,73.984,94000117
VNM,Viet Nam,2017,East Asia & Pacific,Upper middle income,10290.5487142244,74.026,95176977
VNM,Viet Nam,2018,East Asia & Pacific,Upper middle income,10936.8937859558,74.1,96237319
VNM,Viet Nam,2019,East Asia & Pacific,Upper middle income,11628.6139147451,74.211,97173776
VNM,Viet Nam,2020,East Asia & Pacific,Upper middle income,11851.3965685649,75.383,98079191
VNM,Viet Nam,2021,East Asia & Pacific,Upper middle income,12048.9019935536,74.145,98935098
VNM,Viet Nam,2022,East Asia & Pacific,Upper middle income,12979.7638983711,74.502,99680655
VNM,Viet Nam,2023,East Asia & Pacific,Upper middle income,13534.7997843016,74.588,100352192
VIR,Virgin Islands (U.S.),2000,Latin America & Caribbean,High income,,76.619512195122,108642
VIR,Virgin Islands (U.S.),2001,Latin America & Caribbean,High income,,77.6219512195122,108549
VIR,Virgin Islands (U.S.),2002,Latin America & Caribbean,High income,54299.2298699394,77.5219512195122,108509
VIR,Virgin Islands (U.S.),2003,Latin America & Caribbean,High income,54086.1547945673,77.5219512195122,108505
VIR,Virgin Islands (U.S.),2004,Latin America & Caribbean,High income,55883.4545510864,77.7731707317073,108466
VIR,Virgin Islands (U.S.),2005,Latin America & Caribbean,High income,57838.0977142823,77.4219512195122,108453
VIR,Virgin Islands (U.S.),2006,Latin America & Caribbean,High income,59911.7224453162,78.3243902439024,108369
VIR,Virgin Islands (U.S.),2007,Latin America & Caribbean,High income,62332.9445371347,76.8634146341463,108337
VIR,Virgin Islands (U.S.),2008,Latin America & Caribbean,High income,63057.6263123638,77.1634146341463,108397
VIR,Virgin Islands (U.S.),2009,Latin America & Caribbean,High income,58895.3056899496,77.5146341463415,108404
VIR,Virgin Islands (U.S.),2010,Latin America & Caribbean,High income,59272.2456856343,77.8658536585366,108357
VIR,Virgin Islands (U.S.),2011,Latin America & Caribbean,High income,54443.0686942498,78.3170731707317,108290
VIR,Virgin Islands (U.S.),2012,Latin America & Caribbean,High income,46422.4151236223,78.5170731707317,108188
VIR,Virgin Islands (U.S.),2013,Latin America & Caribbean,High income,43563.8864931407,78.7170731707317,108041
VIR,Virgin Islands (U.S.),2014,Latin America & Caribbean,High income,42853.8986599185,78.8682926829268,107882
VIR,Virgin Islands (U.S.),2015,Latin America & Caribbean,High income,42739.0835022993,79.0170731707317,107712
VIR,Virgin Islands (U.S.),2016,Latin America & Caribbean,High income,43502.4336941564,79.1682926829268,107516
VIR,Virgin Islands (U.S.),2017,Latin America & Caribbean,High income,43277.1546523522,79.3682926829268,107281
VIR,Virgin Islands (U.S.),2018,Latin America & Caribbean,High income,44205.4071324394,79.5195121951219,107001
VIR,Virgin Islands (U.S.),2019,Latin America & Caribbean,High income,45632.6364715693,79.6682926829268,106669
VIR,Virgin Islands (U.S.),2020,Latin America & Caribbean,High income,45055.7829303523,79.819512195122,106290
VIR,Virgin Islands (U.S.),2021,Latin America & Caribbean,High income,46893.5496988741,80.0682926829268,105870
VIR,Virgin Islands (U.S.),2022,Latin America & Caribbean,High income,46479.2996685326,80.319512195122,105413
VIR,Virgin Islands (U.S.),2023,Latin America & Caribbean,High income,,80.519512195122,104917
PSE,West Bank and Gaza,2000,"Middle East, North Africa, Afghanistan & Pakistan",Lower middle income,4520.88992531975,70.298,2922153
PSE,West Bank and Gaza,2001,"Middle East, North Africa, Afghanistan & Pakistan",Lower middle income,3996.50878001821,69.75,2997784
PSE,West Bank and Gaza,2002,"Middle East, North Africa, Afghanistan & Pakistan",Lower middle income,3409.17287422698,70.88,3075373
PSE,West Bank and Gaza,2003,"Middle East, North Africa, Afghanistan & Pakistan",Lower middle income,3788.92652721128,70.967,3154969
PSE,West Bank and Gaza,2004,"Middle East, North Africa, Afghanistan & Pakistan",Lower middle income,4503.08034061409,71.094,3236626
PSE,West Bank and Gaza,2005,"Middle East, North Africa, Afghanistan & Pakistan",Lower middle income,4885.07252184444,72.004,3320396
PSE,West Bank and Gaza,2006,"Middle East, North Africa, Afghanistan & Pakistan",Lower middle income,4714.37331793342,71.831,3406334
PSE,West Bank and Gaza,2007,"Middle East, North Africa, Afghanistan & Pakistan",Lower middle income,4769.52328096801,72.064,3494496
PSE,West Bank and Gaza,2008,"Middle East, North Africa, Afghanistan & Pakistan",Lower middle income,4984.80579890695,72.204,3591977
PSE,West Bank and Gaza,2009,"Middle East, North Africa, Afghanistan & Pakistan",Lower middle income,5270.66331643219,72.306,3689099
PSE,West Bank and Gaza,2010,"Middle East, North Africa, Afghanistan & Pakistan",Lower middle income,5432.24363072522,73.302,3786161
PSE,West Bank and Gaza,2011,"Middle East, North Africa, Afghanistan & Pakistan",Lower middle income,5805.32115329251,73.557,3882986
PSE,West Bank and Gaza,2012,"Middle East, North Africa, Afghanistan & Pakistan",Lower middle income,6009.10925822042,73.722,3979998
PSE,West Bank and Gaza,2013,"Middle East, North Africa, Afghanistan & Pakistan",Lower middle income,6142.20204342591,74.14,4076708
PSE,West Bank and Gaza,2014,"Middle East, North Africa, Afghanistan & Pakistan",Lower middle income,5990.42661523778,72.781,4173398
PSE,West Bank and Gaza,2015,"Middle East, North Africa, Afghanistan & Pakistan",Lower middle income,6072.65031768549,74.577,4270092
PSE,West Bank and Gaza,2016,"Middle East, North Africa, Afghanistan & Pakistan",Lower middle income,6464.13352537371,74.917,4367088
PSE,West Bank and Gaza,2017,"Middle East, North Africa, Afghanistan & Pakistan",Lower middle income,6426.79521615335,75.216,4454805
PSE,West Bank and Gaza,2018,"Middle East, North Africa, Afghanistan & Pakistan",Lower middle income,6342.9374800852,75.38,4569087
PSE,West Bank and Gaza,2019,"Middle East, North Africa, Afghanistan & Pakistan",Lower middle income,6269.89134527985,75.811,4685306
PSE,West Bank and Gaza,2020,"Middle East, North Africa, Afghanistan & Pakistan",Lower middle income,5423.68254653126,74.998,4803269
PSE,West Bank and Gaza,2021,"Middle East, North Africa, Afghanistan & Pakistan",Lower middle income,5663.12160743584,73.89,4922749
PSE,West Bank and Gaza,2022,"Middle East, North Africa, Afghanistan & Pakistan",Lower middle income,5753.08395899307,76.662,5043612
PSE,West Bank and Gaza,2023,"Middle East, North Africa, Afghanistan & Pakistan",Lower middle income,5562.4244256395305,65.17,5165775
YEM,"Yemen, Rep.",2000,"Middle East, North Africa, Afghanistan & Pakistan",Low income,,62.761,19624141
YEM,"Yemen, Rep.",2001,"Middle East, North Africa, Afghanistan & Pakistan",Low income,,63.286,20226147
YEM,"Yemen, Rep.",2002,"Middle East, North Africa, Afghanistan & Pakistan",Low income,,63.807,20835086
YEM,"Yemen, Rep.",2003,"Middle East, North Africa, Afghanistan & Pakistan",Low income,,64.407,21456379
YEM,"Yemen, Rep.",2004,"Middle East, North Africa, Afghanistan & Pakistan",Low income,,64.881,22095167
YEM,"Yemen, Rep.",2005,"Middle East, North Africa, Afghanistan & Pakistan",Low income,,65.356,22790085
YEM,"Yemen, Rep.",2006,"Middle East, North Africa, Afghanistan & Pakistan",Low income,,65.8,23543083
YEM,"Yemen, Rep.",2007,"Middle East, North Africa, Afghanistan & Pakistan",Low income,,66.23,24318082
YEM,"Yemen, Rep.",2008,"Middle East, North Africa, Afghanistan & Pakistan",Low income,,66.609,25111941
YEM,"Yemen, Rep.",2009,"Middle East, North Africa, Afghanistan & Pakistan",Low income,,66.905,25927724
YEM,"Yemen, Rep.",2010,"Middle East, North Africa, Afghanistan & Pakistan",Low income,,67.223,26754387
YEM,"Yemen, Rep.",2011,"Middle East, North Africa, Afghanistan & Pakistan",Low income,,67.412,27582897
YEM,"Yemen, Rep.",2012,"Middle East, North Africa, Afghanistan & Pakistan",Low income,,67.569,28433647
YEM,"Yemen, Rep.",2013,"Middle East, North Africa, Afghanistan & Pakistan",Low income,,67.961,29312952
YEM,"Yemen, Rep.",2014,"Middle East, North Africa, Afghanistan & Pakistan",Low income,,68.003,30226309
YEM,"Yemen, Rep.",2015,"Middle East, North Africa, Afghanistan & Pakistan",Low income,,66.761,31159379
YEM,"Yemen, Rep.",2016,"Middle East, North Africa, Afghanistan & Pakistan",Low income,,67.105,32109010
YEM,"Yemen, Rep.",2017,"Middle East, North Africa, Afghanistan & Pakistan",Low income,,67.12,33090921
YEM,"Yemen, Rep.",2018,"Middle East, North Africa, Afghanistan & Pakistan",Low income,,65.915,34085182
YEM,"Yemen, Rep.",2019,"Middle East, North Africa, Afghanistan & Pakistan",Low income,,66.567,35111408
YEM,"Yemen, Rep.",2020,"Middle East, North Africa, Afghanistan & Pakistan",Low income,,66.435,36134863
YEM,"Yemen, Rep.",2021,"Middle East, North Africa, Afghanistan & Pakistan",Low income,,66.019,37140230
YEM,"Yemen, Rep.",2022,"Middle East, North Africa, Afghanistan & Pakistan",Low income,,67.952,38222876
YEM,"Yemen, Rep.",2023,"Middle East, North Africa, Afghanistan & Pakistan",Low income,,69.295,39390799
ZMB,Zambia,2000,Sub-Saharan Africa,Lower middle income,2220.5653712714,46.577,10017631
ZMB,Zambia,2001,Sub-Saharan Africa,Lower middle income,2268.96965564597,47.408,10325185
ZMB,Zambia,2002,Sub-Saharan Africa,Lower middle income,2299.33289188114,48.461,10647949
ZMB,Zambia,2003,Sub-Saharan Africa,Lower middle income,2383.87611741089,49.616,10983595
ZMB,Zambia,2004,Sub-Saharan Africa,Lower middle income,2471.72073328685,50.54,11338198
ZMB,Zambia,2005,Sub-Saharan Africa,Lower middle income,2564.47560965912,51.615,11718819
ZMB,Zambia,2006,Sub-Saharan Africa,Lower middle income,2673.46151928529,52.693,12129553
ZMB,Zambia,2007,Sub-Saharan Africa,Lower middle income,2796.3529332184,53.73,12565085
ZMB,Zambia,2008,Sub-Saharan Africa,Lower middle income,2908.14362510668,54.835,13021324
ZMB,Zambia,2009,Sub-Saharan Africa,Lower middle income,3065.84420108998,55.886,13490389
ZMB,Zambia,2010,Sub-Saharan Africa,Lower middle income,3266.50749293828,56.896,13965594
ZMB,Zambia,2011,Sub-Saharan Africa,Lower middle income,3335.64339500657,57.843,14437796
ZMB,Zambia,2012,Sub-Saharan Africa,Lower middle income,3474.55252844092,58.704,14913629
ZMB,Zambia,2013,Sub-Saharan Africa,Lower middle income,3535.22449043144,59.445,15398997
ZMB,Zambia,2014,Sub-Saharan Africa,Lower middle income,3585.57748507131,60.109,15895315
ZMB,Zambia,2015,Sub-Saharan Africa,Lower middle income,3576.92544834125,60.728,16399089
ZMB,Zambia,2016,Sub-Saharan Africa,Lower middle income,3598.17166023389,61.129,16914423
ZMB,Zambia,2017,Sub-Saharan Africa,Lower middle income,3612.50597664593,61.564,17441320
ZMB,Zambia,2018,Sub-Saharan Africa,Lower middle income,3646.95966481655,62.138,17973569
ZMB,Zambia,2019,Sub-Saharan Africa,Lower middle income,3591.56418883108,62.914,18513839
ZMB,Zambia,2020,Sub-Saharan Africa,Lower middle income,3391.59541156095,63.361,19059395
ZMB,Zambia,2021,Sub-Saharan Africa,Lower middle income,3503.03491418372,62.363,19603607
ZMB,Zambia,2022,Sub-Saharan Africa,Lower middle income,3585.12379084347,65.279,20152938
ZMB,Zambia,2023,Sub-Saharan Africa,Lower middle income,3673.4841969922,66.349,20723965
ZWE,Zimbabwe,2000,Sub-Saharan Africa,Lower middle income,6170.36063450551,46.034,11892055
ZWE,Zimbabwe,2001,Sub-Saharan Africa,Lower middle income,6217.43872434863,44.525,11971901
ZWE,Zimbabwe,2002,Sub-Saharan Africa,Lower middle income,5610.21576859697,45.938,12087653
ZWE,Zimbabwe,2003,Sub-Saharan Africa,Lower middle income,4601.68067845787,45.373,12232323
ZWE,Zimbabwe,2004,Sub-Saharan Africa,Lower middle income,4287.61686326352,46.043,12365896
ZWE,Zimbabwe,2005,Sub-Saharan Africa,Lower middle income,4004.68178301248,46.57,12483432
ZWE,Zimbabwe,2006,Sub-Saharan Africa,Lower middle income,3819.24997116607,47.056,12636445
ZWE,Zimbabwe,2007,Sub-Saharan Africa,Lower middle income,3631.55334530411,47.576,12804058
ZWE,Zimbabwe,2008,Sub-Saharan Africa,Lower middle income,2954.11211916469,48.456,12959149
ZWE,Zimbabwe,2009,Sub-Saharan Africa,Lower middle income,3299.42808702922,49.75,13142790
ZWE,Zimbabwe,2010,Sub-Saharan Africa,Lower middle income,3885.41061373756,51.925,13356548
ZWE,Zimbabwe,2011,Sub-Saharan Africa,Lower middle income,4358.94470674386,53.911,13595424
ZWE,Zimbabwe,2012,Sub-Saharan Africa,Lower middle income,5003.50873397069,55.386,13817887
ZWE,Zimbabwe,2013,Sub-Saharan Africa,Lower middle income,5031.70923825425,56.842,14013808
ZWE,Zimbabwe,2014,Sub-Saharan Africa,Lower middle income,5081.13441232186,58.106,14207359
ZWE,Zimbabwe,2015,Sub-Saharan Africa,Lower middle income,5102.73642537223,58.989,14399013
ZWE,Zimbabwe,2016,Sub-Saharan Africa,Lower middle income,5070.42413209981,59.76,14600294
ZWE,Zimbabwe,2017,Sub-Saharan Africa,Lower middle income,5234.4065377844,60.263,14812482
ZWE,Zimbabwe,2018,Sub-Saharan Africa,Lower middle income,5415.49322028193,60.906,15034452
ZWE,Zimbabwe,2019,Sub-Saharan Africa,Lower middle income,4993.86546928208,61.06,15271368
ZWE,Zimbabwe,2020,Sub-Saharan Africa,Lower middle income,4527.73949219254,61.53,15526888
ZWE,Zimbabwe,2021,Sub-Saharan Africa,Lower middle income,4827.10960165994,60.135,15797210
ZWE,Zimbabwe,2022,Sub-Saharan Africa,Lower middle income,5036.78317732239,62.36,16069056
ZWE,Zimbabwe,2023,Sub-Saharan Africa,Lower middle income,5218.0452659639795,62.775,16340822
